cluster,label,description,review_note,n_docs,n_paper,n_project,n_patent,dominant_type,is_carbon_capture,top_terms,nearest_siblings,representative_titles
0,Orthogonal Genetic Algorithm Optimization,Computational optimization technique combining orthogonal experimental design with genetic algorithms for engineering and scheduling problems.,,145,142,0,3,paper,False,"genetic algorithm, genetic algorithms, algorithm ga, ga, ann, radar, artificial neural, ais",c70:Synthetic Biology Design Tools(0.76) | c74:Genetic Logic Circuits(0.69) | c79:Light-Responsive Bacterial Circuits(0.69) | c65:Genetic Circuit Dynamics(0.69) | c46:Psychobiotic Probiotic Engineering(0.66),"Combination of Orthogonal Experimental Method,Neural Networks and Genetic Algorithms | An intelligent optimization method of power system restoration path based on orthogonal genetic algorithm | Solution for integer linear bilevel programming problems using orthogonal genetic algorithm | Orthogonal genetic algorithm based power system restoration path optimization | Parameter Calibration Method of Microscopic Traffic Flow Simulation Models based on Orthogonal Genetic Algorithm | An orthogonal genetic algorithm with quantization for global numerical optimization | Orthogonal Genetic Algorithm | An orthogonal genetic algorithm with total flowtime minimization for the no-wait flow shop problem | An Orthogonal Genetic Algorithm for Job Shop Scheduling Problems with Multiple Objectives | Application of improving orthogonal-based genetic algorithm in function optimization"
1,Microbial Electrochemical Systems,Engineering electroactive microorganisms via synthetic biology for bioelectrochemical energy and chemical production.,,75,69,0,6,paper,False,"eet, cod, power density, electrolysis, electrosynthesis, extracellular electron, condensate, exoelectrogens",c63:Lignocellulose Bioconversion to Biofuels(0.79) | c57:Microbial Bioremediation & Biochemical Production(0.78) | c62:Syngas Fermentation to Alcohols(0.74) | c36:Transcription Factor Biosensors(0.70) | c9:Organic Photovoltaic Materials(0.70),"A study of electron source preference and its impact on hydrogen production in microbial electrolysis cells fed with synthetic fermentation effluent | Synthetic Biology Strategies to Improve Electron Transfer Rate at the Microbe–Anode Interface in Microbial Fuel Cells | Enhancing Microbial Electron Transfer Through Synthetic Biology and Biohybrid Approaches: Part I | Bioelectrochemical systems and synthetic biology: more power, more products | Minimal RED Cell Pairs Markedly Improve Electrode Kinetics and Power Production in Microbial Reverse Electrodialysis Cells | Activated Carbon Electrodes for Bioenergy Production in Microbial Fuel Cells Using Synthetic Wastewater as Substrate | Engineering extracellular electron transfer pathways of electroactive microorganisms by synthetic biology for energy and chemicals production | Enhancing Microbial Electron Transfer Through Synthetic Biology and Biohybrid Approaches: Part II | Exploiting synergies between microbial electrochemical technologies and synthetic biology | Electrochemical Oxidation of the Sulfide Ion in Synthetic Geothermal Brines in Batch Cells Using Coke Electrodes"
2,MRD Flow Cytometry Leukemia Prognosis,Flow cytometry-based minimal residual disease detection for risk stratification and outcome prediction in acute lymphoblastic leukemia patients undergoing hematopoietic stem cell transplantation.,,281,281,0,0,paper,False,"mrd, residual disease, minimal residual, hsct, disease mrd, mrd positive, pfs, sct",c4:Circulating Tumor DNA MRD Detection(0.84) | c68:CAR-T Cell Engineering(0.72) | c69:PARP Inhibitor Synthetic Lethality(0.71) | c34:Genomic Variant Prediction & Benchmarking(0.64) | c12:Mammalian Gene Circuit Engineering(0.64),"Minimal residual disease level determined by flow cytometry provides reliable risk stratification in adults with T‐cell acute lymphoblastic leukaemia | Impact of Minimal Residual Disease, Detected by Flow Cytometry, on Outcome of Myeloablative Hematopoietic Cell Transplantation for Acute Lymphoblastic | The significance of peripheral blood minimal residual disease to predict early disease response in patients with B‐cell acute lymphoblastic leukemia | Minimal residual disease in peripheral blood at day 15 identifies a subgroup of childhood B-cell precursor acute lymphoblastic leukemia with superior  | Minimal Residual Disease Prior to and After Haematopoietic Stem Cell Transplantation in Children and Adolescents With Acute Lymphoblastic Leukaemia: W | Prognostic Value of Minimal Residual Disease Quantification Before Allogeneic Stem-Cell Transplantation in Relapsed Childhood Acute Lymphoblastic Leuk | Detectable minimal residual disease before allogeneic hematopoietic stem cell transplantation predicts extremely poor prognosis in children with acute | Minimal residual disease and stem cell transplantation outcomes | Comparative Analysis of Flow Cytometry and RQ-PCR for the Detection of Minimal Residual Disease in Philadelphia Chromosome–Positive Acute Lymphoblasti | Clearance of minimal residual disease after allogeneic stem cell transplantation and the prediction of the clinical outcome of adult patients with hig"
3,Esophageal Squamous Cell Carcinoma Surgery,Minimally invasive esophagectomy techniques and surgical outcomes for locally advanced esophageal squamous cell carcinoma treatment.,,76,76,0,0,paper,False,"esophageal squamous, neoadjuvant, thoracic, escc, esophageal, squamous cell, locally advanced, cell carcinoma",c4:Circulating Tumor DNA MRD Detection(0.75) | c69:PARP Inhibitor Synthetic Lethality(0.72) | c52:miRNA-Based Cancer Immunotherapy(0.70) | c72:Synthetic Triterpenoid Apoptosis Induction(0.69) | c66:Peptide-Based Cell Targeting(0.69),Minimal invasive versus open esophagectomy for patients with esophageal squamous cell carcinoma after neoadjuvant treatments | Perioperative Outcomes of Minimally Invasive Esophagectomy After Neoadjuvant Immunotherapy for Patients With Locally Advanced Esophageal Squamous Cell | Robot-assisted minimally invasive esophagectomy versus minimally invasive esophagectomy for thoracic lymph node dissection in patients with squamous c | Minimally invasive esophagectomy is a safe surgical treatment for locally advanced pathologic T3 esophageal squamous cell carcinoma | Minimally Invasive or Open Esophagectomy for Treatment of Resectable Esophageal Squamous Cell Carcinoma? Answer From a Real-world Multicenter Study | Long-term outcomes of minimally invasive Ivor Lewis esophagostomy for esophageal squamous cell carcinoma: Compared with open approach | Morbidity and Mortality of Patients Who Underwent Minimally Invasive Esophagectomy After Neoadjuvant Chemoradiotherapy vs Neoadjuvant Chemotherapy for | Minimally invasive oesophagectomy with extended lymph node dissection and thoracic duct resection for early-stage oesophageal squamous cell carcinoma | RETRACTED ARTICLE: Comparison of minimally invasive Ivor Lewis esophagectomy and left transthoracic esophagectomy in esophageal squamous cell carcinom | Comparison of McKeown Minimally Invasive Esophagectomy vs sweet esophagectomy for esophageal squamous cell carcinoma: A retrospective study
4,Circulating Tumor DNA MRD Detection,Liquid biopsy techniques using cell-free and circulating tumor DNA to detect minimal residual disease in solid tumors.,,55,52,1,2,paper,False,"mrd, ctdna, minimal residual, residual disease, cfdna, pvs, igh, consultancy",c2:MRD Flow Cytometry Leukemia Prognosis(0.84) | c3:Esophageal Squamous Cell Carcinoma Surgery(0.75) | c34:Genomic Variant Prediction & Benchmarking(0.73) | c69:PARP Inhibitor Synthetic Lethality(0.73) | c52:miRNA-Based Cancer Immunotherapy(0.69),Circulating Tumor DNA Minimal Residual Disease Detection of Non–Small-Cell Lung Cancer Treated With Curative Intent | Circulating tumor DNA (ctDNA)-based minimal residual disease in non-small cell lung cancer | Kinetics of postoperative circulating cell-free DNA and impact on minimal residual disease detection rates in patients with resected stage I-III color | Circulating Cell-Free <i>SEPT9</i> DNA Methylation in Blood Is a Biomarker for Minimal Residual Disease Detection in Head and Neck Squamous Cell Carci | Plasma Circulating Tumor DNA Sequencing Predicts Minimal Residual Disease in Resectable Esophageal Squamous Cell Carcinoma | Enhanced Detection of Landmark Minimal Residual Disease in Lung Cancer Using Cell-free DNA Fragmentomics | Detection of circulating tumor DNA with ultradeep sequencing of plasma cell‐free DNA for monitoring minimal residual disease and early detection of re | Cell‐free <scp>DNA</scp> — Minimally invasive marker of hematological malignancies | Minimal Residual Disease Monitoring in Radically Treated Non-Small Cell Lung Cancer: Challenges and Future Directions | Liquid BIOpsy for MiNimal RESidual DiSease Detection in Head and Neck Squamous Cell Carcinoma (LIONESS)—a personalised circulating tumour DNA analysis
5,Chlamydomonas Chloroplast Engineering,Synthetic biology tools and chassis development for Chlamydomonas reinhardtii chloroplast engineering and applications.,,65,20,43,2,project,False,"reinhardtii, chlamydomonas, chlamydomonas reinhardtii, chloroplast, microalgae, microalga, microalgal, moclo",c7:Cyanobacterial Metabolic Engineering(0.79) | c6:Microalgal Chloroplast Engineering(0.77) | c58:Yeast Metabolite Biosynthesis(0.70) | c8:Cyanobacterial Chassis Development(0.69) | c55:Nutrient Cycling Biosensors(0.69),Clean Green Lipid Machines: Synthetic biology tools for microalgae | Birth of a Photosynthetic Chassis: A MoClo Toolkit Enabling Synthetic Biology in the Microalga <i>Chlamydomonas reinhardtii</i> | ChloroNova: Proposing Algal Chloroplast as the New Status Quo for Biopharmaceutical Peptide Production | Bloom Busters: Engineering Chlamydomonas reinhardtii to fight toxic algal blooms | Bloom-B-Gone: Preventing Utah Lake Cyanobacterial Blooms by Phosphorous and Nitrogen Sequestration | Engineering Heat-Tolerant Algae to Address Global Warming | A better carbon sequestration factory for improving agricultural productivity and land | Chlamylicious - Establishing Chlamy at iGEM while degrading plastic | AlgaGenix | Comparison of secretory signal peptides for heterologous protein expression in microalgae: Expanding the secretion portfolio for Chlamydomonas reinhar
6,Microalgal Chloroplast Engineering,Synthetic biology and metabolic engineering of diverse microalgae species for sustainable bioproduction and environmental applications.,,83,67,0,16,paper,False,"nannochloropsis, microalgal, chloroplast, tricornutum, cam, photosynthetic efficiency, microalgae, symbiodinium",c8:Cyanobacterial Chassis Development(0.83) | c61:Plant Genetic Engineering Tools(0.80) | c5:Chlamydomonas Chloroplast Engineering(0.77) | c60:Microbial Phytochemical Biosynthesis(0.76) | c63:Lignocellulose Bioconversion to Biofuels(0.75),"Harnessing the Algal Chloroplast for Heterologous Protein Production | Synthetic Biology Approaches To Enhance Microalgal Productivity | Emerging Technologies in Algal Biotechnology: Toward the Establishment of a Sustainable, Algae-Based Bioeconomy | The Algal Chloroplast as a Testbed for Synthetic Biology Designs Aimed at Radically Rewiring Plant Metabolism | A Critical Review of Genome Editing and Synthetic Biology Applications in Metabolic Engineering of Microalgae and Cyanobacteria | In Metabolic Engineering of Eukaryotic Microalgae: Potential and Challenges Come with Great Diversity | A synthetic biology approach for the treatment of pollutants with microalgae | Synthetic Biology and Metabolic Engineering of Microalgae for Sustainable Lipid and Terpenoid Production: An Updated Perspective | Engineering microalgae: transition from empirical design to programmable cells | Towards developing algal synthetic biology"
7,Cyanobacterial Metabolic Engineering,"Engineering Synechocystis and Synechococcus for photosynthetic production of chemicals, proteins, and biofuels.",,58,8,48,2,project,False,"pcc, 6803, pcc 6803, synechocystis, sp pcc, synechococcus, synechococcus elongatus, elongatus",c8:Cyanobacterial Chassis Development(0.85) | c5:Chlamydomonas Chloroplast Engineering(0.79) | c55:Nutrient Cycling Biosensors(0.79) | c78:Optogenetic Gene Expression Control(0.74) | c37:Aromatic Hydrocarbon Bioremediation(0.71),"CyanoDelux | Synthetic Romance - Harnessing the power of Cyanobacteria to construct a sustainable consortia | Expression of the Cyanobacterial FoF1 ATP Synthase Regulator AtpΘ Depends on Small DNA-Binding Proteins and Differential mRNA Stability | The Sucrose Factory | CyanoBricks: Genomic Engineering Tools for the Photosynthetic Cyanobacterium Synechocystis | Turning pollution into a solution | CyanoLogic: A novel, modular production system in Synechocystis 6803 | Innovating living photovoltaics: Renewable energy from Cyanobacteria | RubisCO | OCYANO - The development of two low-input photosynthetic systems for sustainable protein production"
8,Cyanobacterial Chassis Development,Engineering fast-growing cyanobacterial strains like Synechococcus elongatus as synthetic biology platforms for photosynthetic biosynthesis.,,135,120,3,12,paper,True,"pcc, sp pcc, 6803, pcc 6803, synechocystis, elongatus pcc, synechocystis sp, cyanobacterial",c7:Cyanobacterial Metabolic Engineering(0.85) | c6:Microalgal Chloroplast Engineering(0.83) | c63:Lignocellulose Bioconversion to Biofuels(0.71) | c57:Microbial Bioremediation & Biochemical Production(0.70) | c5:Chlamydomonas Chloroplast Engineering(0.69),"Synechococcus elongatus UTEX 2973, a fast growing cyanobacterial chassis for biosynthesis using light and CO2 | Synthetic Biology Toolkits for Metabolic Engineering of Cyanobacteria | Development of SyneBrick Vectors As a Synthetic Biology Platform for Gene Expression in Synechococcus elongatus PCC 7942 | Design and characterization of molecular tools for a Synthetic Biology approach towards developing cyanobacterial biotechnology | Cpf1 Is A Versatile Tool for CRISPR Genome Editing Across Diverse Species of Cyanobacteria | Synthetic Biology in Cyanobacteria and Applications for Biotechnology | Expanding the synthetic biology repertoire of a fast‐growing cyanobacterium <i>Synechococcus elongatus</i> PCC 11801 | Synthetic biology strategies for cyanobacterial systems to heterologously produce cyanobacterial natural products | Translation efficiency of heterologous proteins is significantly affected by the genetic context of RBS sequences in engineered cyanobacterium Synecho | Genome Engineering in Cyanobacteria: Where We Are and Where We Need To Go"
9,Organic Photovoltaic Materials,Design and synthesis of organic semiconductors and sensitizers for solar cells and photovoltaic devices.,,74,69,0,5,paper,False,"solar cells, perovskite, oscs, power conversion, solar cell, pce, perovskite solar, sensitized",c1:Microbial Electrochemical Systems(0.70) | c30:Carbon Nanotube Nanostructures(0.67) | c24:Peptide Coiled-Coil Assembly(0.66) | c6:Microalgal Chloroplast Engineering(0.64) | c21:Fluorescent Protein Engineering(0.61),"A minimal benzo[<i>c</i>][1,2,5]thiadiazole-based electron acceptor as a third component material for ternary polymer solar cells with efficiencies ex | Revisiting the Dithienophthalimide Building Block: Improved Synthetic Method Yielding New High‐Performance Polymer Donors for Organic Solar Cells | Efficient Organic Solar Cells Enabled by Simple Non‐Fused Electron Donors with Low Synthetic Complexity | A Structurally Simple Polymer Donor Enables High‐Efficiency Organic Solar Cells with Minimal Energy Losses | Sustainable synthetic approach to π-conjugated arylacetylenic semiconductors for bulk heterojunction solar cells | High-Performance Polymer Solar Cells with Minimal Energy Loss Enabled by a Main-Chain-Twisted Nonfullerene Acceptor | Low Band Gap Polymer Solar Cells With Minimal Voltage Losses | New Synthetic Routes towards Soluble and Dissymmetric Triphenodioxazine Dyes Designed for Dye‐Sensitized Solar Cells | Molecular designs, synthetic strategies, and properties for porphyrins as sensitizers in dye-sensitized solar cells | Balancing the Efficiency and Synthetic Accessibility of Organic Solar Cells with Isomeric Acceptor Engineering"
10,Genetic Code Expansion with Noncanonical Amino Acids,Orthogonal tRNA-synthetase pairs enabling incorporation of unnatural amino acids into proteins in vivo.,,143,67,10,66,paper,False,"trna synthetase, aminoacyl, aminoacyl trna, ncaas, noncanonical amino, trna synthetases, ncaa, trna",c11:Corynebacterium glutamicum Amino Acid Production(0.84) | c24:Peptide Coiled-Coil Assembly(0.83) | c32:Synthetic XNA and Unnatural Bases(0.79) | c31:RNA Regulatory Elements(0.76) | c51:Streptomyces Natural Product Discovery(0.74),Site specific incorporation of heavy atom-containing unnatural amino acids into proteins for structure determination | Adding New Chemistries to the Genetic Code | Methods and compositions for the prodcution of orthogonal tRNA-aminoacyl-tRNA synthetase pairs | Initiation of Protein Synthesis with Non‐Canonical Amino Acids In Vivo | MODIFIED TRNA CONTAINING NON-NATURAL NUCLEOTIDE AND USE THEREOF | Orthogonal translation components for the in vivo incorporation of unnatural amino acids | Genetically encoded fluorescent coumarin amino acids | Computational method for designing enzymes for incorporation of non natural amino acids into proteins | Hijacking Translation Initiation for Synthetic Biology | In vivo incorporation of alkynyl amino acids into proteins in eubacteria
11,Corynebacterium glutamicum Amino Acid Production,"Metabolic engineering of Corynebacterium glutamicum for industrial fermentative production of amino acids like lysine, valine, and methionine.",,54,22,0,32,patent,False,"glutamicum, corynebacterium, corynebacterium glutamicum, polynucleotide, gaba, methionine, valine, mutant microorganisms",c10:Genetic Code Expansion with Noncanonical Amino Acids(0.84) | c62:Syngas Fermentation to Alcohols(0.81) | c63:Lignocellulose Bioconversion to Biofuels(0.80) | c57:Microbial Bioremediation & Biochemical Production(0.78) | c45:Site-Specific Recombinase Integration(0.76),"Synthetic biology and metabolic engineering for amino acid production in &amp;lt;italic&amp;gt;Corynebacterium glutamicum&amp;lt;/italic&amp;gt; | A genome-based approach to create a minimally mutated Corynebacterium glutamicum strain for efficient l-lysine production | Nucleotide sequences coding for proteins involved in the biosynthesis of L-serine, an improved method for the microbial production of L-serine and a g | PRODUCTION PROCESS FOR AMINO ACIDS OF THE ASPARTATE FAMILY USING MICROORGANISMS | The Actinobacterium Corynebacterium glutamicum, an Industrial Workhorse | PROCESS FOR THE FERMENTATIVE PRODUCTION OF L-VALINE EMPLOYING CORYNEFORME BACTERIA HAVING AN ENHANCED TRANSAMINASE C ACTIVITY | Systems metabolic engineering strategies for the production of amino acids | MICROORGANISM AND PROCESS FOR THE PREPARATION OF L-METHIONINE | METHOD FOR MICROBIALLY PRODUCING L-VALINE | Engineering microbial cell factories: Metabolic engineering of <i>Corynebacterium glutamicum</i> with a focus on non‐natural products"
12,Mammalian Gene Circuit Engineering,Synthetic transcriptional networks and programmable gene regulation systems designed in human and pluripotent mammalian cells.,,536,493,9,34,paper,False,"tfbs, oct4, raav, aav, synthetic mrnas, pluripotency, grammar, escs",c13:CRISPR-Cas9 Genome Editing(0.82) | c69:PARP Inhibitor Synthetic Lethality(0.81) | c19:Engineered Live Bacterial Therapeutics(0.77) | c65:Genetic Circuit Dynamics(0.76) | c73:Synthetic Retinoids for Cancer Apoptosis(0.76),"A Synthetic Transcription Platform for Programmable Gene Expression in Mammalian Cells | A guide to the design of synthetic gene networks in mammalian cells | Clinically-driven design of synthetic gene regulatory programs in human cells | Design and Construction of Synthetic Gene Networks in Mammalian Cells | Synthetic gene circuits and cellular decision-making in human pluripotent stem cells | Engineering Molecular Circuits Using Synthetic Biology in Mammalian Cells | Rapid, modular and reliable construction of complex mammalian gene circuits | Mammalian synthetic biology for studying the cell | Manipulating gene expression levels in mammalian cell factories: An outline of synthetic molecular toolboxes to achieve multiplexed control | Mammalian synthetic biology – from tools to therapies"
13,CRISPR-Cas9 Genome Editing,CRISPR-Cas9 DNA repair and precise genome editing using guide RNAs and homology-directed repair mechanisms.,possible merge with c14 (cos 0.91),84,70,1,13,paper,False,"spry, grnas, hdr, spcas9, crrnas, pam, dna looping, crrna",c14:CRISPR Interference Gene Regulation(0.91) | c12:Mammalian Gene Circuit Engineering(0.82) | c39:CRISPR Diagnostic Biosensors(0.79) | c34:Genomic Variant Prediction & Benchmarking(0.76) | c69:PARP Inhibitor Synthetic Lethality(0.75),Recent Advances in CRISPR‐Cas9 Genome Editing Technology for Biological and Biomedical Investigations | Potential pitfalls of <scp>CRISPR</scp>/Cas9‐mediated genome editing | Multiplex Genome Engineering Using CRISPR/Cas Systems | Versatility of chemically synthesized guide RNAs for CRISPR-Cas9 genome editing | Compact and highly active next-generation libraries for CRISPR-mediated gene repression and activation | Using Synthetically Engineered Guide RNAs to Enhance CRISPR Genome Editing Systems in Mammalian Cells | The Potential of CRISPR/Cas9 Gene Editing as a Treatment Strategy for Inherited Diseases | Efficient precise integration of large DNA sequences with 3′-overhang dsDNA donors using CRISPR/Cas9 | Precision genome editing using synthesis-dependent repair of Cas9-induced DNA breaks | Engineered minimal type I CRISPR-Cas system for transcriptional activation and base editing in human cells
14,CRISPR Interference Gene Regulation,CRISPRi and CRISPRa systems using catalytically dead Cas9 for programmable transcriptional repression and activation in bacteria.,possible merge with c13 (cos 0.91),78,75,3,0,paper,False,"anti crisprs, anti crispr, crispra, crispr interference, dcas9, cas3, pam, crispri",c13:CRISPR-Cas9 Genome Editing(0.91) | c45:Site-Specific Recombinase Integration(0.81) | c19:Engineered Live Bacterial Therapeutics(0.81) | c39:CRISPR Diagnostic Biosensors(0.78) | c64:Bacterial Promoter Engineering(0.78),"Programmable CRISPR‐Cas transcriptional activation in bacteria | Targeted Transcriptional Repression in Bacteria Using CRISPR Interference (CRISPRi) | Expanding application of CRISPR-Cas9 system in microorganisms | CRISPR-Cas9/Cas12a biotechnology and application in bacteria | A CRISPRi screen in E. coli reveals sequence-specific toxicity of dCas9 | Repurposing endogenous type I CRISPR-Cas systems for programmable gene repression | Expanding the Scope of Bacterial CRISPR Activation with PAM-flexible
dCas9 Variants | CRISPR interference (CRISPRi) for sequence-specific control of gene
expression | Applications of CRISPR/Cas System to Bacterial Metabolic Engineering | Programmable repression and activation of bacterial gene expression using an engineered CRISPR-Cas system"
15,Synthetic Biology Ethics & Governance,"Philosophical, ethical, and policy discourse on synthetic biology's societal implications, biosecurity risks, and regulatory frameworks.",,735,733,2,0,paper,False,"debates, god, governance, metaphors, attitudes, moral, philosophical, biosafety biosecurity",c50:Minimal Genome Design(0.77) | c57:Microbial Bioremediation & Biochemical Production(0.77) | c19:Engineered Live Bacterial Therapeutics(0.74) | c53:SBOL Data Standards and Markup(0.72) | c51:Streptomyces Natural Product Discovery(0.71),Future Trends in Synthetic Biology—A Report | Synthetic Biology: A Game Changer? | Beyond the Organism versus Machine Dichotomy: A Review of Ethical Concerns in Synthetic Biology | Synthetic biology as a new threat to biosecurity. Is there a road to suitable governance | Finding Hope in Synthetic Biology | The Defence of Artificial Life by Synthetic Biology From Ethical and Social Aspects. | The Ethics of Synthetic Biology | Thinking of Advance and Risk Governance of Synthetic Biology | Ethical and social insights into synthetic biology: predicting research fronts in the post-COVID-19 era | The Ethics of Synthetic Biology: <i>Guiding Principles for Emerging Technologies</i>
16,Engineered Antibody Design,"Synthetic antibody engineering including humanization, fragment design, and non-natural amino acid incorporation for therapeutic applications.",,85,30,24,31,patent,False,"rbcs, immunoglobulin, vhb, abo, glycolipids, fc, red blood, camelid",c66:Peptide-Based Cell Targeting(0.82) | c21:Fluorescent Protein Engineering(0.81) | c40:Aptamer-Based Biosensors(0.79) | c17:Bacterial Compartmentalization Systems(0.79) | c68:CAR-T Cell Engineering(0.75),"SYNTHETIC ANTIBODIES | ANTIBODY TARGETING THROUGH A MODULAR RECOGNITION DOMAIN | Antibody fragments | METHOD FOR OBTAINING ANTIBODIES | Smart E.coli for B Cells Capture | Bovine fusion antibodies | HUMANIZATION OF MURINE ANTIBODY | Engineered antibody constant domain molecules | ANTIBODIES COMPRISING SITE-SPECIFIC NON-NATURAL AMINO ACID RESIDUES, METHODS OF THEIR PREPARATION AND METHODS OF THEIR USE | SUBSTANCE BINDING HUMAN IgG Fc RECEPTOR IIb (FcgammaRIIb)"
17,Bacterial Compartmentalization Systems,Engineering synthetic membrane-bound and protein-cage microcompartments in bacteria for protein encapsulation and metabolic organization.,,76,23,44,9,project,False,"encapsulin, encapsulins, omvs, omv, cage, pdu, microcompartment, spycatcher spytag",c75:Bacteriophage Therapy Systems(0.79) | c21:Fluorescent Protein Engineering(0.79) | c16:Engineered Antibody Design(0.79) | c24:Peptide Coiled-Coil Assembly(0.78) | c47:Bacillus subtilis Biofilm Engineering(0.77),VESECURE | Production and purification of outer membrane vesicles encapsulating green fluorescent protein from Escherichia coli: a step towards scalable OMV tech | A Flexible Strategy for Cytoplasmic Compartmentalization in Bacteria | Clean Harvest of Overexpressed Protein System | Identification of a Minimal Peptide Tag for <i>in Vivo</i> and <i>in Vitro</i> Loading of Encapsulin | Click Coli: expanding the chemical toolbox for bacteria | Engineering bacterial micro-compartments to investigate metabolic channeling and its potential uses in biotechnological applications | Transport of Proteins in E. coli via OMV Biogenesis | VesiColi | Whateversisome: create your own bacterial functional organelle
18,Polyketide Synthase Engineering,Engineering and production of polyketide synthases and their biosynthetic pathways for complex natural product synthesis.,,65,15,2,48,patent,False,"polyketides, polyketide, polyketide synthase, pkss, pks, polyketide synthases, tetracenomycin, id 35",c51:Streptomyces Natural Product Discovery(0.84) | c60:Microbial Phytochemical Biosynthesis(0.82) | c62:Syngas Fermentation to Alcohols(0.77) | c63:Lignocellulose Bioconversion to Biofuels(0.74) | c10:Genetic Code Expansion with Noncanonical Amino Acids(0.73),Polyketides and their synthesis | Metabolic pathways for starter units in polyketide biosynthesis | METHOD FOR PRODUCTION OF POLYKETIDES | METHODS AND COMPOSITIONS FOR DETERMINING ENZYMATIC ACTIVITY | Recombinant genes for polyketide modifying enzymes | BIOSYNTHETIC GENE CLUSTER FOR THE PRODUCTION OF A COMPLEX POLYKETIDE | Borrelidin-producing polyketide synthase and its use | Engineered polyketide biosynthesis and biocatalysis in Escherichia coli | Production of polyketides in bacteria and yeast | Genes for synthesis of FR-008 polyketides
19,Engineered Live Bacterial Therapeutics,Synthetic biology design of probiotic and pathogenic bacteria as therapeutic agents for disease treatment and diagnosis.,,143,132,1,10,paper,False,"simcells, bifidobacteria, microbial therapeutics, phage therapy, mammalian gut, ahr, phages, phage genomes",c45:Site-Specific Recombinase Integration(0.83) | c14:CRISPR Interference Gene Regulation(0.81) | c57:Microbial Bioremediation & Biochemical Production(0.80) | c36:Transcription Factor Biosensors(0.80) | c64:Bacterial Promoter Engineering(0.79),"Systems and synthetic biology-driven engineering of live bacterial therapeutics | Engineering Diagnostic and Therapeutic Gut Bacteria | Developing a new class of engineered live bacterial therapeutics to treat human diseases | Synthetic Biology-Driven Microbial Therapeutics for Disease Treatment | Therapeutic engineering of the gut microbiome using synthetic biology and metabolic tools: a comprehensive review with E. coli Nissle 1917 as a model  | Engineered Bacteria for Disease Diagnosis and Treatment Using Synthetic Biology | Synthetic Biology Approaches in the Development of Engineered Therapeutic Microbes | Engineered probiotics for local tumor delivery of checkpoint blockade nanobodies | Emerging synthetic biology-assisted technologies for overcoming antibiotic resistance: CRISPR-Cas, bacteriophage, microbiome, and metabolic engineerin | Bacteria and bacterial derivatives as delivery carriers for immunotherapy"
20,Synthetic ECM Scaffolds for Stem Cell Differentiation,Engineering synthetic extracellular matrices and hydrogels to direct mesenchymal stem cell differentiation toward osteogenic and tissue-specific lineages.,,493,404,1,88,paper,False,"osteogenic, mscs, ecm, pcl, adipose, rgd, electrospun, hesc",c66:Peptide-Based Cell Targeting(0.82) | c24:Peptide Coiled-Coil Assembly(0.78) | c12:Mammalian Gene Circuit Engineering(0.76) | c29:Microfluidic Droplet Systems(0.70) | c68:CAR-T Cell Engineering(0.70),"Synthetic Extracellular Microenvironment for Modulating Stem Cell Behaviors | Osteogenic Induction of Human Bone Marrow-Derived Mesenchymal Progenitor Cells in Novel Synthetic Polymer–Hydrogel Matrices | Synthetic Matrices to Serve as Niches for Muscle Cell Transplantation | Rheological characterization of dynamic remodeling of the pericellular region by human mesenchymal stem cell-secreted enzymes in well-defined syntheti | A Novel Synthetic, Xeno‐Free Biomimetic Surface for Serum‐Free Expansion of Human Mesenchymal Stromal Cells | Synthetic Extracellular Matrices for 3D Culture of Schwann Cells, Hepatocytes, and HUVECs | Physical and Soluble Cues Enhance Tendon Progenitor Cell Invasion into Injectable Synthetic Hydrogels | Osteochondral Defect Repair with Autologous Bone Marrow–Derived Mesenchymal Stem Cells in an Injectable, <i>In Situ</i> , Cross-Linked Synthetic Extra | Synthetic biodegradable microporous hydrogels for in vitro 3D culture of functional human bone cell networks | Matrix Control of Periodontal Ligament Cell Activity Via Synthetic Hydrogel Scaffolds"
21,Fluorescent Protein Engineering,Design and optimization of genetically encoded fluorescent proteins and FRET-based biosensors for cellular imaging.,,69,52,0,17,paper,False,"brightness, fret, chromophore, fluorescence lifetime, photostability, encoded fluorescent, ubiquitination, ca sup",c16:Engineered Antibody Design(0.81) | c78:Optogenetic Gene Expression Control(0.79) | c66:Peptide-Based Cell Targeting(0.79) | c17:Bacterial Compartmentalization Systems(0.79) | c24:Peptide Coiled-Coil Assembly(0.79),"Far-red fluorescent tags for protein imaging in living tissues | Cyan and Yellow Super Fluorescent Proteins with Improved Brightness, Protein Folding, and FRET Förster Radius<sup>,</sup> | ShadowR: a novel chromoprotein with reduced non-specific binding and improved expression in living cells | Fluorescent fusion polypeptides and methods of use | PROTEIN SUBCELLULAR LOCALIZATION ASSAYS USING SPLIT FLUORESCENT PROTEINS | Ultramarine, a Chromoprotein Acceptor for Förster Resonance Energy Transfer | Fluorescence resonance energy transfer (FRET) microscopy imaging of live cell protein localizations | Genetically encoded fluorescent tags | Ligand/binding partner bio-labeling systems | mCherry contains a fluorescent protein isoform that interferes with its reporter function"
22,Cell-Free Protein Synthesis,In vitro transcription-translation systems for rapid prototyping and biomolecular engineering without living cells.,,219,184,12,23,paper,False,"cfps, tx tl, free synthetic, free transcription, tl, tx, txtl, cfe",c23:Synthetic Cells and Protocells(0.76) | c31:RNA Regulatory Elements(0.72) | c24:Peptide Coiled-Coil Assembly(0.70) | c33:Modular DNA Assembly Standards(0.69) | c50:Minimal Genome Design(0.69),Bottom-up construction of complex biomolecular systems with cell-free synthetic biology | Cell-Free Synthetic Biology: Engineering Beyond the Cell | The all-E. coliTXTL toolbox 3.0: new capabilities of a cell-free synthetic biology platform | Cell-free synthetic biology: Orchestrating the machinery for biomolecular engineering | Advancing synthetic biology through cell-free protein synthesis | “Cell-Free Synthetic Biology”: Synthetic Biology Meets Cell-Free Protein Synthesis | Deconstructing Cell-Free Extract Preparation for <i>in Vitro</i> Activation of Transcriptional Genetic Circuitry | Development of a Cell-Free Synthetic Biology Platform | An integrated cell‐free metabolic platform for protein production and synthetic biology | Cell‐Free Synthetic Systems for Metabolic Engineering and Biosynthetic Pathway Prototyping
23,Synthetic Cells and Protocells,"Engineering artificial cell-like compartments using lipid vesicles, DNA origami, and phase separation for bottom-up synthetic biology.",,450,419,3,28,paper,False,"guvs, giant unilamellar, dna origami, condensates, lipid vesicles, unilamellar, synthetic cells, unilamellar vesicles",c22:Cell-Free Protein Synthesis(0.76) | c24:Peptide Coiled-Coil Assembly(0.71) | c29:Microfluidic Droplet Systems(0.71) | c20:Synthetic ECM Scaffolds for Stem Cell Differentiation(0.67) | c17:Bacterial Compartmentalization Systems(0.66),Engineering spatiotemporal organization and dynamics in synthetic cells | Interface Engineering in Multiphase Systems toward Synthetic Cells and Organelles: From Soft Matter Fundamentals to Biomedical Applications | Sculpting DNA-based synthetic cells through phase separation and phase-targeted activity | Shaping up synthetic cells | Dynamic Control of Functional Coacervates in Synthetic Cells | One-Pot Assembly of Complex Giant Unilamellar Vesicle-Based Synthetic Cells | Regulating Biocondensates within Synthetic Cells via Segregative Phase Separation | Shape and Size Control of Artificial Cells for Bottom-Up Biology | Motility of Synthetic Cells from Engineered Lipids | Synthetic‐Cell‐Based Multi‐Compartmentalized Hierarchical Systems
24,Peptide Coiled-Coil Assembly,Rational design and self-assembly of synthetic peptide building blocks using coiled-coil motifs for protein-like nanostructures.,,186,103,2,81,paper,False,"pubmed scopus, scopus, nat rev, scopus google, coiled coil, coiled, elms, pubmed",c10:Genetic Code Expansion with Noncanonical Amino Acids(0.83) | c21:Fluorescent Protein Engineering(0.79) | c17:Bacterial Compartmentalization Systems(0.78) | c20:Synthetic ECM Scaffolds for Stem Cell Differentiation(0.78) | c66:Peptide-Based Cell Targeting(0.76),Synthesis of Native Proteins by Chemical Ligation | Protein-Based Biological Materials: Molecular Design and Artificial Production | Rational design of peptide-based building blocks for nanoscience and synthetic biology | Methods for production and purification of polypeptides | Synthetic Peptides as Protein Mimics | Approaching infinite affinity through engineering of peptide–protein interaction | Chemoselective Ligation and Modification Strategies for Peptides and Proteins | Self‐Assembly of Coiled Coils in Synthetic Biology: Inspiration and Progress | Synthetic Biology: A New Tool for the Trade | Protein Assembly: Versatile Approaches to Construct Highly Ordered Nanostructures
25,Electrochemical Immunoassay Biosensors,Electrode-based detection devices using surface-modified polymers and binding pairs for molecular analyte sensing.,,62,4,0,58,patent,False,"analyte, binding pair, outlet, analytes, electrode surface, electrode, bar, devices methods",c29:Microfluidic Droplet Systems(0.85) | c40:Aptamer-Based Biosensors(0.84) | c36:Transcription Factor Biosensors(0.78) | c21:Fluorescent Protein Engineering(0.77) | c30:Carbon Nanotube Nanostructures(0.77),DETECTION ASSAY DEVICES AND METHODS OF MAKING AND USING THE SAME | DETECTION DEVICES AND RELATED METHODS OF USE | Targeted molecular bar codes and methods for using the same | Microchip and Method for Detecting Molecules and Molecular Interactions | Analyte sensing mediated by adapter/carrier molecules | Biosensor compositions and methods of use | Non-fouling polymeric surface modification and signal amplification method for biomolecular detection | SURFACE CHEMISTRY AND DEPOSITION TECHNIQUES | Binding acceleration techniques for the detection of analytes | Methods and compositions for use in analyte detection using proximity probes
26,Recombinant Spider Silk Proteins,Engineering spider silk proteins in bacteria for synthetic fiber production with natural mechanical properties.,,57,17,39,1,project,False,"silk protein, spider silk, spider, silk, silk proteins, intein, silks, protein splicing",c59:Engineered Biocontrol Agents(0.77) | c44:Cellulose Degradation & Biomaterials(0.77) | c47:Bacillus subtilis Biofilm Engineering(0.77) | c17:Bacterial Compartmentalization Systems(0.74) | c24:Peptide Coiled-Coil Assembly(0.74),SilkyColi: Reprogramming the physical and functional properties of synthetic silks | SETA - Silk Engineered Technology & Applications | BioSpatch: Synthetic Spidersilk-Proteins Plasters for Chronic Wounds | Programming Synthetic Fibers: Strong as Steel Meets Soft as Silk | Engineered Spider Silk Proteins for Biomimetic Spinning of Fibers with Toughness Equal to Dragline Silks | Netlantis: Making a sustainable impact in the fishing industry by developing novel net fibres | ArachniColi | Project SSS | Recombinant Spidroins Fully Replicate Primary Mechanical Properties of Natural Spider Silk | Artificially Synthesizing Caddisfly Silk in Yeast as an Alternative Surgical Mesh
27,PETase Engineering for Plastic Degradation,Engineering and optimizing PETase and MHETase enzymes from Idionella sakaiensis to degrade polyethylene terephthalate (PET) plastics.,,128,26,101,1,project,False,"pet degradation, petase, tpa, terephthalic, terephthalic acid, mhetase, sakaiensis, ideonella",c44:Cellulose Degradation & Biomaterials(0.78) | c46:Psychobiotic Probiotic Engineering(0.77) | c35:Polyhydroxyalkanoate Biopolymer Production(0.76) | c37:Aromatic Hydrocarbon Bioremediation(0.73) | c17:Bacterial Compartmentalization Systems(0.73),Fast Pace PETase | Optimizing Efficiency of PETase Mutants for Solution to Plastic Pollution | Optimizing plastic degradation with optimization of PETase | Using thermostable and active Fast PETase enzyme to degrade PET plastics in simulated marine environment | Decomposition of the PET Film by MHETase Using Exo-PETase Function | Plasteriase: Mutating a Bacterial PET-degrading Enzyme | PETrify: Unbottling the Future Using FAST-PETase-mutated MHETase Combinations | Improved PETase for filter cloth recovery through protein engineering | WAVEPLAST | PET-X: Living Biocatalysts for Plastic Degradation
28,Synthetic Microbial Consortia,Engineering multi-organism microbial communities with designed interactions for biotechnology and environmental applications.,,51,48,1,2,paper,False,"microbial interactions, cross feeding, evenness, synthetic microbiome, microbial consortia, synthetic communities, consortia, coculture",c57:Microbial Bioremediation & Biochemical Production(0.83) | c19:Engineered Live Bacterial Therapeutics(0.78) | c45:Site-Specific Recombinase Integration(0.77) | c63:Lignocellulose Bioconversion to Biofuels(0.77) | c65:Genetic Circuit Dynamics(0.73),"Construction of Environmental Synthetic Microbial Consortia: Based on Engineering and Ecological Principles | Synthetic Biology Tools to Engineer Microbial Communities for Biotechnology | Multifaceted Applications of Synthetic Microbial Communities: Advances in Biomedicine, Bioremediation, and Industry | Design, analysis and application of synthetic microbial consortia | Synthetic microbial consortia: from systematic analysis to construction and applications | Engineered microbial consortia: strategies and applications | Bottom-Up Approaches to Synthetic Cooperation in Microbial Communities | Synthetic microbial consortia for biosynthesis and biodegradation: promises and challenges | Ecological perspectives on synthetic biology: insights from microbial population biology | Syntrophic exchange in synthetic microbial communities"
29,Microfluidic Droplet Systems,"Microfluidic devices for manipulating, controlling, and analyzing droplets and emulsions in integrated fluidic systems.",,167,28,0,139,patent,False,"outlet, droplets, emulsions, droplet, fluidic, microchannel, microfluidic systems, porous",c25:Electrochemical Immunoassay Biosensors(0.85) | c30:Carbon Nanotube Nanostructures(0.81) | c24:Peptide Coiled-Coil Assembly(0.75) | c36:Transcription Factor Biosensors(0.74) | c21:Fluorescent Protein Engineering(0.73),"METHOD AND DEVICE FOR READING AN EMULSION | Method and apparatus for fluid dispersion | MANIPULATION OF FLUIDS, FLUID COMPONENTS AND REACTIONS IN MICROFLUIDIC SYSTEMS | Microfluidic system | FLUID CONTROL STRUCTURES IN MICROFLUIDIC DEVICES | Microfluidic manipulation of fluids and reactions | VALVES AND OTHER FLOW CONTROL IN FLUIDIC SYSTEMS INCLUDING MICROFLUIDIC SYSTEMS | Reconfigurable microfluidic systems: scalable, multiplexed immunoassays | DROPLET-BASED SELECTION | Method and apparatus for integrated cell handling and measurements"
30,Carbon Nanotube Nanostructures,Fabrication and assembly of carbon nanotubes and aligned nanostructures for nanoscale devices and sensors.,,56,2,1,53,patent,False,"nanoscale wire, porous silicon, carbon nanotube, carbon nanotubes, nanotube, nanoscale wires, silicon substrate, nanotubes",c29:Microfluidic Droplet Systems(0.81) | c25:Electrochemical Immunoassay Biosensors(0.77) | c24:Peptide Coiled-Coil Assembly(0.70) | c9:Organic Photovoltaic Materials(0.67) | c32:Synthetic XNA and Unnatural Bases(0.67),"Method for manufacturing single wall carbon nanotube tips | Direct growth of nanotubes, and their use in nanotweezers | Nanosensors | Vertically aligned nanostructure scanning probe microscope tips | Method of making a 3-D structure | ALIGNED NANOARRAY AND METHOD FOR FABRICATING THE SAME | Patterning of nanostructures | NOVEL NANOSTRUCTURES AND PROCESS OF PREPARING SAME | NANOSTRUCTURE AND PROCESS OF FABRICATING SAME | FABRICATION OF SELF ASSEMBLING NANO-STRUCTURES"
31,RNA Regulatory Elements,"Riboswitches, ribozymes, and aptamers as synthetic post-transcriptional gene control devices.",,110,92,2,16,paper,False,"riboregulators, s1, iress, riboswitches, hammerhead, riboswitch, translation coupling, ribozymes",c32:Synthetic XNA and Unnatural Bases(0.81) | c64:Bacterial Promoter Engineering(0.79) | c10:Genetic Code Expansion with Noncanonical Amino Acids(0.76) | c12:Mammalian Gene Circuit Engineering(0.75) | c65:Genetic Circuit Dynamics(0.73),"RNA aptamers as genetic control devices: The potential of riboswitches as synthetic elements for regulating gene expression | Synthetic Biology of Small RNAs and Riboswitches | Applications and limitations of regulatory<scp>RNA</scp>elements in synthetic biology and biotechnology | An engineered small RNA-mediated genetic switch based on a ribozyme expression platform | Riboswitch-inspired toehold riboregulators for gene regulation in <i>Escherichia coli</i> | Opportunities in the design and application of RNA for gene expression control | RNA Switches for Synthetic Biology | A renaissance in RNA synthetic biology: new mechanisms, applications and tools for the future | Modularity of Select Riboswitch Expression Platforms Enables Facile Engineering of Novel Genetic Regulatory Devices | De novo design of a synthetic riboswitch that regulates transcription termination"
32,Synthetic XNA and Unnatural Bases,Synthesis and polymerization of artificially expanded genetic alphabets and non-standard nucleobases beyond natural DNA/RNA.,,334,68,7,259,patent,False,"aegis, target nucleic, artificially expanded, hydrogen bonding, unnatural base, nucleobase, xna, dna polymerases",c33:Modular DNA Assembly Standards(0.81) | c31:RNA Regulatory Elements(0.81) | c10:Genetic Code Expansion with Noncanonical Amino Acids(0.79) | c45:Site-Specific Recombinase Integration(0.76) | c24:Peptide Coiled-Coil Assembly(0.73),"Methods and apparatus for synthesizing nucleic acids | METHODS AND DEVICES FOR NUCLEIC ACIDS SYNTHESIS | Reagents for reversibly terminating primer extension | Modified template-independent enzymes for polydeoxynucleotide synthesis | Chemically modified nucleoside 5'-triphosphates for thermally initiated amplification of nucleic acid | METHOD OF PREPARING NUCLEIC ACID MOLECULES | Design, synthesis and assembly of synthetic nucleic acids | Methods for sequencing nucleic acid molecules | ASSEMBLY OF HIGH FIDELITY POLYNUCLEOTIDES | A method for production of single-stranded nucleic acids"
33,Modular DNA Assembly Standards,"Standardized, automatable DNA assembly methods using Type IIS restriction enzymes and modular cloning frameworks for synthetic biology.",,94,81,7,6,paper,False,"seva, lcr, moclo, automated dna, dna assembly, type iis, iis, iis restriction",c45:Site-Specific Recombinase Integration(0.85) | c53:SBOL Data Standards and Markup(0.84) | c64:Bacterial Promoter Engineering(0.82) | c32:Synthetic XNA and Unnatural Bases(0.81) | c50:Minimal Genome Design(0.78),"BASIC: A New Biopart Assembly Standard for Idempotent Cloning Provides Accurate, Single-Tier DNA Assembly for Synthetic Biology | DNA-BOT: A low-cost, automated DNA assembly platform for synthetic biology | PaperClip: rapid multi-part DNA assembly from existing libraries | BglBricks: A flexible standard for biological part assembly | 2ab assembly: a methodology for automatable, high-throughput assembly of standard biological parts | BioBrick-based ‘Quick Gene Assembly’ in vitro | Standardizing Automated DNA Assembly: Best Practices, Metrics, and Protocols Using Robots | High-throughput, cost-effective verification of structural DNA assembly | j5 DNA Assembly Design Automation Software | In-Fusion BioBrick assembly and re-engineering"
34,Genomic Variant Prediction & Benchmarking,Machine learning methods for genomic prediction and variant calling validation using synthetic sequencing data and feature selection.,,87,64,0,23,paper,False,"gwas, predictive performance, regularized, mutational signatures, genomic prediction, synthetic associations, synthetic data, genomic data",c33:Modular DNA Assembly Standards(0.77) | c13:CRISPR-Cas9 Genome Editing(0.76) | c49:Saccharomyces cerevisiae Sc2.0 Synthesis(0.74) | c4:Circulating Tumor DNA MRD Detection(0.73) | c12:Mammalian Gene Circuit Engineering(0.73),"A survey of tools for variant analysis of next-generation genome sequencing data | SCSilicon: a tool for synthetic single-cell DNA sequencing data generation | Comparing the performance of selected variant callers using synthetic data and genome segmentation | Extensive sequencing of seven human genomes to characterize benchmark reference materials | ONT long-read WGS for variant discovery and orthogonal confirmation of short read WGS derived genetic variants in clinical genetic testing | A universal and independent synthetic DNA ladder for the quantitative measurement of genomic features | Comparison of the Data of a Next-Generation Sequencing Panel from K-MASTER Project with That of Orthogonal Methods for Detecting Targetable Genetic Al | A Rigorous Interlaboratory Examination of the Need to Confirm Next-Generation Sequencing–Detected Variants with an Orthogonal Method in Clinical Genet | Uncovering novel mutational signatures by de novo extraction with SigProfilerExtractor | Genomic prediction using machine learning: a comparison of the performance of regularized regression, ensemble, instance-based and deep learning metho"
35,Polyhydroxyalkanoate Biopolymer Production,Engineered microbial synthesis of biodegradable PHA and PHB polymers as sustainable plastic alternatives.,,67,18,32,17,project,False,"pha, polyhydroxyalkanoate, pla, glycolate, 3hb, lactyl, lactyl coa, phas",c62:Syngas Fermentation to Alcohols(0.83) | c44:Cellulose Degradation & Biomaterials(0.78) | c63:Lignocellulose Bioconversion to Biofuels(0.77) | c27:PETase Engineering for Plastic Degradation(0.76) | c47:Bacillus subtilis Biofilm Engineering(0.76),Escherichia Coli with heterologous polyhydroxyalkanoate (PHA) pathway produces bio-based and biodegradable thermoplastics from industrial co-products | Secretion of polyhydroxybutyrate in Escherichia coli using a synthetic biological engineering approach | RECOMBINANT HOSTS AND METHODS FOR MANUFACTURING POLYHYDROXYALKANOATE | Mutants of PHA synthase from Pseudomonas sp. 6-19 and method for preparing lactate homopolymer or copolymer using the same | A Forward-Design Approach to Increase the Production of Poly-3-Hydroxybutyrate in Genetically Engineered Escherichia coli | PHAgave | oPHAelia: From Waste to Worth | Process for preparing polyhydroxyalkanoate employing maoC gene | Project PHoeBe - Achieving a Feasible Plastic Alternative in the Form of PHB | Recircuit
36,Transcription Factor Biosensors,Engineered microbial whole-cell biosensors using transcription factors to detect metabolites and environmental signals.,,86,81,1,4,paper,False,"cell biosensors, arsenic, glycolytic flux, anoxic, factor based, atf, tf, based biosensors",c64:Bacterial Promoter Engineering(0.86) | c19:Engineered Live Bacterial Therapeutics(0.80) | c57:Microbial Bioremediation & Biochemical Production(0.79) | c25:Electrochemical Immunoassay Biosensors(0.78) | c65:Genetic Circuit Dynamics(0.76),"Accelerating Genetic Sensor Development, Scale-up, and Deployment Using Synthetic Biology | Transcription-Factor-based Biosensor Engineering for Applications in Synthetic Biology | Transcription factor-based biosensors in biotechnology: current state and future prospects | In vivo biosensors: mechanisms, development, and applications | Microbially derived biosensors for diagnosis, monitoring and epidemiology | Microbial Transcription Factor-Based Biosensors: Innovations from Design to Applications in Synthetic Biology | Fundamental Design Principles for Transcription-Factor-Based Metabolite Biosensors | Design, Optimization and Application of Small Molecule Biosensor in Metabolic Engineering | Synthetic Whole-Cell
Bioelectronic Chemical Sensing
with In Situ Genetic Computing | Blueprints for Biosensors: Design, Limitations, and Applications"
37,Aromatic Hydrocarbon Bioremediation,"Engineered microbes for detecting and degrading PAHs, BTEX, and petroleum pollutants from contaminated sites.",,62,2,60,0,project,False,"pcbs, pahs, toluene, xylene, benzene, hydrocarbons pahs, naphthalene, tailings",c55:Nutrient Cycling Biosensors(0.81) | c74:Genetic Logic Circuits(0.79) | c56:Heavy Metal Biosorption and Remediation(0.78) | c46:Psychobiotic Probiotic Engineering(0.75) | c35:Polyhydroxyalkanoate Biopolymer Production(0.75),Engineering microbes to detect and degrade pollutants | micellaway - Bioremediation of PAHs | ImPAHct: Efficient Bacterial System for the Degradation of Polycyclic Aromatic Hydrocarbons in Crude Oil | Development of Fracking Runoff Detectors | ECOS (Environmental COntaminant Sensor) | Rogue E.coli: A Biphenyl Detective | Investigating the Biosensing Capabilities of Microbial Fuel Cells | Enhanced Catechol Degradation via Metabolic Channeling in E. coli | Expanding Our Aromatic Waste Degradation Platform | Keeping DCA at Bay - Assembly of synthetic constructs and cassettes for degradation of dichloroethane.
38,miRNA Diagnostic Biosensors,CRISPR and toehold-based detection systems for microRNA biomarkers in disease screening and early diagnosis.,,97,5,89,3,project,False,"mir, mirna, mirnas, mirna detection, microrna, mir 21, toehold switches, mir 155",c52:miRNA-Based Cancer Immunotherapy(0.85) | c40:Aptamer-Based Biosensors(0.83) | c39:CRISPR Diagnostic Biosensors(0.81) | c74:Genetic Logic Circuits(0.74) | c43:Engineered Bacteria Cancer Immunotherapy(0.69),Early screening of colorectal cancer(CRC) based on CRISPR/Cas12-coupled SlipChip for detection of miRNA | Hypothetical System for Sensing miRNA with High Specificity and Signal Amplification | Early detection of breast cancer using miRNA-155 and miRNA-10b | CADlock: Early Screening for Coronary Artery Disease by Detecting MicroRNAs Through the Rolling Circle Approach | miRADAR: a paper-based test to simplify MS diagnosis | DNA-RNA chimeric circular probe-based DSN/Cas12a double enzymatic plasma trace microRNA detection system | Etiological classification system of chronic musculoskeletal pain based on miRNA biomarkers | Heartecho: A cancer screening kit for post-myocardial infarction patients | Development of a novel tube-based rapid blood-microRNA detection system with CRISPR-Cas9 | BreFast: A Fast and Convenient Screening Kit for Breast Cancer Early Detection
39,CRISPR Diagnostic Biosensors,CRISPR-Cas nucleases coupled with isothermal amplification for rapid pathogen and resistance detection.,,155,11,142,2,project,False,"cas13a, cas13, cas12a, t7 phage, rpa, dcas9, omvs, grna",c74:Genetic Logic Circuits(0.81) | c38:miRNA Diagnostic Biosensors(0.81) | c40:Aptamer-Based Biosensors(0.80) | c13:CRISPR-Cas9 Genome Editing(0.79) | c59:Engineered Biocontrol Agents(0.78),CADAR: CRISPR-Assisted Detection and Removal of pathogenic organisms disrupting the microbiome | CRIKIT: Developing a rapid CRISPR-based diagnostic kit for detecting antibiotic resistance | OUTCASST: Out-of-cell CRISPR Activated Sequence-specific Signal Transducer | CASPRE - Preliminary Genetic Testing Kit | Mulan - a real-time off-target detection and biostorage device based on CRISPR | Efficient Detection of Listeria monocytogenes by a Cas12a-crRNA complex and ssDNA | CODE-M : Cas Optimised DEvice for MDR-TB detection | Combined CRISPRi and Antisense RNA Toggle Switch | Urinetrouble: Detecting Antibiotic Resistance Equipment | Improving the CRISPR/Cas9 Tool Kit: Editing and Regulating
40,Aptamer-Based Biosensors,"Diagnostic sensors using in vitro selected aptamers for rapid detection of pathogens, biomarkers, and small molecules.",,141,24,103,14,project,False,"selex, aptasensor, histamine, aptamer based, aptamers, cea, aptamer, pct",c25:Electrochemical Immunoassay Biosensors(0.84) | c38:miRNA Diagnostic Biosensors(0.83) | c74:Genetic Logic Circuits(0.81) | c39:CRISPR Diagnostic Biosensors(0.80) | c16:Engineered Antibody Design(0.79),Gotta Detect 'Em All: a multi-STI sensor based on aptamers | Aptapaper - Detecting Any Protein On Paper Test Strips | AEGIS: Aptamer Evolve for Global InSitu Sensing | Development of an Aptamer-based Solution to detect Uropathogenic Bacteria at the Point-of-Care | DIANE: An aptamer-based device for rapid detection of pathogenic bacteria in biological fluids | Internet of BioThings | ABrCaDaBra | METHOD OF DETECTING TARGET MOLECULE BY USING APTAMER | OASYS -  A Novel FRET based microfluidic device to aid MDD diagnosis | General disease detection with Protease and Aptamer (GPA)
41,Allopolyploid Genome Evolution,"Genomic rearrangements, homeolog expression, and diploidization mechanisms in synthetic and natural allopolyploids.",,57,56,0,1,paper,False,"allopolyploids, allopolyploid, polyploids, allotetraploids, polyploid, allotetraploid, brassica, homoeologous",c42:Synthetic Hexaploid Wheat Genomics(0.87) | c61:Plant Genetic Engineering Tools(0.79) | c49:Saccharomyces cerevisiae Sc2.0 Synthesis(0.76) | c50:Minimal Genome Design(0.66) | c6:Microalgal Chloroplast Engineering(0.66),"Genome evolution of allopolyploids: a process of cytological and genetic diploidization | Mechanisms of genomic rearrangements and gene expression changes in plant polyploids | The <i>BOY NAMED SUE</i> Quantitative Trait Locus Confers Increased Meiotic Stability to an Adapted Natural Allopolyploid of <i>Arabidopsis</i> | Analysis of Genomic Variation in Different Brassica Napus Synthetic Allopolyploids | Surviving a Genome Collision: Genomic Signatures of Allopolyploidization in the Recent Crop Species <i>Brassica napus</i> | Genome-wide quantification of homeolog expression ratio revealed nonstochastic gene regulation in synthetic allopolyploid <i>Arabidopsis</i> | The occurrence, inheritance, and segregation of complex genomic structural variation in synthetic Brassica napus | Nuclear DNA amount and genome downsizing in natural and synthetic allopolyploids of the genera<i>Aegilops</i>and<i>Triticum</i> | Evolution and Expression of Homeologous Loci in <i>Tragopogon miscellus</i> (Asteraceae), a Recent and Reciprocally Formed Allopolyploid | Rapid genomic changes in interspecific and intergeneric hybrids and allopolyploids of Triticeae"
42,Synthetic Hexaploid Wheat Genomics,Genome-wide association and genomic prediction studies of synthetic hexaploid wheat derived from Aegilops and Triticum crosses.,,52,52,0,0,paper,False,"hexaploid, synthetic hexaploid, tauschii, wheat, gwas, aegilops, accessions, mtas",c41:Allopolyploid Genome Evolution(0.87) | c61:Plant Genetic Engineering Tools(0.77) | c34:Genomic Variant Prediction & Benchmarking(0.73) | c49:Saccharomyces cerevisiae Sc2.0 Synthesis(0.70) | c48:Non-Conventional Yeast Metabolic Engineering(0.64),Identification of quantitative trait loci controlling grain size and shape in the D genome of synthetic hexaploid wheat lines | Genome-Wide Analyses Reveal Footprints of Divergent Selection and Drought Adaptive Traits in Synthetic-Derived Wheats | Genomic Selection for Increased Yield in Synthetic‐Derived Wheat | Distinct genetic regulation of flowering time and grain-filling period based on empirical study of D-genome diversity in synthetic hexaploid wheat lin | Genome-Wide Association Study for Multiple Biotic Stress Resistance in Synthetic Hexaploid Wheat | Genomic prediction of synthetic hexaploid wheat upon tetraploid <i>durum</i> and diploid <i>Aegilops</i> parental pools | RNA Sequencing-Based Bulked Segregant Analysis Facilitates Efficient D-genome Marker Development for a Specific Chromosomal Region of Synthetic Hexapl | Phenotypic effects of the U-genome variation in nascent synthetic hexaploids derived from interspecific crosses between durum wheat and its diploid re | Genome-Wide Association Study Reveals Novel Genomic Regions for Grain Yield and Yield-Related Traits in Drought-Stressed Synthetic Hexaploid Wheat | Identification of QTL for Grain Size and Shape on the D Genome of Natural and Synthetic Allohexaploid Wheats with Near-Identical AABB Genomes
43,Engineered Bacteria Cancer Immunotherapy,Synthetic bacteria engineered to target tumors and trigger immunogenic cell death pathways like ferroptosis and pyroptosis.,,93,14,78,1,project,False,"fusobacterium, nucleatum, typhimurium, salmonella typhimurium, vnp20009, tumor targeting, ferroptosis, kynurenine",c76:Engineered Lactobacillus Therapeutics(0.84) | c52:miRNA-Based Cancer Immunotherapy(0.82) | c46:Psychobiotic Probiotic Engineering(0.82) | c66:Peptide-Based Cell Targeting(0.79) | c39:CRISPR Diagnostic Biosensors(0.76),"Engineered Probiotic for Targeted Tumor Therapy | MicroBeacon: A Microbial Beacon for Cancer Detection | Tumor-Targeting Salmonella-Mediated Apoptosis Therapy (T-SAT) | FeFighterS  Engineered Bacteria Induce Ferroptosis in Tumor Cells | BactoVax: A Modular, Bacterial-based Cancer Vaccine Platform | Self‐Adjusting Engineered Probiotic for Targeted Tumor Colonization and Local Therapeutics Delivery | Pyroptosis: a new approach for cancer therapy | Controlled missiles: Targeted treatment of tumors with engineered E. coli | Antitumor Immunotherapy Using Guanylate Cyclase-Based Engineered Bacteria to Target the STING Pathway in Macrophages | Engineered Bacteria for Immunotherapy of Triple Negative Breast Cancer"
44,Cellulose Degradation & Biomaterials,Engineering cellulase enzymes and bacterial cellulose production for sustainable materials and waste conversion.,,157,18,101,38,project,False,"flame, endoglucanase, retardant, cellulase, bacterial cellulose, xylinus, xylanase, fashion industry",c59:Engineered Biocontrol Agents(0.79) | c27:PETase Engineering for Plastic Degradation(0.78) | c47:Bacillus subtilis Biofilm Engineering(0.78) | c35:Polyhydroxyalkanoate Biopolymer Production(0.78) | c58:Yeast Metabolite Biosynthesis(0.77),Cellulophile | Manufacture of Bacterial Cellulose Biomaterials: Towards Tailor-Made Biofilters | Exullose  unlocking the potential of biomaterials | Engineering the Future of Biofuel | Pine-sorb- creating an Eco-friendly and biodegradable oil absorbent using synthetic biology | Highly productive alpha-amylases | Endoglucanase having enhanced thermostability and activity | Continuous Greening Cycle | CellulALT: A copolymer of glucose and chitin for manufacturing medical biomaterials for sustainable space exploration. | A System for Degrading Waste Cellulose and Generating Electricity
45,Site-Specific Recombinase Integration,"Serine integrase and transposase-mediated chromosomal integration for rapid, scarless genome engineering in bacteria.",,80,66,2,12,paper,False,"integrases, serine integrases, eso, ohno, ssrs, baumannii, transposases, recombinases",c33:Modular DNA Assembly Standards(0.85) | c19:Engineered Live Bacterial Therapeutics(0.83) | c57:Microbial Bioremediation & Biochemical Production(0.82) | c50:Minimal Genome Design(0.82) | c64:Bacterial Promoter Engineering(0.81),"Simultaneous non-contiguous deletions using large synthetic DNA and site-specific recombinases | From Design to Practice: A Comprehensive Tutorial for the Rapid Multiplex Engineering of Escherichia coli Using Antibiotic Resistance Markers | High-throughput genetic engineering of nonmodel and undomesticated bacteria via iterative site-specific genome integration | A Simple and Effective Method for Construction of Escherichia coli Strains Proficient for Genome Engineering | Conditional-Replication, Integration, Excision, and Retrieval Plasmid-Host Systems for Gene Structure-Function Studies of Bacteria | Directed evolution of Escherichia coli with lower-than-natural plasmid mutation rates | Rapid metabolic pathway assembly and modification using serine integrase site-specific recombination | Lambda Red recombinase-mediated integration of the high molecular weight DNA into the Escherichia coli chromosome | A versatile and highly efficient method for scarless genome editing in Escherichia coli and Salmonella enterica | One-Step Cloning and Chromosomal Integration of DNA"
46,Psychobiotic Probiotic Engineering,Engineering probiotics to produce neurotransmitters and metabolites for mental health and neurological disorder treatment.,,105,12,88,5,project,False,"serotonin, theanine, htp, melatonin, trimethylamine, gaba, tmao, depression",c76:Engineered Lactobacillus Therapeutics(0.84) | c55:Nutrient Cycling Biosensors(0.83) | c58:Yeast Metabolite Biosynthesis(0.83) | c43:Engineered Bacteria Cancer Immunotherapy(0.82) | c79:Light-Responsive Bacterial Circuits(0.80),Psychiatric Disorders Regulating Probiotics | Parkinson's disease treatment - new probiotic therapy | Tea-HEE | SymbioSerotonin: Cultivating Happiness from Within | Strangle locust plague at birth | Based on the 5-HT theory to explore new solutions against depression | An adventure of ancient snails: Revive Tyrian purple by E.coli | SERENE: Bringing serenity into your lives! | Tyrian Purple Producer | Reach for Light
47,Bacillus subtilis Biofilm Engineering,"Synthetic biology toolkit and applications for B. subtilis biofilm formation, protein display, and spore-based platforms.",,170,79,73,18,paper,False,"curli, syrup, feathers, bgab, subtilis genome, keratin, biofilm matrix, hydrophobins",c44:Cellulose Degradation & Biomaterials(0.78) | c76:Engineered Lactobacillus Therapeutics(0.78) | c17:Bacterial Compartmentalization Systems(0.77) | c26:Recombinant Spider Silk Proteins(0.77) | c35:Polyhydroxyalkanoate Biopolymer Production(0.76),Beadzillus: Fundamental BioBricks for Bacillus subtilis and spores as a platform for protein display | The length of ribosomal binding site spacer sequence controls the production yield for intracellular and secreted proteins by Bacillus subtilis | B-TOX: reduction of waste water toxicity using a <i>B. subtilis</i> biofilm | Defining the genetic differences between wild and domestic strains of <i>Bacillus subtilis</i> that affect poly‐γ‐<scp>dl</scp>‐glutamic acid producti | The Bacillus BioBrick Box: generation and evaluation of essential genetic building blocks for standardized work with Bacillus subtilis | BacilloFlex: A modular DNA assembly toolkit for <i>Bacillus subtilis</i> synthetic biology | <i>Bacillus subtilis</i> Biosensor Engineered To Assess Meat Spoilage | Development of Pgrac100-based expression vectors allowing high protein production levels in Bacillus subtilis and relatively low basal expression in E | BaKillus  Engineering a pathogen-hunting microbe | High- and low-affinity cre boxes for CcpA binding in Bacillus subtilis revealed by genome-wide analysis
48,Non-Conventional Yeast Metabolic Engineering,Synthetic biology approaches for secondary metabolite and biopharmaceutical production in alternative yeast species like Kluyveromyces marxianus.,,156,145,6,5,paper,False,"marxianus, filamentous fungi, kluyveromyces, yeast synthetic, core promoters, theanine, kluyveromyces marxianus, yeast species",c49:Saccharomyces cerevisiae Sc2.0 Synthesis(0.85) | c60:Microbial Phytochemical Biosynthesis(0.83) | c51:Streptomyces Natural Product Discovery(0.82) | c57:Microbial Bioremediation & Biochemical Production(0.81) | c63:Lignocellulose Bioconversion to Biofuels(0.80),Yeast synthetic biology for high-value metabolites | Synthetic Biology of Yeast | Advancing secondary metabolite biosynthesis in yeast with synthetic biology tools | Yeast synthetic biology toolbox and applications for biofuel production | A Cas9-based toolkit to program gene expression in <i>Saccharomyces cerevisiae</i> | Applications of Yeast Synthetic Biology Geared towards the Production of Biopharmaceuticals | Development and characterization of a vector set with regulated promoters for systematic metabolic engineering in <i>Saccharomyces cerevisiae</i> | Advanced Strategies for Production of Natural Products in Yeast | A polycistronic system for multiplexed and precalibrated expression of multigene pathways in fungi | Biosynthesis of the antibiotic nonribosomal peptide penicillin in baker’s yeast
49,Saccharomyces cerevisiae Sc2.0 Synthesis,Synthetic yeast genome construction and SCRaMbLE-based engineering of complete chromosomes in S. cerevisiae.,,76,73,1,2,paper,False,"sc2, scramble, synthetic yeast, loxpsym, synthetic chromosome, yeast genome, genetic array, heterozygous",c48:Non-Conventional Yeast Metabolic Engineering(0.85) | c50:Minimal Genome Design(0.83) | c45:Site-Specific Recombinase Integration(0.79) | c41:Allopolyploid Genome Evolution(0.76) | c34:Genomic Variant Prediction & Benchmarking(0.74),"The Saccharomyces cerevisiae SCRaMbLE system and genome minimization | Iterative SCRaMbLE for Engineering Synthetic Genome Modules and Chromosomes | Genome-wide mapping of unexplored essential regions in the Saccharomyces cerevisiae genome: evidence for hidden synthetic lethal combinations in a gen | Design of a synthetic yeast genome | Rewriting the blueprint of life by synthetic genomics and genome engineering | L-SCRaMbLE creates large-scale genome rearrangements in synthetic Sc2.0 chromosomes | Bug mapping and fitness testing of chemically synthesized chromosome X | Construction of a synthetic Saccharomyces cerevisiae pan-genome neo-chromosome | Parallel laboratory evolution and rational debugging reveal genomic plasticity to S. cerevisiae synthetic chromosome XIV defects | Synthesis, debugging, and effects of synthetic chromosome consolidation: synVI and beyond"
50,Minimal Genome Design,Design and construction of stripped-down bacterial genomes with minimal essential genes for viability and synthetic biology chassis.,,214,201,3,10,paper,False,"syn3, jcvi, jcvi syn3, genitalium, minimal genome, mycoplasmas, syn3a, mycoplasma",c49:Saccharomyces cerevisiae Sc2.0 Synthesis(0.83) | c45:Site-Specific Recombinase Integration(0.82) | c33:Modular DNA Assembly Standards(0.78) | c57:Microbial Bioremediation & Biochemical Production(0.77) | c15:Synthetic Biology Ethics & Governance(0.77),Design and synthesis of a minimal bacterial genome | Designing minimal genomes using whole-cell models | Construction of a minimal genome as a chassis for synthetic biology | Minimal Genomes: How Many Genes Does a Cell Require To Be Viable | Research progress of bacterial minimal genome. | The minimal genome--a metabolic and environmental comparison | Essential metabolism for a minimal cell | Essential genes of a minimal bacterium | Evolution of a minimal cell | Testing theoretical minimal genomes using whole-cell models
51,Streptomyces Natural Product Discovery,Synthetic biology approaches for discovering and optimizing secondary metabolites from actinomycete biosynthetic gene clusters.,,159,145,1,13,paper,False,"bgcs, product discovery, bgc, streptomyces, gpa, surfactin, actinomycetes, natural products",c60:Microbial Phytochemical Biosynthesis(0.88) | c57:Microbial Bioremediation & Biochemical Production(0.87) | c18:Polyketide Synthase Engineering(0.84) | c63:Lignocellulose Bioconversion to Biofuels(0.83) | c48:Non-Conventional Yeast Metabolic Engineering(0.82),"Recent advances in natural products exploitation in <i>Streptomyces</i> via synthetic biology | The Application of Ribosome Engineering to Natural Product Discovery and Yield Improvement in Streptomyces | Natural product discovery: past, present, and future | Synthetic Biology in Natural Product Biosynthesis | Natural Products and Synthetic Biology: Where We Are and Where We Need To Go | Synthetic Biology of Natural Products | Using natural products for drug discovery: the impact of the genomics era | High-Throughput Screening of Natural Product and Synthetic Molecule Libraries for Antibacterial Drug Discovery | Synthetic Biology Tools for Novel Secondary Metabolite Discovery in Streptomyces | Next-generation synthetic biology approaches for the accelerated discovery of microbial natural products"
52,miRNA-Based Cancer Immunotherapy,miRNA and siRNA therapeutics targeting cancer through engineered immune cells and exosome delivery systems.,,164,62,96,6,project,False,"mir, mirnas, hsa mir, exosomes, mirna, 5p, mir 145, 3p",c66:Peptide-Based Cell Targeting(0.85) | c38:miRNA Diagnostic Biosensors(0.85) | c43:Engineered Bacteria Cancer Immunotherapy(0.82) | c71:Synthetic Cannabinoids Cell Signaling(0.77) | c21:Fluorescent Protein Engineering(0.76),"No-Returning Route of Pancreatic Cancer | siREN: A Targeted RNAi Therapeutic Approach Against Chronic Lymphocytic Leukemia | CAR_Ma - A next-generation in-vivo immunotherapy | EvC-T system | SynNotch-Engineered Macrophages for Enhanced Liver Cancer Therapy (SYNERGY) - A Precision Immunotherapy | Antigen-based Tumour REcognising Universal System (ATREUS) | Car-Ma | Cancer Immunotherapy with ""Trojan Horse"" Antigen | Dual-Action Protein-siRNA Conjugates for Targeted Disruption of CD47-Signal Regulatory Protein α Axis in Cancer Therapy | Sequence Requirements for miR-424-5p Regulating and Function in Cancers"
53,SBOL Data Standards and Markup,"Standardized languages and software tools for representing, exchanging, and automatically designing genetic constructs and biological systems.",,193,169,12,12,paper,False,"open language, sbol, language sbol, biology open, genetic designs, diagrams, sbol data, automatic design",c33:Modular DNA Assembly Standards(0.84) | c64:Bacterial Promoter Engineering(0.80) | c65:Genetic Circuit Dynamics(0.78) | c15:Synthetic Biology Ethics & Governance(0.72) | c45:Site-Specific Recombinase Integration(0.72),"The Synthetic Biology Open Language (SBOL) Version 3: Simplified Data Exchange for Bioengineering | A standard-enabled workflow for synthetic biology | Standard virtual biological parts: a repository of modular modeling components for synthetic biology | Generating Systems Biology Markup Language Models from the Synthetic Biology Open Language | Toward Full-Stack <i>In Silico</i> Synthetic Biology: Integrating Model Specification, Simulation, Verification, and Biological Compilation | Hierarchical Modeling for Synthetic Biology | Composable Modular Models for Synthetic Biology | Communicating Structure and Function in Synthetic Biology Diagrams | Proposed Data Model for the Next Version of the Synthetic Biology Open Language | Synthetic Biology Open Language (SBOL) Version 2.3"
54,Polyunsaturated Fatty Acid Production,Engineering desaturases and elongases in oleaginous microorganisms to synthesize PUFAs like arachidonic acid.,,84,9,6,69,patent,False,"x394, x3c9, polyunsaturated, polyunsaturated fatty, desaturase, oleaginous yeast, chain polyunsaturated, elongase",c62:Syngas Fermentation to Alcohols(0.75) | c58:Yeast Metabolite Biosynthesis(0.72) | c18:Polyketide Synthase Engineering(0.70) | c60:Microbial Phytochemical Biosynthesis(0.69) | c48:Non-Conventional Yeast Metabolic Engineering(0.68),MICROORGANISMS AND METHODS FOR PRODUCING UNSATURATED FATTY ACIDS | DELTA-8 DESATURASE AND ITS USE IN MAKING POLYUNSATURATED FATTY ACIDS | A MORTIERELLA ALPINA C16/18 FATTY ACID ELONGASE | Novel fatty acid desaturases and elongases and uses thereof | DELTA-5 DESATURASES AND THEIR USE IN MAKING POLYUNSATURATED FATTY ACIDS | Acyltransferases and Uses Thereof in Fatty Acid Production | Delta-5 desaturase and its use in making polyunsaturated fatty acids | DELTA-9 ELONGASES AND THEIR USE IN MAKING POLYUNSATURATED FATTY ACIDS | DELTA-8 DESATURASES AND THEIR USE IN MAKING POLYUNSATURATED FATTY ACIDS | DELTA 9 ELONGASES AND THEIR USE IN MAKING POLYUNSATURATED FATTY ACIDS
55,Nutrient Cycling Biosensors,Engineered microbes detecting and remediating nitrogen and phosphorus pollution in water and soil systems.,,110,16,91,3,project,False,"nitrite, polyphosphate, nitrate, cu sub, denitrification, nitrates, phosphorus, sulfide",c56:Heavy Metal Biosorption and Remediation(0.86) | c46:Psychobiotic Probiotic Engineering(0.83) | c37:Aromatic Hydrocarbon Bioremediation(0.81) | c74:Genetic Logic Circuits(0.81) | c7:Cyanobacterial Metabolic Engineering(0.79),"The Dirt Detective: A bioavailable phosphorus sensor powered by E. coli | Nitrogen Breaking"" Bacteria"" | Requiem for a Stream: From Ammonia Pollution to Energy Production via Denitrification | Portable low-cost bio-detector for dissolved oxygen, phosphorus or nitrogen in water | Monitro: An innovative nitrate biosensor for the early detection of eutrophication. | Solutions for our Soil  Engineering Nitrogen Fixing Bacteria with Oxygen Sensing Capabilities | Bristol BREATHE: BioReactor to Eliminate Atmospheric Threats to Health and the Environment | Nitrate Decomposer: decrease nitrate in soil with rhizobium | Phosphate removal and detection for wastewater treatment | Sewage, PD"
56,Heavy Metal Biosorption and Remediation,Engineered microbes expressing metallothioneins and metal-binding proteins for detecting and sequestering toxic heavy metals from contaminated environments.,,235,35,194,6,project,False,"cadmium, mercury, arsenic, copper ions, ree, metallothionein, metallidurans, merr",c55:Nutrient Cycling Biosensors(0.86) | c46:Psychobiotic Probiotic Engineering(0.79) | c37:Aromatic Hydrocarbon Bioremediation(0.78) | c40:Aptamer-Based Biosensors(0.78) | c74:Genetic Logic Circuits(0.77),Molecular Mining of Cadmium: Detecting and Binding Cadmium for Bioremediation | EcoLion - an E. coli collecting heavy metal ions in BMC | Lead it go: Heavy metal sequestration from regional contaminated waters using genetically engineered E.coli | Metalytic - Easy Automated Metal Biosensor | Investigation in toxic metal remediation using genetically modified probiotics | Integrated Heavy Metal Detection System | E. cologic: Arsenic biosensor and chelator with scalable silica-binding recovery system | nanoFactory: Recycling metal resources - Every particle matters! | Chococadmium: Tackling cadmium contamination in the Peruvian cacao industry | A  Modularized & Smart & Safe Machine for Heavy Metal Bioremediation
57,Microbial Bioremediation & Biochemical Production,Metabolic engineering of bacteria for environmental remediation and sustainable synthesis of specialty chemicals and aromatics.,possible merge with c63 (cos 0.94),121,118,0,3,paper,False,"bioleaching, biomining, halomonas, btex, aromatics, growth coupled, metallidurans, non food",c63:Lignocellulose Bioconversion to Biofuels(0.94) | c51:Streptomyces Natural Product Discovery(0.87) | c28:Synthetic Microbial Consortia(0.83) | c45:Site-Specific Recombinase Integration(0.82) | c48:Non-Conventional Yeast Metabolic Engineering(0.81),"Editorial: Synthetic biology for the sustainable production of biochemicals in engineered microbes | Advancement of Metabolic Engineering Assisted by Synthetic Biology | Metabolic engineering and synthetic biology for the environment: from perspectives of biodetection, bioremediation, and biomanufacturing | Synthetic Biology for Specialty Chemicals | Toward Engineering Synthetic Microbial Metabolism | Editorial: Innovative Strategies From Synthetic Biology and Bacterial Pathways to Master Biochemical Environmental Challenges | [Synthetic biology for metabolic engineering--a review]. | The Role of Synthetic Biology in the Design of Microbial Cell Factories for Biofuel Production | Bridging the gap between systems biology and synthetic biology | Synthetic and systems biology for microbial production of commodity chemicals"
58,Yeast Metabolite Biosynthesis,"Engineering Saccharomyces cerevisiae to produce high-value natural compounds including cosmetics, pharmaceuticals, and food ingredients.",,465,50,398,17,project,False,"astaxanthin, pinene, ginsenoside, skincare, pheromone, squalene, aflatoxin, pullulans",c59:Engineered Biocontrol Agents(0.87) | c46:Psychobiotic Probiotic Engineering(0.83) | c39:CRISPR Diagnostic Biosensors(0.78) | c44:Cellulose Degradation & Biomaterials(0.77) | c79:Light-Responsive Bacterial Circuits(0.77),"mCATNIP: microbial Compartmentalization AssisTed Nepetalactol Ingredient Production | Effective Biosynthesis of Cannabidiol via Saccharomyces cerevisiae | Save Coral Reefs at Risks: Synthesis of an eco-friendly bio-sunscreen by Saccharomyces cerevisiae. | iGEMINI, a coculture for food supplements production in space | Real-time Yeast Biosensor for Early Diagnosis | Eco-friendly sunscreen: MAAs+yeast extract | TUM-Brew: iGEM's first and finest SynBio Beer | Portable Progesterone Production in Yeast (PoPPY) | Aroma Anchor | Application of photoinducible promoter in the biosynthesis of patchoulol in yeast"
59,Engineered Biocontrol Agents,Synthetic biology approaches using engineered microbes and RNA interference to control agricultural plant pathogens and pests.,,154,14,139,1,project,False,"chitin, citrus, psyllid, termite, fusarium, mosquito, wilt, dsrna",c58:Yeast Metabolite Biosynthesis(0.87) | c46:Psychobiotic Probiotic Engineering(0.79) | c44:Cellulose Degradation & Biomaterials(0.79) | c39:CRISPR Diagnostic Biosensors(0.78) | c26:Recombinant Spider Silk Proteins(0.77),Xylencer - silencing Xylella fastidiosa | Fusarium Won't: A Biofungicidial Rhizobacteria to Persistently Protect Against Fusarium Wilt of Bananas | Engineering Escherichia coli Capable of Extracellular Secretion of Chitin Degradation Enzymes LbCHI31 and LbCHI32 | BerryVax: Taking biocontrol in berry crops to the next level | Engineering E. coli Capable of Extracellular Secretion of Chitin Degradation Enzymes | Chitinolytic Activity of Serratia Marcescens Chitinase in Response to Various Species of Pathological Fungi | Plastid-mediated RNA interference achieves efficient control of agricultural pests | Chitinite: Defending Fruit One Gene at a Time | Agrocapsi: An antimicrobial peptide and iRNA technology-based fungicide against wilting | BAC'ATTACK
60,Microbial Phytochemical Biosynthesis,"Heterologous production of plant-derived medicinal compounds (alkaloids, terpenoids, flavonoids) in bacterial and fungal hosts.",,131,111,3,17,paper,False,"steviol, flavonoids, miltiorrhiza, benzylisoquinoline, botanical, tcm, terpenoids, flavonoid",c51:Streptomyces Natural Product Discovery(0.88) | c48:Non-Conventional Yeast Metabolic Engineering(0.83) | c18:Polyketide Synthase Engineering(0.82) | c61:Plant Genetic Engineering Tools(0.78) | c63:Lignocellulose Bioconversion to Biofuels(0.77),"[Synthetic biology of plants-derived medicinal natural products]. | The Biosynthetic Pathways of Tanshinones and Phenolic Acids in Salvia miltiorrhiza | Engineering a microbial biosynthesis platform for de novo production of tropane alkaloids | Synthetic biology strategies toward heterologous phytochemical production | Carnosic acid biosynthesis elucidated by a synthetic biology platform | Recent progress and new perspectives for diterpenoid biosynthesis in medicinal plants | Biosynthesis Investigations of Terpenoid, Alkaloid, and Flavonoid Antimicrobial Agents Derived from Medicinal Plants | A bacterial platform for fermentative production of plant alkaloids | Production of Terpenoids by Synthetic Biology Approaches | [Research progress in synthetic biology of active compounds in Chinese medicinal plants]."
61,Plant Genetic Engineering Tools,"Synthetic biology methods and toolkits for plant transformation, including CRISPR, Golden Gate, and plastid engineering systems.",,448,305,70,73,paper,False,"plant synthetic, artemisinic, sl, transplastomic, plastid, artemisinic acid, biology plant, engineering plant",c6:Microalgal Chloroplast Engineering(0.80) | c41:Allopolyploid Genome Evolution(0.79) | c60:Microbial Phytochemical Biosynthesis(0.78) | c42:Synthetic Hexaploid Wheat Genomics(0.77) | c48:Non-Conventional Yeast Metabolic Engineering(0.74),"Transient expressions of synthetic biology in plants | Advancing Crop Transformation in the Era of Genome Editing | A BioBrick compatible strategy for genetic modification of plants | MISSA 2.0: an updated synthetic biology toolbox for assembly of orthogonal CRISPR/Cas systems | Synthetic developmental biology: molecular tools to re-design plant shoots and roots | Utilizing plant synthetic biology to accelerate plant-microbe interactions research | Plant synthetic biology: from knowledge to biomolecules | The HSP Terminator of Arabidopsis thaliana Increases Gene Expression in Plant Cells | A robust family of Golden Gate Agrobacterium vectors for plant synthetic biology | CRISPR screens in plants: approaches, guidelines, and future prospects"
62,Syngas Fermentation to Alcohols,Engineered microorganisms converting syngas and carbon monoxide into multi-carbon alcohols and biochemicals via anaerobic fermentation.,,259,43,5,211,patent,False,"succinic, acetogenic, butanediol, bdo, mdh, carbon monoxide, recombinant microorganisms, ol",c63:Lignocellulose Bioconversion to Biofuels(0.88) | c35:Polyhydroxyalkanoate Biopolymer Production(0.83) | c11:Corynebacterium glutamicum Amino Acid Production(0.81) | c57:Microbial Bioremediation & Biochemical Production(0.80) | c18:Polyketide Synthase Engineering(0.77),"Alcohol production process | ACETOLACTATE SYNTHASE HAVING 2-KETOISOVALERATE DECARBOXYLASE ACTIVITY AND USES THEREOF | Biological Conversion of Multi-Carbon Compounds from Methane | MICROORGANISMS AND METHODS FOR PRODUCTION OF 1,2-PROPANEDIOL AND ACETOL | BACTERIAL PRODUCTION OF METHYL KETONES | ENGINEERED MICROORGANISMS CAPABLE OF PRODUCING TARGET COMPOUNDS UNDER ANAEROBIC CONDITIONS | Microorganisms and methods for enhancing the availability of reducing equivalents in the presence of methanol, and for producing 3-hydroxyisobutyrate  | Methylbutanol as an advanced biofuel | BIOFUEL AND CHEMICAL PRODUCTION BY RECOMBINANT MICROORGANISMS VIA FERMENTATION OF PROTEINACIOUS BIOMASS | MUTANT METHYLGLYOXAL SYNTHASE (MGS) FOR THE PRODUCTION OF A BIOCHEMICAL BY FERMENTATION"
63,Lignocellulose Bioconversion to Biofuels,Metabolic engineering of bacteria for consolidated bioprocessing of lignocellulosic biomass into bioalcohols and biochemicals.,possible merge with c57 (cos 0.94),70,66,2,2,paper,False,"mobilis, komagataeibacter, zymomonas, zymomonas mobilis, isobutanol, isobutanol production, succinate, bc",c57:Microbial Bioremediation & Biochemical Production(0.94) | c62:Syngas Fermentation to Alcohols(0.88) | c51:Streptomyces Natural Product Discovery(0.83) | c48:Non-Conventional Yeast Metabolic Engineering(0.80) | c11:Corynebacterium glutamicum Amino Acid Production(0.80),"Metabolic Engineering for Production of Biorenewable Fuels and Chemicals: Contributions of Synthetic Biology | Engineering microorganisms for biofuel production | Consolidated Bioprocessing: Synthetic Biology Routes to Fuels and Fine Chemicals | Engineering Sugar Utilization and Microbial Tolerance toward Lignocellulose Conversion | Advances in consolidated bioprocessing systems for bioethanol and butanol production from biomass: a comprehensive review | System metabolic engineering of Escherichia coli W for the production of 2-ketoisovalerate using unconventional feedstock | Enzymes, <i>In Vivo</i> Biocatalysis, and Metabolic Engineering for Enabling a Circular Economy and Sustainability | Efficiency of acetate-based isopropanol synthesis in Escherichia coli W is controlled by ATP demand | Synthetic Biology and Metabolic Engineering Employing Escherichia coli for C2–C6 Bioalcohol Production | Death by a thousand cuts: the challenges and diverse landscape of lignocellulosic hydrolysate inhibitors"
64,Bacterial Promoter Engineering,Design and characterization of synthetic bacterial promoters for tunable transcriptional control in genetic circuits.,,137,125,6,6,paper,False,"logic circuit, sup sub, 10 35, sequential logic, σ70, translational coupling, dsrna, transcriptional logic",c65:Genetic Circuit Dynamics(0.87) | c36:Transcription Factor Biosensors(0.86) | c33:Modular DNA Assembly Standards(0.82) | c45:Site-Specific Recombinase Integration(0.81) | c53:SBOL Data Standards and Markup(0.80),"Reducing DNA context dependence in bacterial promoters | Programming gene expression with combinatorial promoters | Characterization of Intrinsic Properties of Promoters | Topologies of synthetic gene circuit for optimal fold change activation | Rationally designed bidirectional promoter improves the evolutionary stability of synthetic genetic circuits | Multiplexed characterization of rationally designed promoter architectures deconstructs combinatorial logic for IPTG-inducible systems | Design, construction and characterization of a set of insulated bacterial promoters | Genetic circuits in synthetic biology: broadening the toolbox of regulatory devices | Obtaining a Panel of Cascade Promoter-5′-UTR Complexes in <i>Escherichia coli</i> | Tuning the dynamic range of bacterial promoters regulated by ligand-inducible transcription factors"
65,Genetic Circuit Dynamics,"Theoretical analysis and design of synthetic gene networks exhibiting multistability, oscillations, and dynamical systems behavior.",,374,362,4,8,paper,False,"genetic toggle, multistability, repressilator, noises, figure supplement, bistability, bifurcation, dynamical",c64:Bacterial Promoter Engineering(0.87) | c53:SBOL Data Standards and Markup(0.78) | c12:Mammalian Gene Circuit Engineering(0.76) | c36:Transcription Factor Biosensors(0.76) | c28:Synthetic Microbial Consortia(0.73),Designer gene networks: Towards fundamental cellular control | Delay-Induced Degrade-and-Fire Oscillations in Small Genetic Circuits | A geometric and structural approach to the analysis and design of biological circuit dynamics: a theory tailored for synthetic biology | Combined Model of Intrinsic and Extrinsic Variability for Computational Network Design with Application to Synthetic Biology | Frequency domain analysis of noise in autoregulated gene circuits | Comparison between Effects of Retroactivity and Resource Competition upon Change in Downstream Reporter Genes of Synthetic Genetic Circuits | A Synthetic Biology Approach to Understanding Cellular Information Processing | Build to understand: synthetic approaches to biology | A genetic timer through noise-induced stabilization of an unstable state | Growth-rate-dependent dynamics of a bacterial genetic oscillator
66,Peptide-Based Cell Targeting,"Engineered synthetic peptides for cell adhesion, migration inhibition, and receptor-mediated delivery to tumor and vascular cells.",,119,72,3,44,paper,False,"heparin, pdf pubmed, pubmed scopus, biol chem, text pdf, scopus, text text, rgd",c52:miRNA-Based Cancer Immunotherapy(0.85) | c16:Engineered Antibody Design(0.82) | c20:Synthetic ECM Scaffolds for Stem Cell Differentiation(0.82) | c71:Synthetic Cannabinoids Cell Signaling(0.80) | c68:CAR-T Cell Engineering(0.79),"An engineered substance P variant for receptor-mediated delivery of synthetic antibodies into tumor cells | Synthetic D-amino acid peptide inhibits tumor cell motility on laminin-5 | Methods and compositions related to internalizing RGD peptides | A synthetic peptide from the heparin-binding domain III (repeats III4-5) of fibronectin promotes stress-fibre and focal-adhesion formation in melanoma | Synthetic peptides inhibit adhesion of human tumor cells to extracellular matrix proteins. | The minimum element of a synthetic peptide required to block prostate tumor cell migration | EFFICIENT GENE DELIVERY TO VASCULAR SMOOTH MUSCLE CELLS USING A NONTOXIC, SYNTHETIC PEPTIDE VECTOR SYSTEM TARGETED TO MEMBRANE INTEGRINS: A FIRST STEP | Two new synthetic peptides from the N‐domain of CEACAM1 (CD66a) stimulate neutrophil adhesion to endothelial cells | Synthetic Peptides Derived from the Angiostatin K4 Domain Inhibit Endothelial Cell Migration | PEPTIDE FOR INHIBITING VASCULAR ENDOTHELIAL GROWTH FACTOR RECEPTOR"
67,Viral Vector Vaccine Development,"Engineered live attenuated and recombinant viruses as vaccine platforms against influenza, coronavirus, and dengue.",,197,85,21,91,patent,False,"influenza viruses, denv, bat, influenza, dengue, sars cov, ns3, influenza virus",c68:CAR-T Cell Engineering(0.74) | c16:Engineered Antibody Design(0.74) | c52:miRNA-Based Cancer Immunotherapy(0.70) | c32:Synthetic XNA and Unnatural Bases(0.70) | c12:Mammalian Gene Circuit Engineering(0.70),Live attenuated Coronavirus vaccines | RECOMBINANT INFLUENZA VIRUS VECTORS AND USES THEREOF | INFLUENZA VIRUSES AND USES THEREOF | VLP BASED INFLUENZA VACCINE DELIVERY SYSTEM | CHIMERIC NEWCASTLE DISEASE VIRUSES PRESENTING NON-NATIVE SURFACE PROTEINS AND USES THEREOF | Synthetically derived bat influenza A-like viruses reveal a cell type- but not species-specific tropism | Methods and compositions for infectious cDNA of SARS coronavirus | Characterization of Uncultivable Bat Influenza Virus Using a Replicative Synthetic Virus | Influenza virus vaccines and uses thereof | Flu vaccines and methods of use thereof
68,CAR-T Cell Engineering,Synthetic engineering of T cells with chimeric antigen receptors for adoptive immunotherapy against cancer and viral infections.,,372,322,1,49,paper,False,"mhc, cell epitopes, tcr, dcs, cell epitope, adoptive, cd4 cells, cd4",c66:Peptide-Based Cell Targeting(0.79) | c16:Engineered Antibody Design(0.75) | c12:Mammalian Gene Circuit Engineering(0.75) | c67:Viral Vector Vaccine Development(0.74) | c52:miRNA-Based Cancer Immunotherapy(0.73),Synthetic glycolipid activators of natural killer T cells as immunotherapeutic agents | Chimeric Antigen Receptor Therapy | Building on Synthetic Immunology and T Cell Engineering: A Brief Journey Through the History of Chimeric Antigen Receptors | Adoptive cellular therapy: A race to the finish line | Cytotoxic CD8+ T cells in cancer and cancer immunotherapy | A Synthetic CD8α:MyD88 Coreceptor Enhances CD8+ T-cell Responses to Weakly Immunogenic and Lowly Expressed Tumor Antigens | Enhanced maturation and functional capacity of monocyte‐derived immature dendritic cells by the synthetic immunomodulator Murabutide | T cell engineering as therapy for cancer and HIV: our synthetic future | Minimal costimulatory requirements for T cell priming and TH1 differentiation: activation of naive human T lymphocytes by tumor cells armed with bifun | pDCs efficiently process synthetic long peptides to induce functional virus‐ and tumour‐specific T‐cell responses
69,PARP Inhibitor Synthetic Lethality,Cancer treatment strategy exploiting synthetic lethal interactions between PARP inhibitors and DNA repair pathway deficiencies.,,285,278,2,5,paper,False,"parp, atr, synthetic lethal, synthetic lethality, brca1, pten, sl, olaparib",c72:Synthetic Triterpenoid Apoptosis Induction(0.84) | c73:Synthetic Retinoids for Cancer Apoptosis(0.81) | c12:Mammalian Gene Circuit Engineering(0.81) | c13:CRISPR-Cas9 Genome Editing(0.75) | c52:miRNA-Based Cancer Immunotherapy(0.75),A synthetic lethal dependency on casein kinase 2 in response to replication-perturbing therapeutics in RB1-deficient cancer cells | The synthetic lethality of targeting cell cycle checkpoints and PARPs in cancer treatment | PARP Inhibition Increases the Reliance on ATR/CHK1 Checkpoint Signaling Leading to Synthetic Lethality—An Alternative Treatment Strategy for Epithelia | The synthetic lethal killing of RAD54B-deficient colorectal cancer cells by PARP1 inhibition is enhanced with SOD1 inhibition | Candidate synthetic lethality partners to PARP inhibitors in the treatment of ovarian clear cell cancer | THZ531 Induces a State of BRCAness in Multiple Myeloma Cells: Synthetic Lethality with Combination Treatment of THZ 531 with DNA Repair Inhibitors | A Synthetic Lethal Therapeutic Approach: Poly(ADP) Ribose Polymerase Inhibitors for the Treatment of Cancers Deficient in DNA Double-Strand Break Repa | CHK1 Inhibition Is Synthetically Lethal with Loss of B-Family DNA Polymerase Function in Human Lung and Colorectal Cancer Cells | A Functional Cancer Genomics Screen Identifies a Druggable Synthetic Lethal Interaction between <i>MSH3</i> and <i>PRKDC</i> | ATR Pathway Inhibition Is Synthetically Lethal in Cancer Cells with ERCC1 Deficiency
70,Synthetic Biology Design Tools,"Software platforms and computational tools for designing, searching, and optimizing synthetic biology parts and circuits.",,60,2,56,2,project,False,"biomaster, item, search engine, literatures, engine, music, bricks, partsregistry",c74:Genetic Logic Circuits(0.83) | c79:Light-Responsive Bacterial Circuits(0.82) | c0:Orthogonal Genetic Algorithm Optimization(0.76) | c46:Psychobiotic Probiotic Engineering(0.76) | c58:Yeast Metabolite Biosynthesis(0.74),BioDesigner | BioHub | S-DINSearch engine and Design platform for Inspiration with Network analysis. | Nebula | BioDesigner Dolphin | Circuit+ | CO-RAD：Collaborative optimization platform with recommendation，analysis and design | CAST (Computer Aided Synbio Tool)- An Integrated Tool for Synthetic Biology | BioSearch-An iPhone App for Partsregistry | Biocompass: The Maze Runner
71,Synthetic Cannabinoids Cell Signaling,Synthetic cannabinoid ligands and analogs targeting CB1 receptors and neuronal differentiation pathways in mammalian cell models.,,79,70,0,9,paper,False,"trka, gh, ghrelin, cannabinoids, cannabinoid, clc, ngf, cripto",c72:Synthetic Triterpenoid Apoptosis Induction(0.83) | c73:Synthetic Retinoids for Cancer Apoptosis(0.82) | c66:Peptide-Based Cell Targeting(0.80) | c52:miRNA-Based Cancer Immunotherapy(0.77) | c12:Mammalian Gene Circuit Engineering(0.75),"Molecular Pharmacology of Synthetic Cannabinoids: Delineating CB1 Receptor-Mediated Cell Signaling | Synthetic Cannabinoid Agonist WIN 55212-2 Targets Proliferation, Angiogenesis, and Apoptosis via MAPK/AKT Signaling in Human Endometriotic Cell Lines  | Synthetic Small Molecules Derived from Natural Vitamin K Homologues that Induce Selective Neuronal Differentiation of Neuronal Progenitor Cells | The synthetic cannabinoid dehydroxylcannabidiol restores the function of a major GABAA receptor isoform in a cell model of hyperekplexia | A Synthetic Peptide Modeled on PDNF, Chagas' Disease Parasite Neurotrophic Factor, Promotes Survival and Differentiation of Neuronal Cells through Trk | The Synthetic Cannabinoid WIN 55,212-2 Elicits Death in Human Cancer Cell Lines | The Endocannabinoid/Endovanilloid N-Arachidonoyl Dopamine (NADA) and Synthetic Cannabinoid WIN55,212-2 Abate the Inflammatory Activation of Human Endo | Effects of a Synthetic Analog of Polycavernoside A on Human Neuroblastoma Cells | Synthetic Ciguatoxins Selectively Activate Nav1.8-derived Chimeric Sodium Channels Expressed in HEK293 Cells | Evidence for state-dependent block of DPI 201-106, a synthetic inhibitor of Na+ channel inactivation, on delayed-rectifier K+ current in pituitary tum"
72,Synthetic Triterpenoid Apoptosis Induction,Small-molecule synthetic triterpenoids like CDDO derivatives that trigger cancer cell apoptosis through JNK and NF-κB pathway inhibition.,,237,231,2,4,paper,False,"cddo, curcumin, synthetic triterpenoid, jnk, cyano 12, dien 28, apoptosis human, 12 dioxooleana",c73:Synthetic Retinoids for Cancer Apoptosis(0.88) | c69:PARP Inhibitor Synthetic Lethality(0.84) | c71:Synthetic Cannabinoids Cell Signaling(0.83) | c66:Peptide-Based Cell Targeting(0.76) | c60:Microbial Phytochemical Biosynthesis(0.75),"Synthetic triterpenoids inhibit growth, induce apoptosis and suppress pro-survival Akt, mTOR and NF-{kappa}B signaling proteins in colorectal cancer c | Programmed Cell Death Alterations Mediated by Synthetic Indole Chalcone Resulted in Cell Cycle Arrest, DNA Damage, Apoptosis and Signaling Pathway Mod | Identification of a novel synthetic triterpenoid, methyl-2-cyano-3,12-dioxooleana-1,9-dien-28-oate, that potently induces caspase-mediated apoptosis i | Discovery of a synthetic taiwaniaquinoid with potent in vitro and in vivo antitumor activity against breast cancer cells | Selective Cytotoxicity against Human Osteosarcoma Cells by a Novel Synthetic C-1 Analogue of 7-Deoxypancratistatin Is Potentiated by Curcumin | Identification of a Novel Synthetic Thiazolidin Compound Capable of Inducing c-Jun NH2-Terminal Kinase–Dependent Apoptosis in Human Colon Cancer Cells | Glycogen Synthase Kinase 3β Regulates Cell Death Induced by Synthetic Triterpenoids | Synthetic Triterpenoid Cyano Enone of Methyl Boswellate Activates Intrinsic, Extrinsic, and Endoplasmic Reticulum Stress Cell Death Pathways in Tumor  | Synthetic CDCA Derivatives-Induced Apoptosis of Stomach Cancer Cell Line SNU-1 Cells | Novel synthetic triterpenoid methyl 25‐Hydroxy‐3‐Oxoolean‐12‐en‐28‐Oate induces apoptosis through JNK and p38 MAPK pathways in human breast adenocarci"
73,Synthetic Retinoids for Cancer Apoptosis,Synthetic retinoid compounds like CD437 and adapalene inducing apoptosis in cancer cell lines through nuclear receptor and mitochondrial pathways.,,52,51,1,0,paper,False,"cd437, retinoid, atra, rar, ppargamma, progestin, trans retinoic, retinoic",c72:Synthetic Triterpenoid Apoptosis Induction(0.88) | c71:Synthetic Cannabinoids Cell Signaling(0.82) | c69:PARP Inhibitor Synthetic Lethality(0.81) | c12:Mammalian Gene Circuit Engineering(0.76) | c52:miRNA-Based Cancer Immunotherapy(0.76),"Synthetic retinoids as inducers of apoptosis in ovarian carcinoma cell lines | Elucidation of Molecular Events Mediating Induction of Apoptosis by Synthetic Retinoids Using a CD437-resistant Ovarian Carcinoma Cell Line | The synthetic heteroarotinoid SHetA2 induces apoptosis in squamous carcinoma cells through a receptor-independent and mitochondria-dependent pathway. | The synthetic retinoid adapalene inhibits proliferation and induces apoptosis in colorectal cancer cells <i>in vitro</i> | The synthetic retinoid CD437 selectively induces apoptosis in human lung cancer cells while sparing normal human lung epithelial cells. | Augmentation of tumor necrosis factor-related apoptosis-inducing ligand (TRAIL)-induced apoptosis by the synthetic retinoid 6-[3-(1-adamantyl)-4-hydro | THIS ARTICLE HAS BEEN RETRACTED Anti‐adult T‐cell leukemia effects of a novel synthetic retinoid, Am80 (Tamibarotene) | Activation of Nuclear Factor-κB Contributes to Induction of Death Receptors and Apoptosis by the Synthetic Retinoid CD437 in DU145 Human Prostate Canc | The synthetic retinoid ST1926 attenuates prostate cancer growth and potentially targets prostate cancer stem‐like cells | Synthetic retinoid CD437 induces cell-dependent cycle arrest by differential regulation of cell cycle associated proteins."
74,Genetic Logic Circuits,DNA recombinase-based and circular RNA systems for building programmable biological computation and sequential logic gates.,,149,4,143,2,project,False,"asrna, recombinases, integron, circrna, taq, microfluidic chips, teta, tales",c75:Bacteriophage Therapy Systems(0.87) | c79:Light-Responsive Bacterial Circuits(0.83) | c70:Synthetic Biology Design Tools(0.83) | c39:CRISPR Diagnostic Biosensors(0.81) | c40:Aptamer-Based Biosensors(0.81),"Bacterial Decoder | Bach: gene composer | A Completely Unidirectional Biological Transistor Utilizing an Engineered Fim Switch | Improving measurement studies using dual-fluorescent reporter system | Soft-coding of genetic program for synthetic biology | The Circuit Control Toolbox | GENOMIKON: An Educational Tool Kit for Rapid Genetic Construction | The bio-safety net | Every bacteria counts! | Scalable, Orthogonal Buffer Amplifier"
75,Bacteriophage Therapy Systems,Engineered temperate phages and lysogenic systems for treating antibiotic-resistant bacterial infections and diagnostics.,,50,2,46,2,project,False,"phage therapy, lysogenic, marcescens, lysogens, tolc, temperate, phages, serratia",c74:Genetic Logic Circuits(0.87) | c40:Aptamer-Based Biosensors(0.79) | c17:Bacterial Compartmentalization Systems(0.79) | c79:Light-Responsive Bacterial Circuits(0.77) | c39:CRISPR Diagnostic Biosensors(0.77),Esther: the new tool for improved phage therapy | Medical diagnostic system based on modular bacteriophage lambda chassis | T007 - Licence to Lyse | Phinder & Phighter - a phage oriented plan to combat sepsis | tolsee | Phage Gauge: A novel method of detecting Escherichia coli in  contaminated water. | ARM'D UP: Antibiotic Resistance Mechanism Disruption Using Phages | PhastPhage | Modular molecular toolkit for re-sensitisation of antibiotic-resistant pathogens using CRISPR delivered by a two-phage system | Phage Age: Combating antibiotic resistant bacteria through bacteriophage mutation and selection
76,Engineered Lactobacillus Therapeutics,"Genetically modified Lactobacillus and Lactococcus strains for treating infections, oral health, and metabolic diseases via probiotic delivery.",,68,10,57,1,project,False,"plantarum, caries, lactobacillus, glp, engineered lactobacillus, lactobacillus plantarum, dental, diarrhea",c43:Engineered Bacteria Cancer Immunotherapy(0.84) | c46:Psychobiotic Probiotic Engineering(0.84) | c77:Quorum Sensing Circuits(0.81) | c47:Bacillus subtilis Biofilm Engineering(0.78) | c59:Engineered Biocontrol Agents(0.76),Engineered Lactobacillus against S. aureus Infection | Oral Health Guardian: Engineered Lactobacillus for Real-Time Monitoring of Dental Caries and Biofilm Removal | Spidey Microbe: Adhesion and interaction Network drug-delivery platform for Parkinson's Disease treatment | Hydrolink: An Engineered Living Wound Dressing that Targets Infected Wound Sites | UTBye  Treating recurrent urinary tract infection using genetically modified Lactobacillus Crispatus | Grenadier Guards —— using antimicrobial peptides to fight against Staphylococcus aureus | ProQuorum: Harnessing the power of probiotics and quorum sensing to treat C. difficile infection | TamponX: creating a tampon prototype that prevents Toxic Shock Syndrome | LacThera - Lactobacillus therapy. | Foodborne-stress induced secretion therapy(FIST)- Engineered Lactobacillus transplantation for T2DM treatment
77,Quorum Sensing Circuits,Bacterial cell-to-cell communication systems using autoinducers like HSL and PQS for coordinated gene regulation and biosensing applications.,,71,19,50,2,project,False,"lasr, qs, hsl, homoserine lactones, mines, luxr, homoserine, rhlr",c76:Engineered Lactobacillus Therapeutics(0.81) | c74:Genetic Logic Circuits(0.81) | c79:Light-Responsive Bacterial Circuits(0.78) | c75:Bacteriophage Therapy Systems(0.77) | c78:Optogenetic Gene Expression Control(0.76),QS-Comms | Quorum sensing over status quo: developing faster detection of antibiotic-resistant bacteria | The Quorum-Sensing Negative Regulator RsaL of <i>Pseudomonas aeruginosa</i> Binds to the <i>lasI</i> Promoter | EVR-QST: Engineering Variable Regulators for a Quorum Sensing Toolbox | CathExe - Preventing biofilm formation on urinary catheters. | Conversensations: Developing a Two-Way Quorum-Sensing Feedback Loop and Characterizing Dose-Dependent Sensitivity to Realistic Autoinducer Concentrati | QSMiD: Quorum Sensing system for Microplastics Detection | QS array | A Distinct QscR Regulon in the <i>Pseudomonas aeruginosa</i> Quorum-Sensing Circuit | Detection of Food Spoilage Using Quorum Sensing Systems in E. coli
78,Optogenetic Gene Expression Control,Light-responsive protein domains enabling precise temporal and spatial gene regulation in bacteria and mammalian cells.,,149,44,98,7,project,False,"photoswitches, lov, optogenetics, el222, rhodopsin, rhodopsins, optogenetic, light activated",c79:Light-Responsive Bacterial Circuits(0.83) | c74:Genetic Logic Circuits(0.81) | c21:Fluorescent Protein Engineering(0.79) | c77:Quorum Sensing Circuits(0.76) | c75:Bacteriophage Therapy Systems(0.76),"Colight: Novel Optogenetic Tools For Modular Bacterial Control | The Language of Light: A Biological Analog of the Optocoupler | Taking pictures with E. coli: signal processing using synthetic biology | Light Automated Cell Control by TalkE. coli | E. Colight | Red Light! Green Light! | E. co-light: Dynamic Optogenetic Control of Co-cultures | SWITCH: Direct, Light-induced Gene Expression for Optimal Drug Production in Mammalian Cells | Coli express for long distance communication | Light Induced Technologies (LIT): Advancing the Optical Control of Cellular Mechanisms"
79,Light-Responsive Bacterial Circuits,Student projects engineering E. coli with blue-light-responsive proteins for synchronized multicellular behaviors and temporal control.,,89,0,89,0,project,False,"emotion, domino, linalool, cry2, light controlled, afb1, blue light, cib1",c74:Genetic Logic Circuits(0.83) | c78:Optogenetic Gene Expression Control(0.83) | c70:Synthetic Biology Design Tools(0.82) | c46:Psychobiotic Probiotic Engineering(0.80) | c77:Quorum Sensing Circuits(0.78),The 'Wolfman' Coli | E.colingual! | LCCD: Light Controlled Cell Division | Multicellular Analog Clock | Breaking the symmetry | Light-controlled bacterial co-culture system | Rose Forest | iGame | Synchronizer-4C: Computer-Controlled Cell Cycles | BioPaFiAR: Bio-Pattern Formation in Augmented Reality
