id,geo_city,country,weight,rep_patent,lat,lon
6t526g38574v3536hs4g144e1w1jib294k32,Abingdon,GB,1.0,US9121036,51.6714842,-1.2779715
66x41f5a2ds2q4b324w5s6o6a6u1r2s135u,Abingdon,GB,1.0,US9487801,51.6714842,-1.2779715
a2e1e534193e514n5i5727545q70716q3f2x6z,Abingdon,GB,1.0,US9180464,51.6714842,-1.2779715
4b164v326e4i465q6t3w3p3v384w712gf355x4f,Abingdon,GB,0.5,US9125388,51.6714842,-1.2779715
4b164v326e4i465q6t3w3p3v384w712gf355x4f,Oxford,GB,0.5,US9125388,51.7520131,-1.2578499
83092f4x3h215x4a4f3h4i3q604p6v5q3r3t1w,Abington,GB,1.0,US8124404,55.492181,-3.6921002
2f514e583z18b2b15191x4l8e632r6h2d2z,Oxfordshire,GB,1.0,US7998475,51.833333,-1.25
3t3h5k1d1x4i1h1q2v5r6o4k25391h1c585q3320,Mercer Island,,0.14285714285714285,US6852544,47.5766324,-122.2276378
3t3h5k1d1x4i1h1q2v5r6o4k25391h1c585q3320,Seattle,,0.8571428571428571,US6852544,47.6038321,-122.330062
2o4r4266d5t1n4w6k4h3q10g2n175j5h6r336x,Backefors,SE,0.14285714285714285,US7848888,58.8061271,12.1599693
2o4r4266d5t1n4w6k4h3q10g2n175j5h6r336x,Heidelberg,DE,0.14285714285714285,US7848888,49.4093582,8.694724
2o4r4266d5t1n4w6k4h3q10g2n175j5h6r336x,Madrid,DE,0.14285714285714285,US7848888,40.416782,-3.703507
2o4r4266d5t1n4w6k4h3q10g2n175j5h6r336x,Weisloch,DE,0.14285714285714285,US7848888,,
2o4r4266d5t1n4w6k4h3q10g2n175j5h6r336x,"Brookline, MA",US,0.14285714285714285,US7848888,42.332918,-71.1187829
2o4r4266d5t1n4w6k4h3q10g2n175j5h6r336x,"Houston, TX",US,0.2857142857142857,US7848888,29.7589382,-95.3676974
4b6lw3h2f5b6t5hz5l6r1m4930n263o3o5d62,Julich,DE,1.0,US8119374,50.9220931,6.3611015
0252f6w6047u336j4u3nl3i6p1a1n502224f,"Encinitas, CA",US,0.5,US9718862,33.0369867,-117.2919818
0252f6w6047u336j4u3nl3i6p1a1n502224f,"San Diego, CA",US,0.5,US9718862,32.7174202,-117.162772
5t6l42511g33421s3l4xv5j1f2i1x3m3ep1c27,Br¿nsh¿j,DK,0.3333333333333333,US7122657,,
5t6l42511g33421s3l4xv5j1f2i1x3m3ep1c27,Leabrook,AU,0.3333333333333333,US7122657,-34.9296992,138.6551196
5t6l42511g33421s3l4xv5j1f2i1x3m3ep1c27,Chiba,JP,0.3333333333333333,US7122657,35.549399,140.2647303
s6m5x3p5w6u3u522z4b1a6w5p4f3a4m5726j45,Galway,IE,0.1111111111111111,US6825029,53.2744122,-9.0490601
s6m5x3p5w6u3u522z4b1a6w5p4f3a4m5726j45,County Westmeath,IE,0.1111111111111111,US6825029,53.5577902,-7.3478558
s6m5x3p5w6u3u522z4b1a6w5p4f3a4m5726j45,County Tipparary,IE,0.1111111111111111,US6825029,,
s6m5x3p5w6u3u522z4b1a6w5p4f3a4m5726j45,County Galway,IE,0.1111111111111111,US6825029,53.3435047,-8.8733741
s6m5x3p5w6u3u522z4b1a6w5p4f3a4m5726j45,Niederzier,DE,0.1111111111111111,US6825029,50.8833,6.46667
s6m5x3p5w6u3u522z4b1a6w5p4f3a4m5726j45,Julich,DE,0.2222222222222222,US6825029,50.9220931,6.3611015
s6m5x3p5w6u3u522z4b1a6w5p4f3a4m5726j45,Bielefeld,DE,0.1111111111111111,US6825029,52.0191005,8.531007
s6m5x3p5w6u3u522z4b1a6w5p4f3a4m5726j45,Tubingen,DE,0.1111111111111111,US6825029,48.5203263,9.053596
5646vi5154h5h4h13x1r4t6b2971162u203l,"Albuquerque, NM",US,1.0,US7124032,35.0841034,-106.650985
4k5g5s6n4j432n406q1f6v2d331a6we595u5lp,Oxford,GB,0.6666666666666666,US8784929,51.7520131,-1.2578499
4k5g5s6n4j432n406q1f6v2d331a6we595u5lp,"Amherst, MA",US,0.3333333333333333,US8784929,42.3731948,-72.5198761
2e3m341315731d4n5l485f5a485q3d4u5r61m48,"La Jolla, CA",US,1.0,US8454960,32.8458529,-117.2575702
r1wo2a5r1p86p5b595r2k4os1s2d3g3q50,"Malvern, PA",US,0.16666666666666666,US8697376,40.036202,-75.5138959
r1wo2a5r1p86p5b595r2k4os1s2d3g3q50,"Silver Spring, MD",US,0.16666666666666666,US8697376,38.9997621,-77.0240371
r1wo2a5r1p86p5b595r2k4os1s2d3g3q50,"Oreland, PA",US,0.16666666666666666,US8697376,40.115489,-75.1811616
r1wo2a5r1p86p5b595r2k4os1s2d3g3q50,"Havertown, PA",US,0.16666666666666666,US8697376,39.9809452,-75.3085201
r1wo2a5r1p86p5b595r2k4os1s2d3g3q50,"Wilmington, NC",US,0.16666666666666666,US8697376,34.2352853,-77.9487284
r1wo2a5r1p86p5b595r2k4os1s2d3g3q50,"Frazer, PA",US,0.16666666666666666,US8697376,40.0323293,-75.5560376
4l3o1u1b36392m5i1a2a52z1z2t46484w5v6eu,"Madison, WI",US,0.5,US9410157,43.07469,-89.3841663
4l3o1u1b36392m5i1a2a52z1z2t46484w5v6eu,"Ithaca, NY",US,0.5,US9410157,42.4374175,-76.5483724
3g5a1n4z1x6b6p3x3a5a6dz1i50f5wn675p4l,Nagakute-shi,JP,0.3333333333333333,US8772012,35.1838064,137.0487181
3g5a1n4z1x6b6p3x3a5a6dz1i50f5wn675p4l,"Nagakute, Aichi",JP,0.3333333333333333,US8772012,35.1838064,137.0487181
3g5a1n4z1x6b6p3x3a5a6dz1i50f5wn675p4l,"Wako-shi, Saitama",JP,0.16666666666666666,US8772012,35.7817053,139.6058692
3g5a1n4z1x6b6p3x3a5a6dz1i50f5wn675p4l,Wako-shi,JP,0.16666666666666666,US8772012,35.7817053,139.6058692
446u386p6lkb4f1l3o455h3362406g6p5a4e2h,Maastricht,NL,0.2857142857142857,US7732621,50.8512438,5.6909768
446u386p6lkb4f1l3o455h3362406g6p5a4e2h,Geleen,NL,0.14285714285714285,US7732621,50.9699953,5.8267029
446u386p6lkb4f1l3o455h3362406g6p5a4e2h,Munstergeleen,NL,0.14285714285714285,US7732621,50.9765279,5.8628416
446u386p6lkb4f1l3o455h3362406g6p5a4e2h,Eupen,BE,0.14285714285714285,US7732621,50.6305665,6.0312717
446u386p6lkb4f1l3o455h3362406g6p5a4e2h,Sittard,NL,0.14285714285714285,US7732621,50.9974235,5.8666627
446u386p6lkb4f1l3o455h3362406g6p5a4e2h,Puth,NL,0.14285714285714285,US7732621,50.9556369,5.8703358
6i4w5in3p3qu2u2u331n2f405f2k3s2x4c1m27,Castelnuovo Berardenga,IT,0.16666666666666666,US8039007,43.3455237,11.5018883
6i4w5in3p3qu2u2u331n2f405f2k3s2x4c1m27,"Potomac, MD",US,0.16666666666666666,US8039007,39.0180508,-77.1956331
6i4w5in3p3qu2u2u331n2f405f2k3s2x4c1m27,Siena,IT,0.5,US8039007,43.1672059,11.467561
6i4w5in3p3qu2u2u331n2f405f2k3s2x4c1m27,"Gaithersburg, MD",US,0.16666666666666666,US8039007,39.1399187,-77.1929215
1a4c1fu2k4wx6d6g64571z224n3p733f5n3w63,Darmstadt,DE,0.25,US9187737,49.872775,8.651177
1a4c1fu2k4wx6d6g64571z224n3p733f5n3w63,Fussgonheim,DE,0.25,US9187737,49.4601777,8.2928057
1a4c1fu2k4wx6d6g64571z224n3p733f5n3w63,Ritterhude,DE,0.25,US9187737,53.1886097,8.7521428
1a4c1fu2k4wx6d6g64571z224n3p733f5n3w63,"Suzhou, Jiangsu",CN,0.25,US9187737,31.311123,120.6212881
638711a6i3n3z2k274b3r15x4i5w2d61s202m,Eupen,BE,0.25,US7423162,50.6305665,6.0312717
638711a6i3n3z2k274b3r15x4i5w2d61s202m,Sittard,NL,0.25,US7423162,50.9974235,5.8666627
638711a6i3n3z2k274b3r15x4i5w2d61s202m,Neutraubling,DE,0.25,US7423162,48.979484,12.2057669
638711a6i3n3z2k274b3r15x4i5w2d61s202m,Eindhoven,NL,0.25,US7423162,51.4485569,5.4501225
a3d5r606r1gl55536k47263171244h4ib3n1f,"Boulder, CO",US,0.5,US8202983,40.0149856,-105.270545
a3d5r606r1gl55536k47263171244h4ib3n1f,Berlin,DE,0.125,US8202983,52.5173885,13.3951309
a3d5r606r1gl55536k47263171244h4ib3n1f,"Berkeley, CA",US,0.125,US8202983,37.8708393,-122.272863
a3d5r606r1gl55536k47263171244h4ib3n1f,Szeged,HU,0.125,US8202983,46.2546312,20.1486016
a3d5r606r1gl55536k47263171244h4ib3n1f,"Loveland, CO",US,0.125,US8202983,40.3977612,-105.07498
564z623303p642tt6i3a4or3g105a3i4d386g,"Baltimore, MD",US,0.6666666666666666,US8945624,39.2908816,-76.610759
564z623303p642tt6i3a4or3g105a3i4d386g,"Washington, DC",US,0.3333333333333333,US8945624,38.8950982,-77.0363849
1e3o462828284c4i5m6r2r4sx5e2i2m3743161b,Norwich,GB,0.5,US8470995,52.6285576,1.2923954
1e3o462828284c4i5m6r2r4sx5e2i2m3743161b,Norfolk,GB,0.5,US8470995,52.666667,1.0
5f5k8663e254o1s5h2k2l44q5b11113g16j6q,Scheyern-Fernhag,DE,0.5,US8426162,48.50151,11.4521152
5f5k8663e254o1s5h2k2l44q5b11113g16j6q,Braunschweig,DE,0.5,US8426162,52.2646577,10.5236066
6p2t731p6e5nh3hf4d3ru65p606h6l553ku,Shanghai,CN,0.6,US9074206,31.2312707,121.4700152
6p2t731p6e5nh3hf4d3ru65p606h6l553ku,Eindhoven,NL,0.1,US9074206,51.4485569,5.4501225
6p2t731p6e5nh3hf4d3ru65p606h6l553ku,"Briarcliff Manor, NY",US,0.3,US9074206,41.1456512,-73.8237456
3b1e5s3j5z332o3hc2g4uj2r63k6i6l2e4w6v,"New York, NY",US,0.25,US9708373,40.7127281,-74.0060152
3b1e5s3j5z332o3hc2g4uj2r63k6i6l2e4w6v,"Leonia, NJ",US,0.25,US9708373,40.8617353,-73.9880495
3b1e5s3j5z332o3hc2g4uj2r63k6i6l2e4w6v,"Decatur, GA",US,0.5,US9708373,30.8736613,-84.5740953
3a24q164k3h4d6431a1l5q1m5d686jy343y13,Dusseldorf,DE,0.16666666666666666,US6740742,51.2254018,6.7763137
3a24q164k3h4d6431a1l5q1m5d686jy343y13,Tubingen,DE,0.16666666666666666,US6740742,48.5203263,9.053596
3a24q164k3h4d6431a1l5q1m5d686jy343y13,Halle,DE,0.16666666666666666,US6740742,51.4824354,11.9712985
3a24q164k3h4d6431a1l5q1m5d686jy343y13,Bielefeld,DE,0.5,US6740742,52.0191005,8.531007
6a2p282h2h156u681q1s5b41353ck3u685h3966,Neustadt,DE,0.25,US7058212,49.3536057,8.1360247
6a2p282h2h156u681q1s5b41353ck3u685h3966,Bucha,DE,0.25,US7058212,50.8813893,11.5133698
6a2p282h2h156u681q1s5b41353ck3u685h3966,Jena,DE,0.5,US7058212,50.9281717,11.5879359
4c2t3j4n3u6s5c3k817y6o34z46442f494y3e,Oberursel,DE,0.6666666666666666,US9606114,50.2032927,8.5833676
4c2t3j4n3u6s5c3k817y6o34z46442f494y3e,Oberurusel,DE,0.3333333333333333,US9606114,,
4k2v2k6j102j442e5y6b7069453o6d4f345t2g,Mannheim,DE,0.25,US9957544,49.4892913,8.4673098
4k2v2k6j102j442e5y6b7069453o6d4f345t2g,Freiburg,DE,0.5,US9957544,47.9960901,7.8494005
4k2v2k6j102j442e5y6b7069453o6d4f345t2g,Gundelfingen,DE,0.25,US9957544,48.0328928,7.8932553
3r2p6g606d165g5c6y46422c252b2m586s1f1g,Tokyo,JP,0.6666666666666666,US7807844,35.6768601,139.7638947
3r2p6g606d165g5c6y46422c252b2m586s1f1g,Kyoto,JP,0.3333333333333333,US7807844,35.0115754,135.7681441
5l2n7019154e2u323y5f5e22o713a2y411z3469,Bielefeld,DE,0.6666666666666666,US6713289,52.0191005,8.531007
5l2n7019154e2u323y5f5e22o713a2y411z3469,Halle,DE,0.16666666666666666,US6713289,51.4824354,11.9712985
5l2n7019154e2u323y5f5e22o713a2y411z3469,Salzkotten,DE,0.16666666666666666,US6713289,51.6717596,8.6068636
364e54286l6q54p446e2c3l3y5o4742242u4z4w,Salzkotten,DE,0.2,US7132272,51.6717596,8.6068636
364e54286l6q54p446e2c3l3y5o4742242u4z4w,Bielefeld,DE,0.6,US7132272,52.0191005,8.531007
364e54286l6q54p446e2c3l3y5o4742242u4z4w,Halle,DE,0.2,US7132272,51.4824354,11.9712985
3a2b56v396242m1u2o293j4a1c353n434y1k12,Dusseldorf,DE,0.16666666666666666,US7074607,51.2254018,6.7763137
3a2b56v396242m1u2o293j4a1c353n434y1k12,Halle,DE,0.16666666666666666,US7074607,51.4824354,11.9712985
3a2b56v396242m1u2o293j4a1c353n434y1k12,Bielefeld,DE,0.5,US7074607,52.0191005,8.531007
3a2b56v396242m1u2o293j4a1c353n434y1k12,Salzkotten,DE,0.16666666666666666,US7074607,51.6717596,8.6068636
3743425w6g2q3245xy341yl666h3h5o48r55,Chapel Hill,,0.3333333333333333,US6521235,35.9131542,-79.05578
3743425w6g2q3245xy341yl666h3h5o48r55,Cary,,0.16666666666666666,US6521235,35.7882893,-78.7812081
3743425w6g2q3245xy341yl666h3h5o48r55,Frederick,,0.5,US6521235,39.2127031,-78.279166
656j3g6l2a2k3k363f41kx43v1e2b2e1b3q30,Montreal,CA,0.4,US7078189,45.5031824,-73.5698065
656j3g6l2a2k3k363f41kx43v1e2b2e1b3q30,Paris,FR,0.4,US7078189,48.8534951,2.3483915
656j3g6l2a2k3k363f41kx43v1e2b2e1b3q30,Montpellier,FR,0.2,US7078189,43.6112422,3.8767337
5t304o5j4vz6d4o1o4ye14182e6i5p5g4s2o43,Hofu-shi,JP,0.42857142857142855,US6468780,34.0517226,131.5629141
5t304o5j4vz6d4o1o4ye14182e6i5p5g4s2o43,Berkeley,,0.14285714285714285,US6468780,37.8708393,-122.272863
5t304o5j4vz6d4o1o4ye14182e6i5p5g4s2o43,Tokyo,JP,0.14285714285714285,US6468780,35.6768601,139.7638947
5t304o5j4vz6d4o1o4ye14182e6i5p5g4s2o43,Ebina-shi,JP,0.14285714285714285,US6468780,35.4464147,139.3906427
5t304o5j4vz6d4o1o4ye14182e6i5p5g4s2o43,Yokohama-shi,JP,0.14285714285714285,US6468780,35.4503381,139.6343802
5e32404s123y5u1g1n672dh5k2k4x34481ko1b,Haga-gun,JP,1.0,US6916645,36.5102425,140.126863
593w31o6g4e3a6w1a27i1g2g2r4a2n2884l56,Tochigi,JP,0.75,US6759228,36.6782167,139.8096549
593w31o6g4e3a6w1a27i1g2g2r4a2n2884l56,Wakayama,JP,0.25,US6759228,33.8070292,135.5930743
7341r3v4ae5ys39263t1k1m616q291z502y65,"San Diego, CA",US,1.0,US7087409,32.7174202,-117.162772
2a3t75c1rk193m4g1n3j6n21u642y1k1730,Tokyo,JP,0.3333333333333333,US6713633,35.6768601,139.7638947
2a3t75c1rk193m4g1n3j6n21u642y1k1730,"Charlottesville, VA",US,0.3333333333333333,US6713633,38.029306,-78.4766781
2a3t75c1rk193m4g1n3j6n21u642y1k1730,Kyoto,JP,0.3333333333333333,US6713633,35.0115754,135.7681441
166d40v3l584tb2c412p4a2p2b7634a6g1h5i,Basel,CH,0.2,US7001747,47.5581077,7.5878261
166d40v3l584tb2c412p4a2p2b7634a6g1h5i,Cambridge,,0.2,US7001747,52.1975846,0.1391537
166d40v3l584tb2c412p4a2p2b7634a6g1h5i,Cambridge,GB,0.2,US7001747,52.1975846,0.1391537
166d40v3l584tb2c412p4a2p2b7634a6g1h5i,East Lyme,,0.2,US7001747,41.3482141,-72.2092951
166d40v3l584tb2c412p4a2p2b7634a6g1h5i,Mystic,,0.2,US7001747,40.7776709,-92.9453445
5h6a2m6y4241lk472i2u215g5j5a132r3vz2p,Charlottenlund,DK,0.3333333333333333,US7018829,55.7552973,12.5671103
5h6a2m6y4241lk472i2u215g5j5a132r3vz2p,Frederiksberg,DK,0.3333333333333333,US7018829,55.678016,12.5326186
5h6a2m6y4241lk472i2u215g5j5a132r3vz2p,Copenhagen,DK,0.3333333333333333,US7018829,55.6867243,12.5700724
444h6p4s3a3u841r1a6d164m2u1n671v3p1n4,Asaka-shi,JP,0.25,US7101992,35.7970861,139.593733
444h6p4s3a3u841r1a6d164m2u1n671v3p1n4,Wako-shi,JP,0.5,US7101992,35.7817053,139.6058692
444h6p4s3a3u841r1a6d164m2u1n671v3p1n4,Tokyo,JP,0.25,US7101992,35.6768601,139.7638947
3g732p451375q3l651g3j92j441t3v1fk3q2o,Fukuoka-ken,JP,1.0,US6673433,33.6251241,130.6180016
42652u184g2v1i5u4ri6c1z6vf50266r483m6y,Stanford,,0.6666666666666666,US6461838,37.4265407,-122.1703055
42652u184g2v1i5u4ri6c1z6vf50266r483m6y,Norwich,GB,0.16666666666666666,US6461838,52.6285576,1.2923954
42652u184g2v1i5u4ri6c1z6vf50266r483m6y,Palo Alto,,0.16666666666666666,US6461838,37.4443293,-122.1598465
3n1p732b1k1j4u4p9a6q3z6eh514f3p73739,Hunt Valley,,0.5,US7288532,39.4962709,-76.6542571
3n1p732b1k1j4u4p9a6q3z6eh514f3p73739,Ellicott City,,0.5,US7288532,39.2757359,-76.8317417
1z681i613z3o2m5m4i36100402nn6c2q1jvk,"Palo Alto, CA",US,0.09090909090909091,US6824781,37.4443293,-122.1598465
1z681i613z3o2m5m4i36100402nn6c2q1jvk,Mountain View,,0.2727272727272727,US6824781,37.3893889,-122.0832101
1z681i613z3o2m5m4i36100402nn6c2q1jvk,"Sunnyvale, CA",US,0.09090909090909091,US6824781,37.3688301,-122.036349
1z681i613z3o2m5m4i36100402nn6c2q1jvk,Redwood City,,0.09090909090909091,US6824781,37.4863239,-122.232523
1z681i613z3o2m5m4i36100402nn6c2q1jvk,Palo Alto,,0.2727272727272727,US6824781,37.4443293,-122.1598465
1z681i613z3o2m5m4i36100402nn6c2q1jvk,San Francisco,,0.09090909090909091,US6824781,37.7879363,-122.4075201
1z681i613z3o2m5m4i36100402nn6c2q1jvk,San Carlos,,0.09090909090909091,US6824781,37.504936,-122.261823
28465t4k5o2y282k4r3u2g386k1b3i192i1s313i,J¿lich,DE,1.0,US7632663,50.5201365,8.8200779
3u5btdn1o501jp2a2l67295y2n3si3n1j25,Regensburg,DE,0.5,US7378515,49.0195333,12.0974869
3u5btdn1o501jp2a2l67295y2n3si3n1j25,Friedberg,DE,0.25,US7378515,50.328272,8.747636
3u5btdn1o501jp2a2l67295y2n3si3n1j25,Regentauf,DE,0.25,US7378515,,
5f3x53o6sz13432y2yk414e6k4n3xs6ch,Houthalen,BE,0.3333333333333333,US6603043,51.031137,5.3720755
5f3x53o6sz13432y2yk414e6k4n3xs6ch,Eupen,BE,0.3333333333333333,US6603043,50.6305665,6.0312717
5f3x53o6sz13432y2yk414e6k4n3xs6ch,Spaubeek,NL,0.3333333333333333,US6603043,50.9383065,5.8404042
2r4gr391z2d5lz1p4j6af4y5y71442q3x6p2,Bad Friedrichshall,DE,0.5,US6750332,49.2280136,9.2101479
2r4gr391z2d5lz1p4j6af4y5y71442q3x6p2,Langenfeld,DE,0.5,US6750332,51.1008952,6.9459377
5j726t6s1o3v3z2r452z5h2d135e48524p6j5q44,"Leonia, NJ",US,0.25,US7384774,40.8617353,-73.9880495
5j726t6s1o3v3z2r452z5h2d135e48524p6j5q44,"New York, NY",US,0.25,US7384774,40.7127281,-74.0060152
5j726t6s1o3v3z2r452z5h2d135e48524p6j5q44,Oxford,GB,0.5,US7384774,51.7520131,-1.2578499
a4b3t4v5c69w246v12295i48141q3q5k16p3l,Fussgonheim,DE,0.14285714285714285,US7531335,49.4601777,8.2928057
a4b3t4v5c69w246v12295i48141q3q5k16p3l,Asperg,DE,0.14285714285714285,US7531335,48.9058591,9.1350865
a4b3t4v5c69w246v12295i48141q3q5k16p3l,Waiblingen,DE,0.14285714285714285,US7531335,48.8325659,9.3163822
a4b3t4v5c69w246v12295i48141q3q5k16p3l,Stuttgart,DE,0.2857142857142857,US7531335,48.7784485,9.1800132
a4b3t4v5c69w246v12295i48141q3q5k16p3l,Ludwigsburg,DE,0.14285714285714285,US7531335,48.8953937,9.1895147
a4b3t4v5c69w246v12295i48141q3q5k16p3l,Kyoto,JP,0.14285714285714285,US7531335,35.0115754,135.7681441
4r6w4x2x55e3z6j1e5r231y2r374n6x6f1b6t1l,Haga-gun,JP,1.0,US6743616,36.5102425,140.126863
4s3769361u26551k5e5dq65222p6h55282q1p6t,"East Lyme, CT",US,0.16666666666666666,US7858340,41.3482141,-72.2092951
4s3769361u26551k5e5dq65222p6h55282q1p6t,"Santa Clara, CA",US,0.16666666666666666,US7858340,37.2333253,-121.6846349
4s3769361u26551k5e5dq65222p6h55282q1p6t,"Belmont, CA",US,0.16666666666666666,US7858340,37.5164926,-122.2941914
4s3769361u26551k5e5dq65222p6h55282q1p6t,"Mountain View, CA",US,0.3333333333333333,US7858340,37.3893889,-122.0832101
4s3769361u26551k5e5dq65222p6h55282q1p6t,"Menlo Park, CA",US,0.16666666666666666,US7858340,37.4519671,-122.177992
2354d176b4b5k474e3i4q41502q5z3s5n1b3c53,Siena,IT,1.0,US7279169,43.1672059,11.467561
a252v3su1jps2ge5j56g5o68682u5w673m,Toyonaka City,JP,0.14285714285714285,US7132289,34.7823887,135.4700125
a252v3su1jps2ge5j56g5o68682u5w673m,Osaka City,JP,0.2857142857142857,US7132289,34.6937569,135.5014539
a252v3su1jps2ge5j56g5o68682u5w673m,Takatsuki City,JP,0.2857142857142857,US7132289,34.7404135,135.5377295
a252v3su1jps2ge5j56g5o68682u5w673m,Suita City,JP,0.14285714285714285,US7132289,34.7479143,135.5179018
a252v3su1jps2ge5j56g5o68682u5w673m,Ibaraki City,JP,0.14285714285714285,US7132289,34.6918792,135.5785503
3y2o4g5v1t2v8306g2o4q1e3q41324l3d121v4o,Del Mar,,0.3333333333333333,US6309881,32.9594891,-117.2653146
3y2o4g5v1t2v8306g2o4q1e3q41324l3d121v4o,La Jolla,,0.3333333333333333,US6309881,32.8458529,-117.2575702
3y2o4g5v1t2v8306g2o4q1e3q41324l3d121v4o,San Diego,,0.3333333333333333,US6309881,32.7174202,-117.162772
1m4t5m696m2k6g65305o45k4l6n2d6j3e6d5j5n,Haga-gun,JP,1.0,US6764841,36.5102425,140.126863
6d322s6i1d1o2t4n5a1l4g2v624c1k4y6b3o16,Siena,IT,1.0,US9636393,43.1672059,11.467561
1tv172z5o463r2g5v2g7210476g502p454m251c,Kirchheim,DE,0.1111111111111111,US6841702,49.6560775,9.8585464
1tv172z5o463r2g5v2g7210476g502p454m251c,Muenchen,DE,0.1111111111111111,US6841702,48.1371079,11.5753822
1tv172z5o463r2g5v2g7210476g502p454m251c,Erfurt,DE,0.1111111111111111,US6841702,50.9777974,11.0287364
1tv172z5o463r2g5v2g7210476g502p454m251c,Munich,DE,0.2222222222222222,US6841702,48.1371079,11.5753822
1tv172z5o463r2g5v2g7210476g502p454m251c,Barcelona,ES,0.1111111111111111,US6841702,41.3825802,2.177073
1tv172z5o463r2g5v2g7210476g502p454m251c,Martinsried,DE,0.1111111111111111,US6841702,48.10882,11.4508007
1tv172z5o463r2g5v2g7210476g502p454m251c,Germering,DE,0.1111111111111111,US6841702,48.1373576,11.3614338
1tv172z5o463r2g5v2g7210476g502p454m251c,Gauting,DE,0.1111111111111111,US6841702,48.0667794,11.380285
1m1b2mc6p2c43b2c4x625o6a5v332w1q3u3f5d,Martinsried,DE,0.3333333333333333,US7038074,48.10882,11.4508007
1m1b2mc6p2c43b2c4x625o6a5v332w1q3u3f5d,Muenchen,DE,0.3333333333333333,US7038074,48.1371079,11.5753822
1m1b2mc6p2c43b2c4x625o6a5v332w1q3u3f5d,Erfurt-Rhoda,DE,0.3333333333333333,US7038074,50.9213996,10.9919986
1j2w3f1v1er4l2yk111d3q5x5z2g552q1m5t4s,Madrid,ES,0.3333333333333333,US6906450,40.416782,-3.703507
1j2w3f1v1er4l2yk111d3q5x5z2g552q1m5t4s,Bristol,GB,0.6666666666666666,US6906450,51.4538022,-2.5972985
612lb604aj3w50v53312vh2g435062231y2h,Cambridge,GB,1.0,US7482137,52.1975846,0.1391537
1n3r2k1u20623t3je5u5qg4m242r666p6m4c1o,Tokyo,JP,0.75,US6946455,35.6768601,139.7638947
1n3r2k1u20623t3je5u5qg4m242r666p6m4c1o,Kyoto,JP,0.25,US6946455,35.0115754,135.7681441
034hv6c6u4t3l235s103mp632v6575g5n6o,Wien,AT,0.8,US7125707,48.2083537,16.3725042
034hv6c6u4t3l235s103mp632v6575g5n6o,Ganserndorf,AT,0.2,US7125707,48.3403867,16.7187051
6s1q4a282b3zu6c5j3n5vx2v644m2e5p2y3q18,Orleans,CA,0.14285714285714285,US7192580,41.3015154,-123.5411704
6s1q4a282b3zu6c5j3n5vx2v644m2e5p2y3q18,Ottawa,CA,0.2857142857142857,US7192580,45.4208777,-75.6901106
6s1q4a282b3zu6c5j3n5vx2v644m2e5p2y3q18,"Landenberg, PA",US,0.14285714285714285,US7192580,39.7773329,-75.7713264
6s1q4a282b3zu6c5j3n5vx2v644m2e5p2y3q18,Kemptville,CA,0.14285714285714285,US7192580,44.0462261,-65.8349997
6s1q4a282b3zu6c5j3n5vx2v644m2e5p2y3q18,"Bethesda, MD",US,0.14285714285714285,US7192580,38.9812726,-77.1233587
6s1q4a282b3zu6c5j3n5vx2v644m2e5p2y3q18,"Myersville, MD",US,0.14285714285714285,US7192580,39.5051006,-77.5663774
6h2l5wg3313c3b63704x4oq2k64l27p6o3t,"Wilmington, DE",US,0.25,US6555353,39.7459468,-75.546589
6h2l5wg3313c3b63704x4oq2k64l27p6o3t,"Avondale, PA",US,0.25,US6555353,39.823443,-75.783273
6h2l5wg3313c3b63704x4oq2k64l27p6o3t,"Kenneth Square, PA",US,0.25,US6555353,39.8466103,-75.711069
6h2l5wg3313c3b63704x4oq2k64l27p6o3t,"Hockessin, DE",US,0.25,US6555353,39.7874275,-75.6879987
3u6r5o3f242i6s1x2q444t571z2yi2g1q232z4p,"Cambridge, MA",US,1.0,US6790628,42.3656347,-71.1040018
3i731b6f20146y6q4n124s4c5w2j5b6u4d425s1i,Walenstadt,DE,0.3333333333333333,US7074436,47.1229016,9.3140113
3i731b6f20146y6q4n124s4c5w2j5b6u4d425s1i,Breitbrunn a. Chiemsee,DE,0.3333333333333333,US7074436,47.8904604,12.400385
3i731b6f20146y6q4n124s4c5w2j5b6u4d425s1i,Grafelfing,DE,0.3333333333333333,US7074436,48.1212042,11.4299784
726h1x5z1h124j2s6h4z4b3c5jf2z646z715p5h,New York,,1.0,US7439359,40.7127281,-74.0060152
2h3e3j214p5p3w5v4c2a4bh2o2v4t572i3f275s,Haga-gun,JP,0.7142857142857143,US7033981,36.5102425,140.126863
2h3e3j214p5p3w5v4c2a4bh2o2v4t572i3f275s,Wakayama-shi,JP,0.2857142857142857,US7033981,34.2342931,135.1783549
1g1a165o504x5s2b3f403q6e1r4684s2k4x4d2h,Regensburg,DE,1.0,US7767455,49.0195333,12.0974869
2w41u1vw284w3x45475q14vk4323629215d,"San Francisco, CA",US,0.16666666666666666,US6858412,37.7879363,-122.4075201
2w41u1vw284w3x45475q14vk4323629215d,"Los Altos, CA",US,0.16666666666666666,US6858412,37.3790629,-122.116578
2w41u1vw284w3x45475q14vk4323629215d,"Menlo Park, CA",US,0.16666666666666666,US6858412,37.4519671,-122.177992
2w41u1vw284w3x45475q14vk4323629215d,"Cupertino, CA",US,0.16666666666666666,US6858412,37.3228934,-122.0322895
2w41u1vw284w3x45475q14vk4323629215d,"Palo Alto, CA",US,0.3333333333333333,US6858412,37.4443293,-122.1598465
1g1n523bc475c2d2sb2i634124n1c116c2z2u,"Bellaire, TX",US,0.2,US7329492,29.7057858,-95.4588299
1g1n523bc475c2d2sb2i634124n1c116c2z2u,"Houston, TX",US,0.6,US7329492,29.7589382,-95.3676974
1g1n523bc475c2d2sb2i634124n1c116c2z2u,"Katy, TX",US,0.2,US7329492,29.7857853,-95.8243956
4d4v28354i5f1a256h3uz425p46b5t3h2a405m,"Ithaca, NY",US,0.4,US7288405,42.4374175,-76.5483724
4d4v28354i5f1a256h3uz425p46b5t3h2a405m,"Salinas, CA",US,0.2,US7288405,36.6744117,-121.655037
4d4v28354i5f1a256h3uz425p46b5t3h2a405m,Toronto,CA,0.2,US7288405,43.6534817,-79.3839347
4d4v28354i5f1a256h3uz425p46b5t3h2a405m,"Norristown, PA",US,0.2,US7288405,40.1146022,-75.3446458
h6653n724s1y6w3o5n4do8582d4036332t6t,Darmstadt,DE,0.3333333333333333,US7223450,49.872775,8.651177
h6653n724s1y6w3o5n4do8582d4036332t6t,Seeheim-Jugenheim,DE,0.16666666666666666,US7223450,49.7598,8.6632
h6653n724s1y6w3o5n4do8582d4036332t6t,Ober-Ramstadt,DE,0.16666666666666666,US7223450,49.8152,8.7548
h6653n724s1y6w3o5n4do8582d4036332t6t,Dieburg,DE,0.16666666666666666,US7223450,49.8981797,8.8396216
h6653n724s1y6w3o5n4do8582d4036332t6t,Hemsbach,DE,0.16666666666666666,US7223450,49.5919545,8.6460261
s2sm1b1r2h2n68173v353r1i6z1r4c196l1ge,Sittard,NL,0.3333333333333333,US6964863,50.9974235,5.8666627
s2sm1b1r2h2n68173v353r1i6z1r4c196l1ge,Eupen,BE,0.3333333333333333,US6964863,50.6305665,6.0312717
s2sm1b1r2h2n68173v353r1i6z1r4c196l1ge,Zurich,CH,0.3333333333333333,US6964863,47.3744489,8.5410422
5x4a226y4r3p3c661o286z2v6x20135j2w447113,Corenc,FR,0.2,US6861515,45.2196806,5.7617836
5x4a226y4r3p3c661o286z2v6x20135j2w447113,St. Paul de Varces,FR,0.2,US6861515,45.0716067,5.6428518
5x4a226y4r3p3c661o286z2v6x20135j2w447113,Saint Ismier,FR,0.2,US6861515,45.2481677,5.8261521
5x4a226y4r3p3c661o286z2v6x20135j2w447113,Vauluaveys-Le-Haul,FR,0.2,US6861515,,
5x4a226y4r3p3c661o286z2v6x20135j2w447113,Rodez,FR,0.2,US6861515,44.3511408,2.5728493
252j395m1lt5n696x6u3y4i523j1g6f53k2d,"Lexington, MA",US,0.4,US7918935,42.4473175,-71.2245003
252j395m1lt5n696x6u3y4i523j1g6f53k2d,"Cambridge, MA",US,0.4,US7918935,42.3656347,-71.1040018
252j395m1lt5n696x6u3y4i523j1g6f53k2d,"Somerville, MA",US,0.2,US7918935,42.3875968,-71.0994968
2i1e6c1y2i4ie6r2r5o2ld2f1v4o37u1t4v2m,"Durham, NC",US,0.6666666666666666,US6977180,35.996653,-78.9018053
2i1e6c1y2i4ie6r2r5o2ld2f1v4o37u1t4v2m,"Ferndale, MI",US,0.3333333333333333,US6977180,42.4605917,-83.1346478
5z6b5t6e44k6k4c3f382y1o5s223p254o3j4i4,Zurich,CH,1.0,US7273723,47.3744489,8.5410422
5k1o234e15271f6l1f1c3i41d2o731k349125m,Wako-shi,JP,0.25,US7393670,35.7817053,139.6058692
5k1o234e15271f6l1f1c3i41d2o731k349125m,Tokyo,JP,0.5,US7393670,35.6768601,139.7638947
5k1o234e15271f6l1f1c3i41d2o731k349125m,Asaka-shi,JP,0.25,US7393670,35.7970861,139.593733
2v4xul1n5e1f1v2x2n4z46m42x5g6743w4r,Iffeldorf,DE,0.25,US7560231,47.7727437,11.3200473
2v4xul1n5e1f1v2x2n4z46m42x5g6743w4r,Weilheim,DE,0.5,US7560231,47.8395072,11.1416355
2v4xul1n5e1f1v2x2n4z46m42x5g6743w4r,Wielenbach-Hardt,DE,0.25,US7560231,47.8717246,11.1714278
5z4rz1q286768342f1i5p70i3b1i2p6l4x1z6x,Kanagawa,JP,0.5,US7608758,35.4342935,139.374753
5z4rz1q286768342f1i5p70i3b1i2p6l4x1z6x,Ibaraki,JP,0.5,US7608758,36.2869536,140.4703384
3v532e4z4m4o6c5cpp3r4t6mg484e6z64675k,"Baltimore, MD",US,0.4,US7385086,39.2908816,-76.610759
3v532e4z4m4o6c5cpp3r4t6mg484e6z64675k,"Upperco, MD",US,0.2,US7385086,39.5629228,-76.8359846
3v532e4z4m4o6c5cpp3r4t6mg484e6z64675k,"Lutherville, MD",US,0.2,US7385086,39.42363,-76.6209151
3v532e4z4m4o6c5cpp3r4t6mg484e6z64675k,"Ellicott City, MD",US,0.2,US7385086,39.2757359,-76.8317417
x2t4f4i105rc2l2g6xo3p2e4g4h51m4r3y42,"Solana Beach, CA",US,0.25,US8252902,32.9919141,-117.2678124
x2t4f4i105rc2l2g6xo3p2e4g4h51m4r3y42,"San Diego, CA",US,0.5,US8252902,32.7174202,-117.162772
x2t4f4i105rc2l2g6xo3p2e4g4h51m4r3y42,"La Jolla, CA",US,0.25,US8252902,32.8458529,-117.2575702
2l17h6l5w2c4v1mi5n545h45r266xg3f541u,Cambridgeshire,GB,0.5714285714285714,US8034915,52.333333,0.083333
2l17h6l5w2c4v1mi5n545h45r266xg3f541u,TP Houten,NL,0.14285714285714285,US8034915,52.3042624,5.0341717
2l17h6l5w2c4v1mi5n545h45r266xg3f541u,Lyon,FR,0.14285714285714285,US8034915,45.7578137,4.8320114
2l17h6l5w2c4v1mi5n545h45r266xg3f541u,Montpellier,FR,0.14285714285714285,US8034915,43.6112422,3.8767337
1d201d6h5sf571g1k6t1f64251o5k185g2506d,"Audubon, PA",US,0.2,US7060461,40.1311744,-75.4227989
1d201d6h5sf571g1k6t1f64251o5k185g2506d,"Philadelphia, PA",US,0.2,US7060461,39.9527237,-75.1635262
1d201d6h5sf571g1k6t1f64251o5k185g2506d,"West Chester, PA",US,0.6,US7060461,39.9597389,-75.6044609
4e7129566vc2h4t6y1n1zf6q13373p21rl1u,"Encinitas, CA",US,0.3333333333333333,US7118866,33.0369867,-117.2919818
4e7129566vc2h4t6y1n1zf6q13373p21rl1u,"Solana Beach, CA",US,0.3333333333333333,US7118866,32.9919141,-117.2678124
4e7129566vc2h4t6y1n1zf6q13373p21rl1u,"La Jolla, CA",US,0.3333333333333333,US7118866,32.8458529,-117.2575702
1g4d6yi6h3j4i304c5k6m146t26466gb4h5046,Heverlee,BE,0.3333333333333333,US6946465,50.8645908,4.6937736
1g4d6yi6h3j4i304c5k6m146t26466gb4h5046,Rotselaar/Wezemaal,BE,0.3333333333333333,US6946465,50.956692,4.7330714
1g4d6yi6h3j4i304c5k6m146t26466gb4h5046,Konstanz,DE,0.3333333333333333,US6946465,47.659216,9.1750718
3b4f2h4xi1b3un3o2g6x2no3w5f4f6z3v52q,Santa Barbara,,0.3333333333333333,US6336353,34.4221319,-119.702667
3b4f2h4xi1b3un3o2g6x2no3w5f4f6z3v52q,Cupertino,,0.3333333333333333,US6336353,37.3228934,-122.0322895
3b4f2h4xi1b3un3o2g6x2no3w5f4f6z3v52q,Santa Clara,,0.3333333333333333,US6336353,37.2333253,-121.6846349
5f54176b625p4t6cqq1il1r507315495b3h3m,"Madison, WI",US,0.8,US6989265,43.07469,-89.3841663
5f54176b625p4t6cqq1il1r507315495b3h3m,Szeged,HU,0.2,US6989265,46.2546312,20.1486016
6i6k166s2b4b6n4t6j675y101i176y3u6v2h653p,Siena,IT,0.5,US7632513,43.1672059,11.467561
6i6k166s2b4b6n4t6j675y101i176y3u6v2h653p,Monteroni d'Arbria (SI),IT,0.25,US7632513,,
6i6k166s2b4b6n4t6j675y101i176y3u6v2h653p,Castelnuovo Berardenga (SI),IT,0.25,US7632513,43.3455237,11.5018883
4n6y1g50132h43d5f2nf2v3i4e2s436v3q5a25,"Atlanta, GA",US,0.5,US7255991,33.7544657,-84.3898151
4n6y1g50132h43d5f2nf2v3i4e2s436v3q5a25,"Cambridge, MA",US,0.5,US7255991,42.3656347,-71.1040018
5m59716g4i1u6l1l6l3z6m3r6j50316x662r95q,Tokyo,JP,0.6666666666666666,US7456294,35.6768601,139.7638947
5m59716g4i1u6l1l6l3z6m3r6j50316x662r95q,Kyoto,JP,0.3333333333333333,US7456294,35.0115754,135.7681441
735254t2k3831626v3w4b702815703u3h3k6c4c,Halle/Saale,DE,1.0,US7632981,51.4824354,11.9712985
rm5031606l5s32q293a6o73266d6c58401ol,Cornebarrieu,FR,0.14285714285714285,US7517538,43.6494222,1.3246696
rm5031606l5s32q293a6o73266d6c58401ol,Toulouse,FR,0.42857142857142855,US7517538,43.6044638,1.4442433
rm5031606l5s32q293a6o73266d6c58401ol,Castenet,FR,0.2857142857142857,US7517538,44.9904312,0.722711
rm5031606l5s32q293a6o73266d6c58401ol,Ramonville,FR,0.14285714285714285,US7517538,49.2368063,6.1023891
4046381g2w2p4h4y291y113m5a8135u1s5v5x12,San Diego,,0.25,US7432342,32.7174202,-117.162772
4046381g2w2p4h4y291y113m5a8135u1s5v5x12,Del Mar,,0.25,US7432342,32.9594891,-117.2653146
4046381g2w2p4h4y291y113m5a8135u1s5v5x12,Somerset,,0.125,US7432342,51.1617509,-3.0753867
4046381g2w2p4h4y291y113m5a8135u1s5v5x12,Mendham,,0.125,US7432342,40.775941,-74.6009617
4046381g2w2p4h4y291y113m5a8135u1s5v5x12,Mountainside,,0.125,US7432342,40.6723242,-74.3573722
4046381g2w2p4h4y291y113m5a8135u1s5v5x12,West Caldwell,,0.125,US7432342,40.8409329,-74.3018154
2c1i1l34u6we712n72a3r4x103v644w112as,"College Station, TX",US,0.75,US8404449,30.6183939,-96.3455991
2c1i1l34u6we712n72a3r4x103v644w112as,"Bryan, TX",US,0.25,US8404449,30.6743643,-96.3699632
6r333y611t5v6i2o6b1u1x6l3z5f195f3t1w5v,Groningen,NL,0.5,US6861236,53.2190652,6.5680077
6r333y611t5v6i2o6b1u1x6l3z5f195f3t1w5v,Haren,NL,0.5,US6861236,53.1709841,6.6061413
5q456c283b1i4ko5z4o5h361g5s501v2rn4e,"Chicago, IL",US,0.6666666666666666,US7129091,41.8755616,-87.6244212
5q456c283b1i4ko5z4o5h361g5s501v2rn4e,"Webster, NY",US,0.3333333333333333,US7129091,43.212285,-77.429994
2k6e6q1u5s2y2q2w1j2h431x6n4o4e1d584a456l,"Gainesville, FL",US,0.75,US7326551,29.6519684,-82.3249846
2k6e6q1u5s2y2q2w1j2h431x6n4o4e1d584a456l,Tamil Nadu,IN,0.25,US7326551,11.3323723,78.6098639
6t68522k4d51411s2j5w06y4hi5q1sk2s685e,Freiburg,DE,0.5,US7248974,47.9960901,7.8494005
6t68522k4d51411s2j5w06y4hi5q1sk2s685e,Ladenburg,DE,0.16666666666666666,US7248974,49.4724349,8.6106455
6t68522k4d51411s2j5w06y4hi5q1sk2s685e,Gottingen,DE,0.16666666666666666,US7248974,51.5328328,9.9351811
6t68522k4d51411s2j5w06y4hi5q1sk2s685e,Adelebsen,DE,0.16666666666666666,US7248974,51.579484,9.7524477
3e2s211h3q2h5p464s3h114g86d5p29263d2i42,"San Diego, CA",US,0.75,US6949644,32.7174202,-117.162772
3e2s211h3q2h5p464s3h114g86d5p29263d2i42,"La Jolla, CA",US,0.25,US6949644,32.8458529,-117.2575702
6z2r543n705w3c1h2r5r171m6eg1k5u253y6s4n,Monteriggioni,IT,0.25,US8945589,43.3899772,11.2235936
6z2r543n705w3c1h2r5r171m6eg1k5u253y6s4n,Milano,IT,0.25,US8945589,45.4641943,9.1896346
6z2r543n705w3c1h2r5r171m6eg1k5u253y6s4n,Siena,IT,0.25,US8945589,43.1672059,11.467561
6z2r543n705w3c1h2r5r171m6eg1k5u253y6s4n,Castelnuovo Berardenga,IT,0.25,US8945589,43.3455237,11.5018883
2me481z3c6zk5u4m2x3o2h243c734m2r3s43s,"Yonago-shi, Tottori",JP,0.2,US8703482,35.4276408,133.331459
2me481z3c6zk5u4m2x3o2h243c734m2r3s43s,Tottori,JP,0.2,US8703482,35.3555075,133.8678525
2me481z3c6zk5u4m2x3o2h243c734m2r3s43s,Gunma,JP,0.6,US8703482,36.52198,139.033483
2k2u6o636ym4al2r4gkz711u3j1sfz2q1y,Halle Saale,DE,1.0,US8183433,51.4824354,11.9712985
664g06et5a14h2i2k3w46r4s1v5w1p133b3j,Halle/Saale,DE,0.8,US8101823,51.4824354,11.9712985
664g06et5a14h2i2k3w46r4s1v5w1p133b3j,Moscow,RU,0.2,US8101823,55.625578,37.6063916
2a311s6cj1i232c636a646q656h643t556e2t60,Halle Saale,DE,1.0,US8053632,51.4824354,11.9712985
4y526847614p3f3y3t5g214o1831d6e1d6a2b5,"Boulder, CO",US,0.3333333333333333,US6482594,40.0149856,-105.270545
4y526847614p3f3y3t5g214o1831d6e1d6a2b5,"San Diego, CA",US,0.16666666666666666,US6482594,32.7174202,-117.162772
4y526847614p3f3y3t5g214o1831d6e1d6a2b5,"Oceanside, CA",US,0.16666666666666666,US6482594,33.1958696,-117.379483
4y526847614p3f3y3t5g214o1831d6e1d6a2b5,"New York, NY",US,0.16666666666666666,US6482594,40.7127281,-74.0060152
4y526847614p3f3y3t5g214o1831d6e1d6a2b5,Winterthur,CH,0.16666666666666666,US6482594,47.4991723,8.7291498
te48215k692q5q5kd6y17rb53fi5m6x6a,Cambridge,GB,1.0,US7300942,52.1975846,0.1391537
5c4e344v2353444r41572y4f69415x6c283h1k2h,"Ann Arbor, MI",US,0.14285714285714285,US7745211,42.2813722,-83.7484616
5c4e344v2353444r41572y4f69415x6c283h1k2h,Ann Arbor,,0.8571428571428571,US7745211,42.2813722,-83.7484616
a5k326f2cl4i5e36206w3i4a1l19721585r26,Tochigi,JP,0.75,US8790726,36.6782167,139.8096549
a5k326f2cl4i5e36206w3i4a1l19721585r26,Tokyo,JP,0.25,US8790726,35.6768601,139.7638947
5d6h6i3l71404q2l1u133r134o33e3l3f6f485i,Pasadena,,0.25,US6900479,34.1476507,-118.144155
5d6h6i3l71404q2l1u133r134o33e3l3f6f485i,Lexington,,0.25,US6900479,38.0464066,-84.4970393
5d6h6i3l71404q2l1u133r134o33e3l3f6f485i,Woodside,,0.25,US6900479,37.4280637,-122.2507435
5d6h6i3l71404q2l1u133r134o33e3l3f6f485i,Providence,,0.25,US6900479,41.8239891,-71.4128343
4du186v2y135tj4u6626491m2e5a4o1z6m1w1a,Aichi-gun,JP,0.42857142857142855,US7964382,35.1089068,137.0616164
4du186v2y135tj4u6626491m2e5a4o1z6m1w1a,Ogaki-shi,JP,0.14285714285714285,US7964382,35.3596449,136.6128847
4du186v2y135tj4u6626491m2e5a4o1z6m1w1a,Seto-shi,JP,0.14285714285714285,US7964382,35.2238601,137.0840005
4du186v2y135tj4u6626491m2e5a4o1z6m1w1a,Nishikamo-gun,JP,0.14285714285714285,US7964382,,
4du186v2y135tj4u6626491m2e5a4o1z6m1w1a,Toyota-shi,JP,0.14285714285714285,US7964382,35.0834524,137.156737
5w561g4q6o1z2x3402w323n346p576j1732e,Koln,DE,0.6,US8013138,50.938361,6.959974
5w561g4q6o1z2x3402w323n346p576j1732e,Pulheim-Dansweiler,DE,0.2,US8013138,50.9597184,6.7739718
5w561g4q6o1z2x3402w323n346p576j1732e,Botley,GB,0.2,US8013138,50.9191504,-1.2763763
432u5j6s32613646g5s5q38313zr61n3j2g3b,Potomac,,0.14285714285714285,US7576176,39.0180508,-77.1956331
432u5j6s32613646g5s5q38313zr61n3j2g3b,Poggibonsi,IT,0.07142857142857142,US7576176,43.4677215,11.148762
432u5j6s32613646g5s5q38313zr61n3j2g3b,Segrate,IT,0.07142857142857142,US7576176,45.4907352,9.2948204
432u5j6s32613646g5s5q38313zr61n3j2g3b,Palatine,,0.07142857142857142,US7576176,42.1105502,-88.0434304
432u5j6s32613646g5s5q38313zr61n3j2g3b,Siena,IT,0.35714285714285715,US7576176,43.1672059,11.467561
432u5j6s32613646g5s5q38313zr61n3j2g3b,Arlington,,0.07142857142857142,US7576176,32.7355816,-97.1071186
432u5j6s32613646g5s5q38313zr61n3j2g3b,Vagliasli,IT,0.07142857142857142,US7576176,,
432u5j6s32613646g5s5q38313zr61n3j2g3b,Polle val D'Elsa,IT,0.07142857142857142,US7576176,,
432u5j6s32613646g5s5q38313zr61n3j2g3b,Gaithersburg,,0.07142857142857142,US7576176,39.1399187,-77.1929215
3m3a6f3y2x5c4if1fsc4o5c3j2n6t1z25j2s,Heverlee,BE,0.3333333333333333,US7276506,50.8645908,4.6937736
3m3a6f3y2x5c4if1fsc4o5c3j2n6t1z25j2s,Rotselaar/Wezemaal,BE,0.3333333333333333,US7276506,50.956692,4.7330714
3m3a6f3y2x5c4if1fsc4o5c3j2n6t1z25j2s,Konstanz,DE,0.3333333333333333,US7276506,47.659216,9.1750718
4p5i5y6z688233w481b554w274i72693j1r1e4e,Brisbane,AU,1.0,US7521219,-27.4689623,153.0235009
v3f91j04l271u452r736v31225i21386u2e1l,"Soiano Beach, CA",US,0.5,US8586033,,
v3f91j04l271u452r736v31225i21386u2e1l,Pohang,KR,0.5,US8586033,36.0189315,129.3429384
1j2r265u2s4t1x6i7360i33322r6c4b5l3w1611,"Boyds, MD",US,0.3333333333333333,US7732126,39.1840886,-77.3122325
1j2r265u2s4t1x6i7360i33322r6c4b5l3w1611,Kyoto,JP,0.3333333333333333,US7732126,35.0115754,135.7681441
1j2r265u2s4t1x6i7360i33322r6c4b5l3w1611,"Irvine, CA",US,0.3333333333333333,US7732126,33.6856969,-117.825981
2a11302d712u4us5c476n1e18d2y4a5d62g3s,Venlo,NL,0.25,US6870059,51.3924489,6.1511724
2a11302d712u4us5c476n1e18d2y4a5d62g3s,Baarlo,NL,0.25,US6870059,51.3319545,6.0967255
2a11302d712u4us5c476n1e18d2y4a5d62g3s,Eupen,BE,0.25,US6870059,50.6305665,6.0312717
2a11302d712u4us5c476n1e18d2y4a5d62g3s,Geleen,NL,0.25,US6870059,50.9699953,5.8267029
1l3c5421y6u264w4a3m1cz1b6sv3g6l6r1216,Roetgen,DE,0.25,US9045739,50.6471603,6.1967728
1l3c5421y6u264w4a3m1cz1b6sv3g6l6r1216,Koln,DE,0.25,US9045739,50.938361,6.959974
1l3c5421y6u264w4a3m1cz1b6sv3g6l6r1216,Aachen,DE,0.25,US9045739,50.776351,6.083862
1l3c5421y6u264w4a3m1cz1b6sv3g6l6r1216,Monschau,DE,0.25,US9045739,50.5544687,6.2407954
3sp585970181w255x1u1b56234j3j4q5s24u5s,Halle,DE,1.0,US8597950,51.4824354,11.9712985
3k729714e5jx4d4157443d4j2z1i4r2m6lz1n,Munchen,DE,0.3333333333333333,US8853363,48.1371079,11.5753822
3k729714e5jx4d4157443d4j2z1i4r2m6lz1n,Rudolfstetten,CH,0.16666666666666666,US8853363,47.3694687,8.3793999
3k729714e5jx4d4157443d4j2z1i4r2m6lz1n,Brand-Erbisdort,DE,0.16666666666666666,US8853363,,
3k729714e5jx4d4157443d4j2z1i4r2m6lz1n,Regensburg,DE,0.16666666666666666,US8853363,49.0195333,12.0974869
3k729714e5jx4d4157443d4j2z1i4r2m6lz1n,Martinsried,DE,0.16666666666666666,US8853363,48.10882,11.4508007
9615hhi2q4h6o5316b3b5s1s133t28654ss,Kanagawa,JP,1.0,US8772465,35.4342935,139.374753
6h3159f623s5s5fb3p1g4i3a2c511q3mc424u,Tokyo,JP,0.6666666666666666,US8039247,35.6768601,139.7638947
6h3159f623s5s5fb3p1g4i3a2c511q3mc424u,Kanagawa,JP,0.3333333333333333,US8039247,35.4342935,139.374753
1q3m273q544b5j1v6e6v2v72303o423m2y261446,"Solana Beach, CA",US,1.0,US7101972,32.9919141,-117.2678124
545m59315044h2sl2321933741s704455t,"Belmont, CA",US,0.06666666666666667,US7148054,37.5164926,-122.2941914
545m59315044h2sl2321933741s704455t,"San Jose, CA",US,0.06666666666666667,US7148054,37.3361663,-121.890591
545m59315044h2sl2321933741s704455t,"Los Gatos, CA",US,0.06666666666666667,US7148054,37.226611,-121.9746797
545m59315044h2sl2321933741s704455t,"Menlo Park, CA",US,0.06666666666666667,US7148054,37.4519671,-122.177992
545m59315044h2sl2321933741s704455t,"El Marcero, CA",US,0.06666666666666667,US7148054,37.2228139,-121.7835466
545m59315044h2sl2321933741s704455t,"Mountain View, CA",US,0.26666666666666666,US7148054,37.3893889,-122.0832101
545m59315044h2sl2321933741s704455t,"Danville, CA",US,0.06666666666666667,US7148054,37.8225892,-122.0008254
545m59315044h2sl2321933741s704455t,"Hillsborough, CA",US,0.06666666666666667,US7148054,37.557252,-122.362529
545m59315044h2sl2321933741s704455t,"Redwood CIty, CA",US,0.06666666666666667,US7148054,37.4863239,-122.232523
545m59315044h2sl2321933741s704455t,"San Carlos, CA",US,0.06666666666666667,US7148054,37.504936,-122.261823
545m59315044h2sl2321933741s704455t,"Marcero, CA",US,0.06666666666666667,US7148054,37.2228139,-121.7835466
545m59315044h2sl2321933741s704455t,"Saratoga, CA",US,0.06666666666666667,US7148054,37.2638324,-122.0230146
38532u6e4m402r1d6n3p6x5u1w184u2410236n5b,Tochigi,JP,1.0,US7855065,36.6782167,139.8096549
55s275u5z5a1o1j643u3n6cz1k2q1k386k6l6h,Haga-gun,JP,1.0,US8623631,36.5102425,140.126863
5s1h722e2x5j1e371f315k4fqd421f4j4h505z,Bristol,GB,0.5,US7554008,51.4538022,-2.5972985
5s1h722e2x5j1e371f315k4fqd421f4j4h505z,Hertfordshire,GB,0.5,US7554008,51.8400523,-0.0978552
4f4x3p6705iiz2q165v5s1023a4z1p5133n,"Chicago, IL",US,0.4,US7250298,41.8755616,-87.6244212
4f4x3p6705iiz2q165v5s1023a4z1p5133n,"Somerville, MA",US,0.2,US7250298,42.3875968,-71.0994968
4f4x3p6705iiz2q165v5s1023a4z1p5133n,"Seattle, WA",US,0.4,US7250298,47.6038321,-122.330062
5n1q3kl5n2f426k2v2f33d3t2216441b4c2f50,"San Diego, CA",US,0.5,US7470517,32.7174202,-117.162772
5n1q3kl5n2f426k2v2f33d3t2216441b4c2f50,"Boston, MA",US,0.5,US7470517,42.3588336,-71.0578303
1p4bb3j1n185582s5n1oy2yj5i4o46511q4l,Siena,IT,0.5,US7700119,43.1672059,11.467561
1p4bb3j1n185582s5n1oy2yj5i4o46511q4l,Castelnuovo Berardenga,IT,0.25,US7700119,43.3455237,11.5018883
1p4bb3j1n185582s5n1oy2yj5i4o46511q4l,Olso,NO,0.25,US7700119,65.6811431,11.781415
4r1g5n3r31zw3w6s484m3y2x1t5h5vv42c4h,Salzburg,AT,0.25,US8399200,47.7981346,13.0464806
4r1g5n3r31zw3w6s484m3y2x1t5h5vv42c4h,Leverkusen,DE,0.125,US8399200,51.0324743,6.9881194
4r1g5n3r31zw3w6s484m3y2x1t5h5vv42c4h,Monschau,DE,0.125,US8399200,50.5544687,6.2407954
4r1g5n3r31zw3w6s484m3y2x1t5h5vv42c4h,Marchtrenk,AT,0.125,US8399200,48.1907992,14.1117625
4r1g5n3r31zw3w6s484m3y2x1t5h5vv42c4h,Aachen,DE,0.125,US8399200,50.776351,6.083862
4r1g5n3r31zw3w6s484m3y2x1t5h5vv42c4h,Roetgen,DE,0.125,US8399200,50.6471603,6.1967728
4r1g5n3r31zw3w6s484m3y2x1t5h5vv42c4h,Bonn,DE,0.125,US8399200,50.7352621,7.1024635
5y5r6k4b3w726a3r192t402d2n1u621z28305t1i,"San Francisco, CA",US,0.16666666666666666,US7727544,37.7879363,-122.4075201
5y5r6k4b3w726a3r192t402d2n1u621z28305t1i,"Pasadena, CA",US,0.6666666666666666,US7727544,34.1476507,-118.144155
5y5r6k4b3w726a3r192t402d2n1u621z28305t1i,"Lacanada-Flintridge, CA",US,0.16666666666666666,US7727544,,
y382g2a0c3f346g296b5nt4m5r2533731n53,"Leonia, NJ",US,0.16666666666666666,US8124101,40.8617353,-73.9880495
y382g2a0c3f346g296b5nt4m5r2533731n53,"New York, NY",US,0.16666666666666666,US8124101,40.7127281,-74.0060152
y382g2a0c3f346g296b5nt4m5r2533731n53,"Memphis, TN",US,0.3333333333333333,US8124101,35.146026,-90.0517786
y382g2a0c3f346g296b5nt4m5r2533731n53,"Ames, IA",US,0.16666666666666666,US8124101,42.0267567,-93.6170448
y382g2a0c3f346g296b5nt4m5r2533731n53,"Colo, IA",US,0.16666666666666666,US8124101,42.0186361,-93.3153099
6j6yb285d573r3l95j2h66552t6f216k251t63,Regensburg,DE,1.0,US8691533,49.0195333,12.0974869
5kp271r113g02w1tx5z6y2i5g5p2637301e3a,Vancouver,CA,1.0,US7767851,49.2608724,-123.113952
73275t71556o375w6d385l4gy3i5k531x5v3p4,Siena,IT,1.0,US8808711,43.1672059,11.467561
11t463n1z602q2vi2c6q3v2l1x3a621o632a1j,"Benicia, CA",US,0.25,US8197819,38.049365,-122.1585777
11t463n1z602q2vi2c6q3v2l1x3a621o632a1j,"Orinda, CA",US,0.25,US8197819,37.8771476,-122.1796888
11t463n1z602q2vi2c6q3v2l1x3a621o632a1j,"San Francisco, CA",US,0.25,US8197819,37.7879363,-122.4075201
11t463n1z602q2vi2c6q3v2l1x3a621o632a1j,"Danville, CA",US,0.25,US8197819,37.8225892,-122.0008254
2e4o1e6u503g1j4b563z6l521k2v4a2lg3j6p56,"Schenectady, NY",US,0.16666666666666666,US9360475,42.8142432,-73.9395687
2e4o1e6u503g1j4b563z6l521k2v4a2lg3j6p56,"Niskayuna, NY",US,0.16666666666666666,US9360475,42.8154056,-73.8928774
2e4o1e6u503g1j4b563z6l521k2v4a2lg3j6p56,"Sunnyvale, CA",US,0.16666666666666666,US9360475,37.3688301,-122.036349
2e4o1e6u503g1j4b563z6l521k2v4a2lg3j6p56,"Melrose, MA",US,0.16666666666666666,US9360475,42.4564323,-71.064182
2e4o1e6u503g1j4b563z6l521k2v4a2lg3j6p56,"Easley, SC",US,0.16666666666666666,US9360475,34.8269276,-82.5817053
2e4o1e6u503g1j4b563z6l521k2v4a2lg3j6p56,"Menands, NY",US,0.16666666666666666,US9360475,42.6920233,-73.7245639
37o4ua11455w51k3s2r1k3v2je3n3n684q65,San Mateo,,0.3333333333333333,US7238486,37.496904,-122.3330573
37o4ua11455w51k3s2r1k3v2je3n3n684q65,Palo Alto,,0.3333333333333333,US7238486,37.4443293,-122.1598465
37o4ua11455w51k3s2r1k3v2je3n3n684q65,Portola Valley,,0.3333333333333333,US7238486,37.3736298,-122.219047
5u6ll6649296v3n3j4b1t205r4r6k1r3m4sd2o,"Somerville, MA",US,0.5,US8592551,42.3875968,-71.0994968
5u6ll6649296v3n3j4b1t205r4r6k1r3m4sd2o,"Lexington, MA",US,0.5,US8592551,42.4473175,-71.2245003
3t1k2p3o665s3r4fe126o222r4a4701o4o5e6d,Julich,DE,1.0,US8158390,50.9220931,6.3611015
2z5p17nf4i6g4b566l3w5a3zo181g366d5k20,Rodersheim-Gronau,DE,0.2,US8012725,49.4299651,8.2659966
2z5p17nf4i6g4b566l3w5a3zo181g366d5k20,Fussgonheim,DE,0.2,US8012725,49.4601777,8.2928057
2z5p17nf4i6g4b566l3w5a3zo181g366d5k20,Mannheim,DE,0.2,US8012725,49.4892913,8.4673098
2z5p17nf4i6g4b566l3w5a3zo181g366d5k20,Darmstadt,DE,0.2,US8012725,49.872775,8.651177
2z5p17nf4i6g4b566l3w5a3zo181g366d5k20,Nussloch,DE,0.2,US8012725,49.3228653,8.6959385
534s1m3f2x5jy1v1z1y6zv34r591e5h692b,Groningen,NL,0.8,US8835616,53.2190652,6.5680077
534s1m3f2x5jy1v1z1y6zv34r591e5h692b,Haule,NL,0.2,US8835616,53.0366149,6.3063466
4b06q3s3g4i4y73495n5r501g305o2v376249c,Ekero,SE,0.3333333333333333,US6955877,59.2904595,17.813072
4b06q3s3g4i4y73495n5r501g305o2v376249c,Taby,SE,0.3333333333333333,US6955877,59.4670482,18.0658494
4b06q3s3g4i4y73495n5r501g305o2v376249c,Stockholm,SE,0.3333333333333333,US6955877,59.3251172,18.0710935
18k3c396p1s4t343i675i4x2t1d4b50f5t3nq,Kanagawa,JP,1.0,US7615628,35.4342935,139.374753
4f5e4an1m5s6w113u71e232y3133655qc4n4n,Siena,IT,0.5,US9284526,43.1672059,11.467561
4f5e4an1m5s6w113u71e232y3133655qc4n4n,Monteroni d'Arbia,IT,0.16666666666666666,US9284526,43.2310941,11.4214524
4f5e4an1m5s6w113u71e232y3133655qc4n4n,Caserta,IT,0.16666666666666666,US9284526,41.2035193,14.1168624
4f5e4an1m5s6w113u71e232y3133655qc4n4n,Monteriggioni,IT,0.16666666666666666,US9284526,43.3899772,11.2235936
384a6q3z1h3j55s2c03iwo6hb652l1q5vp,"Leonia, NJ",US,0.3333333333333333,US8137676,40.8617353,-73.9880495
384a6q3z1h3j55s2c03iwo6hb652l1q5vp,"New York, NY",US,0.3333333333333333,US8137676,40.7127281,-74.0060152
384a6q3z1h3j55s2c03iwo6hb652l1q5vp,"Lexington, KY",US,0.3333333333333333,US8137676,38.0464066,-84.4970393
5p4u4p2e5t1d4v5a1l3u2h29b2v2j6k431d265,"Cahpel Hill, NC",US,0.2,US8771995,39.5006629,-104.7193418
5p4u4p2e5t1d4v5a1l3u2h29b2v2j6k431d265,"Albany, NY",US,0.2,US8771995,42.6511674,-73.754968
5p4u4p2e5t1d4v5a1l3u2h29b2v2j6k431d265,"Boston, MA",US,0.2,US8771995,42.3588336,-71.0578303
5p4u4p2e5t1d4v5a1l3u2h29b2v2j6k431d265,Santiago de Compostela,ES,0.2,US8771995,42.9064576,-8.5192983
5p4u4p2e5t1d4v5a1l3u2h29b2v2j6k431d265,Wuhan,CN,0.2,US8771995,30.578891,114.2921197
2x4r5w1l4z5g6f2w6d6q3o4o10447162306r1w5t,"Rockville, MD",US,0.5,US8497069,39.0817985,-77.1516844
2x4r5w1l4z5g6f2w6d6q3o4o10447162306r1w5t,"Reisterstown, MD",US,0.5,US8497069,39.4695489,-76.8294213
e5p6r1963e3z2ka74g3l5uu25c5k3k5pm,"Emeryville, CA",US,0.8,US8168194,37.8314089,-122.2865266
e5p6r1963e3z2ka74g3l5uu25c5k3k5pm,Siena,IT,0.2,US8168194,43.1672059,11.467561
3gr5z2u2v1a2j262j6y3d491u1nf6a483c2560,Siena,IT,1.0,US8273360,43.1672059,11.467561
h2tz6uzb525m16i2b282c144b4e6f1l3n52,"Madeley, Western Australia",AU,0.5,US7888293,-31.8120053,115.8252784
h2tz6uzb525m16i2b282c144b4e6f1l3n52,Cambridge,GB,0.5,US7888293,52.1975846,0.1391537
03p2q195v3rh6s3h413w4o401hd6n1t5p4l4z,Yokohama-Shi,JP,1.0,US8212014,35.4503381,139.6343802
172703b5c2e5t190ipv5w3t2w4n3s6r733i,Darmstadt,DE,0.6666666666666666,US8455223,49.872775,8.651177
172703b5c2e5t190ipv5w3t2w4n3s6r733i,Mannheim,DE,0.3333333333333333,US8455223,49.4892913,8.4673098
5o3u4i4n6ue5i3z0111n3y19101kx33126qi,"Stanford, CA",US,0.75,US8846365,37.4265407,-122.1703055
5o3u4i4n6ue5i3z0111n3y19101kx33126qi,Zhejiang,CN,0.25,US8846365,29.0000001,119.9999999
2z38533h3e6u4i6k1z15272y3c693n2474b6g6y,Roma,IT,0.5,US8309362,41.8933203,12.4829321
2z38533h3e6u4i6k1z15272y3c693n2474b6g6y,Fondi,IT,0.25,US8309362,41.3572854,13.430031
2z38533h3e6u4i6k1z15272y3c693n2474b6g6y,Rignano Sull'Arno,IT,0.25,US8309362,43.72105,11.451427
1x3d20l3b5t5n6p5d3l1s22v4p4p1t1o5n32q,"Durham, NC",US,0.6666666666666666,US8691542,35.996653,-78.9018053
1x3d20l3b5t5n6p5d3l1s22v4p4p1t1o5n32q,"Raleigh, NC",US,0.3333333333333333,US8691542,35.7803977,-78.6390989
3x1z3o1nb6d284x1a30822z3xu3t4w3s6h31,Ikoma-shi Nara,JP,0.4,US7981659,34.7345799,135.7502934
3x1z3o1nb6d284x1a30822z3xu3t4w3s6h31,Haga-gun Tochigi,JP,0.6,US7981659,36.5483314,140.063392
33694v5k466x2ef721x51y3b1j3j723l321c4z,Siena,IT,1.0,US8697087,43.1672059,11.467561
614l3n2g2q3h6p1ri6l556d6s1w1w4e2g108,Ann Arbor,,1.0,US7244557,42.2813722,-83.7484616
31275ly1r3m4u523r2p5p3f6e6l1e6o272m182c,Bristol,GB,0.14285714285714285,US9226992,51.4538022,-2.5972985
31275ly1r3m4u523r2p5p3f6e6l1e6o272m182c,Newbury,GB,0.2857142857142857,US9226992,51.4020243,-1.3242212
31275ly1r3m4u523r2p5p3f6e6l1e6o272m182c,Hampshire,GB,0.14285714285714285,US9226992,51.0449814,-1.2433102
31275ly1r3m4u523r2p5p3f6e6l1e6o272m182c,Romsey,GB,0.2857142857142857,US9226992,50.9891396,-1.4999044
31275ly1r3m4u523r2p5p3f6e6l1e6o272m182c,Somerset,GB,0.14285714285714285,US9226992,51.1617509,-3.0753867
54y5c6a3114l3m2l205w1w573nw1t630574x,Daejeon,KR,1.0,US7816509,36.3497007,127.3849016
2u362c5z5y3x3e6l3e2t5l1s5z663p2rb395e4r,"Andover, MA",US,0.16666666666666666,US6673615,42.65717,-71.1408776
2u362c5z5y3x3e6l3e2t5l1s5z663p2rb395e4r,"Brighton, MA",US,0.16666666666666666,US6673615,42.3491615,-71.1533859
2u362c5z5y3x3e6l3e2t5l1s5z663p2rb395e4r,"Lexington, MA",US,0.3333333333333333,US6673615,42.4473175,-71.2245003
2u362c5z5y3x3e6l3e2t5l1s5z663p2rb395e4r,"Newton, MA",US,0.16666666666666666,US6673615,42.3300435,-71.194862
2u362c5z5y3x3e6l3e2t5l1s5z663p2rb395e4r,"Portsmouth, NH",US,0.16666666666666666,US6673615,43.0751306,-70.7601826
3s5m4x3o5b1z6j5l6r664y1u5e5n6f2v263q4v19,"Medina, WA",US,0.3333333333333333,US6960570,47.620548,-122.2264453
3s5m4x3o5b1z6j5l6r664y1u5e5n6f2v263q4v19,"Edmonds, WA",US,0.3333333333333333,US6960570,47.8105738,-122.3774952
3s5m4x3o5b1z6j5l6r664y1u5e5n6f2v263q4v19,"Federal Way, WA",US,0.3333333333333333,US6960570,47.313494,-122.33931
615n69614aw3a5z6953r32s6n6v6i2u1e2o5m,"Philadelphia, PA",US,0.5,US9658224,39.9527237,-75.1635262
615n69614aw3a5z6953r32s6n6v6i2u1e2o5m,"Solana Beach, CA",US,0.5,US9658224,32.9919141,-117.2678124
u373d2p5h45w6gh3k2p6n20356h365ui5o3s,"Germantown, MD",US,0.2857142857142857,US9434974,39.1712341,-77.2655648
u373d2p5h45w6gh3k2p6n20356h365ui5o3s,"Rockville, MD",US,0.42857142857142855,US9434974,39.0817985,-77.1516844
u373d2p5h45w6gh3k2p6n20356h365ui5o3s,"Reisertown, MD",US,0.14285714285714285,US9434974,39.5115575,-76.8210496
u373d2p5h45w6gh3k2p6n20356h365ui5o3s,"Alexandria, VA",US,0.14285714285714285,US9434974,38.8051095,-77.0470229
1v2w5w5w2z6k1j5r2f3z495r5s5e1sd5g47m4,Tokyo,JP,1.0,US8188260,35.6768601,139.7638947
1l1ob273e1j2e1s2o3265556z146k3kr63531i,Ibaraki,JP,0.3333333333333333,US8105581,36.2869536,140.4703384
1l1ob273e1j2e1s2o3265556z146k3kr63531i,"San Diego, CA",US,0.16666666666666666,US8105581,32.7174202,-117.162772
1l1ob273e1j2e1s2o3265556z146k3kr63531i,"La Jolla, CA",US,0.5,US8105581,32.8458529,-117.2575702
1s455f734b3s33j5x4z3h44595734l6nx4v6a,"Rockville, MD",US,0.5,US10041060,39.0817985,-77.1516844
1s455f734b3s33j5x4z3h44595734l6nx4v6a,"Reisterstown, MD",US,0.25,US10041060,39.4695489,-76.8294213
1s455f734b3s33j5x4z3h44595734l6nx4v6a,"Crofton, MD",US,0.25,US10041060,39.0159547,-76.6842057
6u1m1lm5a384b58g345n5e6de4c91w1p3c2n,R¿dersheim-Gronau,DE,0.16666666666666666,US7888080,,
6u1m1lm5a384b58g345n5e6de4c91w1p3c2n,Mannheim,DE,0.16666666666666666,US7888080,49.4892913,8.4673098
6u1m1lm5a384b58g345n5e6de4c91w1p3c2n,Fussg¿nheim,DE,0.16666666666666666,US7888080,,
6u1m1lm5a384b58g345n5e6de4c91w1p3c2n,Darmstadt,DE,0.3333333333333333,US7888080,49.872775,8.651177
6u1m1lm5a384b58g345n5e6de4c91w1p3c2n,Nussloch,DE,0.16666666666666666,US7888080,49.3228653,8.6959385
1pw3736e1n6a60186i2x47p1p2d3q4e6t1f47,Komae-shi,JP,0.5,US8030478,35.6347642,139.5787343
1pw3736e1n6a60186i2x47p1p2d3q4e6t1f47,Yokohama-shi,JP,0.5,US8030478,35.4503381,139.6343802
3n174w296n3s3p6v3n5n1a6g3wp1n695j6b1hl,Tochigi,JP,1.0,US8460893,36.6782167,139.8096549
3k6b443b5o31e184w6o2ws595857471q1n3r1y,Gent,BE,0.16666666666666666,US8357835,51.0538286,3.7250121
3k6b443b5o31e184w6o2ws595857471q1n3r1y,Kortrijk,BE,0.16666666666666666,US8357835,50.8276429,3.2659884
3k6b443b5o31e184w6o2ws595857471q1n3r1y,Winksele,BE,0.16666666666666666,US8357835,50.8979511,4.6438521
3k6b443b5o31e184w6o2ws595857471q1n3r1y,Blanden,BE,0.16666666666666666,US8357835,50.8278376,4.7181551
3k6b443b5o31e184w6o2ws595857471q1n3r1y,Zichem,BE,0.16666666666666666,US8357835,51.0014178,4.9856978
3k6b443b5o31e184w6o2ws595857471q1n3r1y,Kessel-Lo,BE,0.16666666666666666,US8357835,50.8852456,4.7313734
563r2l182m14r6n3c6ey3q2s32422c1h3l3nk,"Columbia, MO",US,0.6666666666666666,US7993913,38.951883,-92.3337366
563r2l182m14r6n3c6ey3q2s32422c1h3l3nk,Madrid,ES,0.3333333333333333,US7993913,40.416782,-3.703507
5v286t185w4c4x1f2p5yh57223z1r2q4zv4n22,Halle/ Saale,DE,0.75,US8624080,51.4824354,11.9712985
5v286t185w4c4x1f2p5yh57223z1r2q4zv4n22,Halle/Saale,DE,0.25,US8624080,51.4824354,11.9712985
4s4h2r1k1m146j3v1258482k4x4f2k6d2ke3qp,"Standford, CA",US,0.5,US8715958,37.824161,-121.3064222
4s4h2r1k1m146j3v1258482k4x4f2k6d2ke3qp,"Menlo Park, CA",US,0.5,US8715958,37.4519671,-122.177992
w1c75f6r3r6w175k6d715n2e6f2d3reu3p0,Ottawa,CA,0.6666666666666666,US7731974,45.4208777,-75.6901106
w1c75f6r3r6w175k6d715n2e6f2d3reu3p0,Russell,CA,0.3333333333333333,US7731974,50.7804542,-101.2878789
75v2m2t4p2i1r4n49554l1gd5s1y4a2p4i4o,St. Lucia,AU,0.6666666666666666,US8173427,-27.4989435,153.0064984
75v2m2t4p2i1r4n49554l1gd5s1y4a2p4i4o,Fig Tree Pocket,AU,0.3333333333333333,US8173427,-27.5292959,152.9620949
341t5ku4f3752ui6r6l6q1c2r145t355l3w5b,Tokyo,JP,0.5,US8809045,35.6768601,139.7638947
341t5ku4f3752ui6r6l6q1c2r145t355l3w5b,Tottori,JP,0.5,US8809045,35.3555075,133.8678525
2b4q2o535h4z4h4x63a1s2v394623f653m3w33,"East Lyme, CT",US,0.14285714285714285,US7388085,41.3482141,-72.2092951
2b4q2o535h4z4h4x63a1s2v394623f653m3w33,"Palo Alto, CA",US,0.14285714285714285,US7388085,37.4443293,-122.1598465
2b4q2o535h4z4h4x63a1s2v394623f653m3w33,"Belmont, CA",US,0.14285714285714285,US7388085,37.5164926,-122.2941914
2b4q2o535h4z4h4x63a1s2v394623f653m3w33,"Los Altos, CA",US,0.14285714285714285,US7388085,37.3790629,-122.116578
2b4q2o535h4z4h4x63a1s2v394623f653m3w33,"Mountain View, CA",US,0.14285714285714285,US7388085,37.3893889,-122.0832101
2b4q2o535h4z4h4x63a1s2v394623f653m3w33,"Waukegan, IL",US,0.14285714285714285,US7388085,42.3602273,-87.8318164
2b4q2o535h4z4h4x63a1s2v394623f653m3w33,"Santa Clara, CA",US,0.14285714285714285,US7388085,37.2333253,-121.6846349
416812476b5hg1r75o5e4p6u1u4f1b6b41t1u,Kanagawa,JP,1.0,US8648232,35.4342935,139.374753
k6x4xf3yb3w1w5y292w96x1u6g3qn4g3x43,Daejeon,KR,0.6666666666666666,US9217138,36.3497007,127.3849016
k6x4xf3yb3w1w5y292w96x1u6g3qn4g3x43,Seoul,KR,0.3333333333333333,US9217138,37.5666791,126.9782914
5t2r1z2w3y32553n272z3j562b49f5a5h1c4l2b,Taringa,AU,0.5,US8512711,-27.4952415,152.9854035
5t2r1z2w3y32553n272z3j562b49f5a5h1c4l2b,Queensland,AU,0.5,US8512711,-22.1646782,144.5844903
51c17152o5c2n696y5t431h5w6g56305v6h653i,Halle,DE,1.0,US8415463,51.4824354,11.9712985
575h7244i4h6e83l1g441l3b5r2h4g631m4nd,Ottawa,CA,1.0,US8481023,45.4208777,-75.6901106
4u3323h5d6l216z3j5f1k1p3f2x6n4l4e1v4p,"Berkeley, CA",US,0.5,US8257957,37.8708393,-122.272863
4u3323h5d6l216z3j5f1k1p3f2x6n4l4e1v4p,"Oakland, CA",US,0.16666666666666666,US8257957,37.8044557,-122.271356
4u3323h5d6l216z3j5f1k1p3f2x6n4l4e1v4p,"Aston, PA",US,0.3333333333333333,US8257957,39.8726542,-75.4405473
3u67601b115z5m1n1x444q94q5p5b1d1h2k3i30,College Station,,0.6666666666666666,US6916665,30.6183939,-96.3455991
3u67601b115z5m1n1x444q94q5p5b1d1h2k3i30,Bryan,,0.3333333333333333,US6916665,30.6743643,-96.3699632
5l5a2x6j1f116k2ql315b2r273h2m153d4s2b61,"Chapel Hill, NC",US,0.4,US7937891,35.9131542,-79.05578
5l5a2x6j1f116k2ql315b2r273h2m153d4s2b61,"Durham, NC",US,0.6,US7937891,35.996653,-78.9018053
6c571z1h4455162e3j565c18q4o432w2k266o2l,Tokyo,JP,1.0,US8557542,35.6768601,139.7638947
3b66x3k213u5m6g5x721m4t1911n715i492i4t,Basse Goulaine,FR,0.16666666666666666,US8728761,47.2155058,-1.4652044
3b66x3k213u5m6g5x721m4t1911n715i492i4t,Nantes,FR,0.16666666666666666,US8728761,47.2186371,-1.5541362
3b66x3k213u5m6g5x721m4t1911n715i492i4t,Grand Couronne,FR,0.16666666666666666,US8728761,49.3534994,1.0043489
3b66x3k213u5m6g5x721m4t1911n715i492i4t,Isneauville,FR,0.16666666666666666,US8728761,49.4988394,1.1416384
3b66x3k213u5m6g5x721m4t1911n715i492i4t,Bourdainville,FR,0.16666666666666666,US8728761,49.6724837,0.9445861
3b66x3k213u5m6g5x721m4t1911n715i492i4t,Mont Saint Aignan,FR,0.16666666666666666,US8728761,49.4679,1.0813
7v1k5zi6v2v71344g8641m66k2l263i4i4v,"Malvern, PA",US,0.2,US8691958,40.036202,-75.5138959
7v1k5zi6v2v71344g8641m66k2l263i4i4v,"Wayne, PA",US,0.2,US8691958,41.6264414,-75.3045103
7v1k5zi6v2v71344g8641m66k2l263i4i4v,"Paoli, PA",US,0.2,US8691958,40.0405675,-75.4927891
7v1k5zi6v2v71344g8641m66k2l263i4i4v,"Philadelphia, PA",US,0.4,US8691958,39.9527237,-75.1635262
3h596v3o1r4v5z93d3a3t3rd5j1243l06t40,"San Diego, CA",US,0.3333333333333333,US8043837,32.7174202,-117.162772
3h596v3o1r4v5z93d3a3t3rd5j1243l06t40,"Brooklyn Center, MN",US,0.1111111111111111,US8043837,45.0748543,-93.3296296
3h596v3o1r4v5z93d3a3t3rd5j1243l06t40,"Eden Prairie, MN",US,0.1111111111111111,US8043837,44.8546856,-93.470786
3h596v3o1r4v5z93d3a3t3rd5j1243l06t40,"St. Paul, MN",US,0.1111111111111111,US8043837,44.9497487,-93.0931028
3h596v3o1r4v5z93d3a3t3rd5j1243l06t40,"Minneapolis, MN",US,0.1111111111111111,US8043837,44.9772995,-93.2654692
3h596v3o1r4v5z93d3a3t3rd5j1243l06t40,"Del Mar, CA",US,0.1111111111111111,US8043837,32.9594891,-117.2653146
3h596v3o1r4v5z93d3a3t3rd5j1243l06t40,"Carlsbad, CA",US,0.1111111111111111,US8043837,33.1580933,-117.3505966
3m2c40731k1f441n5z4lr1ow6rx4q71b2p73,"Baltimore, MD",US,1.0,US8946191,39.2908816,-76.610759
63e2k6p4u4n63d40655dh2i21133n32cy71,Tegna,CH,0.16666666666666666,US8450284,46.1865051,8.7431483
63e2k6p4u4n63d40655dh2i21133n32cy71,Aarau,CH,0.16666666666666666,US8450284,47.3927146,8.0444448
63e2k6p4u4n63d40655dh2i21133n32cy71,Zuerich,CH,0.16666666666666666,US8450284,47.3744489,8.5410422
63e2k6p4u4n63d40655dh2i21133n32cy71,Wettswil,CH,0.16666666666666666,US8450284,47.3390834,8.4734523
63e2k6p4u4n63d40655dh2i21133n32cy71,Wermatswil,CH,0.16666666666666666,US8450284,47.3623284,8.7445885
63e2k6p4u4n63d40655dh2i21133n32cy71,Richmond,GB,0.16666666666666666,US8450284,51.4405529,-0.3076394
625x3yj1b14216v1u142q56t5h1q54n2e634j,Daejeon,KR,1.0,US8852898,36.3497007,127.3849016
j454nt4d3j555j223g2q708q6bl6ez5w5r,"Guilford, CT",US,0.25,US9038919,41.2827593,-72.6816365
j454nt4d3j555j223g2q708q6bl6ez5w5r,"Bolton, MA",US,0.25,US9038919,42.4342336,-71.6097744
j454nt4d3j555j223g2q708q6bl6ez5w5r,"Lincolnshire, IL",US,0.25,US9038919,42.1900249,-87.9084039
j454nt4d3j555j223g2q708q6bl6ez5w5r,"College Station, TX",US,0.25,US9038919,30.6183939,-96.3455991
671m4z6j4j63183v64f3v1v69311p06y3t144i,Haga-gun,JP,0.6666666666666666,US8236524,36.5102425,140.126863
671m4z6j4j63183v64f3v1v69311p06y3t144i,Tsukuba-shi,JP,0.3333333333333333,US8236524,36.0833265,140.077279
23l3732n4i41m5s452seej6c3v2h6a3g6y,"Oskaloosa, IA",US,0.09090909090909091,US8551742,41.2951037,-92.6448451
23l3732n4i41m5s452seej6c3v2h6a3g6y,Seoul,KR,0.18181818181818182,US8551742,37.5666791,126.9782914
23l3732n4i41m5s452seej6c3v2h6a3g6y,Gyeonggi-do,KR,0.36363636363636365,US8551742,37.2884675,127.0535231
23l3732n4i41m5s452seej6c3v2h6a3g6y,"Plymouth, MN",US,0.09090909090909091,US8551742,45.0065149,-93.46651
23l3732n4i41m5s452seej6c3v2h6a3g6y,"Chanhassen, MN",US,0.09090909090909091,US8551742,44.8618403,-93.5307207
23l3732n4i41m5s452seej6c3v2h6a3g6y,"Spring Park, MN",US,0.09090909090909091,US8551742,44.9353256,-93.632293
23l3732n4i41m5s452seej6c3v2h6a3g6y,"Eden Prairie, MN",US,0.09090909090909091,US8551742,44.8546856,-93.470786
705s4b2g4g465j255c125t342f735f4h63596d2d,Haga-gun,JP,1.0,US8293516,36.5102425,140.126863
1w144p41t3z24m3203w6o1s192co1e75j4d,"Nanjing, Jiangsu",CN,0.375,US10011880,32.0438284,118.7788631
1w144p41t3z24m3203w6o1s192co1e75j4d,"Hoover, AL",US,0.125,US10011880,33.350293,-86.851123
1w144p41t3z24m3203w6o1s192co1e75j4d,Tianjin,CN,0.125,US10011880,39.3032619,117.4163641
1w144p41t3z24m3203w6o1s192co1e75j4d,Nanjing,CN,0.375,US10011880,32.0438284,118.7788631
4k5y604r1321g2c552o6g642j566m4x2e1p6d2s,Zwingenberg,DE,0.16666666666666666,US8455107,49.7242,8.5915
4k5y604r1321g2c552o6g642j566m4x2e1p6d2s,Grenzach-Whylen,DE,0.16666666666666666,US8455107,,
4k5y604r1321g2c552o6g642j566m4x2e1p6d2s,Heppenheim,DE,0.16666666666666666,US8455107,49.64999,8.66768
4k5y604r1321g2c552o6g642j566m4x2e1p6d2s,Freiburg,DE,0.16666666666666666,US8455107,47.9960901,7.8494005
4k5y604r1321g2c552o6g642j566m4x2e1p6d2s,Basel,CH,0.16666666666666666,US8455107,47.5581077,7.5878261
4k5y604r1321g2c552o6g642j566m4x2e1p6d2s,Seeheim-Jugendheim,DE,0.16666666666666666,US8455107,,
3u1f6q06yg4l6b3k2j6e5p1u2u69685p2b2g3k,"Collegeville, PA",US,0.25,US8778338,40.1854712,-75.4512163
3u1f6q06yg4l6b3k2j6e5p1u2u69685p2b2g3k,"Palo Alto, CA",US,0.25,US8778338,37.4443293,-122.1598465
3u1f6q06yg4l6b3k2j6e5p1u2u69685p2b2g3k,"Pasadena, CA",US,0.25,US8778338,34.1476507,-118.144155
3u1f6q06yg4l6b3k2j6e5p1u2u69685p2b2g3k,"Sunnyvale, CA",US,0.25,US8778338,37.3688301,-122.036349
6c5n6110282n3b102s1p2u2b6p1nq3a3p6y641j,"La Jolla, CA",US,0.25,US8691164,32.8458529,-117.2575702
6c5n6110282n3b102s1p2u2b6p1nq3a3p6y641j,"San Diego, CA",US,0.625,US8691164,32.7174202,-117.162772
6c5n6110282n3b102s1p2u2b6p1nq3a3p6y641j,"Poway, CA",US,0.125,US8691164,32.9628234,-117.035864
171h491g112m6x6g5f6k1j1ll733i1y1b56716i,Tokyo,JP,1.0,US9090668,35.6768601,139.7638947
4k4p323a11nd5h5s1a526l5ck5v54o173mp,Göteborg,SE,0.5,US8420378,57.7072326,11.9670171
4k4p323a11nd5h5s1a526l5ck5v54o173mp,Copenhagen,DK,0.5,US8420378,55.6867243,12.5700724
406r4m1d53hc565rx5k261v1z1t156e6c2ip,"Cambridge, MA",US,0.8,US7994127,42.3656347,-71.1040018
406r4m1d53hc565rx5k261v1z1t156e6c2ip,"Brookline, MA",US,0.2,US7994127,42.332918,-71.1187829
1y2r742a4h6s1u6y4ok6z196e03w1x6e2u57,"Champaign, IL",US,0.5,US8822661,40.1164841,-88.2430932
1y2r742a4h6s1u6y4ok6z196e03w1x6e2u57,"Urbana, IL",US,0.5,US8822661,40.1117174,-88.207301
46163m341b5u4hx6b144g5v6z6f6h5b1845h2o,"Kyoto-shi, Kyoto",JP,0.5,US8993280,35.0115754,135.7681441
46163m341b5u4hx6b144g5v6z6f6h5b1845h2o,Kyoto-fu,JP,0.5,US8993280,35.242552,135.454601
273g622j1a2c65521h6b65662h1a1a4o5v6d7l,"New York, NY",US,0.25,US8637009,40.7127281,-74.0060152
273g622j1a2c65521h6b65662h1a1a4o5v6d7l,"Ann Arbor, MI",US,0.5,US8637009,42.2813722,-83.7484616
273g622j1a2c65521h6b65662h1a1a4o5v6d7l,"Fort Lee, NJ",US,0.125,US8637009,40.8509333,-73.9701382
273g622j1a2c65521h6b65662h1a1a4o5v6d7l,"Farmington Hills, MI",US,0.125,US8637009,42.4853125,-83.3771553
q62w22236n1i364d255f15453z2v2x3n324c,Darmstadt,DE,0.3333333333333333,US8338146,49.872775,8.651177
q62w22236n1i364d255f15453z2v2x3n324c,Bad Zwischenahn,DE,0.3333333333333333,US8338146,53.1614211,8.046023
q62w22236n1i364d255f15453z2v2x3n324c,Marburg,DE,0.3333333333333333,US8338146,50.8090106,8.7704695
6k4q5b3a295z2i2g502ka162m673w4a5i5j493p,Halle/Saale,DE,1.0,US8883420,51.4824354,11.9712985
5j2p1r3t264nec3e4q281h485l6q5a3or52g,Gorizia,IT,0.2,US8393356,45.9441278,13.6252288
5j2p1r3t264nec3e4q281h485l6q5a3or52g,Genova,IT,0.2,US8393356,44.40726,8.9338624
5j2p1r3t264nec3e4q281h485l6q5a3or52g,Calci (Pisa),IT,0.2,US8393356,43.725799,10.5152807
5j2p1r3t264nec3e4q281h485l6q5a3or52g,Surbo (Lecce),IT,0.2,US8393356,40.396028,18.133422
5j2p1r3t264nec3e4q281h485l6q5a3or52g,Lecce,IT,0.2,US8393356,40.1522173,18.2260628
4q5j73383u616j2e3c2f6f163i5j6252u171n45,Quaix en Chartuese,FR,0.2,US8895207,,
4q5j73383u616j2e3c2f6f163i5j6252u171n45,Saint Ismier,FR,0.2,US8895207,45.2481677,5.8261521
4q5j73383u616j2e3c2f6f163i5j6252u171n45,Montigny Le Bretonneux,FR,0.2,US8895207,48.7698937,2.0381228
4q5j73383u616j2e3c2f6f163i5j6252u171n45,Lannion,FR,0.2,US8895207,48.7322183,-3.4587994
4q5j73383u616j2e3c2f6f163i5j6252u171n45,Massy,FR,0.2,US8895207,49.6902106,1.399492
143l31n6u384e4i675x6c5s3ni133t6q384y6a,Edinburgh,GB,1.0,US8716457,55.9533456,-3.1883749
2a3s2xx1sb4d4t604q3k5g5a2u5wr2yj19,"Lexington, MA",US,0.25,US8698481,42.4473175,-71.2245003
2a3s2xx1sb4d4t604q3k5g5a2u5wr2yj19,"Somerville, MA",US,0.25,US8698481,42.3875968,-71.0994968
2a3s2xx1sb4d4t604q3k5g5a2u5wr2yj19,"Somermille, MA",US,0.25,US8698481,,
2a3s2xx1sb4d4t604q3k5g5a2u5wr2yj19,Beijing,CN,0.25,US8698481,39.9057136,116.3912972
3s435m4g331l4a355d542v6v4h4x6p4da6o6r6z,"Malden, MA",US,0.2,US9102919,42.4268484,-71.0683741
3s435m4g331l4a355d542v6v4h4x6p4da6o6r6z,"Cambridge, MA",US,0.2,US9102919,42.3656347,-71.1040018
3s435m4g331l4a355d542v6v4h4x6p4da6o6r6z,"Weston, MA",US,0.2,US9102919,42.3667625,-71.3031132
3s435m4g331l4a355d542v6v4h4x6p4da6o6r6z,"Somerville, MA",US,0.2,US9102919,42.3875968,-71.0994968
3s435m4g331l4a355d542v6v4h4x6p4da6o6r6z,"Brookline, MA",US,0.2,US9102919,42.332918,-71.1187829
2b4i5936135x5d1c5c46502w4t533y306j4yf39,Graz,AT,0.5,US9012175,47.0708678,15.4382786
2b4i5936135x5d1c5c46502w4t533y306j4yf39,Gleisdorf,AT,0.5,US9012175,47.1054105,15.7098162
6t6m4b6a4o2t31403r434f44i705y3v4g414h3a,Daejeon,KR,1.0,US9096860,36.3497007,127.3849016
27343k2u34482s2jv6d6y2r116l225g2y6c6q1n,"Palo Alto, CA",US,0.5,US8535946,37.4443293,-122.1598465
27343k2u34482s2jv6d6y2r116l225g2y6c6q1n,"Pasadena, CA",US,0.5,US8535946,34.1476507,-118.144155
41585yz6k6r1c486w1s1m163f361u4h1tz6t4k,Saitama,JP,1.0,US8084201,35.9754168,139.4160114
703j6o4l3o434qx6m5i5k2r5g5c85k3o6d1t12,Mihara-shi,JP,0.125,US6803222,34.3974407,133.0785046
703j6o4l3o434qx6m5i5k2r5g5c85k3o6d1t12,Haga-gun,JP,0.875,US6803222,36.5102425,140.126863
6y4f274v3x3m6o3n4c4u53447201w2sj2o4qz,Siena,IT,1.0,US7714121,43.1672059,11.467561
d264g2g576sy4y3a27543t1a2w2m4u6b3q5j,Sovicille,IT,0.5,US9669088,43.2806018,11.2281756
d264g2g576sy4y3a27543t1a2w2m4u6b3q5j,Castelnuovo Berardenga,IT,0.5,US9669088,43.3455237,11.5018883
s3y5c1i6r2z133m6p443c4n3b4y4w216d2c1u2v,"Yonago-shi ,Tottori",JP,0.2,US8951789,35.4276408,133.331459
s3y5c1i6r2z133m6p443c4n3b4y4w216d2c1u2v,Tottori,JP,0.4,US8951789,35.3555075,133.8678525
s3y5c1i6r2z133m6p443c4n3b4y4w216d2c1u2v,Gunma,JP,0.4,US8951789,36.52198,139.033483
4zt70zl1y3kw712465b2z6ar1a67521ll,Tokyo,JP,1.0,US8513165,35.6768601,139.7638947
5v6i155f3z5a491w6d23i3g1kh4384k4z2r12,Nootdorp,NL,0.25,US8735112,52.0426094,4.3930456
5v6i155f3z5a491w6d23i3g1kh4384k4z2r12,Delft,NL,0.25,US8735112,51.9994572,4.3627245
5v6i155f3z5a491w6d23i3g1kh4384k4z2r12,Berkel En Rodenrijs,NL,0.25,US8735112,51.9914412,4.4739077
5v6i155f3z5a491w6d23i3g1kh4384k4z2r12,Utrecht,NL,0.25,US8735112,52.0907006,5.1215634
16h2q1z5o132g39c30l673p1y6q593a37194l,Rechovot,IL,0.3333333333333333,US8735650,31.8952532,34.8105616
16h2q1z5o132g39c30l673p1y6q593a37194l,Havatselet HaSharon,IL,0.3333333333333333,US8735650,32.1806814,34.8054386
16h2q1z5o132g39c30l673p1y6q593a37194l,LeHavim,IL,0.3333333333333333,US8735650,31.3703233,34.8136886
5d5c4t3l342o72596f39z426n2x231q295z6530,Kyoto,JP,0.75,US9255274,35.0115754,135.7681441
5d5c4t3l342o72596f39z426n2x231q295z6530,Fukui,JP,0.25,US9255274,35.9263502,136.6068127
2g1g4f5v4a231g5e3o3x4z04d424b4l305x4d14,Rouen,FR,0.2222222222222222,US9212372,49.4404591,1.0939658
2g1g4f5v4a231g5e3o3x4z04d424b4l305x4d14,St. Martin L'Hortier,FR,0.1111111111111111,US9212372,49.7426072,1.4074523
2g1g4f5v4a231g5e3o3x4z04d424b4l305x4d14,Sainte-Foy,CA,0.1111111111111111,US9212372,46.7743268,-71.2994438
2g1g4f5v4a231g5e3o3x4z04d424b4l305x4d14,Saint-Jacques-sur-Darn¿tal,FR,0.1111111111111111,US9212372,,
2g1g4f5v4a231g5e3o3x4z04d424b4l305x4d14,Grand Couronne,FR,0.1111111111111111,US9212372,49.3534994,1.0043489
2g1g4f5v4a231g5e3o3x4z04d424b4l305x4d14,Chavannes,CH,0.1111111111111111,US9212372,46.5285212,6.5726698
2g1g4f5v4a231g5e3o3x4z04d424b4l305x4d14,Neuville,CA,0.1111111111111111,US9212372,46.698199,-71.584854
2g1g4f5v4a231g5e3o3x4z04d424b4l305x4d14,Quebec,CA,0.1111111111111111,US9212372,52.4760892,-71.8258668
412q496364r4q1406i6x2n6j4b1c5pz2pa1a,"Lexington, MA",US,0.25,US6781166,42.4473175,-71.2245003
412q496364r4q1406i6x2n6j4b1c5pz2pa1a,"Watertown, MA",US,0.25,US6781166,42.3652576,-71.1843234
412q496364r4q1406i6x2n6j4b1c5pz2pa1a,Jerusalem,IL,0.25,US6781166,31.7788472,35.2257856
412q496364r4q1406i6x2n6j4b1c5pz2pa1a,"Cambridge, MA",US,0.25,US6781166,42.3656347,-71.1040018
2b1n26x3z4c65g3p1c2v226c5135f4d311l1q,Regensburg,DE,0.8,US9115390,49.0195333,12.0974869
2b1n26x3z4c65g3p1c2v226c5135f4d311l1q,Landshut,DE,0.2,US9115390,48.536217,12.1516551
2s5c5r44q2n1wf4w1p4776d5h3060v11h3x,"Palo Alto, CA",US,0.16666666666666666,US8071395,37.4443293,-122.1598465
2s5c5r44q2n1wf4w1p4776d5h3060v11h3x,"Los Altos Hills, CA",US,0.16666666666666666,US8071395,37.3796627,-122.137463
2s5c5r44q2n1wf4w1p4776d5h3060v11h3x,"Menlo Park, CA",US,0.16666666666666666,US8071395,37.4519671,-122.177992
2s5c5r44q2n1wf4w1p4776d5h3060v11h3x,"Stanford, CA",US,0.3333333333333333,US8071395,37.4265407,-122.1703055
2s5c5r44q2n1wf4w1p4776d5h3060v11h3x,"Mountain View, CA",US,0.16666666666666666,US8071395,37.3893889,-122.0832101
2qf181q443p3964p51c1o1v4nb57125b3h26,Magenwil,CH,0.3333333333333333,US9050295,47.4122258,8.2301927
2qf181q443p3964p51c1o1v4nb57125b3h26,Freiburg im Breisgau,DE,0.3333333333333333,US9050295,47.9960901,7.8494005
2qf181q443p3964p51c1o1v4nb57125b3h26,Rijswijk,NL,0.3333333333333333,US9050295,52.0373934,4.3225028
604l6w6g29k1r24u3a1o225n33243c2i21q3j,"Crofton, MD",US,0.5,US7776532,39.0159547,-76.6842057
604l6w6g29k1r24u3a1o225n33243c2i21q3j,"Reisterstown, MD",US,0.5,US7776532,39.4695489,-76.8294213
2k193d354u42242i201y5r5d4sl1l31612d163w,Norfolk,GB,1.0,US8674084,52.666667,1.0
k6n433v3h33232z3a4s1n6s5k4d3q67b3ze4e,Tokyo,JP,0.4,US8715984,35.6768601,139.7638947
k6n433v3h33232z3a4s1n6s5k4d3q67b3ze4e,Yokohama-shi,JP,0.2,US8715984,35.4503381,139.6343802
k6n433v3h33232z3a4s1n6s5k4d3q67b3ze4e,Kanagawa,JP,0.4,US8715984,35.4342935,139.374753
3l54m1p685m1l26d4x506d4q54i4u422t5j4l,"Concord, MA",US,0.3333333333333333,US9504575,42.4605189,-71.3488963
3l54m1p685m1l26d4x506d4q54i4u422t5j4l,"Cupertino, CA",US,0.3333333333333333,US9504575,37.3228934,-122.0322895
3l54m1p685m1l26d4x506d4q54i4u422t5j4l,"Lexington, MA",US,0.3333333333333333,US9504575,42.4473175,-71.2245003
4l5n1k132j4s4r655x02s393f6u5k5f5y5tg2q,Vancouver,CA,0.75,US8613845,49.2608724,-123.113952
4l5n1k132j4s4r655x02s393f6u5k5f5y5tg2q,Burnaby,CA,0.25,US8613845,49.2433804,-122.972545
1h4133p6x243e1r5c202g38401672594az702w,"Leonia, NJ",US,0.5,US9387242,40.8617353,-73.9880495
1h4133p6x243e1r5c202g38401672594az702w,"New York, NY",US,0.5,US9387242,40.7127281,-74.0060152
4s6y2cl4c4hg2n27a1o2g55s4w1t2xu1m54,Oxfordshire,GB,1.0,US9346851,51.833333,-1.25
2ut4f102yp2y401f4g714b4v4vd4c2a1i2a27,"Madison, WI",US,0.3333333333333333,US8367380,43.07469,-89.3841663
2ut4f102yp2y401f4g714b4v4vd4c2a1i2a27,Daejeon,KR,0.6666666666666666,US8367380,36.3497007,127.3849016
6p3c5g1b206x94u2u23r344e4r6d4s3h6m4s41,"Oakland, CA",US,0.25,US8765403,37.8044557,-122.271356
6p3c5g1b206x94u2u23r344e4r6d4s3h6m4s41,"Berkeley, CA",US,0.25,US8765403,37.8708393,-122.272863
6p3c5g1b206x94u2u23r344e4r6d4s3h6m4s41,"Daly City, CA",US,0.25,US8765403,37.6904826,-122.47267
6p3c5g1b206x94u2u23r344e4r6d4s3h6m4s41,"Livermore, CA",US,0.25,US8765403,37.6820583,-121.768053
a5g652c656b5z6c4b3v4d191b3qyu6a2u5b2h,Copenhagen,DK,1.0,US9096863,55.6867243,12.5700724
mm2s5r2d5y4u706n6b4x173d1x1p3q1i6f1c1t,"Malvern, PA",US,0.16666666666666666,US9783851,40.036202,-75.5138959
mm2s5r2d5y4u706n6b4x173d1x1p3q1i6f1c1t,"Turnersville, NJ",US,0.16666666666666666,US9783851,39.766826,-75.063004
mm2s5r2d5y4u706n6b4x173d1x1p3q1i6f1c1t,"Philadelphia, PA",US,0.5,US9783851,39.9527237,-75.1635262
mm2s5r2d5y4u706n6b4x173d1x1p3q1i6f1c1t,"Lansdale, PA",US,0.16666666666666666,US9783851,40.2414952,-75.2837862
1r3k1qh5n1f6q6r5a6j2b4w3a5u4c4j2v6ir42,Rechovot,IL,0.5,US8791324,31.8952532,34.8105616
1r3k1qh5n1f6q6r5a6j2b4w3a5u4c4j2v6ir42,Nes Ziona,IL,0.5,US8791324,31.9295577,34.7990609
2m71516f6953306r4n4j3w85h6hq303l2z2j56,Haga-gun,JP,1.0,US8852943,36.5102425,140.126863
2wj6o5y6v2y6h735eo662y1a58xk1s643x6k,Siena,IT,0.3333333333333333,US7862827,43.1672059,11.467561
2wj6o5y6v2y6h735eo662y1a58xk1s643x6k,Signa,IT,0.3333333333333333,US7862827,43.7806931,11.0964527
2wj6o5y6v2y6h735eo662y1a58xk1s643x6k,Berardenda,IT,0.3333333333333333,US7862827,,
5k311rlv471y1d4h4c6a706e3155p1g3p6n1d,Trondheim,NO,0.875,US9217150,63.4304475,10.3952118
5k311rlv471y1d4h4c6a706e3155p1g3p6n1d,Heimdal,NO,0.125,US9217150,63.3216469,10.4742217
5g6pg2d172s63719683np4m711k286e32ct,"Ithaca, NY",US,1.0,US8771668,42.4374175,-76.5483724
6p495w5s5o2z3r4t4t6b2m4x3i5g663ta5r1fl,Schipluiden,NL,0.3333333333333333,US8795998,51.9774012,4.3156816
6p495w5s5o2z3r4t4t6b2m4x3i5g663ta5r1fl,Delft,NL,0.6666666666666666,US8795998,51.9994572,4.3627245
5x1c4p131q5s522316p4f5h5e3s3x1v6532x4f,Limburgerhof,DE,0.3333333333333333,US8785727,49.4226572,8.3933508
5x1c4p131q5s522316p4f5h5e3s3x1v6532x4f,Preston Hertfordshire,GB,0.3333333333333333,US8785727,51.9085499,-0.2867678
5x1c4p131q5s522316p4f5h5e3s3x1v6532x4f,St. Albans Hertfordashire,GB,0.3333333333333333,US8785727,,
25q2b3q3t36h6c6k2e2n29w592y3j4n1d6t,Muenchen,DE,0.2857142857142857,US8809498,48.1371079,11.5753822
25q2b3q3t36h6c6k2e2n29w592y3j4n1d6t,Berlin,DE,0.5714285714285714,US8809498,52.5173885,13.3951309
25q2b3q3t36h6c6k2e2n29w592y3j4n1d6t,Bad Endorf,DE,0.14285714285714285,US8809498,47.906411,12.3013697
356e5u68432t3n2r122y5d5e60i584r3v6i231p,"Canton, MA",US,0.2,US9084837,42.1584324,-71.1447732
356e5u68432t3n2r122y5d5e60i584r3v6i231p,Hong Kong,CN,0.6,US9084837,22.2818333,114.1582831
356e5u68432t3n2r122y5d5e60i584r3v6i231p,"Somerville, MA",US,0.2,US9084837,42.3875968,-71.0994968
4t505va252u2s2p4j5l6o3k3b3j4f365pk5a1c,Sapporo-shi,JP,0.5,US8563281,43.061936,141.3542924
4t505va252u2s2p4j5l6o3k3b3j4f365pk5a1c,Nagoya-shi,JP,0.1,US8563281,35.1851045,136.8998438
4t505va252u2s2p4j5l6o3k3b3j4f365pk5a1c,Seto-shi,JP,0.1,US8563281,35.2238601,137.0840005
4t505va252u2s2p4j5l6o3k3b3j4f365pk5a1c,Aichi-gun,JP,0.3,US8563281,35.1089068,137.0616164
6z51262p5oa6g191a4i2j5l71d2u2yf202d5d,"Somerville, MA",US,0.5,US9358539,42.3875968,-71.0994968
6z51262p5oa6g191a4i2j5l71d2u2yf202d5d,"Bolton, MA",US,0.5,US9358539,42.4342336,-71.6097744
3j4g133r4l2g305w1a6u3a4696l1kx85kr2c,Siene,IT,1.0,US7368261,43.1672059,11.467561
4t5m731k693f4g6i5c4g2u1h3b603k1b275i6n2w,Berlin,DE,0.6666666666666666,US9206218,52.5173885,13.3951309
4t5m731k693f4g6i5c4g2u1h3b603k1b275i6n2w,Potsdam,DE,0.3333333333333333,US9206218,52.4009309,13.0591397
lk5s5e733c5y3z3b2k4k5b4q6u2f5v505s2hc,"Fremont, CA",US,0.5,US7561972,37.5482697,-121.988571
lk5s5e733c5y3z3b2k4k5b4q6u2f5v505s2hc,"Belmont, CA",US,0.5,US7561972,37.5164926,-122.2941914
123f6z2j68325v5x3q613r14306a3k2z3kq3j6c,Downingtown,,0.2,US7754482,40.0064958,-75.7032742
123f6z2j68325v5x3q613r14306a3k2z3kq3j6c,Merion Station,,0.4,US7754482,39.9981758,-75.2513256
123f6z2j68325v5x3q613r14306a3k2z3kq3j6c,Philadelphia,,0.4,US7754482,39.9527237,-75.1635262
3i4b261414l6w3c526i444sa27c245i1v4745,"Brookline, MA",US,0.5,US9497943,42.332918,-71.1187829
3i4b261414l6w3c526i444sa27c245i1v4745,"Cambridge, MA",US,0.5,US9497943,42.3656347,-71.1040018
u5m1o1v3c3a64475a4d6m5k3e5z2pc265z1u4t,Riehen,DE,0.2,US8388945,52.7612209,7.8553989
u5m1o1v3c3a64475a4d6m5k3e5z2pc265z1u4t,Zurich,CH,0.2,US8388945,47.3744489,8.5410422
u5m1o1v3c3a64475a4d6m5k3e5z2pc265z1u4t,Liebefeld,CH,0.2,US8388945,46.9322404,7.4204692
u5m1o1v3c3a64475a4d6m5k3e5z2pc265z1u4t,Freiburg im Breisgau,DE,0.2,US8388945,47.9960901,7.8494005
u5m1o1v3c3a64475a4d6m5k3e5z2pc265z1u4t,Magenwil,CH,0.2,US8388945,47.4122258,8.2301927
b5m6i1i601742z6o6385833154x4h5g3311v,"New York, NY",US,0.5,US7211562,40.7127281,-74.0060152
b5m6i1i601742z6o6385833154x4h5g3311v,"Tampa, FL",US,0.5,US7211562,27.9449854,-82.4583107
3hw6u5n5t5k5p5c3p3711o291r3m5j5y3o5k10,Siena,IT,0.5,US9421251,43.1672059,11.467561
3hw6u5n5t5k5p5c3p3711o291r3m5j5y3o5k10,Castelnuovo Berardenga,IT,0.5,US9421251,43.3455237,11.5018883
6ic3q124d5r321j6ff5e5zsc3e1l275953p,Vienna,AT,0.6,US6866853,48.2083537,16.3725042
6ic3q124d5r321j6ff5e5zsc3e1l275953p,"New York, NY",US,0.2,US6866853,40.7127281,-74.0060152
6ic3q124d5r321j6ff5e5zsc3e1l275953p,"Leonia, NJ",US,0.2,US6866853,40.8617353,-73.9880495
1e6r26u5o4p103a181f375b1n21626z2u2v3a5t,Tokyo,JP,1.0,US8440801,35.6768601,139.7638947
i566k571jl5w62694j5y1o3e4o4g1o2n5z6u5g,"La Jolla, CA",US,0.09090909090909091,US7045337,32.8458529,-117.2575702
i566k571jl5w62694j5y1o3e4o4g1o2n5z6u5g,"San Diego, CA",US,0.6363636363636364,US7045337,32.7174202,-117.162772
i566k571jl5w62694j5y1o3e4o4g1o2n5z6u5g,"Lexington, MA",US,0.09090909090909091,US7045337,42.4473175,-71.2245003
i566k571jl5w62694j5y1o3e4o4g1o2n5z6u5g,"North Haven, CT",US,0.09090909090909091,US7045337,41.3909305,-72.859545
i566k571jl5w62694j5y1o3e4o4g1o2n5z6u5g,"Philadelphia, PA",US,0.09090909090909091,US7045337,39.9527237,-75.1635262
2zk361d234o55143e4a6f4b5j2l4b2p123f471r,Nottinghamshire,GB,0.6666666666666666,US8940336,53.1459288,-1.0214971
2zk361d234o55143e4a6f4b5j2l4b2p123f471r,Aberdeenshire,GB,0.16666666666666666,US8940336,57.166667,-2.666667
2zk361d234o55143e4a6f4b5j2l4b2p123f471r,Manchester,GB,0.16666666666666666,US8940336,53.4424618,-2.2324547
6c4x305o6g39125g2v1f68603cn5w3o1l4i646u,"Ithaca, NY",US,0.6666666666666666,US9150850,42.4374175,-76.5483724
6c4x305o6g39125g2v1f68603cn5w3o1l4i646u,"Austin, TX",US,0.3333333333333333,US9150850,30.2711286,-97.7436995
515z3l2w5v6p584p261m2p502o4y521u4p5x1y28,Breda,NL,0.25,US8541199,51.5887845,4.7760237
515z3l2w5v6p584p261m2p502o4y521u4p5x1y28,Gulpen,NL,0.25,US8541199,50.8139879,5.8899585
515z3l2w5v6p584p261m2p502o4y521u4p5x1y28,Zandvoort,NL,0.25,US8541199,52.3595223,4.5350259
515z3l2w5v6p584p261m2p502o4y521u4p5x1y28,Wilnis,NL,0.25,US8541199,52.195378,4.899067
2i4o6t3w546z3w6h724065603a5h354w3g4yp1b,Steinfurt,DE,0.14285714285714285,US8226967,52.138683,7.3678356
2i4o6t3w546z3w6h724065603a5h354w3g4yp1b,Gelterkinden,CH,0.14285714285714285,US8226967,47.4640069,7.8544495
2i4o6t3w546z3w6h724065603a5h354w3g4yp1b,Frieburg,DE,0.14285714285714285,US8226967,35.0494482,-77.0341086
2i4o6t3w546z3w6h724065603a5h354w3g4yp1b,Zwingenberg,DE,0.14285714285714285,US8226967,49.7242,8.5915
2i4o6t3w546z3w6h724065603a5h354w3g4yp1b,Seeheim-Jugenheim,DE,0.14285714285714285,US8226967,49.7598,8.6632
2i4o6t3w546z3w6h724065603a5h354w3g4yp1b,Heppenheim,DE,0.14285714285714285,US8226967,49.64999,8.66768
2i4o6t3w546z3w6h724065603a5h354w3g4yp1b,Liestal,CH,0.14285714285714285,US8226967,47.4839723,7.7347783
6b6h123ct416h1l1l3m464m104b573338212i5k,"Wilmington, DE",US,0.14285714285714285,US7132527,39.7459468,-75.546589
6b6h123ct416h1l1l3m464m104b573338212i5k,"Landenbert, PA",US,0.14285714285714285,US7132527,,
6b6h123ct416h1l1l3m464m104b573338212i5k,"Redwood City, CA",US,0.14285714285714285,US7132527,37.4863239,-122.232523
6b6h123ct416h1l1l3m464m104b573338212i5k,"Cupertino, CA",US,0.14285714285714285,US7132527,37.3228934,-122.0322895
6b6h123ct416h1l1l3m464m104b573338212i5k,"Burlingam, CA",US,0.14285714285714285,US7132527,,
6b6h123ct416h1l1l3m464m104b573338212i5k,Deyme,FR,0.14285714285714285,US7132527,43.478179,1.5264609
6b6h123ct416h1l1l3m464m104b573338212i5k,"Landenberg, PA",US,0.14285714285714285,US7132527,39.7773329,-75.7713264
242k46561g3g191o6r1i19721g4132d2z2g1t,"South San Francisco, CA",US,0.7142857142857143,US8778631,37.6535403,-122.4168664
242k46561g3g191o6r1i19721g4132d2z2g1t,"Soquel, CA",US,0.14285714285714285,US8778631,36.992568,-121.9428597
242k46561g3g191o6r1i19721g4132d2z2g1t,"San Francisco, CA",US,0.14285714285714285,US8778631,37.7879363,-122.4075201
3049651w76361s1o5gyo5n13424u722j6j5d,Nagoya-shi,JP,0.16666666666666666,US8748137,35.1851045,136.8998438
3049651w76361s1o5gyo5n13424u722j6j5d,Seto-shi,JP,0.16666666666666666,US8748137,35.2238601,137.0840005
3049651w76361s1o5gyo5n13424u722j6j5d,Toyota-shi,JP,0.3333333333333333,US8748137,35.0834524,137.156737
3049651w76361s1o5gyo5n13424u722j6j5d,Nissin-shi,JP,0.16666666666666666,US8748137,35.1319241,137.0393314
3049651w76361s1o5gyo5n13424u722j6j5d,Sapporo-shi,JP,0.16666666666666666,US8748137,43.061936,141.3542924
422g6t3a6k54k2b4c19214j521e2a71p5o1e5d,Hertfordshire,GB,0.3333333333333333,US8119861,51.8400523,-0.0978552
422g6t3a6k54k2b4c19214j521e2a71p5o1e5d,St. Albans,GB,0.3333333333333333,US8119861,51.753051,-0.3379675
422g6t3a6k54k2b4c19214j521e2a71p5o1e5d,Herts,GB,0.3333333333333333,US8119861,51.8400523,-0.0978552
4h15585u36444za35123dy53125615n2l6c1n,"Emeryville, CA",US,0.2,US8226960,37.8314089,-122.2865266
4h15585u36444za35123dy53125615n2l6c1n,Siena,IT,0.8,US8226960,43.1672059,11.467561
a265n2j451j3w3y544h553ld21651od68382d,Strasbourg,FR,0.25,US9273115,48.584614,7.7507127
a265n2j451j3w3y544h553ld21651od68382d,Blaesheim,FR,0.25,US9273115,48.5067743,7.6100483
a265n2j451j3w3y544h553ld21651od68382d,"Champaign, IL",US,0.25,US9273115,40.1164841,-88.2430932
a265n2j451j3w3y544h553ld21651od68382d,"Urbana, IL",US,0.25,US9273115,40.1117174,-88.207301
4w1i22382k4x6z4l5k5r5bx34a2715ek3u48,Kyoto,JP,1.0,US8871437,35.0115754,135.7681441
5j5z2q4z6p12474v2v66j2w1zc2p8226t2i67,"Leonia, NJ",US,0.25,US8591881,40.8617353,-73.9880495
5j5z2q4z6p12474v2v66j2w1zc2p8226t2i67,"New York, NY",US,0.75,US8591881,40.7127281,-74.0060152
4p1127g3q6b2t2f412l3h3h1oe2e2d5l5p613i,"Boston, MA",US,0.3333333333333333,US8277812,42.3588336,-71.0578303
4p1127g3q6b2t2f412l3h3h1oe2e2d5l5p613i,"Greenville, SC",US,0.1111111111111111,US8277812,34.851354,-82.3984882
4p1127g3q6b2t2f412l3h3h1oe2e2d5l5p613i,"Somerville, MA",US,0.1111111111111111,US8277812,42.3875968,-71.0994968
4p1127g3q6b2t2f412l3h3h1oe2e2d5l5p613i,"Newton, MA",US,0.1111111111111111,US8277812,42.3300435,-71.194862
4p1127g3q6b2t2f412l3h3h1oe2e2d5l5p613i,"Chestnut Hill, MA",US,0.2222222222222222,US8277812,42.3234553,-71.1639439
4p1127g3q6b2t2f412l3h3h1oe2e2d5l5p613i,Ricclone,IT,0.1111111111111111,US8277812,,
1q3s5b6r3wx6m734v5k2c3p1c4642702t4g58b,"So.San Francisco, CA",US,1.0,US8110093,37.7879363,-122.4075201
2j1z11v4q1j44523x5th1x4t621kre2o1x1w,"La Jolla, CA",US,1.0,US8518927,32.8458529,-117.2575702
4j59j513j5w5m173v3b61534t2o595vg164y29,Steinfurt,DE,0.16666666666666666,US8758730,52.138683,7.3678356
4j59j513j5w5m173v3b61534t2o595vg164y29,Gelterkinden,CH,0.16666666666666666,US8758730,47.4640069,7.8544495
4j59j513j5w5m173v3b61534t2o595vg164y29,Freiburg,DE,0.16666666666666666,US8758730,47.9960901,7.8494005
4j59j513j5w5m173v3b61534t2o595vg164y29,Darmstadt,DE,0.16666666666666666,US8758730,49.872775,8.651177
4j59j513j5w5m173v3b61534t2o595vg164y29,Seeheim-Jugenheim,DE,0.16666666666666666,US8758730,49.7598,8.6632
4j59j513j5w5m173v3b61534t2o595vg164y29,Liestal,CH,0.16666666666666666,US8758730,47.4839723,7.7347783
592s524jkpc2z5h286qn1w565w3k4q4u4l34,Beijing,CN,1.0,US8435962,39.9057136,116.3912972
4ym1x3s5f43451j2q2g6e444b4c4iwh3a2n4,Bekkestua,NO,0.25,US7202216,59.9173125,10.5900467
4ym1x3s5f43451j2q2g6e444b4c4iwh3a2n4,"Palo Alto, CA",US,0.5,US7202216,37.4443293,-122.1598465
4ym1x3s5f43451j2q2g6e444b4c4iwh3a2n4,Lillesand,NO,0.25,US7202216,58.1161123,8.4403257
3g566rad2e1d4z1zf4q03t3f3i5f1l501m4r,Pijnacker,NL,0.25,US7888489,52.0200581,4.434186
3g566rad2e1d4z1zf4q03t3f3i5f1l501m4r,Hellevoetsluis,NL,0.25,US7888489,51.833921,4.1436739
3g566rad2e1d4z1zf4q03t3f3i5f1l501m4r,Huizen,NL,0.25,US7888489,52.2958122,5.2567209
3g566rad2e1d4z1zf4q03t3f3i5f1l501m4r,Delft,NL,0.25,US7888489,51.9994572,4.3627245
4q3o2j6q6p5bm6g2t672s2p4d6e1qdm6sv16,Utrecht,NL,0.25,US9163224,52.0907006,5.1215634
4q3o2j6q6p5bm6g2t672s2p4d6e1qdm6sv16,Delft,NL,0.25,US9163224,51.9994572,4.3627245
4q3o2j6q6p5bm6g2t672s2p4d6e1qdm6sv16,Pijnacker,NL,0.25,US9163224,52.0200581,4.434186
4q3o2j6q6p5bm6g2t672s2p4d6e1qdm6sv16,'s-Gravenhage,NL,0.25,US9163224,52.0799838,4.3113461
6p2c4b2m4x5c335lj4738133o3ut4n3r1q4x5f,Pijnacker,NL,0.5,US8812247,52.0200581,4.434186
6p2c4b2m4x5c335lj4738133o3ut4n3r1q4x5f,Delfgauw,NL,0.5,US8812247,52.0095838,4.3956354
j2r3k3x6k1y47v4w403m3f2d2x6a5u551s6sb,Bologna,IT,1.0,US8557267,44.4938203,11.3426327
3cd5966ge2w252e602x6t4cpzs2r305b5m,"Redwood City, CA",US,0.6666666666666666,US8825411,37.4863239,-122.232523
3cd5966ge2w252e602x6t4cpzs2r305b5m,"Los Altos, CA",US,0.3333333333333333,US8825411,37.3790629,-122.116578
4p6u40l6g5p5e3u1n666i2034442tf1u444y6u,"San Diego, CA",US,0.6666666666666666,US8101393,32.7174202,-117.162772
4p6u40l6g5p5e3u1n666i2034442tf1u444y6u,"Emeryville, CA",US,0.3333333333333333,US8101393,37.8314089,-122.2865266
2l4q4x6q3d2cg6d6w5n3744z5q6d5n1nm4365,Joondanna,AU,0.5,US8569025,-31.9100664,115.8365834
2l4q4x6q3d2cg6d6w5n3744z5q6d5n1nm4365,Lesmurdie,AU,0.25,US8569025,-32.0023411,116.0498493
2l4q4x6q3d2cg6d6w5n3744z5q6d5n1nm4365,Vancouver,CA,0.25,US8569025,49.2608724,-123.113952
q5g2f42q1f2k43735p5c5k6n5n23l4qw5il,Haga-gun,JP,1.0,US9029519,36.5102425,140.126863
3e4x4s146825a6t491w2c6z614y3u4z19z2q13,"San Diego, CA",US,0.5,US8728725,32.7174202,-117.162772
3e4x4s146825a6t491w2c6z614y3u4z19z2q13,"Richmond, TX",US,0.25,US8728725,29.5821811,-95.7607832
3e4x4s146825a6t491w2c6z614y3u4z19z2q13,"San Carlos, CA",US,0.25,US8728725,37.504936,-122.261823
735m5m2g2p1h5f383m4w704q6e104e322s6kq,"La Jolla, CA",US,0.3333333333333333,US9139633,32.8458529,-117.2575702
735m5m2g2p1h5f383m4w704q6e104e322s6kq,"San Diego, CA",US,0.6666666666666666,US9139633,32.7174202,-117.162772
4q4v1x5j5bg2g6wv562o18yu6b6u4l4ju1m,Haga-gun,JP,1.0,US8828935,36.5102425,140.126863
2e714196p1b3kc50684f3i3r4u76q4t1j232h,Haga-gun,JP,1.0,US8853153,36.5102425,140.126863
1f3i2as3b12594a25h2a121o4a6n432g4u5rg,Haga-gun,JP,1.0,US8933025,36.5102425,140.126863
2z3y58g234o2w5w673i2w654a3v502o2va425l,Mannheim,DE,0.2,US8980278,49.4892913,8.4673098
2z3y58g234o2w5w673i2w654a3v502o2va425l,Freiburg,DE,0.6,US8980278,47.9960901,7.8494005
2z3y58g234o2w5w673i2w654a3v502o2va425l,Buetschwil,CH,0.2,US8980278,47.3545519,9.0753212
622o5r12a33153w62d2b2e1p7732cq4n3843,Daejeon,KR,0.8333333333333334,US9783859,36.3497007,127.3849016
622o5r12a33153w62d2b2e1p7732cq4n3843,Gyeonggi-do,KR,0.16666666666666666,US9783859,37.2884675,127.0535231
6a5r34756l3e3c5g601364z1n696a1u445,Siena,IT,0.3333333333333333,US8858958,43.1672059,11.467561
6a5r34756l3e3c5g601364z1n696a1u445,"Cambridge, MA",US,0.3333333333333333,US8858958,42.3656347,-71.1040018
6a5r34756l3e3c5g601364z1n696a1u445,Castelnuovo Berardenga,IT,0.3333333333333333,US8858958,43.3455237,11.5018883
6k5g34p2o43k4e185x4j6q4a36631x2y3l4s4p,"Rowley, MA",US,0.1,US9034597,42.7136977,-70.8818364
6k5g34p2o43k4e185x4j6q4a36631x2y3l4s4p,"Ipswich, MA",US,0.1,US9034597,42.679273,-70.8411583
6k5g34p2o43k4e185x4j6q4a36631x2y3l4s4p,"Wenham, MA",US,0.2,US9034597,42.6046209,-70.8873511
6k5g34p2o43k4e185x4j6q4a36631x2y3l4s4p,"Topsfield, MA",US,0.1,US9034597,42.6390841,-70.9507469
6k5g34p2o43k4e185x4j6q4a36631x2y3l4s4p,"Cambridge, MA",US,0.1,US9034597,42.3656347,-71.1040018
6k5g34p2o43k4e185x4j6q4a36631x2y3l4s4p,"Boxford, MA",US,0.1,US9034597,42.6605844,-70.9971204
6k5g34p2o43k4e185x4j6q4a36631x2y3l4s4p,"Somerville, MA",US,0.1,US9034597,42.3875968,-71.0994968
6k5g34p2o43k4e185x4j6q4a36631x2y3l4s4p,"South Hamilton, MA",US,0.2,US9034597,42.6130398,-70.8723954
1d4y183r13h401f2w26733u1k5i1r5z3w2t3y4a,Mannheim,DE,0.25,US9332755,49.4892913,8.4673098
1d4y183r13h401f2w26733u1k5i1r5z3w2t3y4a,Freiburg,DE,0.75,US9332755,47.9960901,7.8494005
bu282i5i5i6e4e5z3e56ke6x2s1o5h4i663t,Tokyo,JP,1.0,US8906644,35.6768601,139.7638947
13463u4l1q3gm245u3b3l3a11zx2x1l5h5c,Maegenwil,CH,0.5,US8653046,47.4122258,8.2301927
13463u4l1q3gm245u3b3l3a11zx2x1l5h5c,Binningen,CH,0.5,US8653046,47.53656,7.570077
4y41q1e6x1g646r6j6t6h4m422lo112sk5l19,"South San Francisco, CA",US,1.0,US9133406,37.6535403,-122.4168664
564x4u5o261v3t2m514e4o7016345u332q2z2c3,Daejeon,KR,0.6,US9096872,36.3497007,127.3849016
564x4u5o261v3t2m514e4o7016345u332q2z2c3,Incheon,KR,0.2,US9096872,37.456,126.7052
564x4u5o261v3t2m514e4o7016345u332q2z2c3,Gangwon-do,KR,0.2,US9096872,37.7725252,128.3820739
2270401h594p5k426y5x4k6f5i3aw2v3h2i57,Saitama,JP,1.0,US8709721,35.9754168,139.4160114
461y1w2g6o48276l4y5i676s1u226i5x5q6cm4i,"San Gabriel, CA",US,0.3333333333333333,US8981056,34.0990995,-118.1085554
461y1w2g6o48276l4y5i676s1u226i5x5q6cm4i,"Los Angeles, CA",US,0.6666666666666666,US8981056,34.0536909,-118.242766
3b3z4w2s5a4m11151s3g96p2x03y3h47522u44,"Komae-shi, Tokyo",JP,0.25,US8686130,35.6347642,139.5787343
3b3z4w2s5a4m11151s3g96p2x03y3h47522u44,"Yokohama-shi, Kanagawa",JP,0.75,US8686130,35.4503381,139.6343802
x1w33lz10736f3845j6o4m61e5m5x4is6a,Nataf,IL,0.14285714285714285,US8962532,31.8320125,35.0679987
x1w33lz10736f3845j6o4m61e5m5x4is6a,Rehovot,IL,0.2857142857142857,US8962532,31.8952532,34.8105616
x1w33lz10736f3845j6o4m61e5m5x4is6a,Ramat Gan,IL,0.14285714285714285,US8962532,32.0686867,34.8246812
x1w33lz10736f3845j6o4m61e5m5x4is6a,Carmai Yosef,IL,0.14285714285714285,US8962532,,
x1w33lz10736f3845j6o4m61e5m5x4is6a,Haifa,IL,0.14285714285714285,US8962532,32.8191218,34.9983856
x1w33lz10736f3845j6o4m61e5m5x4is6a,Tel Aviv,IL,0.14285714285714285,US8962532,32.0852997,34.7818064
5k4611181h55695j454a3r6ht3q461p5x2g2l4,Calgary,CA,0.125,US8163980,51.0456064,-114.057541
5k4611181h55695j454a3r6ht3q461p5x2g2l4,"Berkeley, CA",US,0.25,US8163980,37.8708393,-122.272863
5k4611181h55695j454a3r6ht3q461p5x2g2l4,"Oakland, CA",US,0.125,US8163980,37.8044557,-122.271356
5k4611181h55695j454a3r6ht3q461p5x2g2l4,"El Cerrito, CA",US,0.25,US8163980,37.9154056,-122.301411
5k4611181h55695j454a3r6ht3q461p5x2g2l4,"San Francisco, CA",US,0.125,US8163980,37.7879363,-122.4075201
5k4611181h55695j454a3r6ht3q461p5x2g2l4,"Novato, CA",US,0.125,US8163980,38.1061979,-122.5681191
1i3u5r5iv103o3e5j6c244o712p5p4j1i6ik3b,"Boulder, CO",US,1.0,US7709192,40.0149856,-105.270545
3u4f6v5lg5141414of2n391c5u5t5w3wts5p,Tokyo,JP,0.8333333333333334,US8785195,35.6768601,139.7638947
3u4f6v5lg5141414of2n391c5u5t5w3wts5p,"Berkeley, CA",US,0.16666666666666666,US8785195,37.8708393,-122.272863
5tr3g2v2e1334206m5g2q1w6x6p4f2o6n232wo,Gif-sur-Yvette,FR,0.6666666666666666,US8765926,48.7018823,2.134529
5tr3g2v2e1334206m5g2q1w6x6p4f2o6n232wo,Antony,FR,0.3333333333333333,US8765926,48.753613,2.2958034
3z663mf2744uk72s4l532x656r6w5t52t5k,Kyoto,JP,0.5,US8592569,35.0115754,135.7681441
3z663mf2744uk72s4l532x656r6w5t52t5k,Hyogo,JP,0.3333333333333333,US8592569,34.914934,134.860666
3z663mf2744uk72s4l532x656r6w5t52t5k,Paris,FR,0.16666666666666666,US8592569,48.8534951,2.3483915
3xu2o513t3c6uv2x4rx4qu74233u2h514l,"San Mateo, CA",US,0.2857142857142857,US8088378,37.496904,-122.3330573
3xu2o513t3c6uv2x4rx4qu74233u2h514l,"San Carlos, CA",US,0.14285714285714285,US8088378,37.504936,-122.261823
3xu2o513t3c6uv2x4rx4qu74233u2h514l,"San Francisco, CA",US,0.2857142857142857,US8088378,37.7879363,-122.4075201
3xu2o513t3c6uv2x4rx4qu74233u2h514l,"Fremont, CA",US,0.14285714285714285,US8088378,37.5482697,-121.988571
3xu2o513t3c6uv2x4rx4qu74233u2h514l,"Mountain View, CA",US,0.14285714285714285,US8088378,37.3893889,-122.0832101
596p3e475xu6j1y2329273f1t1q1m35x352p24,London,GB,1.0,US8894837,51.5074456,-0.1277653
5l6ze6k5u6h6j44273c4m3u1c2e1cg3k5k69,Parnell,NZ,0.25,US8178330,-36.8554763,174.7805576
5l6ze6k5u6h6j44273c4m3u1c2e1cg3k5k69,Auckland,NZ,0.75,US8178330,-36.852095,174.7631803
cw564h25553t6e31403y6562393r4e56r3jc,"Carmel, IN",US,0.5,US8741603,39.9784186,-86.1283681
cw564h25553t6e31403y6562393r4e56r3jc,"Indianapolis, IN",US,0.5,US8741603,39.7683331,-86.1583502
3f1g1x1g7113312bw1v4v1uc5ch5m1y5k35i,Tottori,JP,1.0,US8940533,35.3555075,133.8678525
20o2e4e6f4i725o35q3n1f38jo26f126270,"Los Angeles, CA",US,0.5,US9150889,34.0536909,-118.242766
20o2e4e6f4i725o35q3n1f38jo26f126270,Sungnam-si,KR,0.5,US9150889,35.1349744,129.0584805
2ho3933301l106b2f4l4x51485j4o6a1lz47,"Chicago, IL",US,0.25,US8492591,41.8755616,-87.6244212
2ho3933301l106b2f4l4x51485j4o6a1lz47,"Durham, NC",US,0.25,US8492591,35.996653,-78.9018053
2ho3933301l106b2f4l4x51485j4o6a1lz47,Nacka,SE,0.25,US8492591,59.3120997,18.2073591
2ho3933301l106b2f4l4x51485j4o6a1lz47,Daejeon,KR,0.25,US8492591,36.3497007,127.3849016
5v4e1520f1s3r6k2l2q4p476t6p2e5s1n294y,"Englewood, CO",US,0.3333333333333333,US8133715,39.6482059,-104.9879641
5v4e1520f1s3r6k2l2q4p476t6p2e5s1n294y,"Parker, CO",US,0.08333333333333333,US8133715,39.5184514,-104.7612638
5v4e1520f1s3r6k2l2q4p476t6p2e5s1n294y,"Conifer, CO",US,0.08333333333333333,US8133715,39.5233424,-105.305499
5v4e1520f1s3r6k2l2q4p476t6p2e5s1n294y,"Denver, CO",US,0.16666666666666666,US8133715,39.7392364,-104.984862
5v4e1520f1s3r6k2l2q4p476t6p2e5s1n294y,"Highlands Ranch, CO",US,0.16666666666666666,US8133715,39.538565,-104.9725904
5v4e1520f1s3r6k2l2q4p476t6p2e5s1n294y,"Aurora, CO",US,0.16666666666666666,US8133715,39.7401441,-104.8733376
o1a2763n445f1c1t0263s3x3i6s724ej11l,Serra Ricco',IT,0.125,US8877858,44.5188233,8.9516139
o1a2763n445f1c1t0263s3x3i6s724ej11l,Genova,IT,0.25,US8877858,44.40726,8.9338624
o1a2763n445f1c1t0263s3x3i6s724ej11l,Stella S. Martino,IT,0.125,US8877858,44.3942992,8.5123011
o1a2763n445f1c1t0263s3x3i6s724ej11l,Mola di Bari,IT,0.125,US8877858,41.0613232,17.0917111
o1a2763n445f1c1t0263s3x3i6s724ej11l,Lecce,IT,0.125,US8877858,40.1522173,18.2260628
o1a2763n445f1c1t0263s3x3i6s724ej11l,Arnesano,IT,0.25,US8877858,40.3351996,18.0916278
5u6a4u5u6r1v5wm372v113b3h591j516e3c6z,Seoul,KR,0.25,US9133492,37.5666791,126.9782914
5u6a4u5u6r1v5wm372v113b3h591j516e3c6z,Goyang-si,KR,0.5,US9133492,37.6581862,126.8319452
5u6a4u5u6r1v5wm372v113b3h591j516e3c6z,Asan-si,KR,0.25,US9133492,36.7899498,127.0026769
5kg303i1h6k3ya6m25c1q04gl724x6u1g6v,Komae-shi,JP,0.2,US9285319,35.6347642,139.5787343
5kg303i1h6k3ya6m25c1q04gl724x6u1g6v,Yokohama-shi,JP,0.6,US9285319,35.4503381,139.6343802
5kg303i1h6k3ya6m25c1q04gl724x6u1g6v,Ohta-ku,JP,0.2,US9285319,38.2759101,140.8504815
1m5f4906u1a705z5x58023v434i25y4w5f28,Amsterdam,NL,1.0,US9085783,52.3730796,4.8924534
35yo4n2vo183q2u4o5v14t1i1f5i494h1x,Fussgonheim,DE,0.16666666666666666,US8951750,49.4601777,8.2928057
35yo4n2vo183q2u4o5v14t1i1f5i494h1x,Offenburg,DE,0.16666666666666666,US8951750,48.4695984,7.9429235
35yo4n2vo183q2u4o5v14t1i1f5i494h1x,Manchester,GB,0.16666666666666666,US8951750,53.4424618,-2.2324547
35yo4n2vo183q2u4o5v14t1i1f5i494h1x,Stockport,GB,0.16666666666666666,US8951750,53.407901,-2.160243
35yo4n2vo183q2u4o5v14t1i1f5i494h1x,Todmorden,GB,0.16666666666666666,US8951750,53.7137251,-2.097753
35yo4n2vo183q2u4o5v14t1i1f5i494h1x,Rawtenstall,GB,0.16666666666666666,US8951750,53.7012824,-2.2862723
5k633e611q1i3q3zf1s1n2y3se4n653r676166,Boulder,,1.0,US7368550,40.0149856,-105.270545
37dn4c483sdp3t2c1o6550273gb342h2y1e,Chiang Mai,TH,0.16666666666666666,US8691539,18.7882778,98.9858802
37dn4c483sdp3t2c1o6550273gb342h2y1e,"Baton Rouge, LA",US,0.16666666666666666,US8691539,30.4494155,-91.1869659
37dn4c483sdp3t2c1o6550273gb342h2y1e,"Gainesville, FL",US,0.6666666666666666,US8691539,29.6519684,-82.3249846
5e2q576p464e271m3s275d5r4z5a3l5g321s2w4s,"Berkeley, IL",US,0.14285714285714285,US9090674,41.8889194,-87.9033956
5e2q576p464e271m3s275d5r4z5a3l5g321s2w4s,"Riverside, CA",US,0.14285714285714285,US9090674,33.9824949,-117.374238
5e2q576p464e271m3s275d5r4z5a3l5g321s2w4s,"Round Rock, TX",US,0.14285714285714285,US9090674,30.5085915,-97.6788056
5e2q576p464e271m3s275d5r4z5a3l5g321s2w4s,"Austin, TX",US,0.5714285714285714,US9090674,30.2711286,-97.7436995
n6db4t5a183l1zu46435w3v2iz64e2l5o,Dortmund,DE,0.2,US9854799,51.5142273,7.4652789
n6db4t5a183l1zu46435w3v2iz64e2l5o,Kirchheim Unter Teck,DE,0.2,US9854799,48.6480545,9.4510227
n6db4t5a183l1zu46435w3v2iz64e2l5o,Essen,DE,0.2,US9854799,51.4582235,7.0158171
n6db4t5a183l1zu46435w3v2iz64e2l5o,Viersen,DE,0.2,US9854799,51.2562118,6.3905476
n6db4t5a183l1zu46435w3v2iz64e2l5o,Aachen,DE,0.2,US9854799,50.776351,6.083862
2w18363k2c4x4k394053s2s5v4f5l323x1h7350,Cork,IE,0.6666666666666666,US9187766,51.8985136,-8.4726423
2w18363k2c4x4k394053s2s5v4f5l323x1h7350,Canterbury Kent,GB,0.3333333333333333,US9187766,51.2800275,1.0802533
5j4b151x644q6b3d2d6w5lr5m5m563tp3b6d2a,"La Canada, CA",US,0.5,US8962295,33.7301661,-117.7638553
5j4b151x644q6b3d2d6w5lr5m5m563tp3b6d2a,"Norman, OK",US,0.5,US8962295,35.2225717,-97.4394816
4k5ti602b451t1m5w1k66r69nt6n5f3n1e20,Rechovot,IL,0.3333333333333333,US9063053,31.8952532,34.8105616
4k5ti602b451t1m5w1k66r69nt6n5f3n1e20,RaAnana,IL,0.3333333333333333,US9063053,32.1860244,34.8678359
4k5ti602b451t1m5w1k66r69nt6n5f3n1e20,Jerusalem,IL,0.3333333333333333,US9063053,31.7788472,35.2257856
2q2e655f2s5q72g2981a681l47573j4l3j18h,Wolfenbuttel,DE,0.5,US9169502,52.1625283,10.5348215
2q2e655f2s5q72g2981a681l47573j4l3j18h,Braunschweig,DE,0.5,US9169502,52.2646577,10.5236066
613d2g5l142w1x306x3l3n3a13r4c491x1u1h16,"Boston, MA",US,0.625,US9777305,42.3588336,-71.0578303
613d2g5l142w1x306x3l3n3a13r4c491x1u1h16,Edinburgh,GB,0.375,US9777305,55.9533456,-3.1883749
6w4o5z6f63731k27701l70j446s1n6p318w2j,Tokyo,JP,0.2,US9133452,35.6768601,139.7638947
6w4o5z6f63731k27701l70j446s1n6p318w2j,Chiba,JP,0.8,US9133452,35.549399,140.2647303
1k5t4l5w5h1w4c1v4h3s4cf2z1o5y5hos1u13,Vienna,AT,1.0,US8962277,48.2083537,16.3725042
4c64251t201m6c716s4j2f6y472y4a473k524c,"New York, NY",US,1.0,US9880088,40.7127281,-74.0060152
5q5l5l1z3v483o391e5441l2y3m6i523m3k48,Isneauville,FR,0.1111111111111111,US9587245,49.4988394,1.1416384
5q5l5l1z3v483o391e5441l2y3m6i523m3k48,Evreux,FR,0.1111111111111111,US9587245,49.0268903,1.1510164
5q5l5l1z3v483o391e5441l2y3m6i523m3k48,Nantes,FR,0.2222222222222222,US9587245,47.2186371,-1.5541362
5q5l5l1z3v483o391e5441l2y3m6i523m3k48,Bourdainville,FR,0.1111111111111111,US9587245,49.6724837,0.9445861
5q5l5l1z3v483o391e5441l2y3m6i523m3k48,Rouen,FR,0.1111111111111111,US9587245,49.4404591,1.0939658
5q5l5l1z3v483o391e5441l2y3m6i523m3k48,BASSE GOULAINE,FR,0.1111111111111111,US9587245,47.2155058,-1.4652044
5q5l5l1z3v483o391e5441l2y3m6i523m3k48,GRAND COURONNE,FR,0.1111111111111111,US9587245,49.3534994,1.0043489
5q5l5l1z3v483o391e5441l2y3m6i523m3k48,NANTES,FR,0.1111111111111111,US9587245,47.2186371,-1.5541362
2au3ho4n4j2f5v2318563a53i1ax336n5v4j,"Seattle, WA",US,0.3333333333333333,US8765686,47.6038321,-122.330062
2au3ho4n4j2f5v2318563a53i1ax336n5v4j,"East Grand Rapids, MI",US,0.3333333333333333,US8765686,42.9412024,-85.6097309
2au3ho4n4j2f5v2318563a53i1ax336n5v4j,Rehovot,IL,0.3333333333333333,US8765686,31.8952532,34.8105616
5323e3e1g1e1n5u283g4h141x25626iz4h6p1h,Vanlose,DK,0.3333333333333333,US8859230,55.6871724,12.4915039
5323e3e1g1e1n5u283g4h141x25626iz4h6p1h,Copenhagen,DK,0.3333333333333333,US8859230,55.6867243,12.5700724
5323e3e1g1e1n5u283g4h141x25626iz4h6p1h,Virum,DK,0.3333333333333333,US8859230,55.7939593,12.4694709
1v4a4y3g3p1v693i06q5k6o4e225a4w2f3d5m27,Vienna,AT,0.5,US9328359,48.2083537,16.3725042
1v4a4y3g3p1v693i06q5k6o4e225a4w2f3d5m27,Moerbisch am See,AT,0.25,US9328359,47.7532964,16.6658697
1v4a4y3g3p1v693i06q5k6o4e225a4w2f3d5m27,Wien,AT,0.25,US9328359,48.2083537,16.3725042
42246b3f332152q3f3d2d4e2u2f6f3v11306821,"San Diego, CA",US,1.0,US8785611,32.7174202,-117.162772
4u44h3b4e72x5d1p6t652q111q5u3m612w7057,Daejeon,KR,0.25,US8691516,36.3497007,127.3849016
4u44h3b4e72x5d1p6t652q111q5u3m612w7057,Gyeongsangnam-do,KR,0.25,US8691516,35.3878276,128.3662341
4u44h3b4e72x5d1p6t652q111q5u3m612w7057,Jeju-do,KR,0.25,US8691516,33.4887737,126.4987083
4u44h3b4e72x5d1p6t652q111q5u3m612w7057,Busan,KR,0.25,US8691516,35.1799528,129.0752365
5i2n563d4q2i5g4l193ga1g5aq4b5w3p3s551,"Zhuhai, Guangdong",CN,1.0,US9895095,22.273734,113.5721327
1ug2bq1ug28lh1uz1w3j2w174j1d1w1b17,"San Diego, CA",US,0.5,US7030213,32.7174202,-117.162772
1ug2bq1ug28lh1uz1w3j2w174j1d1w1b17,"Rancho Santa Fe, CA",US,0.5,US7030213,33.0242314,-117.1979781
5z5y4z5i712z6u2nh38162z1kj4p4w353h4s12,Tokyo,JP,0.8,US6617140,35.6768601,139.7638947
5z5y4z5i712z6u2nh38162z1kj4p4w353h4s12,Kawasaki-shi,JP,0.2,US6617140,35.5306639,139.7037668
122g536i2u1m124e1j6rt122g1f39324l4lf3o,Tokyo,JP,0.7142857142857143,US6767726,35.6768601,139.7638947
122g536i2u1m124e1j6rt122g1f39324l4lf3o,Ebina-shi,JP,0.14285714285714285,US6767726,35.4464147,139.3906427
122g536i2u1m124e1j6rt122g1f39324l4lf3o,Kawasaki-shi,JP,0.14285714285714285,US6767726,35.5306639,139.7037668
s3t2fw1j4j6zc1x6gzp36531tj285h5d6x,La Jolla,,0.2,US7364737,32.8458529,-117.2575702
s3t2fw1j4j6zc1x6gzp36531tj285h5d6x,San Diego,,0.2,US7364737,32.7174202,-117.162772
s3t2fw1j4j6zc1x6gzp36531tj285h5d6x,Bethesda,,0.4,US7364737,38.9812726,-77.1233587
s3t2fw1j4j6zc1x6gzp36531tj285h5d6x,Brentwood,,0.2,US7364737,37.9317766,-121.696026
6z6x4374j5p4p683h111i6i3y3f663l3z4n1715,"Rockville, MD",US,0.3333333333333333,US7067318,39.0817985,-77.1516844
6z6x4374j5p4p683h111i6i3y3f663l3z4n1715,"Chicago, IL",US,0.3333333333333333,US7067318,41.8755616,-87.6244212
6z6x4374j5p4p683h111i6i3y3f663l3z4n1715,"Ann Arbor, MI",US,0.3333333333333333,US7067318,42.2813722,-83.7484616
6k2g2p6u505g4abn69i4k6b1y5o4u1b2a66z,Siena,IT,0.6666666666666666,US7291588,43.1672059,11.467561
6k2g2p6u505g4abn69i4k6b1y5o4u1b2a66z,Castelnuovo Berardenga,IT,0.3333333333333333,US7291588,43.3455237,11.5018883
6g6p4o2j6l3yvcbf1zt3k2k5o1a434h4e4j,"Redwood Shores, CA",US,0.2,US6699719,37.5318804,-122.2480219
6g6p4o2j6l3yvcbf1zt3k2k5o1a434h4e4j,"Mountain View, CA",US,0.2,US6699719,37.3893889,-122.0832101
6g6p4o2j6l3yvcbf1zt3k2k5o1a434h4e4j,"Fremont, CA",US,0.2,US6699719,37.5482697,-121.988571
6g6p4o2j6l3yvcbf1zt3k2k5o1a434h4e4j,"Stanford, CA",US,0.2,US6699719,37.4265407,-122.1703055
6g6p4o2j6l3yvcbf1zt3k2k5o1a434h4e4j,"Berkeley, CA",US,0.2,US6699719,37.8708393,-122.272863
3v261u2p474k4n1w141j3095e4yi1i5c513c4x,Edmonton,CA,1.0,US7655775,53.5462055,-113.491241
7e4te3s6k31s66535h271a1y3v1k5i564i,Siena,IT,0.2,US7700755,43.1672059,11.467561
7e4te3s6k31s66535h271a1y3v1k5i564i,Monteriggioni,IT,0.4,US7700755,43.3899772,11.2235936
7e4te3s6k31s66535h271a1y3v1k5i564i,Avezzano,IT,0.2,US7700755,42.0402067,13.4545144
7e4te3s6k31s66535h271a1y3v1k5i564i,Quercegrossa,IT,0.2,US7700755,43.3946779,11.3096563
5f445q5y5v5s4hy6h485l645q5r2k3r5t1rw22,Clermont-Ferrand,FR,0.6666666666666666,US6890536,45.7774551,3.0819427
5f445q5y5v5s4hy6h485l645q5r2k3r5t1rw22,Paris,FR,0.3333333333333333,US6890536,48.8534951,2.3483915
2m514o685d8334eo4u3t361x4w234c2l3j5h,Taejon-si,KR,0.2,US6894073,,
2m514o685d8334eo4u3t361x4w234c2l3j5h,Seo-ku Taejon-si,KR,0.2,US6894073,,
2m514o685d8334eo4u3t361x4w234c2l3j5h,"Seo-ku, Taejon-si",KR,0.2,US6894073,,
2m514o685d8334eo4u3t361x4w234c2l3j5h,"yusong-ku, Taejon-si",KR,0.2,US6894073,,
2m514o685d8334eo4u3t361x4w234c2l3j5h,"Yusong-ku, Taejon",KR,0.2,US6894073,,
6ej6u4z5l216f4h3s6f5f1p53576cz55401m4g,Daejeon,KR,1.0,US9410167,36.3497007,127.3849016
412f6p1uh3h3a2j6q5q2w482ew2n2i731z516j,"Malvern, PA",US,1.0,US7842460,40.036202,-75.5138959
315f62484p676x1n5v3q3m2s5r641d2n2h2m6s3c,Daejeon,KR,1.0,US8383379,36.3497007,127.3849016
3t2w362n4p422p5961394i6i2l5v3w5415i3a65,Daejeon,KR,1.0,US8765402,36.3497007,127.3849016
5f32d4d4k3u37382v4f6b462x3l6s3a6e5w612w,Daejeon,KR,1.0,US8541652,36.3497007,127.3849016
1l6a6c1t4o1g5l26l6y1q3e5i6j3b5y232q5v5y,Daejeon,KR,0.6,US8877482,36.3497007,127.3849016
1l6a6c1t4o1g5l26l6y1q3e5i6j3b5y232q5v5y,Seoul,KR,0.2,US8877482,37.5666791,126.9782914
1l6a6c1t4o1g5l26l6y1q3e5i6j3b5y232q5v5y,Jeju-do,KR,0.2,US8877482,33.4887737,126.4987083
5rk6n2635345f4f6v4m41u3wq356r715d2a1r,Daejeon,KR,1.0,US8715976,36.3497007,127.3849016
6w295m4u3rn6dz103272fwbf6e282k6b24,Taejeon-si,KR,1.0,US8394799,35.9197528,128.5473589
2w3i3s3o2m1x3m3a2d3v485n2i6e441u2l683y30,Daejeon,KR,0.6,US8494779,36.3497007,127.3849016
2w3i3s3o2m1x3m3a2d3v485n2i6e441u2l683y30,Gyeonggi-do,KR,0.2,US8494779,37.2884675,127.0535231
2w3i3s3o2m1x3m3a2d3v485n2i6e441u2l683y30,Incheon,KR,0.2,US8494779,37.456,126.7052
50d6o5v56c396l4t1v4w6w18573r2z2o3w4p2y,Daejeon,KR,0.5,US8148137,36.3497007,127.3849016
50d6o5v56c396l4t1v4w6w18573r2z2o3w4p2y,Gyeonggi-do,KR,0.5,US8148137,37.2884675,127.0535231
5o3p1328512zf5c4u4t423i3h102q451f4g682n,Wezemaal,BE,0.25,US8076310,50.9482598,4.7544622
5o3p1328512zf5c4u4t423i3h102q451f4g682n,Heverlee,BE,0.25,US8076310,50.8645908,4.6937736
5o3p1328512zf5c4u4t423i3h102q451f4g682n,Leuven,BE,0.25,US8076310,50.879202,4.7011675
5o3p1328512zf5c4u4t423i3h102q451f4g682n,Bierbeek,BE,0.25,US8076310,50.8278113,4.754358
2s242h1d4d54vwiu4ds731z381b6zj6j25,Machida-shi,JP,0.6666666666666666,US7041446,35.5466803,139.4386999
2s242h1d4d54vwiu4ds731z381b6zj6j25,Yokohama-shi,JP,0.3333333333333333,US7041446,35.4503381,139.6343802
53c1b3e522a5m6h333n5t491s4y906a1w5c4l,"Rockville, MD",US,0.3333333333333333,US7220558,39.0817985,-77.1516844
53c1b3e522a5m6h333n5t491s4y906a1w5c4l,"Bethesda, MD",US,0.3333333333333333,US7220558,38.9812726,-77.1233587
53c1b3e522a5m6h333n5t491s4y906a1w5c4l,"Chicago, IL",US,0.3333333333333333,US7220558,41.8755616,-87.6244212
6b2i4q266i3ugu1w516a4337z4w6m55h163l,"San Marino, CA",US,0.5,US6833242,34.1215947,-118.105739
6b2i4q266i3ugu1w516a4337z4w6m55h163l,"Foster City, CA",US,0.5,US6833242,37.5600336,-122.2688522
6o18662oz483h5rlc5nn3995d1j3d6q,Guilford,,0.14285714285714285,US7211390,36.0875688,-79.7888515
6o18662oz483h5rlc5nn3995d1j3d6q,Paris,FR,0.14285714285714285,US7211390,48.8534951,2.3483915
6o18662oz483h5rlc5nn3995d1j3d6q,New Haven,,0.2857142857142857,US7211390,41.3082138,-72.9250518
6o18662oz483h5rlc5nn3995d1j3d6q,Clinton,,0.14285714285714285,US7211390,41.2711458,-77.6984481
6o18662oz483h5rlc5nn3995d1j3d6q,Madison,,0.14285714285714285,US7211390,43.07469,-89.3841663
6o18662oz483h5rlc5nn3995d1j3d6q,Pawcatuck,,0.14285714285714285,US7211390,41.3773663,-71.8456114
3d3p5u2j5y5m6g18502z4ry5w1g6kg2f58681k,La Jolla,,1.0,US8606553,32.8458529,-117.2575702
13ih6f23403d4s1v1k6221354u1z6q542xn3q,"Del Mar, CA",US,0.5,US6660229,32.9594891,-117.2653146
13ih6f23403d4s1v1k6221354u1z6q542xn3q,"Boston, MA",US,0.5,US6660229,42.3588336,-71.0578303
6v5i3qb5n6t2144922db454m5q3o2i2x351i,Naperville,,0.16666666666666666,US6410935,41.7728699,-88.1479278
6v5i3qb5n6t2144922db454m5q3o2i2x351i,Downers Grove,,0.3333333333333333,US6410935,41.7936822,-88.0102281
6v5i3qb5n6t2144922db454m5q3o2i2x351i,Belgrade,YU,0.16666666666666666,US6410935,50.471128,4.8266205
6v5i3qb5n6t2144922db454m5q3o2i2x351i,West Brooklyn,,0.16666666666666666,US6410935,41.6929334,-89.147012
6v5i3qb5n6t2144922db454m5q3o2i2x351i,Elmhurst,,0.16666666666666666,US6410935,41.8994745,-87.9403418
19733i6q4n2a472292i5r163p1067171519535h,Dusseldorf,DE,0.16666666666666666,US6830921,51.2254018,6.7763137
19733i6q4n2a472292i5r163p1067171519535h,Tubingen,DE,0.16666666666666666,US6830921,48.5203263,9.053596
19733i6q4n2a472292i5r163p1067171519535h,Halle,DE,0.16666666666666666,US6830921,51.4824354,11.9712985
19733i6q4n2a472292i5r163p1067171519535h,Julich,DE,0.3333333333333333,US6830921,50.9220931,6.3611015
19733i6q4n2a472292i5r163p1067171519535h,Kerala,IN,0.16666666666666666,US6830921,10.3528744,76.5120396
25406q6t5r442l221f4s4l2j4s2v21593a2n251y,"Cambridge, MA",US,0.5,US6784336,42.3656347,-71.1040018
25406q6t5r442l221f4s4l2j4s2v21593a2n251y,"Brookline, MA",US,0.5,US6784336,42.332918,-71.1187829
346k2832c1y1y3yu5a122y511bp1g3o3jf24,Ithaca,,0.3333333333333333,US6852835,42.4374175,-76.5483724
346k2832c1y1y3yu5a122y511bp1g3o3jf24,Lincoln,,0.3333333333333333,US6852835,40.8088861,-96.7077751
346k2832c1y1y3yu5a122y511bp1g3o3jf24,Oakland,,0.3333333333333333,US6852835,37.8044557,-122.271356
3s3h47k2l2j5d2w33w2s5i4f3x6m70463g4c38,Salzkotten,DE,0.1111111111111111,US6815196,51.6717596,8.6068636
3s3h47k2l2j5d2w33w2s5i4f3x6m70463g4c38,Halle,DE,0.1111111111111111,US6815196,51.4824354,11.9712985
3s3h47k2l2j5d2w33w2s5i4f3x6m70463g4c38,Gelnhausen,DE,0.1111111111111111,US6815196,50.2024004,9.1873874
3s3h47k2l2j5d2w33w2s5i4f3x6m70463g4c38,Guetersloh,DE,0.1111111111111111,US6815196,51.9166621,8.4043282
3s3h47k2l2j5d2w33w2s5i4f3x6m70463g4c38,Bielefeld,DE,0.3333333333333333,US6815196,52.0191005,8.531007
3s3h47k2l2j5d2w33w2s5i4f3x6m70463g4c38,Steinhagen,DE,0.1111111111111111,US6815196,53.8436425,11.929235
3s3h47k2l2j5d2w33w2s5i4f3x6m70463g4c38,Niddatal,DE,0.1111111111111111,US6815196,50.2833,8.83333
1o6d4h3173j4294819z36a6e635a5n2k4v2e,Salzkotten,DE,0.1,US6942996,51.6717596,8.6068636
1o6d4h3173j4294819z36a6e635a5n2k4v2e,Duesseldorf,DE,0.1,US6942996,51.2254018,6.7763137
1o6d4h3173j4294819z36a6e635a5n2k4v2e,Halle,DE,0.1,US6942996,51.4824354,11.9712985
1o6d4h3173j4294819z36a6e635a5n2k4v2e,Gelnhausen,DE,0.1,US6942996,50.2024004,9.1873874
1o6d4h3173j4294819z36a6e635a5n2k4v2e,Guetersloh,DE,0.1,US6942996,51.9166621,8.4043282
1o6d4h3173j4294819z36a6e635a5n2k4v2e,Bielefeld,DE,0.3,US6942996,52.0191005,8.531007
1o6d4h3173j4294819z36a6e635a5n2k4v2e,Steinhagen,DE,0.1,US6942996,53.8436425,11.929235
1o6d4h3173j4294819z36a6e635a5n2k4v2e,Niddatal,DE,0.1,US6942996,50.2833,8.83333
4j1j451m351r2y4f25196w3hj6y6a3c2933641,Duesseldorf,DE,0.1111111111111111,US6812016,51.2254018,6.7763137
4j1j451m351r2y4f25196w3hj6y6a3c2933641,Halle,DE,0.1111111111111111,US6812016,51.4824354,11.9712985
4j1j451m351r2y4f25196w3hj6y6a3c2933641,Gelnhausen,DE,0.1111111111111111,US6812016,50.2024004,9.1873874
4j1j451m351r2y4f25196w3hj6y6a3c2933641,Guetersloh,DE,0.1111111111111111,US6812016,51.9166621,8.4043282
4j1j451m351r2y4f25196w3hj6y6a3c2933641,Bielefeld,DE,0.3333333333333333,US6812016,52.0191005,8.531007
4j1j451m351r2y4f25196w3hj6y6a3c2933641,Steinhagen,DE,0.1111111111111111,US6812016,53.8436425,11.929235
4j1j451m351r2y4f25196w3hj6y6a3c2933641,Niddatal,DE,0.1111111111111111,US6812016,50.2833,8.83333
444i4y4d2l3g434s576k395y5o4k5hm3n3q5w4y,"Chapel Hill, NC",US,0.625,US6783939,35.9131542,-79.05578
444i4y4d2l3g434s576k395y5o4k5hm3n3q5w4y,"Holly Springs, NC",US,0.125,US6783939,35.6512655,-78.8336218
444i4y4d2l3g434s576k395y5o4k5hm3n3q5w4y,"Durham, NC",US,0.25,US6783939,35.996653,-78.9018053
42236v6c3v4i5283y6fc3m4x35e4mf4b2h6j,"Knoxville, TN",US,0.8,US6858455,35.9603948,-83.9210261
42236v6c3v4i5283y6fc3m4x35e4mf4b2h6j,"Knoxville, TX",US,0.2,US6858455,32.0972663,-95.0860128
v2s33z1d6rc3p61p493f4u2c2r2m4s1a4x16,"Boston, MA",US,0.5,US7094599,42.3588336,-71.0578303
v2s33z1d6rc3p61p493f4u2c2r2m4s1a4x16,"Belmont, MA",US,0.25,US7094599,42.3959296,-71.1786655
v2s33z1d6rc3p61p493f4u2c2r2m4s1a4x16,Watertown,,0.25,US7094599,42.3652576,-71.1843234
3v1ea2x2d2b2fzm4g5r6s606j1tw5l3m4v47,Haga-gun,JP,1.0,US6689874,36.5102425,140.126863
4mo3o6i5n2i3j3e6fw6n18284l4j1c402u382x,"Des Moines, IA",US,0.4,US6822140,41.5868654,-93.6249494
4mo3o6i5n2i3j3e6fw6n18284l4j1c402u382x,"Norwalk, IA",US,0.2,US6822140,41.4755492,-93.6788876
4mo3o6i5n2i3j3e6fw6n18284l4j1c402u382x,"Guilford, CT",US,0.2,US6822140,41.2827593,-72.6816365
4mo3o6i5n2i3j3e6fw6n18284l4j1c402u382x,"Branford, CT",US,0.2,US6822140,41.2795414,-72.8150989
453gf6s6p6s5o5p5v5s6pc2j6ld4y351t6nt,"Blaine, TN",US,0.25,US7020560,36.1542508,-83.7040704
453gf6s6p6s5o5p5v5s6pc2j6ld4y351t6nt,"Knoxville, TN",US,0.5,US7020560,35.9603948,-83.9210261
453gf6s6p6s5o5p5v5s6pc2j6ld4y351t6nt,"West Lafayette, TN",US,0.25,US7020560,35.12947,-89.9579275
4y3r63294w5k4r1j1b6f3i4w5i546x1p1k392e2j,"Rancho Santa Fe, CA",US,0.5,US7144860,33.0242314,-117.1979781
4y3r63294w5k4r1j1b6f3i4w5i546x1p1k392e2j,"San Diego, CA",US,0.5,US7144860,32.7174202,-117.162772
f5m5i4x3g5h3mk1e5el3x585rh5o3q402c14,"Hillsborough, CA",US,0.058823529411764705,US7462469,37.557252,-122.362529
f5m5i4x3g5h3mk1e5el3x585rh5o3q402c14,"San Francisco, CA",US,0.058823529411764705,US7462469,37.7879363,-122.4075201
f5m5i4x3g5h3mk1e5el3x585rh5o3q402c14,"Menlo Park, CA",US,0.058823529411764705,US7462469,37.4519671,-122.177992
f5m5i4x3g5h3mk1e5el3x585rh5o3q402c14,"San Carlos, CA",US,0.058823529411764705,US7462469,37.504936,-122.261823
f5m5i4x3g5h3mk1e5el3x585rh5o3q402c14,"Los Altos, CA",US,0.058823529411764705,US7462469,37.3790629,-122.116578
f5m5i4x3g5h3mk1e5el3x585rh5o3q402c14,"Fremont, CA",US,0.058823529411764705,US7462469,37.5482697,-121.988571
f5m5i4x3g5h3mk1e5el3x585rh5o3q402c14,"Belmont, CA",US,0.11764705882352941,US7462469,37.5164926,-122.2941914
f5m5i4x3g5h3mk1e5el3x585rh5o3q402c14,"Raleigh, NC",US,0.058823529411764705,US7462469,35.7803977,-78.6390989
f5m5i4x3g5h3mk1e5el3x585rh5o3q402c14,"Foster City, CA",US,0.058823529411764705,US7462469,37.5600336,-122.2688522
f5m5i4x3g5h3mk1e5el3x585rh5o3q402c14,"Mountain View, CA",US,0.11764705882352941,US7462469,37.3893889,-122.0832101
f5m5i4x3g5h3mk1e5el3x585rh5o3q402c14,"Los Gatos, CA",US,0.058823529411764705,US7462469,37.226611,-121.9746797
f5m5i4x3g5h3mk1e5el3x585rh5o3q402c14,"East Palo Alto, CA",US,0.058823529411764705,US7462469,37.4688273,-122.141075
f5m5i4x3g5h3mk1e5el3x585rh5o3q402c14,"Walnut Creek, CA",US,0.058823529411764705,US7462469,37.9020731,-122.0618702
f5m5i4x3g5h3mk1e5el3x585rh5o3q402c14,"Sunnyvale, CA",US,0.058823529411764705,US7462469,37.3688301,-122.036349
f5m5i4x3g5h3mk1e5el3x585rh5o3q402c14,"Lake Village Zephyr Cove, NV",US,0.058823529411764705,US7462469,,
5s5e43715072q1p365e50i5h69526b1x72qw,Zurich,CH,0.6666666666666666,US7132475,47.3744489,8.5410422
5s5e43715072q1p365e50i5h69526b1x72qw,Uster,CH,0.3333333333333333,US7132475,47.3512065,8.7179221
22914d1b6d2s1m2h2d2d6s243w3hcl6x733x,"Boulder, CO",US,1.0,US6706482,40.0149856,-105.270545
4a5t671n2i1w3m65416x5u6o6a271i4o2e24sa,Kanagawa,JP,0.3333333333333333,US7052693,35.4342935,139.374753
4a5t671n2i1w3m65416x5u6o6a271i4o2e24sa,Tokyo,JP,0.3333333333333333,US7052693,35.6768601,139.7638947
4a5t671n2i1w3m65416x5u6o6a271i4o2e24sa,Chiba,JP,0.16666666666666666,US7052693,35.549399,140.2647303
4a5t671n2i1w3m65416x5u6o6a271i4o2e24sa,Saitama,JP,0.16666666666666666,US7052693,35.9754168,139.4160114
44o2w26hy6v424o6y1ar734tx6g5j3y2e17,"Ann Arbor, MI",US,0.8333333333333334,US7704728,42.2813722,-83.7484616
44o2w26hy6v424o6y1ar734tx6g5j3y2e17,"San Marino, CA",US,0.16666666666666666,US7704728,34.1215947,-118.105739
2m6h573c45276j5e1fa6u2731u3a27f1r5j21,"Chicago, IL",US,0.5,US7172905,41.8755616,-87.6244212
2m6h573c45276j5e1fa6u2731u3a27f1r5j21,"Brookline, MA",US,0.5,US7172905,42.332918,-71.1187829
4gq552h2k453i6j4vx5m5g2x6w4f3k2r5m4h36,"Houston, TX",US,0.7142857142857143,US7211654,29.7589382,-95.3676974
4gq552h2k453i6j4vx5m5g2x6w4f3k2r5m4h36,"Campbell, CA",US,0.14285714285714285,US7211654,37.2870626,-121.944881
4gq552h2k453i6j4vx5m5g2x6w4f3k2r5m4h36,"New York, NY",US,0.14285714285714285,US7211654,40.7127281,-74.0060152
m5f6x32471o5i203i1p653u2d6t1w5k73504m6i,"Houston, TX",US,0.6666666666666666,US7491680,29.7589382,-95.3676974
m5f6x32471o5i203i1p653u2d6t1w5k73504m6i,"Ann Arbor, MI",US,0.3333333333333333,US7491680,42.2813722,-83.7484616
4734v22i4p4h325q6961a375i3s2t6r1s625u,"Arlington, MA",US,0.3333333333333333,US7020355,42.4153739,-71.1564428
4734v22i4p4h325q6961a375i3s2t6r1s625u,"Goleta, CA",US,0.3333333333333333,US7020355,34.4358295,-119.8276389
4734v22i4p4h325q6961a375i3s2t6r1s625u,"Newton, MA",US,0.3333333333333333,US7020355,42.3300435,-71.194862
2a722i6n5655tj5n5d285o1875q5zk6x1h24,"Princeton, NJ",US,0.5,US6844423,40.3496953,-74.6597376
2a722i6n5655tj5n5d285o1875q5zk6x1h24,Calgary,CA,0.5,US6844423,51.0456064,-114.057541
p26y4u6i2j1j3xw431a492z2z2z3s4j624q45,"Bellaire, TX",US,0.3333333333333333,US7186879,29.7057858,-95.4588299
p26y4u6i2j1j3xw431a492z2z2z3s4j624q45,"San Diego, CA",US,0.3333333333333333,US7186879,32.7174202,-117.162772
p26y4u6i2j1j3xw431a492z2z2z3s4j624q45,"Houston, TX",US,0.3333333333333333,US7186879,29.7589382,-95.3676974
6s1z44265a3i476k1a1lu1n5j3d95q423v5l1c,"Stony Brook, NY",US,0.5,US7147848,40.908482,-73.1325471
6s1z44265a3i476k1a1lu1n5j3d95q423v5l1c,"East Setauket, NY",US,0.5,US7147848,40.919085,-73.0963408
4i604v26e1e6r525b4p3m546ob611on354959,"Lower Gwynedd, PA",US,0.2,US7291693,40.1878212,-75.2363183
4i604v26e1e6r525b4p3m546ob611on354959,Moscow,RU,0.2,US7291693,55.625578,37.6063916
4i604v26e1e6r525b4p3m546ob611on354959,"Middleton, WI",US,0.2,US7291693,43.0962919,-89.5119565
4i604v26e1e6r525b4p3m546ob611on354959,"Newton, MA",US,0.2,US7291693,42.3300435,-71.194862
4i604v26e1e6r525b4p3m546ob611on354959,Oberwil,CH,0.2,US7291693,47.5136942,7.5527853
5u2g6z453j6h47112u6p2r4059143m3a2kt2wf,"Lexington, MA",US,0.5,US7179784,42.4473175,-71.2245003
5u2g6z453j6h47112u6p2r4059143m3a2kt2wf,Morges,CH,0.5,US7179784,46.5093268,6.498317
t6t4n0112m3y5z6m49455c403i496u6zc6q5y,Cambridge,GB,0.15384615384615385,US7244577,52.1975846,0.1391537
t6t4n0112m3y5z6m49455c403i496u6zc6q5y,"Lansdale, PA",US,0.3076923076923077,US7244577,40.2414952,-75.2837862
t6t4n0112m3y5z6m49455c403i496u6zc6q5y,"Houston, TX",US,0.07692307692307693,US7244577,29.7589382,-95.3676974
t6t4n0112m3y5z6m49455c403i496u6zc6q5y,Oxon,GB,0.07692307692307693,US7244577,51.833333,-1.25
t6t4n0112m3y5z6m49455c403i496u6zc6q5y,"Telford, PA",US,0.07692307692307693,US7244577,40.3220483,-75.3279538
t6t4n0112m3y5z6m49455c403i496u6zc6q5y,Osaka,JP,0.15384615384615385,US7244577,34.6937569,135.5014539
t6t4n0112m3y5z6m49455c403i496u6zc6q5y,Dunedin,NZ,0.07692307692307693,US7244577,-45.8740984,170.5035755
t6t4n0112m3y5z6m49455c403i496u6zc6q5y,"Ft. Washington, PA",US,0.07692307692307693,US7244577,40.1478532,-75.1897243
6l3s1m4f254o3w2j223z1h5g5k1j186w5t4n2q4c,Wellesley,,0.25,US6566120,42.2964859,-71.2925571
6l3s1m4f254o3w2j223z1h5g5k1j186w5t4n2q4c,Cambridge,,0.25,US6566120,52.1975846,0.1391537
6l3s1m4f254o3w2j223z1h5g5k1j186w5t4n2q4c,Meusseret-Zion,IL,0.25,US6566120,,
6l3s1m4f254o3w2j223z1h5g5k1j186w5t4n2q4c,Azle,,0.25,US6566120,32.8975875,-97.5437799
6q451y2g554p61m7021d1u49721x174l2j3h,"Pasadena, CA",US,0.5,US7073157,34.1476507,-118.144155
6q451y2g554p61m7021d1u49721x174l2j3h,"Lexington, MA",US,0.5,US7073157,42.4473175,-71.2245003
1k6kw4562b6l531t67472n2i1i2039594b3f3v,"Bellevue, WA",US,0.25,US6716168,47.6144219,-122.192337
1k6kw4562b6l531t67472n2i1i2039594b3f3v,"Durham, NC",US,0.5,US6716168,35.996653,-78.9018053
1k6kw4562b6l531t67472n2i1i2039594b3f3v,"Hillsborough, NC",US,0.25,US6716168,36.075382,-79.0993958
q6ro2w542e2iox4r6a1p5ty61655l6l3t4m,Worthington,,0.5,US6932980,43.6205056,-95.5956434
q6ro2w542e2iox4r6a1p5ty61655l6l3t4m,Bloomington,,0.5,US6932980,39.1670396,-86.5342881
5j2wl5k5e20301i6u2b4y4b575u6b4a6d703g1s,"New York, NY",US,0.25,US7612184,40.7127281,-74.0060152
5j2wl5k5e20301i6u2b4y4b575u6b4a6d703g1s,"Durham, NC",US,0.25,US7612184,35.996653,-78.9018053
5j2wl5k5e20301i6u2b4y4b575u6b4a6d703g1s,"Brookline, MA",US,0.25,US7612184,42.332918,-71.1187829
5j2wl5k5e20301i6u2b4y4b575u6b4a6d703g1s,"Fremont, CA",US,0.25,US7612184,37.5482697,-121.988571
14q2e302n443373q4h441p12543c3z6a40245,"Houston, TX",US,1.0,US7338800,29.7589382,-95.3676974
h6u5u6s6x6x4u703h6x4683s3r2l36x336c3z,Kraainem,BE,0.3333333333333333,US7479367,50.8425698,4.4692034
h6u5u6s6x6x4u703h6x4683s3r2l36x336c3z,Leuven,BE,0.3333333333333333,US7479367,50.879202,4.7011675
h6u5u6s6x6x4u703h6x4683s3r2l36x336c3z,Heverlee,BE,0.3333333333333333,US7479367,50.8645908,4.6937736
4q3e3m1f3f395776x6r4k666x1b693o5x1y4y4u,"Port Matilda, PA",US,0.3333333333333333,US7826975,40.7996651,-78.0541814
4q3e3m1f3f395776x6r4k666x1b693o5x1y4y4u,"State College, PA",US,0.6666666666666666,US7826975,40.7944504,-77.8616386
e282a26734a82w5j1u39121m5s2i333l2m214o,"Logan, UT",US,0.5,US7220596,41.7313063,-111.834914
e282a26734a82w5j1u39121m5s2i333l2m214o,"North Logan, UT",US,0.5,US7220596,41.7693747,-111.804665
1p3b2zs45r242y20201v1t33573x4g4x3a4c5o,Yokohama-shi,JP,1.0,US8278427,35.4503381,139.6343802
6c2f166b396f56870272r1652j4t6g35j423k,Newton,,0.25,US7651926,30.8118989,-93.740504
6c2f166b396f56870272r1652j4t6g35j423k,Cambridge,,0.25,US7651926,52.1975846,0.1391537
6c2f166b396f56870272r1652j4t6g35j423k,Allston,,0.25,US7651926,42.3555375,-71.1327494
6c2f166b396f56870272r1652j4t6g35j423k,Jersey City,,0.25,US7651926,40.7215682,-74.047455
28642l715ko4k4r4v536x1t422x5i6n5r323m47,"Boulder, CO",US,1.0,US6387635,40.0149856,-105.270545
3y1zq2r2f3m632b49w6o5m711g7346o3z1u6m,"Riverside, CA",US,0.5,US7919600,33.9824949,-117.374238
3y1zq2r2f3m632b49w6o5m711g7346o3z1u6m,"Plainfield, NJ",US,0.5,US7919600,40.6201412,-74.4222416
3v5p1yz2p122722r4wv5w6y205s45176q4y4v,"Newton, MA",US,0.2,US6998115,42.3300435,-71.194862
3v5p1yz2p122722r4wv5w6y205s45176q4y4v,"Somerville, MA",US,0.2,US6998115,42.3875968,-71.0994968
3v5p1yz2p122722r4wv5w6y205s45176q4y4v,"Cambridge, MA",US,0.2,US6998115,42.3656347,-71.1040018
3v5p1yz2p122722r4wv5w6y205s45176q4y4v,"Attleboro, MA",US,0.2,US6998115,41.9439695,-71.2804301
3v5p1yz2p122722r4wv5w6y205s45176q4y4v,"Framingham, MA",US,0.2,US6998115,42.2773177,-71.4165905
655b402c331749606fm184u0361z27642g6d67,Singapore,SG,0.75,US7297348,1.2899175,103.8519072
655b402c331749606fm184u0361z27642g6d67,"Ellicott City, MD",US,0.25,US7297348,39.2757359,-76.8317417
6m1o4t623p6d3p5l102s3f3n735t4to466nz1m,Yokohama-shi,JP,0.6,US8110671,35.4503381,139.6343802
6m1o4t623p6d3p5l102s3f3n735t4to466nz1m,Sagamihara-shi,JP,0.2,US8110671,35.5714621,139.3731052
6m1o4t623p6d3p5l102s3f3n735t4to466nz1m,Yonago-shi,JP,0.2,US8110671,35.4276408,133.331459
6v2nq1n4g5kbh1g67576x21w6bu112g1x7,"Del Mar, CA",US,0.5,US8034567,32.9594891,-117.2653146
6v2nq1n4g5kbh1g67576x21w6bu112g1x7,"Waltham, MA",US,0.5,US8034567,42.3762385,-71.2355644
3x146j2e421sx17395f4be4a671p462e3x1a4t,Lexington,,1.0,US7419815,38.0464066,-84.4970393
1919143f6v2a3g1s04y6z163v4r12381e3l4p26,"San Anselmo, CA",US,0.6666666666666666,US7413878,37.9744323,-122.561503
1919143f6v2a3g1s04y6z163v4r12381e3l4p26,"San Francisco, CA",US,0.3333333333333333,US7413878,37.7879363,-122.4075201
53j4o724j1l6l4b322l706054201j6r3i2b3045,"Merion Station, PA",US,0.25,US7638325,39.9981758,-75.2513256
53j4o724j1l6l4b322l706054201j6r3i2b3045,"Downingtown, PA",US,0.25,US7638325,40.0064958,-75.7032742
53j4o724j1l6l4b322l706054201j6r3i2b3045,"Wynnewood, PA",US,0.25,US7638325,40.0028514,-75.2707469
53j4o724j1l6l4b322l706054201j6r3i2b3045,Freiburg,DE,0.25,US7638325,47.9960901,7.8494005
4a7039q6dv7020306369m5br1f2ws3c22,New York,,1.0,US7419780,40.7127281,-74.0060152
45c1y1a336w4t286h56y3k34544v442w1y622,Shaker Heights,,0.3333333333333333,US6787664,41.4739419,-81.5370671
45c1y1a336w4t286h56y3k34544v442w1y622,Ann Arbor,,0.6666666666666666,US6787664,42.2813722,-83.7484616
4f1m6dn8332e676yu6w5f6b4n2i685o203f17,Durham,,0.5,US9625458,54.666667,-1.75
4f1m6dn8332e676yu6w5f6b4n2i685o203f17,Madison,,0.5,US9625458,43.07469,-89.3841663
3b6c4q4fe3m65383yp6a5372u4t4t634im4s,Gottingen,DE,0.5555555555555556,US7241569,51.5328328,9.9351811
3b6c4q4fe3m65383yp6a5372u4t4t634im4s,Erkrath,DE,0.1111111111111111,US7241569,51.2209866,6.9056079
3b6c4q4fe3m65383yp6a5372u4t4t634im4s,Tallin,EE,0.1111111111111111,US7241569,59.437242,24.7572693
3b6c4q4fe3m65383yp6a5372u4t4t634im4s,Solna,SE,0.1111111111111111,US7241569,59.366667,18.016667
3b6c4q4fe3m65383yp6a5372u4t4t634im4s,Rosdorf,DE,0.1111111111111111,US7241569,53.9776685,9.7272251
632m7124b216n3ev1l5kb6q4n5m2n4e722915,"Winchester, MA",US,0.3333333333333333,US7029847,42.4523178,-71.1369982
632m7124b216n3ev1l5kb6q4n5m2n4e722915,"Cambridge, MA",US,0.3333333333333333,US7029847,42.3656347,-71.1040018
632m7124b216n3ev1l5kb6q4n5m2n4e722915,"Newton, MA",US,0.3333333333333333,US7029847,42.3300435,-71.194862
424c26202z2hj683o5h71e4a2pv5t4ow642w,Mulhouse,FR,0.2,US7288523,47.7467233,7.3389937
424c26202z2hj683o5h71e4a2pv5t4ow642w,Stockholm,SE,0.4,US7288523,59.3251172,18.0710935
424c26202z2hj683o5h71e4a2pv5t4ow642w,Spanga,SE,0.2,US7288523,59.3836259,17.8981821
424c26202z2hj683o5h71e4a2pv5t4ow642w,Uppsala,SE,0.2,US7288523,59.8586126,17.6387436
1j5y50y6n7m2e4x72636v39722e67i4b4a1e,North Logan,,0.5,US7597921,41.7693747,-111.804665
1j5y50y6n7m2e4x72636v39722e67i4b4a1e,Wellsville,,0.5,US7597921,38.7183422,-95.0816354
5b1h6b3hm32546y3g2l13zm3d1n34d1k2i2,"Belmont, CA",US,0.15384615384615385,US7747391,37.5164926,-122.2941914
5b1h6b3hm32546y3g2l13zm3d1n34d1k2i2,"Redwood City, CA",US,0.3076923076923077,US7747391,37.4863239,-122.232523
5b1h6b3hm32546y3g2l13zm3d1n34d1k2i2,"Los Altos, CA",US,0.07692307692307693,US7747391,37.3790629,-122.116578
5b1h6b3hm32546y3g2l13zm3d1n34d1k2i2,"San Francisco, CA",US,0.07692307692307693,US7747391,37.7879363,-122.4075201
5b1h6b3hm32546y3g2l13zm3d1n34d1k2i2,"Mountain View, CA",US,0.15384615384615385,US7747391,37.3893889,-122.0832101
5b1h6b3hm32546y3g2l13zm3d1n34d1k2i2,"Portola Valley, CA",US,0.07692307692307693,US7747391,37.3736298,-122.219047
5b1h6b3hm32546y3g2l13zm3d1n34d1k2i2,"Menlo Park, CA",US,0.07692307692307693,US7747391,37.4519671,-122.177992
5b1h6b3hm32546y3g2l13zm3d1n34d1k2i2,"Irvine, CA",US,0.07692307692307693,US7747391,33.6856969,-117.825981
2j2a5ct125p2t72553l4x6n5l1s3k1w28635y1,La Jolla,,0.5,US7642085,32.8458529,-117.2575702
2j2a5ct125p2t72553l4x6n5l1s3k1w28635y1,San Diego,,0.5,US7642085,32.7174202,-117.162772
1l195c5z1464z373x175k5i6g4jf5x5u64x57,"Lexington, MA",US,0.25,US7254151,42.4473175,-71.2245003
1l195c5z1464z373x175k5i6g4jf5x5u64x57,"Cambridge, MA",US,0.75,US7254151,42.3656347,-71.1040018
3n45m4ji4f1b34s54312m567x2l514t1m2,Bristol,GB,0.6666666666666666,US7498564,51.4538022,-2.5972985
3n45m4ji4f1b34s54312m567x2l514t1m2,Bath,GB,0.3333333333333333,US7498564,51.3813864,-2.3596963
724l32y3j4e2b5r6t26622s2q3b1z3a513db5a,La Jolla,,0.3333333333333333,US7942989,32.8458529,-117.2575702
724l32y3j4e2b5r6t26622s2q3b1z3a513db5a,Austin,,0.3333333333333333,US7942989,30.2711286,-97.7436995
724l32y3j4e2b5r6t26622s2q3b1z3a513db5a,Ithaca,,0.3333333333333333,US7942989,42.4374175,-76.5483724
306s232l5i2h5wv6g1x572d4v4jj5r4s523b4m,"LEONIA, NJ",US,0.3333333333333333,US8012490,40.8617353,-73.9880495
306s232l5i2h5wv6g1x572d4v4jj5r4s523b4m,"NEW YORK, NY",US,0.3333333333333333,US8012490,40.7127281,-74.0060152
306s232l5i2h5wv6g1x572d4v4jj5r4s523b4m,"WASHINGTON, DC",US,0.3333333333333333,US8012490,38.8950982,-77.0363849
1k4275t2y1kuz3wy4r604n1v2i2t5oc6h3u,"Stanford, CA",US,1.0,US7749699,37.4265407,-122.1703055
m443v4p6n1r2a2c1p4o6b1c564nh5i1c1m515l,Foxboro,,0.3333333333333333,US7332613,46.4985528,-92.2879727
m443v4p6n1r2a2c1p4o6b1c564nh5i1c1m515l,Brookline,,0.3333333333333333,US7332613,42.332918,-71.1187829
m443v4p6n1r2a2c1p4o6b1c564nh5i1c1m515l,Somerville,,0.3333333333333333,US7332613,42.3875968,-71.0994968
14494p624ia1n405129146r4h4rngg2q1615,Engleewood,,0.5,US7825094,,
14494p624ia1n405129146r4h4rngg2q1615,Tampa,,0.5,US7825094,27.9449854,-82.4583107
4f21133b1i1l72r3g2f226f5u2x4n6u3h4v714,La Jolla,,0.5,US8715436,32.8458529,-117.2575702
4f21133b1i1l72r3g2f226f5u2x4n6u3h4v714,Pisa,IT,0.5,US8715436,43.4714722,10.6797912
2nu2d2y551h4ei4sy6u481a5ew1129w3758,Cambridge,GB,0.25,US7608423,52.1975846,0.1391537
2nu2d2y551h4ei4sy6u481a5ew1129w3758,"Bethesda, MD",US,0.25,US7608423,38.9812726,-77.1233587
2nu2d2y551h4ei4sy6u481a5ew1129w3758,"San Francisco, CA",US,0.25,US7608423,37.7879363,-122.4075201
2nu2d2y551h4ei4sy6u481a5ew1129w3758,"La Jolla, CA",US,0.25,US7608423,32.8458529,-117.2575702
1e6u5n2ge3x4u6ve723b501547571h4i3f1n41,Kingston,CA,0.25,US7433811,44.3054151,-76.4283781
1e6u5n2ge3x4u6ve723b501547571h4i3f1n41,La Jolla,,0.5,US7433811,32.8458529,-117.2575702
1e6u5n2ge3x4u6ve723b501547571h4i3f1n41,Modesto,,0.25,US7433811,37.6393419,-120.9968892
6u686120v445b3d2f39444e2l5f544v512j6g1j,El Cerrito,,1.0,US7176005,37.9154056,-122.301411
5n3w1l643i71o23d4b1848463h3k4d1x4i1u40,"Villanova, PA",US,0.3333333333333333,US7682603,40.0385961,-75.3290464
5n3w1l643i71o23d4b1848463h3k4d1x4i1u40,"Philadelphia, PA",US,0.3333333333333333,US7682603,39.9527237,-75.1635262
5n3w1l643i71o23d4b1848463h3k4d1x4i1u40,"Downingtown, PA",US,0.3333333333333333,US7682603,40.0064958,-75.7032742
3q115p1v22132z3g5652n1c4k5ts3y3v3ifw,Berkeley,,0.25,US6617331,37.8708393,-122.272863
3q115p1v22132z3g5652n1c4k5ts3y3v3ifw,Oakland,,0.25,US6617331,37.8044557,-122.271356
3q115p1v22132z3g5652n1c4k5ts3y3v3ifw,Moraga,,0.25,US6617331,37.834897,-122.12883
3q115p1v22132z3g5652n1c4k5ts3y3v3ifw,Roscoff,FR,0.25,US6617331,48.7255816,-3.9828983
q5y6843z2e2z716i67536n231a4m6j525g1g1x,"Boston, MA",US,0.3333333333333333,US7550441,42.3588336,-71.0578303
q5y6843z2e2z716i67536n231a4m6j525g1g1x,Gwangju,KR,0.3333333333333333,US7550441,35.1594647,126.8515034
q5y6843z2e2z716i67536n231a4m6j525g1g1x,"Newton, MA",US,0.3333333333333333,US7550441,42.3300435,-71.194862
4r3c1xg5b63o5t344o3gp2ka2o3i4r3r2439,Pasadena,,0.5,US7435570,34.1476507,-118.144155
4r3c1xg5b63o5t344o3gp2ka2o3i4r3r2439,State College,,0.5,US7435570,40.7944504,-77.8616386
623x6ft1x2k6u74j3s342i5p275x5d2r34v2b,San Diego,,0.25,US8765484,32.7174202,-117.162772
623x6ft1x2k6u74j3s342i5p275x5d2r34v2b,Charlotte,,0.25,US8765484,35.2272086,-80.8430827
623x6ft1x2k6u74j3s342i5p275x5d2r34v2b,"Cardiff, CA",US,0.25,US8765484,33.6879703,-117.8073342
623x6ft1x2k6u74j3s342i5p275x5d2r34v2b,"La Jolla, CA",US,0.25,US8765484,32.8458529,-117.2575702
4b3k223c5259pg555d1n4p6p326t285o5a6648,San Francisco,,0.2,US7381404,37.7879363,-122.4075201
4b3k223c5259pg555d1n4p6p326t285o5a6648,LaCanada-Flintridge,,0.2,US7381404,,
4b3k223c5259pg555d1n4p6p326t285o5a6648,South Pasadena,,0.2,US7381404,34.1133062,-118.1478291
4b3k223c5259pg555d1n4p6p326t285o5a6648,Atlanta,,0.2,US7381404,33.7544657,-84.3898151
4b3k223c5259pg555d1n4p6p326t285o5a6648,"Pasadena, CA",US,0.2,US7381404,34.1476507,-118.144155
1x61252s2j5t513k4h234s1g5cx1m41631192f,Boulder,,1.0,US7385050,40.0149856,-105.270545
312b67216e3j514k2y4d203u355q4d386p3nb4j,"Boulder, CO",US,1.0,US6670132,40.0149856,-105.270545
c105j1n5l1yz5q2946476m3m7642t3363lg,Boulder,,0.25,US7417139,40.0149856,-105.270545
c105j1n5l1yz5q2946476m3m7642t3363lg,"Boulder, CO",US,0.75,US7417139,40.0149856,-105.270545
684g3f1ly3bfz30631v5h2x545c2t22164,Boulder,,1.0,US7427679,40.0149856,-105.270545
32242i4t2r2z2c6h1k176l1v3x595h2lg1d5h3v,"Decatur, IL",US,0.3333333333333333,US7405068,39.8454163,-88.9524151
32242i4t2r2z2c6h1k176l1v3x595h2lg1d5h3v,Schipluiden,NL,0.3333333333333333,US7405068,51.9774012,4.3156816
32242i4t2r2z2c6h1k176l1v3x595h2lg1d5h3v,Leidschendam,NL,0.3333333333333333,US7405068,52.0861654,4.3946774
29275da34ts1z4y2f253q2c171z715tj3d2o,"Baltimore, MD",US,0.6666666666666666,US7862831,39.2908816,-76.610759
29275da34ts1z4y2f253q2c171z715tj3d2o,"Del Mar, CA",US,0.3333333333333333,US7862831,32.9594891,-117.2653146
6n6b5853249261s471w1s5x2q626i276i1b35n,Rancho Santa Fe,,0.5,US6933281,33.0242314,-117.1979781
6n6b5853249261s471w1s5x2q626i276i1b35n,Solana Beach,,0.5,US6933281,32.9919141,-117.2678124
425e1k2s2v61143r203495l2f174f5c6j554b3e,Ohtsu-shi,JP,0.3333333333333333,US6933365,34.1508648,134.5931441
425e1k2s2v61143r203495l2f174f5c6j554b3e,Kyoto-shi,JP,0.6666666666666666,US6933365,35.0115754,135.7681441
4u1e5y165d3u554660402c3x40lyi516zff,La Jolla,,0.25,US7482168,32.8458529,-117.2575702
4u1e5y165d3u554660402c3x40lyi516zff,Del Mar,,0.25,US7482168,32.9594891,-117.2653146
4u1e5y165d3u554660402c3x40lyi516zff,Gwangiu,KR,0.25,US7482168,35.1715303,126.8676082
4u1e5y165d3u554660402c3x40lyi516zff,Austin,,0.25,US7482168,30.2711286,-97.7436995
1rl5c2o696hc2k6y376x1l1d60474t4yh593b,San Diego,,0.6666666666666666,US7709604,32.7174202,-117.162772
1rl5c2o696hc2k6y376x1l1d60474t4yh593b,La Jolla,,0.3333333333333333,US7709604,32.8458529,-117.2575702
2e1o6yb6e2z2g6r1i65i565n4350292585u27,Brookline,,0.2,US7708949,42.332918,-71.1187829
2e1o6yb6e2z2g6r1i65i565n4350292585u27,Pittsburgh,,0.1,US7708949,40.4406968,-80.0025666
2e1o6yb6e2z2g6r1i65i565n4350292585u27,Cagnes Sur Mer,FR,0.1,US7708949,43.6612012,7.1513834
2e1o6yb6e2z2g6r1i65i565n4350292585u27,Cambridge,,0.2,US7708949,52.1975846,0.1391537
2e1o6yb6e2z2g6r1i65i565n4350292585u27,Bolton,,0.1,US7708949,53.5782863,-2.4300367
2e1o6yb6e2z2g6r1i65i565n4350292585u27,Toronto,CA,0.1,US7708949,43.6534817,-79.3839347
2e1o6yb6e2z2g6r1i65i565n4350292585u27,Westford,,0.1,US7708949,42.5792583,-71.4378411
2e1o6yb6e2z2g6r1i65i565n4350292585u27,Newton,,0.1,US7708949,30.8118989,-93.740504
4q3v5m4t624h2c3t10211a1d1z6u52674k2f1w3k,Oak Ridge,,0.125,US7229692,36.0103562,-84.2696449
4q3v5m4t624h2c3t10211a1d1z6u52674k2f1w3k,Greenback,,0.125,US7229692,35.6611904,-84.1721357
4q3v5m4t624h2c3t10211a1d1z6u52674k2f1w3k,Ithaca,,0.25,US7229692,42.4374175,-76.5483724
4q3v5m4t624h2c3t10211a1d1z6u52674k2f1w3k,Knoxville,,0.5,US7229692,35.9603948,-83.9210261
3k1p2i2y1x6y5l32106k6d4c695d3c3j6l2j181f,Barcelona,ES,0.3333333333333333,US7713923,41.3825802,2.177073
3k1p2i2y1x6y5l32106k6d4c695d3c3j6l2j181f,Lexington,,0.3333333333333333,US7713923,38.0464066,-84.4970393
3k1p2i2y1x6y5l32106k6d4c695d3c3j6l2j181f,Cambridge,,0.3333333333333333,US7713923,52.1975846,0.1391537
l2r1y564k5x3p3r3673o1p3w4g4q55733p96p,"State College, PA",US,0.5,US7465567,40.7944504,-77.8616386
l2r1y564k5x3p3r3673o1p3w4g4q55733p96p,"La Canada, CA",US,0.5,US7465567,33.7301661,-117.7638553
2j1q1v2w3m6k1s2v2d2i47325i5e56582w65345p,Decatur,,1.0,US7368560,39.8454163,-88.9524151
2k6s4q1043516i6z4v6x5c52n4r653g2jw3546,Kirchheim,DE,0.2,US7049460,49.6560775,9.8585464
2k6s4q1043516i6z4v6x5c52n4r653g2jw3546,Martinsried,DE,0.2,US7049460,48.10882,11.4508007
2k6s4q1043516i6z4v6x5c52n4r653g2jw3546,Pullach,DE,0.2,US7049460,48.0556122,11.5217455
2k6s4q1043516i6z4v6x5c52n4r653g2jw3546,Erfurt-Rhoda,DE,0.2,US7049460,50.9213996,10.9919986
2k6s4q1043516i6z4v6x5c52n4r653g2jw3546,Munchen,DE,0.2,US7049460,48.1371079,11.5753822
265i6h1s2p4r4t554c5w2lc3t6j4d3uk4g1iw,"San Diego, CA",US,0.6666666666666666,US7494796,32.7174202,-117.162772
265i6h1s2p4r4t554c5w2lc3t6j4d3uk4g1iw,"La Jolla, CA",US,0.3333333333333333,US7494796,32.8458529,-117.2575702
4o6y3y0p6m68334f4s1295c425e4f653p1v,Orinda,,0.5,US7285405,37.8771476,-122.1796888
4o6y3y0p6m68334f4s1295c425e4f653p1v,San Rafael,,0.5,US7285405,37.9747795,-122.5316686
u583d456f4f356b533t4u4x6p6e4l3j2k3h543z,"Concord, MA",US,0.25,US7674882,42.4605189,-71.3488963
u583d456f4f356b533t4u4x6p6e4l3j2k3h543z,Yangcheon-gu,KR,0.25,US7674882,37.5171,126.8663
u583d456f4f356b533t4u4x6p6e4l3j2k3h543z,"Newton, MA",US,0.25,US7674882,42.3300435,-71.194862
u583d456f4f356b533t4u4x6p6e4l3j2k3h543z,"Acton, MA",US,0.25,US7674882,42.4850931,-71.43284
1k4i6au6h2w4b1j2f5l4i5p2w3q692t4e1j3538,"Santa Clara, CA",US,0.5,US6593302,37.2333253,-121.6846349
1k4i6au6h2w4b1j2f5l4i5p2w3q692t4e1j3538,"Alameda, CA",US,0.5,US6593302,37.6090291,-121.899142
2d4z32h5x6m724t2s1p341d1k6i4p1f2b1y2946,Reykjavik,IS,1.0,US7507531,64.145981,-21.9422367
492n6i446e6a2f6f4e67273x463a3f4857w54c,Cortes Curnavaca Morelos 62240,MX,0.2,US6872870,,
492n6i446e6a2f6f4e67273x463a3f4857w54c,Heverlee,BE,0.2,US6872870,50.8645908,4.6937736
492n6i446e6a2f6f4e67273x463a3f4857w54c,Zichem,BE,0.2,US6872870,51.0014178,4.9856978
492n6i446e6a2f6f4e67273x463a3f4857w54c,Cuernavaca Morelos,MX,0.2,US6872870,18.0246546,-102.2835608
492n6i446e6a2f6f4e67273x463a3f4857w54c,Haacht,BE,0.2,US6872870,50.9769474,4.6383121
3i4wt6x4h303a5d65545l1l4z141u6g2p2sd6l,San Francisco,,0.5,US7723474,37.7879363,-122.4075201
3i4wt6x4h303a5d65545l1l4z141u6g2p2sd6l,Rancho Santa Fe,,0.5,US7723474,33.0242314,-117.1979781
6c2eh1s11665w1e6m42364o3y2j3pw2r2g2g6r,Chicago,,1.0,US7655470,41.8755616,-87.6244212
2o75u5g21412f4b532x3p853q231t6j1t4j61,Nashville,,1.0,US7452542,36.1622767,-86.7742984
2f2b3e5u6r5c52722205f3j5b2k3e6e3o1y752,"Del Mar, CA",US,0.25,US7927881,32.9594891,-117.2653146
2f2b3e5u6r5c52722205f3j5b2k3e6e3o1y752,"San Diego, CA",US,0.25,US7927881,32.7174202,-117.162772
2f2b3e5u6r5c52722205f3j5b2k3e6e3o1y752,"Rockville, MD",US,0.25,US7927881,39.0817985,-77.1516844
2f2b3e5u6r5c52722205f3j5b2k3e6e3o1y752,"La Jolla, CA",US,0.25,US7927881,32.8458529,-117.2575702
91h5739691f3g386a32623o604i424c5v4a686u,Pressbaum,AT,0.5,US9297014,48.1792064,16.077089
91h5739691f3g386a32623o604i424c5v4a686u,Vienna,AT,0.5,US9297014,48.2083537,16.3725042
6x72564r5x1w4m31i192d2b6s4z1w6k441n2m37,"Clifton Park, NY",US,0.2,US7473411,42.8630374,-73.7747623
6x72564r5x1w4m31i192d2b6s4z1w6k441n2m37,"Troy, NY",US,0.4,US7473411,42.7284117,-73.6917878
6x72564r5x1w4m31i192d2b6s4z1w6k441n2m37,"Niskayuna, NY",US,0.2,US7473411,42.8154056,-73.8928774
6x72564r5x1w4m31i192d2b6s4z1w6k441n2m37,"Baton Rouge, LA",US,0.2,US7473411,30.4494155,-91.1869659
6v211p1v1u375fk1u2s434e214d73l4g2r38,"Pasadena, CA",US,0.5,US8772464,34.1476507,-118.144155
6v211p1v1u375fk1u2s434e214d73l4g2r38,"San Francisco, CA",US,0.5,US8772464,37.7879363,-122.4075201
341k4x45321q2c4433t70247011m5z74u1f,Gainesville,,0.3333333333333333,US7096437,29.6519684,-82.3249846
341k4x45321q2c4433t70247011m5z74u1f,Chennai,IN,0.6666666666666666,US7096437,13.0836939,80.270186
1a2z3r634t2n3t3550515y6z94fq3c3u6k2143,Arlington,,0.16666666666666666,US7655691,32.7355816,-97.1071186
1a2z3r634t2n3t3550515y6z94fq3c3u6k2143,Brighton,,0.16666666666666666,US7655691,50.8214626,-0.1400561
1a2z3r634t2n3t3550515y6z94fq3c3u6k2143,Moreland Hills,,0.16666666666666666,US7655691,41.447831,-81.427615
1a2z3r634t2n3t3550515y6z94fq3c3u6k2143,Andover,,0.16666666666666666,US7655691,42.65717,-71.1408776
1a2z3r634t2n3t3550515y6z94fq3c3u6k2143,Woburn,,0.3333333333333333,US7655691,42.4792618,-71.1522766
6l1eu4e3x7054x42n2q1ku91b38j1d4a27,La Jolla,,0.2,US7378263,32.8458529,-117.2575702
6l1eu4e3x7054x42n2q1ku91b38j1d4a27,San Diego,,0.4,US7378263,32.7174202,-117.162772
6l1eu4e3x7054x42n2q1ku91b38j1d4a27,Houston,,0.2,US7378263,29.7589382,-95.3676974
6l1eu4e3x7054x42n2q1ku91b38j1d4a27,Rancho Santa Fe,,0.2,US7378263,33.0242314,-117.1979781
5i5n6v3b151y69423j315r2s17d665oh6j3f37,"Belmont, CA",US,0.3333333333333333,US8005620,37.5164926,-122.2941914
5i5n6v3b151y69423j315r2s17d665oh6j3f37,"Redwood City, CA",US,0.3333333333333333,US8005620,37.4863239,-122.232523
5i5n6v3b151y69423j315r2s17d665oh6j3f37,"Los Altos, CA",US,0.3333333333333333,US8005620,37.3790629,-122.116578
3u633h5u6s3a1i266m6b1f1dx1b6z3443411b4o,Cambridge,GB,1.0,US9448172,52.1975846,0.1391537
6t372o1uv4j595x3s1e324t4s5j635f1s1u1w2f,"Iowa City, IA",US,0.5,US7470777,41.6612561,-91.5299106
6t372o1uv4j595x3s1e324t4s5j635f1s1u1w2f,"Ames, IA",US,0.5,US7470777,42.0267567,-93.6170448
4v71581t2t6o155k57526u6q5lk2e2j0531by,"Bethesda, MD",US,0.2,US7718196,38.9812726,-77.1233587
4v71581t2t6o155k57526u6q5lk2e2j0531by,"Ashburn, VA",US,0.2,US7718196,39.029784,-77.4744148
4v71581t2t6o155k57526u6q5lk2e2j0531by,"Gaithersburg, MD",US,0.2,US7718196,39.1399187,-77.1929215
4v71581t2t6o155k57526u6q5lk2e2j0531by,"Cherry Hill, NJ",US,0.2,US7718196,39.9348351,-75.0307264
4v71581t2t6o155k57526u6q5lk2e2j0531by,"Merion Station, PA",US,0.2,US7718196,39.9981758,-75.2513256
4k6f5hm1h321p2l6j70351223opon6b4z3g,Moscow,,0.5714285714285714,US7627437,55.625578,37.6063916
4k6f5hm1h321p2l6j70351223opon6b4z3g,Potlatch,,0.14285714285714285,US7627437,46.9214798,-116.896971
4k6f5hm1h321p2l6j70351223opon6b4z3g,Hamilton,CA,0.14285714285714285,US7627437,43.2560802,-79.8728583
4k6f5hm1h321p2l6j70351223opon6b4z3g,Pullman,,0.14285714285714285,US7627437,46.7295818,-117.1799363
3k546c5n5w63665x4u6f3p5b704q1cky452k2p,Stanford,,0.5,US7745614,37.4265407,-122.1703055
3k546c5n5w63665x4u6f3p5b704q1cky452k2p,Mountain View,,0.5,US7745614,37.3893889,-122.0832101
4a2w186n6o2ds3p4a5m3d5a4f4c371026gj5r,Riverside,,0.6666666666666666,US8034222,33.9824949,-117.374238
4a2w186n6o2ds3p4a5m3d5a4f4c371026gj5r,Rowland Heights,,0.3333333333333333,US8034222,33.9734043,-117.8941305
1f5ie6u725h616d1d554j5b2t2g2m463u5c1i3m,New York,,1.0,US7575866,40.7127281,-74.0060152
3e4y6k6c694i1i2e694z6dt555o476x614i1s6f,Singapore,SG,0.8333333333333334,US7883688,1.2899175,103.8519072
3e4y6k6c694i1i2e694z6dt555o476x614i1s6f,"Ellicott City, MD",US,0.16666666666666666,US7883688,39.2757359,-76.8317417
5m3m12345u3m2i2d6o324o43r24483d5g2j1k3k,Tokyo,JP,0.1111111111111111,US7445921,35.6768601,139.7638947
5m3m12345u3m2i2d6o324o43r24483d5g2j1k3k,Kagoshima,JP,0.1111111111111111,US7445921,31.521587,130.5474077
5m3m12345u3m2i2d6o324o43r24483d5g2j1k3k,Kyoto,JP,0.2222222222222222,US7445921,35.0115754,135.7681441
5m3m12345u3m2i2d6o324o43r24483d5g2j1k3k,Shiga,JP,0.1111111111111111,US7445921,35.247154,136.109385
5m3m12345u3m2i2d6o324o43r24483d5g2j1k3k,Aomori,JP,0.1111111111111111,US7445921,40.886943,140.590121
5m3m12345u3m2i2d6o324o43r24483d5g2j1k3k,Ishikawa,JP,0.2222222222222222,US7445921,36.9890574,136.8162839
5m3m12345u3m2i2d6o324o43r24483d5g2j1k3k,Kawasaki-shi,JP,0.1111111111111111,US7445921,35.5306639,139.7037668
2s151i456e1622261w602v3d1lv2z3n5ll192r,Pasadena,,0.6666666666666666,US7727721,34.1476507,-118.144155
2s151i456e1622261w602v3d1lv2z3n5ll192r,La Canada,,0.3333333333333333,US7727721,29.5416667,-110.1263333
r4b1r1l1g2i5v70tp3h2w2h29344o3xx1422,Haw River,,0.25,US7618802,36.091526,-79.3641862
r4b1r1l1g2i5v70tp3h2w2h29344o3xx1422,Durham,,0.25,US7618802,54.666667,-1.75
r4b1r1l1g2i5v70tp3h2w2h29344o3xx1422,Hillsborough,,0.25,US7618802,27.9184543,-82.3488057
r4b1r1l1g2i5v70tp3h2w2h29344o3xx1422,Frederick,,0.25,US7618802,39.2127031,-78.279166
5vp4v313w515l3p46b6o9m17463o6n5g5b,"Novato, CA",US,0.3333333333333333,US7635762,38.1061979,-122.5681191
5vp4v313w515l3p46b6o9m17463o6n5g5b,"Point Reyes Station, CA",US,0.3333333333333333,US7635762,38.0875145,-122.8144891
5vp4v313w515l3p46b6o9m17463o6n5g5b,"El Cerrito, CA",US,0.3333333333333333,US7635762,37.9154056,-122.301411
3e4o6j346x1p371i575n6z234o112318f6d5f,Herts,GB,0.14285714285714285,US7714185,51.8400523,-0.0978552
3e4o6j346x1p371i575n6z234o112318f6d5f,Hertfordshire,GB,0.14285714285714285,US7714185,51.8400523,-0.0978552
3e4o6j346x1p371i575n6z234o112318f6d5f,Bristol,GB,0.14285714285714285,US7714185,51.4538022,-2.5972985
3e4o6j346x1p371i575n6z234o112318f6d5f,Bath,GB,0.14285714285714285,US7714185,51.3813864,-2.3596963
3e4o6j346x1p371i575n6z234o112318f6d5f,Hamburg,DE,0.14285714285714285,US7714185,53.5501721,10.0013165
3e4o6j346x1p371i575n6z234o112318f6d5f,Mannheim,DE,0.14285714285714285,US7714185,49.4892913,8.4673098
3e4o6j346x1p371i575n6z234o112318f6d5f,Ahrensburg,DE,0.14285714285714285,US7714185,53.6736529,10.2358999
62705x1z4t1h4d2ro435291k5a6t5u6e186hs,"Hackensack, NJ",US,1.0,US7346934,40.8870781,-74.0410667
m1l3c2p6c6x5b715p6v1b2434t3k5u1v5i2n5,Queensland,AU,1.0,US7754943,-22.1646782,144.5844903
0371y1k5u605s4z3o4v5o3b11484s3l1x6s1s2r,Halle,DE,1.0,US7718848,51.4824354,11.9712985
v6e3nt58633w3s5v661hn6x1w1y383ca1g6i,"Concord, MA",US,0.25,US7842780,42.4605189,-71.3488963
v6e3nt58633w3s5v661hn6x1w1y383ca1g6i,"Medford, MA",US,0.25,US7842780,42.4184296,-71.1061639
v6e3nt58633w3s5v661hn6x1w1y383ca1g6i,"Belmont, MA",US,0.25,US7842780,42.3959296,-71.1786655
v6e3nt58633w3s5v661hn6x1w1y383ca1g6i,Niestetal,DE,0.25,US7842780,51.3186979,9.586191
1m433zx26663z1w5d732b4i11u5g112n6f2m5r,Fuji-shi,JP,0.125,US8105630,35.161852,138.6763863
1m433zx26663z1w5d732b4i11u5g112n6f2m5r,Shizuoka,JP,0.125,US8105630,34.9751974,138.3831697
1m433zx26663z1w5d732b4i11u5g112n6f2m5r,Numadu-shi,JP,0.125,US8105630,,
1m433zx26663z1w5d732b4i11u5g112n6f2m5r,Mishima-shi,JP,0.125,US8105630,35.1185376,138.9184438
1m433zx26663z1w5d732b4i11u5g112n6f2m5r,Gifu-shi,JP,0.125,US8105630,35.4230949,136.7627526
1m433zx26663z1w5d732b4i11u5g112n6f2m5r,Toyoake-shi,JP,0.125,US8105630,35.053669,137.0129415
1m433zx26663z1w5d732b4i11u5g112n6f2m5r,Aichi,JP,0.125,US8105630,34.9991645,137.254574
1m433zx26663z1w5d732b4i11u5g112n6f2m5r,Ohgaki-shi,JP,0.125,US8105630,,
6yj2749164g433491r296w166o2z481226n2s,Guilford,,0.2,US8765485,36.0875688,-79.7888515
6yj2749164g433491r296w166o2z481226n2s,Bolton,,0.2,US8765485,53.5782863,-2.4300367
6yj2749164g433491r296w166o2z481226n2s,Arrasate-Mondragon,ES,0.2,US8765485,43.0656783,-2.4900779
6yj2749164g433491r296w166o2z481226n2s,College Station,,0.2,US8765485,30.6183939,-96.3455991
6yj2749164g433491r296w166o2z481226n2s,Boston,,0.2,US8765485,42.3588336,-71.0578303
5m4c6u6x4pt4k5j3d174e6h294k483g1b1v4i14,Castelnuovo Berar-denga,IT,0.5,US7538207,,
5m4c6u6x4pt4k5j3d174e6h294k483g1b1v4i14,Segrate,IT,0.5,US7538207,45.4907352,9.2948204
28134a5q6p3x3l294i67c1v1g6t1a4t4cn6t4y,Cambridge,GB,0.6666666666666666,US9096835,52.1975846,0.1391537
28134a5q6p3x3l294i67c1v1g6t1a4t4cn6t4y,Singapore,SG,0.3333333333333333,US9096835,1.2899175,103.8519072
f6j1l7236fb6a3t4s5k2u1s34tm2r5d1f31,Swampscott,,1.0,US7700347,42.4699241,-70.9171507
2e6n1d6a2h3h4t3x535i6d4a5d3p3m1b6j5m1a21,"Sycamore, IL",US,0.16666666666666666,US7629162,41.9889173,-88.6867538
2e6n1d6a2h3h4t3x535i6d4a5d3p3m1b6j5m1a21,"Gainesville, FL",US,0.8333333333333334,US7629162,29.6519684,-82.3249846
3a3l3t6i332z52342q593y3lv122d53252j4x,"San Francisco, CA",US,0.3333333333333333,US7527943,37.7879363,-122.4075201
3a3l3t6i332z52342q593y3lv122d53252j4x,"La Jolla, CA",US,0.3333333333333333,US7527943,32.8458529,-117.2575702
3a3l3t6i332z52342q593y3lv122d53252j4x,"Cambridge, MA",US,0.3333333333333333,US7527943,42.3656347,-71.1040018
i4a5k663iv5wr6e0726o611a2z4a1716z53,"San Diego, CA",US,0.6666666666666666,US9068197,32.7174202,-117.162772
i4a5k663iv5wr6e0726o611a2z4a1716z53,"La Jolla, CA",US,0.3333333333333333,US9068197,32.8458529,-117.2575702
1q514t1e4c311s4dj3e6s136cv4o382g2i66y,"New York, NY",US,0.5,US8476065,40.7127281,-74.0060152
1q514t1e4c311s4dj3e6s136cv4o382g2i66y,"White Plains, NY",US,0.5,US8476065,41.0339862,-73.7629097
2e2s3v4g5p4r3716t313h2t3p6a4q2i2f1s704g,"La Jolla, CA",US,0.5,US8308066,32.8458529,-117.2575702
2e2s3v4g5p4r3716t313h2t3p6a4q2i2f1s704g,"San Diego, CA",US,0.5,US8308066,32.7174202,-117.162772
3b6n2k6s6s5m3g4f6ge8164x523e2iw04x6w,"Del Mar, CA",US,0.5,US7655399,32.9594891,-117.2653146
3b6n2k6s6s5m3g4f6ge8164x523e2iw04x6w,Shatin,CN,0.5,US7655399,22.3815527,114.1904697
6q2f1p1f6p2q28166s3k4o4l581l2b171b3z4q7,Vienna,AT,0.4,US7473540,48.2083537,16.3725042
6q2f1p1f6p2q28166s3k4o4l581l2b171b3z4q7,Erba (CO),IT,0.2,US7473540,45.8162193,9.2202533
6q2f1p1f6p2q28166s3k4o4l581l2b171b3z4q7,Milano,IT,0.2,US7473540,45.4641943,9.1896346
6q2f1p1f6p2q28166s3k4o4l581l2b171b3z4q7,Vienan,AT,0.2,US7473540,64.9558315,34.5967223
272g60141k583t2g3a1uv6h505l6v2s5d1e6a,Osaka,JP,0.4,US7803985,34.6937569,135.5014539
272g60141k583t2g3a1uv6h505l6v2s5d1e6a,Tokyo,JP,0.4,US7803985,35.6768601,139.7638947
272g60141k583t2g3a1uv6h505l6v2s5d1e6a,Tangerang,ID,0.2,US7803985,-6.1761924,106.6382161
6t4z2e3u5l421d3e622l1u5b13z2w1k5f6a2v3g,"Austin, TX",US,0.5,US9273307,30.2711286,-97.7436995
6t4z2e3u5l421d3e622l1u5b13z2w1k5f6a2v3g,"Winchester, MA",US,0.5,US9273307,42.4523178,-71.1369982
374t1t6y2p84h6q2w5p702o5n6d6v6g513ak1v,"Pasadena, CA",US,0.25,US7745594,34.1476507,-118.144155
374t1t6y2p84h6q2w5p702o5n6d6v6g513ak1v,"Los Angeles, CA",US,0.25,US7745594,34.0536909,-118.242766
374t1t6y2p84h6q2w5p702o5n6d6v6g513ak1v,"Altadena, CA",US,0.25,US7745594,34.1928193,-118.1374663
374t1t6y2p84h6q2w5p702o5n6d6v6g513ak1v,"Overland Park, KS",US,0.25,US7745594,38.9742502,-94.6851702
5n4m9947575e704d2u226x42b5h2m6a544w1m,"Durham, NC",US,1.0,US7713689,35.996653,-78.9018053
6b70m6k6d4fx6r6333h132f6b502476e242w,"Chicago, IL",US,0.8,US7674881,41.8755616,-87.6244212
6b70m6k6d4fx6r6333h132f6b502476e242w,"Boston, MA",US,0.2,US7674881,42.3588336,-71.0578303
3h1mk3m28t733n3m4h5o3p93o3z6b455w1dj,"Brookline, MA",US,0.25,US7425431,42.332918,-71.1187829
3h1mk3m28t733n3m4h5o3p93o3z6b455w1dj,"Chagrin Falls, OH",US,0.25,US7425431,41.436589,-81.3855058
3h1mk3m28t733n3m4h5o3p93o3z6b455w1dj,"Cambridge, MA",US,0.25,US7425431,42.3656347,-71.1040018
3h1mk3m28t733n3m4h5o3p93o3z6b455w1dj,"Durham, NC",US,0.25,US7425431,35.996653,-78.9018053
2fm2h48w72j5p662b4t512j6j2t5c1c6x5t4x,"Baltimore, MD",US,1.0,US9267932,39.2908816,-76.610759
2y10164b4438l4w186h3s4i6m1r6i53263q5f38,Hamburg,DE,0.3333333333333333,US9909985,53.5501721,10.0013165
2y10164b4438l4w186h3s4i6m1r6i53263q5f38,Avondale,NZ,0.3333333333333333,US9909985,-43.5029022,172.6874181
2y10164b4438l4w186h3s4i6m1r6i53263q5f38,"La Jolla, CA",US,0.3333333333333333,US9909985,32.8458529,-117.2575702
2zt85f52s1m1c3i6551m1q4j3g2i7155r67,"Newton, MA",US,0.25,US9534224,42.3300435,-71.194862
2zt85f52s1m1c3i6551m1q4j3g2i7155r67,"Brookline, MA",US,0.5,US9534224,42.332918,-71.1187829
2zt85f52s1m1c3i6551m1q4j3g2i7155r67,"Del Mar, CA",US,0.25,US9534224,32.9594891,-117.2653146
3o30464m6d2m17a6c3s3p6r5f5m6no1t431a4c,Helsinki,FI,0.5,US7192921,60.1666204,24.9435408
3o30464m6d2m17a6c3s3p6r5f5m6no1t431a4c,La Jolla,,0.25,US7192921,32.8458529,-117.2575702
3o30464m6d2m17a6c3s3p6r5f5m6no1t431a4c,Rancho Santa Fe,,0.25,US7192921,33.0242314,-117.1979781
4m3e551i5d4j38k46yw3j1i23525a5m1i2243,"Mountain View, CA",US,0.3333333333333333,US9410170,37.3893889,-122.0832101
4m3e551i5d4j38k46yw3j1i23525a5m1i2243,Lyngby,DK,0.3333333333333333,US9410170,55.7718649,12.5051413
4m3e551i5d4j38k46yw3j1i23525a5m1i2243,"Menlo Park, CA",US,0.3333333333333333,US9410170,37.4519671,-122.177992
1e2o4c452f1ab1x2a2a4b456l5f5v413w5l465h,"Baltimore, MD",US,1.0,US7517680,39.2908816,-76.610759
4q2l195m3m555u3s546v2pa676n52u9645240,"San Diego, CA",US,0.6666666666666666,US8367588,32.7174202,-117.162772
4q2l195m3m555u3s546v2pa676n52u9645240,"La Jolla, CA",US,0.3333333333333333,US8367588,32.8458529,-117.2575702
1t5t5l56q6x336y4r443h5g4p2p6b2p2p6h3630,Cambridge,GB,1.0,US7718578,52.1975846,0.1391537
04q41s5f6i4i3i5j632n5j365b2a3p6t5c711n,"Austin, TX",US,0.3333333333333333,US7771732,30.2711286,-97.7436995
04q41s5f6i4i3i5j632n5j365b2a3p6t5c711n,"Lexington, KY",US,0.3333333333333333,US7771732,38.0464066,-84.4970393
04q41s5f6i4i3i5j632n5j365b2a3p6t5c711n,"Auburn, AL",US,0.3333333333333333,US7771732,32.6098566,-85.4807825
556fc6ul2f6kx152z4b572do2a5c2mr135t,"Waltham, MA",US,0.3333333333333333,US9290579,42.3762385,-71.2355644
556fc6ul2f6kx152z4b572do2a5c2mr135t,"Concord, MA",US,0.3333333333333333,US9290579,42.4605189,-71.3488963
556fc6ul2f6kx152z4b572do2a5c2mr135t,"New York, NY",US,0.3333333333333333,US9290579,40.7127281,-74.0060152
6m553l2o4c4r52z3j5o20483660375v11o63,Erioues,FR,0.3333333333333333,US6962807,,
6m553l2o4c4r52z3j5o20483660375v11o63,Berlin,DE,0.3333333333333333,US6962807,52.5173885,13.3951309
6m553l2o4c4r52z3j5o20483660375v11o63,Suresves,FR,0.3333333333333333,US6962807,,
243j2k1l2fy423b1w2l1r311w2z5c3e2g532h64,"Denver, CO",US,0.3333333333333333,US7842485,39.7392364,-104.984862
243j2k1l2fy423b1w2l1r311w2z5c3e2g532h64,"Westminster, CO",US,0.3333333333333333,US7842485,39.8366528,-105.0372046
243j2k1l2fy423b1w2l1r311w2z5c3e2g532h64,"Boulder, CO",US,0.3333333333333333,US7842485,40.0149856,-105.270545
61343t3771b4g5l4d1v1i4g3ze5c491b4w2p4k,"Buellton, CA",US,0.3333333333333333,US7919466,34.6134727,-120.193669
61343t3771b4g5l4d1v1i4g3ze5c491b4w2p4k,"San Diego, CA",US,0.3333333333333333,US7919466,32.7174202,-117.162772
61343t3771b4g5l4d1v1i4g3ze5c491b4w2p4k,"San Francisco, CA",US,0.3333333333333333,US7919466,37.7879363,-122.4075201
4ko3qo535w511s142x704z5s644s485k1a5r6h,Reinach,CH,0.5,US8017725,47.4935369,7.5910891
4ko3qo535w511s142x704z5s644s485k1a5r6h,Pratteln,CH,0.5,US8017725,47.5192013,7.6944741
4a1h4v383z5e5a6im6n82e1z225g2c4o60314i,"Ann Arbor, MI",US,1.0,US8865464,42.2813722,-83.7484616
4e4a304g4g3j6fo6e176i303g2n6x5j5p3q5m15,"La Jolla, CA",US,1.0,US7790847,32.8458529,-117.2575702
2a5bbx38b4z5r5y6k1k351x3l6g323j1h6g40,North Vancouver,CA,0.5,US7696335,49.3206294,-123.0737925
2a5bbx38b4z5r5y6k1k351x3l6g323j1h6g40,Vancouver,CA,0.5,US7696335,49.2608724,-123.113952
2r6u401d6c44n5h5bj321o1r35702k6e2xd4,"Winchester, MA",US,0.3333333333333333,US7739055,42.4523178,-71.1369982
2r6u401d6c44n5h5bj321o1r35702k6e2xd4,"Berkeley, CA",US,0.3333333333333333,US7739055,37.8708393,-122.272863
2r6u401d6c44n5h5bj321o1r35702k6e2xd4,"Cambridge, MA",US,0.3333333333333333,US7739055,42.3656347,-71.1040018
45m3z313k040634o13xk4r5o62e1o3o1j6m,"Lexington, MA",US,0.3333333333333333,US10030253,42.4473175,-71.2245003
45m3z313k040634o13xk4r5o62e1o3o1j6m,"Medford, MA",US,0.3333333333333333,US10030253,42.4184296,-71.1061639
45m3z313k040634o13xk4r5o62e1o3o1j6m,"Newton, MA",US,0.3333333333333333,US10030253,42.3300435,-71.194862
g3iz1e4h403r6u4u0if1f6c675t5y2rp6z,"San Diego, CA",US,0.5,US7960141,32.7174202,-117.162772
g3iz1e4h403r6u4u0if1f6c675t5y2rp6z,"La Jolla, CA",US,0.5,US7960141,32.8458529,-117.2575702
j5d6a4m45123u3q1o5oz2d222r2v2s2gg6w6y,"Washington, DC",US,1.0,US7777016,38.8950982,-77.0363849
4n2d70j1c332t1l1p1j495fw663fc6f1203d,Vancouver,CA,1.0,US8114381,49.2608724,-123.113952
2h3e426l54351h1x296xw1h433yl601xi4d3l,"Phildadelphia, PA",US,0.5,US7273056,,
2h3e426l54351h1x296xw1h433yl601xi4d3l,Rochester,,0.5,US7273056,43.157285,-77.615214
6382l3g14511n3y4cqi2m1a5c4r4j335c204u,"San Diego, CA",US,0.6666666666666666,US7807411,32.7174202,-117.162772
6382l3g14511n3y4cqi2m1a5c4r4j335c204u,"La Jolla, CA",US,0.3333333333333333,US7807411,32.8458529,-117.2575702
2t2wg53693a633y6q2m65n4r3h5j2f6w2y1w3p,Haga-gun,JP,1.0,US6638748,36.5102425,140.126863
4d4910734a6w2k2xz704q6n2s4c1x46443n4j73,Budapest,HU,0.75,US7882052,47.4978789,19.0402383
4d4910734a6w2k2xz704q6n2s4c1x46443n4j73,Budakalasz,HU,0.25,US7882052,47.6192785,19.0468565
3j2o3a4e70154w8685x4w3w294y3o256f3i6n5j,"Concord, MA",US,0.5,US8178656,42.4605189,-71.3488963
3j2o3a4e70154w8685x4w3w294y3o256f3i6n5j,Kassel,DE,0.5,US8178656,51.3157833,9.4978479
3p2w5f4m413y5i3e3b516i3v6t525206p5s1714,"College Station, TX",US,0.25,US7867716,30.6183939,-96.3455991
3p2w5f4m413y5i3e3b516i3v6t525206p5s1714,"Columbus, MO",US,0.25,US7867716,38.8586209,-93.8907752
3p2w5f4m413y5i3e3b516i3v6t525206p5s1714,"Bryan, TX",US,0.25,US7867716,30.6743643,-96.3699632
3p2w5f4m413y5i3e3b516i3v6t525206p5s1714,Oxford,GB,0.25,US7867716,51.7520131,-1.2578499
5f5186l2k5476l5y1r1k434ax5i716nx241p,"Carmel, IN",US,0.25,US7745175,39.9784186,-86.1283681
5f5186l2k5476l5y1r1k434ax5i716nx241p,"Indianapolis, IN",US,0.125,US7745175,39.7683331,-86.1583502
5f5186l2k5476l5y1r1k434ax5i716nx241p,"Westfield, IN",US,0.375,US7745175,40.0428151,-86.1274888
5f5186l2k5476l5y1r1k434ax5i716nx241p,"Lebanon, IN",US,0.125,US7745175,40.0483744,-86.4691677
5f5186l2k5476l5y1r1k434ax5i716nx241p,"Zionsville, IN",US,0.125,US7745175,39.950724,-86.2616968
t6y6u5g4s6x555k5m1hi90a2d5z35x2kn,"San Diego, CA",US,0.5,US8114627,32.7174202,-117.162772
t6y6u5g4s6x555k5m1hi90a2d5z35x2kn,"La Jolla, CA",US,0.5,US8114627,32.8458529,-117.2575702
2t54694k2v19175k5f2s2ue3m473ix592a35r,"El Cerrito, CA",US,1.0,US7745696,37.9154056,-122.301411
4s5x6d21672x4q3e5yw2a1zl1b642e6q452q1p,"New York, NY",US,1.0,US7812143,40.7127281,-74.0060152
36151x2f4r65314k4rc492f1hc3j6r10465h32,"La Jolla, CA",US,0.3333333333333333,US7745410,32.8458529,-117.2575702
36151x2f4r65314k4rc492f1hc3j6r10465h32,Daegu,KR,0.6666666666666666,US7745410,35.8713,128.6018
124j46p76v34675m213d5i363j3o74wh69o,"Boulder, CO",US,0.75,US8097711,40.0149856,-105.270545
124j46p76v34675m213d5i363j3o74wh69o,Szeged,HU,0.25,US8097711,46.2546312,20.1486016
1870n686n93353e2u3n6y396u4o14483z6u33,"Missouri City, TX",US,0.25,US6515017,29.6185669,-95.5377215
1870n686n93353e2u3n6y396u4o14483z6u33,"Houston, TX",US,0.5,US6515017,29.7589382,-95.3676974
1870n686n93353e2u3n6y396u4o14483z6u33,"Sugar Land, TX",US,0.25,US6515017,29.6196787,-95.6349463
6a23125163172m1e4o434r1a2j5en2i5h6k1ih,"Verona, WI",US,0.25,US9168329,42.9905492,-89.5335575
6a23125163172m1e4o434r1a2j5en2i5h6k1ih,"Madison, WI",US,0.75,US9168329,43.07469,-89.3841663
6a3c3rs422w6r2i174i4q314k1h1n41195o6r5y,"Berkeley, CA",US,0.3333333333333333,US8828684,37.8708393,-122.272863
6a3c3rs422w6r2i174i4q314k1h1n41195o6r5y,Drogheda,IE,0.3333333333333333,US8828684,53.7149877,-6.3524183
6a3c3rs422w6r2i174i4q314k1h1n41195o6r5y,"Oakland, CA",US,0.3333333333333333,US8828684,37.8044557,-122.271356
294m4a3i5z3v65rw1ua3670583c6k1l4p20,"Ann Arbor, MI",US,1.0,US9523075,42.2813722,-83.7484616
5j112x5y59231n446p2b46375233v185n72466t,"Vallejo, CA",US,0.2,US9217026,38.1040864,-122.2566367
5j112x5y59231n446p2b46375233v185n72466t,"Sierra Madre, CA",US,0.2,US9217026,34.1616729,-118.052845
5j112x5y59231n446p2b46375233v185n72466t,"Oakland, CA",US,0.2,US9217026,37.8044557,-122.271356
5j112x5y59231n446p2b46375233v185n72466t,"Orinda, CA",US,0.2,US9217026,37.8771476,-122.1796888
5j112x5y59231n446p2b46375233v185n72466t,"Walnut Creek, CA",US,0.2,US9217026,37.9020731,-122.0618702
2u2a4u3p4k48x33546y1x6w1j1a312x3735p5e,"Madison, WI",US,0.8,US7595147,43.07469,-89.3841663
2u2a4u3p4k48x33546y1x6w1j1a312x3735p5e,"Worthington, OH",US,0.2,US7595147,40.0930945,-83.0179593
4h5i1k582136k3m4f23395n5vq4q3t28212x6n,"Boulder, CO",US,0.6666666666666666,US8242258,40.0149856,-105.270545
4h5i1k582136k3m4f23395n5vq4q3t28212x6n,"Durham, NC",US,0.3333333333333333,US8242258,35.996653,-78.9018053
e3k436bi3m5c1g3a365v5t203o4x6m5k5w5j4a,"Ithaca, NY",US,0.2,US7684043,42.4374175,-76.5483724
e3k436bi3m5c1g3a365v5t203o4x6m5k5w5j4a,"Arlington, VA",US,0.2,US7684043,38.8769326,-77.0893094
e3k436bi3m5c1g3a365v5t203o4x6m5k5w5j4a,"La Jolla, CA",US,0.2,US7684043,32.8458529,-117.2575702
e3k436bi3m5c1g3a365v5t203o4x6m5k5w5j4a,"Bellevue, WA",US,0.2,US7684043,47.6144219,-122.192337
e3k436bi3m5c1g3a365v5t203o4x6m5k5w5j4a,"Kent, WA",US,0.2,US7684043,47.3826903,-122.2270272
3c253e4dt2f061f13z1r5s2g4j3c52z595p,"Melrose, MA",US,0.5,US8153358,42.4564323,-71.064182
3c253e4dt2f061f13z1r5s2g4j3c52z595p,"Wenham, MA",US,0.5,US8153358,42.6046209,-70.8873511
3g6l37n351p5s513au25631c3b3u2d2m4z2t,"La Jolla, CA",US,0.2727272727272727,US7903239,32.8458529,-117.2575702
3g6l37n351p5s513au25631c3b3u2d2m4z2t,"Boulder, CO",US,0.09090909090909091,US7903239,40.0149856,-105.270545
3g6l37n351p5s513au25631c3b3u2d2m4z2t,"Oceanside, CA",US,0.09090909090909091,US7903239,33.1958696,-117.379483
3g6l37n351p5s513au25631c3b3u2d2m4z2t,"Lexington, MA",US,0.09090909090909091,US7903239,42.4473175,-71.2245003
3g6l37n351p5s513au25631c3b3u2d2m4z2t,"San Diego, CA",US,0.09090909090909091,US7903239,32.7174202,-117.162772
3g6l37n351p5s513au25631c3b3u2d2m4z2t,"Del Mar, CA",US,0.18181818181818182,US7903239,32.9594891,-117.2653146
3g6l37n351p5s513au25631c3b3u2d2m4z2t,"Irvine, CA",US,0.09090909090909091,US7903239,33.6856969,-117.825981
3g6l37n351p5s513au25631c3b3u2d2m4z2t,"Ithaca, NY",US,0.09090909090909091,US7903239,42.4374175,-76.5483724
i1n1d633r71674g6j5o442v14483d691q5i452s,Daejeon,KR,0.6666666666666666,US8977530,36.3497007,127.3849016
i1n1d633r71674g6j5o442v14483d691q5i452s,Ul-san,KR,0.3333333333333333,US8977530,59.9329842,30.31531
2ar321c5xnx373a2o171c3w104136zl2h5y,"Dallas, TX",US,0.5,US8741316,32.7762719,-96.7968559
2ar321c5xnx373a2o171c3w104136zl2h5y,"Pflugerville, TX",US,0.5,US8741316,30.4393696,-97.6200043
1hq73655m55z1r1p6n713s384e13106x373c6b,"La Jolla, CA",US,0.3333333333333333,US8216804,32.8458529,-117.2575702
1hq73655m55z1r1p6n713s384e13106x373c6b,"San Diego, CA",US,0.6666666666666666,US8216804,32.7174202,-117.162772
3k1p1z36u5k731t4k5y6r5f141t204q4h3j3v21,"Newberry, FL",US,0.2,US8124259,29.6463535,-82.6065023
3k1p1z36u5k731t4k5y6r5f141t204q4h3j3v21,"Gainesville, FL",US,0.8,US8124259,29.6519684,-82.3249846
24v4p6s2i1w2m2p5u2s42l3k6z4q414ug3729,"Potomac, MD",US,0.25,US8716021,39.0180508,-77.1956331
24v4p6s2i1w2m2p5u2s42l3k6z4q414ug3729,"Sandy Spring, MD",US,0.25,US8716021,39.1495517,-77.0269221
24v4p6s2i1w2m2p5u2s42l3k6z4q414ug3729,"Rockville, MD",US,0.25,US8716021,39.0817985,-77.1516844
24v4p6s2i1w2m2p5u2s42l3k6z4q414ug3729,"Charlottesville, VA",US,0.25,US8716021,38.029306,-78.4766781
2f134l6o2341bn3x4z3v1z61432m1b6f4or1u,"Baltimore, MD",US,1.0,US7985736,39.2908816,-76.610759
3oq5m1a3us6vo3u6v5p3o3d6l423x6m5d5te,"LaJolla, CA",US,1.0,US9101671,32.8686951,-117.2305541
2c1h1ze465b5by4m3p467183b6v69oc6td,"Havertown, PA",US,0.5,US7785807,39.9809452,-75.3085201
2c1h1ze465b5by4m3p467183b6v69oc6td,"Upper Darby, PA",US,0.25,US7785807,39.9283632,-75.2737099
2c1h1ze465b5by4m3p467183b6v69oc6td,"Wayne, PA",US,0.25,US7785807,41.6264414,-75.3045103
1ih554r1o3y2o2e3b4q3v463286x1344o2c6a,"BERKELEY, CA",US,0.8,US8158383,37.8708393,-122.272863
1ih554r1o3y2o2e3b4q3v463286x1344o2c6a,"SAN FRANCISCO, CA",US,0.2,US8158383,37.7879363,-122.4075201
2w634a4h5p676w2j4r1n5y4m6k208511713l4x,"Baltimore, MD",US,1.0,US8338138,39.2908816,-76.610759
6g5o6t5x1p65k4g1bw4h5o2o6s4y225a66kq,Yokohama-shi,JP,1.0,US8227209,35.4503381,139.6343802
2m371u574v6k38393841a6s405z3o9542r6v6o,Chengdu,CN,0.16666666666666666,US7776927,30.659867,104.063315
2m371u574v6k38393841a6s405z3o9542r6v6o,Hong Kong,CN,0.16666666666666666,US7776927,22.2818333,114.1582831
2m371u574v6k38393841a6s405z3o9542r6v6o,"Atlanta, GA",US,0.16666666666666666,US7776927,33.7544657,-84.3898151
2m371u574v6k38393841a6s405z3o9542r6v6o,"Cambridge, MA",US,0.3333333333333333,US7776927,42.3656347,-71.1040018
2m371u574v6k38393841a6s405z3o9542r6v6o,"Bolton, MA",US,0.16666666666666666,US7776927,42.4342336,-71.6097744
581625vz1f3r1r1n2i6m4q6j39342v6f3z5b34,"Brookline, MA",US,0.5,US9624538,42.332918,-71.1187829
581625vz1f3r1r1n2i6m4q6j39342v6f3z5b34,"Ocean City, NJ",US,0.25,US9624538,39.2788685,-74.5762507
581625vz1f3r1r1n2i6m4q6j39342v6f3z5b34,"Chagrin Falls, OH",US,0.25,US9624538,41.436589,-81.3855058
6b2s6512a4d4a6a4zt4d3t1lha2w4e6e261,"Fremont, CA",US,0.5,US8257964,37.5482697,-121.988571
6b2s6512a4d4a6a4zt4d3t1lha2w4e6e261,"Alameda, CA",US,0.5,US8257964,37.6090291,-121.899142
4p2a142y443p5u2t1t256717115l3n2x43u5o2u,Taichung City,TW,0.5714285714285714,US8003344,24.1586239,120.644867
4p2a142y443p5u2t1t256717115l3n2x43u5o2u,Kaohsiung City,TW,0.2857142857142857,US8003344,22.630583,120.3438175
4p2a142y443p5u2t1t256717115l3n2x43u5o2u,Tainan City,TW,0.14285714285714285,US8003344,22.9921256,120.1852496
2z4e3q4v551l4w57449563n4d3g2241h1672j,Moraga,,0.2,US7445926,37.834897,-122.12883
2z4e3q4v551l4w57449563n4d3g2241h1672j,Berkeley,,0.4,US7445926,37.8708393,-122.272863
2z4e3q4v551l4w57449563n4d3g2241h1672j,Oakland,,0.2,US7445926,37.8044557,-122.271356
2z4e3q4v551l4w57449563n4d3g2241h1672j,Albany,,0.2,US7445926,42.6511674,-73.754968
2m422v405k4v4g4a201g2a5j615e73l296835r,Stuttgart,DE,0.2,US9664619,48.7784485,9.1800132
2m422v405k4v4g4a201g2a5j615e73l296835r,"Cambridge, MA",US,0.2,US9664619,42.3656347,-71.1040018
2m422v405k4v4g4a201g2a5j615e73l296835r,Bad Urach,DE,0.2,US9664619,48.4937953,9.3978845
2m422v405k4v4g4a201g2a5j615e73l296835r,"Sacramento, CA",US,0.2,US9664619,38.5810606,-121.493895
2m422v405k4v4g4a201g2a5j615e73l296835r,"Bolton, MA",US,0.2,US9664619,42.4342336,-71.6097744
26m5z393e2u3n6i6z6l3t5l64l1q1bi753i,"Madison, WI",US,0.6666666666666666,US7935505,43.07469,-89.3841663
26m5z393e2u3n6i6z6l3t5l64l1q1bi753i,"Oak Park, IL",US,0.3333333333333333,US7935505,41.8878145,-87.7887615
3y1v1r23355y2j1a2f2r5q1t2c4c1j6k5a5a1j6j,"Los Angeles, CA",US,0.8333333333333334,US8975049,34.0536909,-118.242766
3y1v1r23355y2j1a2f2r5q1t2c4c1j6k5a5a1j6j,"Beverly Hills, CA",US,0.16666666666666666,US8975049,34.0696501,-118.3963062
3u54923y2nk1r72342g6e4g1d1a54r4r3qs,"Golden, CO",US,0.6666666666666666,US7449550,39.7546349,-105.22058
3u54923y2nk1r72342g6e4g1d1a54r4r3qs,"Berthoud, CO",US,0.16666666666666666,US7449550,40.329325,-105.1258685
3u54923y2nk1r72342g6e4g1d1a54r4r3qs,"Littleton, CO",US,0.16666666666666666,US7449550,39.613321,-105.016649
nc6644554z5y5y5h5m423yy4c2k3v2x2nz4m,"So. San Francisco, CA",US,0.25,US8313934,37.7879363,-122.4075201
nc6644554z5y5y5h5m423yy4c2k3v2x2nz4m,"Madison, WI",US,0.25,US8313934,43.07469,-89.3841663
nc6644554z5y5y5h5m423yy4c2k3v2x2nz4m,"Belmont, CA",US,0.25,US8313934,37.5164926,-122.2941914
nc6644554z5y5y5h5m423yy4c2k3v2x2nz4m,"Eden Prairie, MN",US,0.25,US8313934,44.8546856,-93.470786
4f525n214w3q1no3j3i4a5y5rg2i5a5o6c4c1c,"Durham, NC",US,0.4,US8043810,35.996653,-78.9018053
4f525n214w3q1no3j3i4a5y5rg2i5a5o6c4c1c,"Pasadena, CA",US,0.2,US8043810,34.1476507,-118.144155
4f525n214w3q1no3j3i4a5y5rg2i5a5o6c4c1c,"Hillsborough, NC",US,0.2,US8043810,36.075382,-79.0993958
4f525n214w3q1no3j3i4a5y5rg2i5a5o6c4c1c,"Cary, NC",US,0.2,US8043810,35.7882893,-78.7812081
k495pud1b356l702d2r36d3b1t5q1t4o4f5u,"Greenback, TN",US,0.3333333333333333,US8101388,35.6611904,-84.1721357
k495pud1b356l702d2r36d3b1t5q1t4o4f5u,"Oak Ridge, TN",US,0.3333333333333333,US8101388,36.0103562,-84.2696449
k495pud1b356l702d2r36d3b1t5q1t4o4f5u,"Knoxville, TN",US,0.3333333333333333,US8101388,35.9603948,-83.9210261
2zf6x1b4e6y686w133s1h215b13191l4a3hw67,"Shingle Springs, CA",US,0.16666666666666666,US7923237,38.672175,-120.9513991
2zf6x1b4e6y686w133s1h215b13191l4a3hw67,"Beaverton, OR",US,0.3333333333333333,US7923237,45.4871723,-122.80378
2zf6x1b4e6y686w133s1h215b13191l4a3hw67,"San Jose, CA",US,0.3333333333333333,US7923237,37.3361663,-121.890591
2zf6x1b4e6y686w133s1h215b13191l4a3hw67,"Santa Clara, CA",US,0.16666666666666666,US7923237,37.2333253,-121.6846349
6l2p76423d6h5x3n4c5x2x526u50431sek6x,"Pasadena, CA",US,0.6666666666666666,US8865667,34.1476507,-118.144155
6l2p76423d6h5x3n4c5x2x526u50431sek6x,"San Gabriel, CA",US,0.3333333333333333,US8865667,34.0990995,-118.1085554
4q16e5g5z2x2f16d5ou3l6i376u102m345z,"Berkeley, CA",US,0.6,US8097438,37.8708393,-122.272863
4q16e5g5z2x2f16d5ou3l6i376u102m345z,"San Francisco, CA",US,0.2,US8097438,37.7879363,-122.4075201
4q16e5g5z2x2f16d5ou3l6i376u102m345z,Calgary,CA,0.2,US8097438,51.0456064,-114.057541
1t210542x2l3z625s3e5f21286l1g145x264q2c,"Brooklyn, NY",US,0.2,US7968701,40.6526006,-73.9497211
1t210542x2l3z625s3e5f21286l1g145x264q2c,"Ithaca, NY",US,0.2,US7968701,42.4374175,-76.5483724
1t210542x2l3z625s3e5f21286l1g145x264q2c,"Pomona, NY",US,0.2,US7968701,41.189153,-74.054249
1t210542x2l3z625s3e5f21286l1g145x264q2c,"New York, NY",US,0.4,US7968701,40.7127281,-74.0060152
201q2t3o2f5v4o5s2iv4y2d375p2l631n2n2f1,Kraainem,BE,0.3333333333333333,US7485310,50.8425698,4.4692034
201q2t3o2f5v4o5s2iv4y2d375p2l631n2n2f1,"Bromley, Kent",GB,0.6666666666666666,US7485310,51.0938993,0.8528776
3z23y4u144h3n2r561u7674c4x3z422j1f5l34,"La Canada, CA",US,0.125,US8802401,33.7301661,-117.7638553
3z23y4u144h3n2r561u7674c4x3z422j1f5l34,"Rancho Santa Fe, CA",US,0.125,US8802401,33.0242314,-117.1979781
3z23y4u144h3n2r561u7674c4x3z422j1f5l34,Osaka,JP,0.125,US8802401,34.6937569,135.5014539
3z23y4u144h3n2r561u7674c4x3z422j1f5l34,"Pasadena, CA",US,0.25,US8802401,34.1476507,-118.144155
3z23y4u144h3n2r561u7674c4x3z422j1f5l34,"Medford, MA",US,0.125,US8802401,42.4184296,-71.1061639
3z23y4u144h3n2r561u7674c4x3z422j1f5l34,"San Diego, CA",US,0.125,US8802401,32.7174202,-117.162772
3z23y4u144h3n2r561u7674c4x3z422j1f5l34,Saarbruecken,DE,0.125,US8802401,49.234362,6.996379
44l6w4w58171y5a686s1x5mq1o432i132s19d,"Bolton, MA",US,0.3333333333333333,US9039273,42.4342336,-71.6097744
44l6w4w58171y5a686s1x5mq1o432i132s19d,"Guilford, CT",US,0.3333333333333333,US9039273,41.2827593,-72.6816365
44l6w4w58171y5a686s1x5mq1o432i132s19d,"Cambridge, MA",US,0.3333333333333333,US9039273,42.3656347,-71.1040018
1r5u5t411105h24a2y2y1d6h39t41l2v2g3s,"Potomac, MD",US,0.2,US9139849,39.0180508,-77.1956331
1r5u5t411105h24a2y2y1d6h39t41l2v2g3s,Cingletie Peeples,GB,0.1,US9139849,,
1r5u5t411105h24a2y2y1d6h39t41l2v2g3s,Zurich,CH,0.1,US9139849,47.3744489,8.5410422
1r5u5t411105h24a2y2y1d6h39t41l2v2g3s,Dielheim-Balzfeld,DE,0.1,US9139849,49.2708687,8.7645714
1r5u5t411105h24a2y2y1d6h39t41l2v2g3s,"Rockville, MD",US,0.3,US9139849,39.0817985,-77.1516844
1r5u5t411105h24a2y2y1d6h39t41l2v2g3s,Scotland,GB,0.1,US9139849,56.7861112,-4.1140518
1r5u5t411105h24a2y2y1d6h39t41l2v2g3s,"Chapel Hill, NC",US,0.1,US9139849,35.9131542,-79.05578
4v4g1c3s3s4n3e4m66b6k6hr1u66p4z736u6p,"Madison, WI",US,0.5714285714285714,US9651487,43.07469,-89.3841663
4v4g1c3s3s4n3e4m66b6k6hr1u66p4z736u6p,"Portage, WI",US,0.14285714285714285,US9651487,44.4604931,-89.5108818
4v4g1c3s3s4n3e4m66b6k6hr1u66p4z736u6p,"Corona del Mar, CA",US,0.14285714285714285,US9651487,33.5995916,-117.873739
4v4g1c3s3s4n3e4m66b6k6hr1u66p4z736u6p,"Falls Church, VA",US,0.14285714285714285,US9651487,38.882334,-77.1710914
s4kx3b5j1o373c4do4nt3c5h5v321k1i4l6z,"Newton Center, MA",US,0.5,US8153119,42.3300309,-71.1948774
s4kx3b5j1o373c4do4nt3c5h5v321k1i4l6z,"Boston, MA",US,0.5,US8153119,42.3588336,-71.0578303
721h1t32221z23956e3c2e26106b13196n5j3n,"ALBANY, CA",US,0.5,US8198056,37.8871621,-122.298351
721h1t32221z23956e3c2e26106b13196n5j3n,"BERKELEY, CA",US,0.5,US8198056,37.8708393,-122.272863
58x71625315fn4z3w2p4l2j6k5n332b5t3z6u,"Lexington, MA",US,0.25,US9714941,42.4473175,-71.2245003
58x71625315fn4z3w2p4l2j6k5n332b5t3z6u,"Cambridge, MA",US,0.25,US9714941,42.3656347,-71.1040018
58x71625315fn4z3w2p4l2j6k5n332b5t3z6u,Stockholm,SE,0.125,US9714941,59.3251172,18.0710935
58x71625315fn4z3w2p4l2j6k5n332b5t3z6u,"Somerville, MA",US,0.25,US9714941,42.3875968,-71.0994968
58x71625315fn4z3w2p4l2j6k5n332b5t3z6u,Lexmond,NL,0.125,US9714941,51.9631624,5.0364321
1j4w691u2dj3j1j712l2n592j1f3e2x325d25g,"Houston, TX",US,1.0,US8632452,29.7589382,-95.3676974
2a5a6959y6e625e3q5l2g382e20632v163e3k43,"Golden, CO",US,0.42857142857142855,US7375197,39.7546349,-105.22058
2a5a6959y6e625e3q5l2g382e20632v163e3k43,"Berthoud, CO",US,0.14285714285714285,US7375197,40.329325,-105.1258685
2a5a6959y6e625e3q5l2g382e20632v163e3k43,"San Carlos, CA",US,0.14285714285714285,US7375197,37.504936,-122.261823
2a5a6959y6e625e3q5l2g382e20632v163e3k43,"Lakewood, CO",US,0.14285714285714285,US7375197,39.7085736,-105.0846694
2a5a6959y6e625e3q5l2g382e20632v163e3k43,"Littleton, CO",US,0.14285714285714285,US7375197,39.613321,-105.016649
z3t5g1r4t4q4qp1v4d5c103x734d6y2q715o,"San Diego, CA",US,0.5,US9150849,32.7174202,-117.162772
z3t5g1r4t4q4qp1v4d5c103x734d6y2q715o,"Merced, CA",US,0.25,US9150849,37.1641544,-120.7678602
z3t5g1r4t4q4qp1v4d5c103x734d6y2q715o,"La Jolla, CA",US,0.25,US9150849,32.8458529,-117.2575702
5j3g4q6d6h4i5q5v13d8v1j181o5i214i603n,Rechovot,IL,0.3333333333333333,US8173868,31.8952532,34.8105616
5j3g4q6d6h4i5q5v13d8v1j181o5i214i603n,Rishon-LeZion,IL,0.3333333333333333,US8173868,31.9635712,34.8101149
5j3g4q6d6h4i5q5v13d8v1j181o5i214i603n,Doar-Na Gezer,IL,0.3333333333333333,US8173868,,
6q3m1i2z4w4i555z493s37a8h3p5p3d4c3r2m,"Tucson, AZ",US,0.8,US8241860,32.2228765,-110.974847
6q3m1i2z4w4i555z493s37a8h3p5p3d4c3r2m,"Melrose, MA",US,0.2,US8241860,42.4564323,-71.064182
h3pv6t285g333n1b2v3j5g2t6qdn5n5s4740,"Austin, TX",US,0.25,US8298764,30.2711286,-97.7436995
h3pv6t285g333n1b2v3j5g2t6qdn5n5s4740,"Larchmont, NY",US,0.5,US8298764,40.9278769,-73.7517983
h3pv6t285g333n1b2v3j5g2t6qdn5n5s4740,"Polo Alto, CA",US,0.25,US8298764,32.079993,-107.8527305
5y672a6z6p1d6936b2a263j2x4n1v2d1p26381s,"Winchester, MA",US,0.5,US8193314,42.4523178,-71.1369982
5y672a6z6p1d6936b2a263j2x4n1v2d1p26381s,"Cambridge, MA",US,0.5,US8193314,42.3656347,-71.1040018
6h646w9721t6x4g2t1v3v4r692cx3q4r1w185,"La Jolla, CA",US,0.25,US8097173,32.8458529,-117.2575702
6h646w9721t6x4g2t1v3v4r692cx3q4r1w185,"Irvine, CA",US,0.25,US8097173,33.6856969,-117.825981
6h646w9721t6x4g2t1v3v4r692cx3q4r1w185,"San Diego, CA",US,0.25,US8097173,32.7174202,-117.162772
6h646w9721t6x4g2t1v3v4r692cx3q4r1w185,"Ithaca, NY",US,0.25,US8097173,42.4374175,-76.5483724
6m2n1vr3v45636k704c5j6y6c6me1x6b5z6y2r,"Ithaca, NY",US,1.0,US8445655,42.4374175,-76.5483724
63e5l1y4v3u4k6yo452k2l2z6j543hn3q242p,"San Diego, CA",US,0.5,US8609383,32.7174202,-117.162772
63e5l1y4v3u4k6yo452k2l2z6j543hn3q242p,"La Jolla, CA",US,0.5,US8609383,32.8458529,-117.2575702
5g6b4w1i3o6e6e1z6615494p6c1u3x675b5t322d,"Newton, MA",US,0.16666666666666666,US8673591,42.3300435,-71.194862
5g6b4w1i3o6e6e1z6615494p6c1u3x675b5t322d,"Mountain View, CA",US,0.16666666666666666,US8673591,37.3893889,-122.0832101
5g6b4w1i3o6e6e1z6615494p6c1u3x675b5t322d,"Cambridge, MA",US,0.16666666666666666,US8673591,42.3656347,-71.1040018
5g6b4w1i3o6e6e1z6615494p6c1u3x675b5t322d,"San Diego, CA",US,0.16666666666666666,US8673591,32.7174202,-117.162772
5g6b4w1i3o6e6e1z6615494p6c1u3x675b5t322d,"La Jolla, CA",US,0.16666666666666666,US8673591,32.8458529,-117.2575702
5g6b4w1i3o6e6e1z6615494p6c1u3x675b5t322d,"Arlington, MA",US,0.16666666666666666,US8673591,42.4153739,-71.1564428
v3x3p24715rv2l33335615xz2p21256w174k,"Buellton, CA",US,0.5,US8815804,34.6134727,-120.193669
v3x3p24715rv2l33335615xz2p21256w174k,"Pittsburgh, PA",US,0.5,US8815804,40.4406968,-80.0025666
3u3z3k172n736f2e142w3n5a2a52p5e1i221np,"Salt Lake City, UT",US,0.75,US8470965,40.7596198,-111.886797
3u3z3k172n736f2e142w3n5a2a52p5e1i221np,"South Euclid, OH",US,0.25,US8470965,41.5231076,-81.5184553
3r4x2t5p166t3c3r1m2e6r3y6r1d5c5244342049,Trondheim,NO,0.625,US7553656,63.4304475,10.3952118
3r4x2t5p166t3c3r1m2e6r3y6r1d5c5244342049,Vancouver,CA,0.125,US7553656,49.2608724,-123.113952
3r4x2t5p166t3c3r1m2e6r3y6r1d5c5244342049,Ranheim,NO,0.125,US7553656,63.4274654,10.5300119
3r4x2t5p166t3c3r1m2e6r3y6r1d5c5244342049,Vikhammer,NO,0.125,US7553656,63.4370844,10.6271162
4v1u2u6m3r556u336f491p5e1i18384b115o3o6,"Concord, MA",US,0.5,US8206774,42.4605189,-71.3488963
4v1u2u6m3r556u336f491p5e1i18384b115o3o6,"Somerville, MA",US,0.5,US8206774,42.3875968,-71.0994968
5v3fn404k1y63m2h67442y6l1r1w6x241m503g,"Concord, MA",US,0.25,US7635755,42.4605189,-71.3488963
5v3fn404k1y63m2h67442y6l1r1w6x241m503g,Daejeon,KR,0.25,US7635755,36.3497007,127.3849016
5v3fn404k1y63m2h67442y6l1r1w6x241m503g,"Decatur, GA",US,0.25,US7635755,30.8736613,-84.5740953
5v3fn404k1y63m2h67442y6l1r1w6x241m503g,Seoul,KR,0.25,US7635755,37.5666791,126.9782914
6k6x4z1v2k2d01sx3441213w383sbb4ec4f,"Buellton, CA",US,0.3333333333333333,US8367621,34.6134727,-120.193669
6k6x4z1v2k2d01sx3441213w383sbb4ec4f,"Goleta, CA",US,0.6666666666666666,US8367621,34.4358295,-119.8276389
276x2h5p713q5c4b43g234s714p233k3q3r4rz,"Durham, NC",US,1.0,US8796184,35.996653,-78.9018053
x2129506g1v2b4o5o602m5t1c4e4i5223a4u4q,"San Diego, CA",US,0.3333333333333333,US8318172,32.7174202,-117.162772
x2129506g1v2b4o5o602m5t1c4e4i5223a4u4q,"Merced, CA",US,0.16666666666666666,US8318172,37.1641544,-120.7678602
x2129506g1v2b4o5o602m5t1c4e4i5223a4u4q,"Arlington, TX",US,0.16666666666666666,US8318172,32.7355816,-97.1071186
x2129506g1v2b4o5o602m5t1c4e4i5223a4u4q,"La Jolla, CA",US,0.3333333333333333,US8318172,32.8458529,-117.2575702
251b1d686f141p4374d3d2s4o4n3j6s3k3e1b6r,"Lexington, MA",US,0.1111111111111111,US9155792,42.4473175,-71.2245003
251b1d686f141p4374d3d2s4o4n3j6s3k3e1b6r,"Stoneham, MA",US,0.1111111111111111,US9155792,42.4802635,-71.0993581
251b1d686f141p4374d3d2s4o4n3j6s3k3e1b6r,"Needham, MA",US,0.1111111111111111,US9155792,42.2802645,-71.2360624
251b1d686f141p4374d3d2s4o4n3j6s3k3e1b6r,"Allston, MA",US,0.1111111111111111,US9155792,42.3555375,-71.1327494
251b1d686f141p4374d3d2s4o4n3j6s3k3e1b6r,"Watertown, MA",US,0.1111111111111111,US9155792,42.3652576,-71.1843234
251b1d686f141p4374d3d2s4o4n3j6s3k3e1b6r,"Newton, MA",US,0.1111111111111111,US9155792,42.3300435,-71.194862
251b1d686f141p4374d3d2s4o4n3j6s3k3e1b6r,Grasbrunn,DE,0.1111111111111111,US9155792,48.0789075,11.7432493
251b1d686f141p4374d3d2s4o4n3j6s3k3e1b6r,Martinsried,DE,0.1111111111111111,US9155792,48.10882,11.4508007
251b1d686f141p4374d3d2s4o4n3j6s3k3e1b6r,Bodenmais,DE,0.1111111111111111,US9155792,49.0792229,13.1082414
245j0i6k3ap6f6d3l3dn1s57355c661r24y,"Madison, WI",US,0.6666666666666666,US8269039,43.07469,-89.3841663
245j0i6k3ap6f6d3l3dn1s57355c661r24y,"Berkeley, CA",US,0.3333333333333333,US8269039,37.8708393,-122.272863
2d2v291g3k2x4q3z3t60b731k3n375g1r5t1430,"Marietta, GA",US,0.2,US8329444,33.9528472,-84.5496148
2d2v291g3k2x4q3z3t60b731k3n375g1r5t1430,Winnipeg,CA,0.2,US8329444,49.8955367,-97.1384584
2d2v291g3k2x4q3z3t60b731k3n375g1r5t1430,"Dunwoody, GA",US,0.2,US8329444,33.9463786,-84.3342686
2d2v291g3k2x4q3z3t60b731k3n375g1r5t1430,"Atlanta, GA",US,0.2,US8329444,33.7544657,-84.3898151
2d2v291g3k2x4q3z3t60b731k3n375g1r5t1430,Kunming,CN,0.2,US8329444,25.0399353,102.7169061
2y3w6l425r02t4x6t6f2k2n352i111i583e1o6g,"Del Mar, CA",US,0.5,US9695372,32.9594891,-117.2653146
2y3w6l425r02t4x6t6f2k2n352i111i583e1o6g,"San Diego, CA",US,0.5,US9695372,32.7174202,-117.162772
2l1h2a1w1jf2f4u6r5o2z3z13s3y5x1vv2d6j,"Oakland, CA",US,0.3333333333333333,US8465953,37.8044557,-122.271356
2l1h2a1w1jf2f4u6r5o2z3z13s3y5x1vv2d6j,"Gainesville, FL",US,0.6666666666666666,US8465953,29.6519684,-82.3249846
2hv1j5n1d571t691y2x35403a5z253e22a034,Rechovot,IL,0.6,US7917306,31.8952532,34.8105616
2hv1j5n1d571t691y2x35403a5z253e22a034,Magshimim,IL,0.2,US7917306,32.0470353,34.8993144
2hv1j5n1d571t691y2x35403a5z253e22a034,Nataf,IL,0.2,US7917306,31.8320125,35.0679987
3u2t2l526928496o3y593ol374j1v3n6o312fc,"Chandler, AZ",US,0.6666666666666666,US8895072,33.3062031,-111.841185
3u2t2l526928496o3y593ol374j1v3n6o312fc,"Tempe, AZ",US,0.3333333333333333,US8895072,33.4255117,-111.940016
5c4t463b04z2z4b2q1g1d541h585fcq4w4l45,Daejeon,KR,1.0,US8883692,36.3497007,127.3849016
6jb5r26b2z28392o7605o64373z5z1h4o2r2s,Daejeon,KR,0.3333333333333333,US8594945,36.3497007,127.3849016
6jb5r26b2z28392o7605o64373z5z1h4o2r2s,Gyeonggi-do,KR,0.6666666666666666,US8594945,37.2884675,127.0535231
6o6x4o1uf4h1f6l4ih72i5q1r3f4q5f1c2u4o,"Baltimore, MD",US,0.6666666666666666,US8236259,39.2908816,-76.610759
6o6x4o1uf4h1f6l4ih72i5q1r3f4q5f1c2u4o,"Irving, TX",US,0.3333333333333333,US8236259,32.8295183,-96.9442177
3w521n2i1p1n1f423b4h4t4i5e3o6b484t436e58,"Demarest, NJ",US,0.2,US9381194,40.9573205,-73.9634708
3w521n2i1p1n1f423b4h4t4i5e3o6b484t436e58,"East Brunswick, NJ",US,0.2,US9381194,40.4278841,-74.415984
3w521n2i1p1n1f423b4h4t4i5e3o6b484t436e58,"West Windsor, NJ",US,0.2,US9381194,40.2971798,-74.6206496
3w521n2i1p1n1f423b4h4t4i5e3o6b484t436e58,Montreal,CA,0.2,US9381194,45.5031824,-73.5698065
3w521n2i1p1n1f423b4h4t4i5e3o6b484t436e58,"Montreal, CA",US,0.2,US9381194,33.5734298,-117.7351299
1u5422574k2i18w5t3g295a3d6n6m6gj5v6k31,"San Diego, CA",US,1.0,US8133669,32.7174202,-117.162772
3j1ez525g301z2tqxb149174mm2r476d32,"College Station, TX",US,0.5,US9624485,30.6183939,-96.3455991
3j1ez525g301z2tqxb149174mm2r476d32,"La Jolla, CA",US,0.5,US9624485,32.8458529,-117.2575702
3c4s4b62e5p435w5g4w595z59e4l4b6g25n6n,Saitama,JP,0.09090909090909091,US8029994,35.9754168,139.4160114
3c4s4b62e5p435w5g4w595z59e4l4b6g25n6n,LECCE,IT,0.36363636363636365,US8029994,40.1522173,18.2260628
3c4s4b62e5p435w5g4w595z59e4l4b6g25n6n,MARTANO (Lecce),IT,0.09090909090909091,US8029994,40.2036212,18.3019803
3c4s4b62e5p435w5g4w595z59e4l4b6g25n6n,PARIS,FR,0.09090909090909091,US8029994,48.8534951,2.3483915
3c4s4b62e5p435w5g4w595z59e4l4b6g25n6n,ANCONA,IT,0.09090909090909091,US8029994,43.4801189,13.2187279
3c4s4b62e5p435w5g4w595z59e4l4b6g25n6n,BARI,IT,0.09090909090909091,US8029994,41.1257843,16.8620293
3c4s4b62e5p435w5g4w595z59e4l4b6g25n6n,GALATINA (Lecce),IT,0.09090909090909091,US8029994,40.1742781,18.1678388
3c4s4b62e5p435w5g4w595z59e4l4b6g25n6n,KAWASAKI,JP,0.09090909090909091,US8029994,35.5306639,139.7037668
3z1ua3p2n16f6y4rc1x4l43b5h511d35646l,"Columbia, MD",US,0.3333333333333333,US8822206,39.1938429,-76.8646092
3z1ua3p2n16f6y4rc1x4l43b5h511d35646l,"Pikesville, MD",US,0.3333333333333333,US8822206,39.385227,-76.7080456
3z1ua3p2n16f6y4rc1x4l43b5h511d35646l,"Baltimore, MD",US,0.3333333333333333,US8822206,39.2908816,-76.610759
615v1i3ki285u103o3z6vbdf276j3711b24,Houston,,1.0,US7875162,29.7589382,-95.3676974
2q2c4p6x4k5v265m3a1m1d694b5n3z253w5g3q4r,Kanagawa,JP,0.5,US8796417,35.4342935,139.374753
2q2c4p6x4k5v265m3a1m1d694b5n3z253w5g3q4r,Tokyo,JP,0.5,US8796417,35.6768601,139.7638947
6i2q2b2u3w2j161j4t581s6f6e70431p5mb2c8,"Raleigh, NC",US,0.2,US8551599,35.7803977,-78.6390989
6i2q2b2u3w2j161j4t581s6f6e70431p5mb2c8,"Ann Arbor, MI",US,0.6,US8551599,42.2813722,-83.7484616
6i2q2b2u3w2j161j4t581s6f6e70431p5mb2c8,"Fishkill, NY",US,0.2,US8551599,41.5355745,-73.898702
6g3w172q4ra5o3a3ve2t3b2a3w1ae1t4z1g2u,Kleve,DE,0.2,US9403884,51.7895571,6.1376008
6g3w172q4ra5o3a3ve2t3b2a3w1ae1t4z1g2u,Muenchen,DE,0.2,US9403884,48.1371079,11.5753822
6g3w172q4ra5o3a3ve2t3b2a3w1ae1t4z1g2u,Sindelfingen,DE,0.2,US9403884,48.7084162,9.0035455
6g3w172q4ra5o3a3ve2t3b2a3w1ae1t4z1g2u,Soecking,DE,0.2,US9403884,48.0017434,11.3154861
6g3w172q4ra5o3a3ve2t3b2a3w1ae1t4z1g2u,Hofheim,DE,0.2,US9403884,50.09494,8.42285
71830r2h5x4d2h2p2123s1o2n2p2ze3x4s3v,"Mesa, AZ",US,0.2857142857142857,US8669359,33.4151005,-111.831455
71830r2h5x4d2h2p2123s1o2n2p2ze3x4s3v,"Apache Junction, AZ",US,0.14285714285714285,US8669359,33.4150485,-111.549577
71830r2h5x4d2h2p2123s1o2n2p2ze3x4s3v,Cordobe,AR,0.14285714285714285,US8669359,-33.6789575,-65.4516579
71830r2h5x4d2h2p2123s1o2n2p2ze3x4s3v,"Omaha, NE",US,0.14285714285714285,US8669359,41.2587459,-95.9383758
71830r2h5x4d2h2p2123s1o2n2p2ze3x4s3v,"Scottsdale, AZ",US,0.2857142857142857,US8669359,33.4942189,-111.926018
1z6e1f4f172e1k4610105t26r4p5e49455l604d,"Seattle, WA",US,0.75,US8383345,47.6038321,-122.330062
1z6e1f4f172e1k4610105t26r4p5e49455l604d,Mumbai,IN,0.25,US8383345,19.054999,72.8692035
a3q463a5465019n17313j2e5p0g4h6v452j,"Yorba Linda, CA",US,0.25,US9102520,33.8901096,-117.8249705
a3q463a5465019n17313j2e5p0g4h6v452j,"Pasadena, CA",US,0.75,US9102520,34.1476507,-118.144155
1k22o4v5a152276h6pa6ng571t2u594j4z72,"Concord, MA",US,0.25,US8195021,42.4605189,-71.3488963
1k22o4v5a152276h6pa6ng571t2u594j4z72,"Wakefield, MA",US,0.25,US8195021,42.506484,-71.0728306
1k22o4v5a152276h6pa6ng571t2u594j4z72,"New York, NY",US,0.25,US8195021,40.7127281,-74.0060152
1k22o4v5a152276h6pa6ng571t2u594j4z72,"Reading, MA",US,0.25,US8195021,42.5260297,-71.1020262
1h3t2n5l606v6c2r147044434u6d68916tj4j,Mevasseret Zion,IL,0.5,US8198606,31.8039508,35.1570251
1h3t2n5l606v6c2r147044434u6d68916tj4j,Kiryat Ono,IL,0.5,US8198606,32.0591691,34.8594303
3069iu5263f6l5i3y5u591i6f3mk3c5u402,"Solana Beach, CA",US,0.5,US8685687,32.9919141,-117.2678124
3069iu5263f6l5i3y5u591i6f3mk3c5u402,"San Diego, CA",US,0.5,US8685687,32.7174202,-117.162772
v6z73i395ies5w1n5q71504n1v1sk6p682g,"Lexington, MA",US,0.3333333333333333,US9102521,42.4473175,-71.2245003
v6z73i395ies5w1n5q71504n1v1sk6p682g,"Cambridge, MA",US,0.3333333333333333,US9102521,42.3656347,-71.1040018
v6z73i395ies5w1n5q71504n1v1sk6p682g,Rehovot,IL,0.3333333333333333,US9102521,31.8952532,34.8105616
41g3j2x1t60685b6f6oj5s3e1q6h1353i6m5m,"Houston, TX",US,0.4,US8916376,29.7589382,-95.3676974
41g3j2x1t60685b6f6oj5s3e1q6h1353i6m5m,"Manvel, TX",US,0.2,US8916376,29.4664706,-95.355714
41g3j2x1t60685b6f6oj5s3e1q6h1353i6m5m,"Pearland, TX",US,0.4,US8916376,29.5639758,-95.2864299
6y454uc42v2im6q4y3a5bm3r4d4w1x69t6k,"Del Mar, CA",US,0.16666666666666666,US8546118,32.9594891,-117.2653146
6y454uc42v2im6q4y3a5bm3r4d4w1x69t6k,"Emeryville, CA",US,0.16666666666666666,US8546118,37.8314089,-122.2865266
6y454uc42v2im6q4y3a5bm3r4d4w1x69t6k,"San Diego, CA",US,0.5,US8546118,32.7174202,-117.162772
6y454uc42v2im6q4y3a5bm3r4d4w1x69t6k,"Eden Prairie, MN",US,0.16666666666666666,US8546118,44.8546856,-93.470786
411e1a5r1t1m38e2m2x2e23b3z3f5l5d4q4x3r,"Villanova, PA",US,0.16666666666666666,US8951571,40.0385961,-75.3290464
411e1a5r1t1m38e2m2x2e23b3z3f5l5d4q4x3r,"Philadelphia, PA",US,0.5,US8951571,39.9527237,-75.1635262
411e1a5r1t1m38e2m2x2e23b3z3f5l5d4q4x3r,"Ann Arbor, MI",US,0.16666666666666666,US8951571,42.2813722,-83.7484616
411e1a5r1t1m38e2m2x2e23b3z3f5l5d4q4x3r,"Granger, IN",US,0.16666666666666666,US8951571,41.735251,-86.1062763
131b16u4c2c3j1p5l5b3p286j2o1o43222n5o26,"Medford, MA",US,0.6666666666666666,US9012390,42.4184296,-71.1061639
131b16u4c2c3j1p5l5b3p286j2o1o43222n5o26,"Bolton, MA",US,0.3333333333333333,US9012390,42.4342336,-71.6097744
5r4s483f533aa6q5d5e6b2s2wiy1u2s3129,Cambridge,GB,1.0,US8497231,52.1975846,0.1391537
4o1uq5g5a1d3h574p576545684f1m1t3m32a2d,"Lexington, MA",US,0.3333333333333333,US8232584,42.4473175,-71.2245003
4o1uq5g5a1d3h574p576545684f1m1t3m32a2d,Rehovot,IL,0.3333333333333333,US8232584,31.8952532,34.8105616
4o1uq5g5a1d3h574p576545684f1m1t3m32a2d,"Dorchester, MA",US,0.3333333333333333,US8232584,42.2973205,-71.0744952
1t6t38552v4j3f3e1q4as3a3a403353p513423,Paris,FR,0.14285714285714285,US7670829,48.8534951,2.3483915
1t6t38552v4j3f3e1q4as3a3a403353p513423,Bremen,DE,0.14285714285714285,US7670829,53.0758196,8.8071646
1t6t38552v4j3f3e1q4as3a3a403353p513423,Griesheim Sur Souffel,FR,0.14285714285714285,US7670829,48.63551,7.667722
1t6t38552v4j3f3e1q4as3a3a403353p513423,Crosne,FR,0.14285714285714285,US7670829,48.72046,2.4645591
1t6t38552v4j3f3e1q4as3a3a403353p513423,Chateaufort,FR,0.14285714285714285,US7670829,44.2743415,6.0164417
1t6t38552v4j3f3e1q4as3a3a403353p513423,Gif Sur Yvette,FR,0.14285714285714285,US7670829,48.7018823,2.134529
1t6t38552v4j3f3e1q4as3a3a403353p513423,Quincy-Voisins,FR,0.14285714285714285,US7670829,48.8997,2.87886
2i1131s6o6o4m5l6q2g2u2b31p1n584q5m322l,"Gainesville, FL",US,1.0,US8716002,29.6519684,-82.3249846
6y3x1m42733r3h5j4w641p2t1o65ek2n52u4t,"Richmond, CA",US,0.125,US9017948,37.9357576,-122.347748
6y3x1m42733r3h5j4w641p2t1o65ek2n52u4t,Chengdu,CN,0.125,US9017948,30.659867,104.063315
6y3x1m42733r3h5j4w641p2t1o65ek2n52u4t,"Bolton, MA",US,0.125,US9017948,42.4342336,-71.6097744
6y3x1m42733r3h5j4w641p2t1o65ek2n52u4t,Gyeonggi-do,KR,0.125,US9017948,37.2884675,127.0535231
6y3x1m42733r3h5j4w641p2t1o65ek2n52u4t,"Cambridge, MA",US,0.125,US9017948,42.3656347,-71.1040018
6y3x1m42733r3h5j4w641p2t1o65ek2n52u4t,"Boston, MA",US,0.125,US9017948,42.3588336,-71.0578303
6y3x1m42733r3h5j4w641p2t1o65ek2n52u4t,"Allston, MA",US,0.125,US9017948,42.3555375,-71.1327494
6y3x1m42733r3h5j4w641p2t1o65ek2n52u4t,"Brookline, MA",US,0.125,US9017948,42.332918,-71.1187829
4l6j4a3u3a26mq1h55h5i34zx6t6613514f,Golden,,0.75,US7364890,39.7546349,-105.22058
4l6j4a3u3a26mq1h55h5i34zx6t6613514f,Littleton,,0.25,US7364890,39.613321,-105.016649
v351e6q1jy621t31323p6d6j3b2f1a6g6t1v72,"Denver, CO",US,0.2857142857142857,US8097440,39.7392364,-104.984862
v351e6q1jy621t31323p6d6j3b2f1a6g6t1v72,"San Francisco, CA",US,0.14285714285714285,US8097440,37.7879363,-122.4075201
v351e6q1jy621t31323p6d6j3b2f1a6g6t1v72,"Parker, CO",US,0.14285714285714285,US8097440,39.5184514,-104.7612638
v351e6q1jy621t31323p6d6j3b2f1a6g6t1v72,"Pasadena, CA",US,0.14285714285714285,US8097440,34.1476507,-118.144155
v351e6q1jy621t31323p6d6j3b2f1a6g6t1v72,"La Canada, CA",US,0.14285714285714285,US8097440,33.7301661,-117.7638553
v351e6q1jy621t31323p6d6j3b2f1a6g6t1v72,"Aurora, CA",US,0.14285714285714285,US8097440,37.792517,-122.3915188
e315i3271345b4z3d4o6r3mi211n3y1v6c4w60,"Ann Arbor, MI",US,1.0,US8945909,42.2813722,-83.7484616
731i2pl6t6h243l456r4n3i3h2p3i2v6s212u37,"Brookline, MA",US,0.3333333333333333,US8658416,42.332918,-71.1187829
731i2pl6t6h243l456r4n3i3h2p3i2v6s212u37,"University City, MO",US,0.3333333333333333,US8658416,38.6569083,-90.3103443
731i2pl6t6h243l456r4n3i3h2p3i2v6s212u37,"Boston, MA",US,0.3333333333333333,US8658416,42.3588336,-71.0578303
1e1s31661v32d434a4e3i4o5r493q5d1z164az,"Concord, MA",US,0.16666666666666666,US9090898,42.4605189,-71.3488963
1e1s31661v32d434a4e3i4o5r493q5d1z164az,"Arlington, MA",US,0.16666666666666666,US9090898,42.4153739,-71.1564428
1e1s31661v32d434a4e3i4o5r493q5d1z164az,"Watertown, MA",US,0.3333333333333333,US9090898,42.3652576,-71.1843234
1e1s31661v32d434a4e3i4o5r493q5d1z164az,"Newton, MA",US,0.3333333333333333,US9090898,42.3300435,-71.194862
2tr5dl4t4c4t2r3nu70n3r2y1m1bg334s,"Buellton, CA",US,0.3333333333333333,US8753604,34.6134727,-120.193669
2tr5dl4t4c4t2r3nu70n3r2y1m1bg334s,"Goleta, CA",US,0.3333333333333333,US8753604,34.4358295,-119.8276389
2tr5dl4t4c4t2r3nu70n3r2y1m1bg334s,"San Diego, CA",US,0.3333333333333333,US8753604,32.7174202,-117.162772
23t5yi3m1xm541y4c4118265y115i3c136d3q,"Newton Center, MA",US,0.5,US9388425,42.3300309,-71.1948774
23t5yi3m1xm541y4c4118265y115i3c136d3q,"Somerville, MA",US,0.5,US9388425,42.3875968,-71.0994968
5l6r18i556w612v271e542sn4g1k206h714f2k,"Albany, CA",US,0.3333333333333333,US9200298,37.8871621,-122.298351
5l6r18i556w612v271e542sn4g1k206h714f2k,"San Francisco, CA",US,0.3333333333333333,US9200298,37.7879363,-122.4075201
5l6r18i556w612v271e542sn4g1k206h714f2k,"Berkeley, CA",US,0.3333333333333333,US9200298,37.8708393,-122.272863
4z3g6t12t1whe292k1h3k5m2s3q4v155x2m6p,Horsham,GB,0.8571428571428571,US7994203,51.0630273,-0.3295028
4z3g6t12t1whe292k1h3k5m2s3q4v155x2m6p,Altkirch,FR,0.14285714285714285,US7994203,47.6238204,7.2401542
5v29xs3t2n2ne4u646r4n42211h2w671q1x6g,"Durham, NC",US,1.0,US9340591,35.996653,-78.9018053
6y4h5x183s4o13ix3f1c6oa3d1v5u15544c5m,Saitama,JP,1.0,US8426127,35.9754168,139.4160114
550585q1z22o6u24vo2e2w6i5he6i2j2e2o,"Waltham, MA",US,0.5,US9018019,42.3762385,-71.2355644
550585q1z22o6u24vo2e2w6i5he6i2j2e2o,"Cambridge, MA",US,0.5,US9018019,42.3656347,-71.1040018
4o2c232g4bj6j6n483e4in4r424p5r2g5ka2i,Montreal,CA,0.3333333333333333,US8321000,45.5031824,-73.5698065
4o2c232g4bj6j6n483e4in4r424p5r2g5ka2i,Mexico,MX,0.3333333333333333,US8321000,19.3207722,-99.1514678
4o2c232g4bj6j6n483e4in4r424p5r2g5ka2i,"Newton Center, MA",US,0.3333333333333333,US8321000,42.3300309,-71.1948774
57103g1sp5n3g4og256t3a116b4l4y6x6j269,"Concord, MA",US,0.2,US9102916,42.4605189,-71.3488963
57103g1sp5n3g4og256t3a116b4l4y6x6j269,"Wakefield, MA",US,0.2,US9102916,42.506484,-71.0728306
57103g1sp5n3g4og256t3a116b4l4y6x6j269,"Littleton, MA",US,0.2,US9102916,42.5375917,-71.5120096
57103g1sp5n3g4og256t3a116b4l4y6x6j269,"Medford, MA",US,0.2,US9102916,42.4184296,-71.1061639
57103g1sp5n3g4og256t3a116b4l4y6x6j269,"New York, NY",US,0.2,US9102916,40.7127281,-74.0060152
3u562a505x244a6v2jg581y1s2m1pe4w33x62,Concord,,0.5,US7727575,43.207178,-71.537476
3u562a505x244a6v2jg581y1s2m1pe4w33x62,Malden,,0.5,US7727575,42.4268484,-71.0683741
2i6k6ej51131n3k3lw516v1v2r6j6c5n3w63p,"Berkeley, CA",US,1.0,US7985567,37.8708393,-122.272863
2l92i3l6n8144f2o6i2n6k1m3323485c471p0,"Phoenix, AZ",US,0.5,US8685894,33.4484367,-112.074141
2l92i3l6n8144f2o6i2n6k1m3323485c471p0,"Chandler, AZ",US,0.25,US8685894,33.3062031,-111.841185
2l92i3l6n8144f2o6i2n6k1m3323485c471p0,"Gilbert, AZ",US,0.25,US8685894,33.3527632,-111.789037
567or2a1k3p3959575g53r436133i2d136b,Trondheim,NO,0.7777777777777778,US7141660,63.4304475,10.3952118
567or2a1k3p3959575g53r436133i2d136b,Ranheim,NO,0.1111111111111111,US7141660,63.4274654,10.5300119
567or2a1k3p3959575g53r436133i2d136b,Oslo,NO,0.1111111111111111,US7141660,59.9133301,10.7389701
k1b5e2b155p5k4b3y2n2n3m4w4ca5u3c1122,"STANFORD, CA",US,0.3333333333333333,US8329882,37.4265407,-122.1703055
k1b5e2b155p5k4b3y2n2n3m4w4ca5u3c1122,"PASADENA, CA",US,0.3333333333333333,US8329882,34.1476507,-118.144155
k1b5e2b155p5k4b3y2n2n3m4w4ca5u3c1122,"SIERRA MADRE, CA",US,0.3333333333333333,US8329882,34.1616729,-118.052845
63176y10131e2s66534y5l4e6w161g561qv024,"Boston, MA",US,0.5,US8546625,42.3588336,-71.0578303
63176y10131e2s66534y5l4e6w161g561qv024,"Cambridge, MA",US,0.5,US8546625,42.3656347,-71.1040018
3h3n575ek49102h5u424r4185j24x403l2654,"Bolton, MA",US,0.2,US8883291,42.4342336,-71.6097744
3h3n575ek49102h5u424r4185j24x403l2654,"Medford, MA",US,0.2,US8883291,42.4184296,-71.1061639
3h3n575ek49102h5u424r4185j24x403l2654,"Somerville, MA",US,0.4,US8883291,42.3875968,-71.0994968
3h3n575ek49102h5u424r4185j24x403l2654,"Alexandria, VA",US,0.2,US8883291,38.8051095,-77.0470229
431v1f4i2h5c1d70544e46x373hb5c242n5v1u,"LEXINGTON, MA",US,0.3333333333333333,US8673267,42.4473175,-71.2245003
431v1f4i2h5c1d70544e46x373hb5c242n5v1u,"BOSTON, MA",US,0.6666666666666666,US8673267,42.3588336,-71.0578303
5d376y46v4u5l1u1t61a6cr3q57234i5k3958,"SOUTH SAN FRANCISCO, CA",US,0.6666666666666666,US8268599,37.6535403,-122.4168664
5d376y46v4u5l1u1t61a6cr3q57234i5k3958,"OAKLAND, CA",US,0.3333333333333333,US8268599,37.8044557,-122.271356
2z4y92v5h3v2lzg7121x5x6ws5f4z1z16g,"Newton, MA",US,0.14285714285714285,US8592221,42.3300435,-71.194862
2z4y92v5h3v2lzg7121x5x6ws5f4z1z16g,Paris,FR,0.14285714285714285,US8592221,48.8534951,2.3483915
2z4y92v5h3v2lzg7121x5x6ws5f4z1z16g,"Medford, MA",US,0.14285714285714285,US8592221,42.4184296,-71.1061639
2z4y92v5h3v2lzg7121x5x6ws5f4z1z16g,"Bronx, NY",US,0.14285714285714285,US8592221,40.8466508,-73.8785937
2z4y92v5h3v2lzg7121x5x6ws5f4z1z16g,"Cambridge, MA",US,0.2857142857142857,US8592221,42.3656347,-71.1040018
2z4y92v5h3v2lzg7121x5x6ws5f4z1z16g,"Bolton, MA",US,0.14285714285714285,US8592221,42.4342336,-71.6097744
2ka666r5b445b1g1p2946483h4b3j165r2r2d4x,"Stanford, CA",US,0.5,US9145555,37.4265407,-122.1703055
2ka666r5b445b1g1p2946483h4b3j165r2r2d4x,"Bethesda, MD",US,0.5,US9145555,38.9812726,-77.1233587
5cf6p3o3m1i6j5x3i4q732w30692y556t85a2p,40721 Hilden,DE,0.08333333333333333,US8986961,51.1688122,6.9137199
5cf6p3o3m1i6j5x3i4q732w30692y556t85a2p,Herten,DE,0.08333333333333333,US8986961,51.5942009,7.1368071
5cf6p3o3m1i6j5x3i4q732w30692y556t85a2p,Dorsten,DE,0.08333333333333333,US8986961,51.6604071,6.9647431
5cf6p3o3m1i6j5x3i4q732w30692y556t85a2p,Haltern am See,DE,0.08333333333333333,US8986961,51.7430516,7.187221
5cf6p3o3m1i6j5x3i4q732w30692y556t85a2p,Muenster,DE,0.08333333333333333,US8986961,51.9625101,7.6251879
5cf6p3o3m1i6j5x3i4q732w30692y556t85a2p,Coesfeld,DE,0.08333333333333333,US8986961,51.9458943,7.1691108
5cf6p3o3m1i6j5x3i4q732w30692y556t85a2p,Gelsenkirchen-Buer,DE,0.08333333333333333,US8986961,51.562676,7.0687183
5cf6p3o3m1i6j5x3i4q732w30692y556t85a2p,Rostock,DE,0.16666666666666666,US8986961,54.0886707,12.1400211
5cf6p3o3m1i6j5x3i4q732w30692y556t85a2p,Kritzmow,DE,0.08333333333333333,US8986961,54.0520394,12.052726
5cf6p3o3m1i6j5x3i4q732w30692y556t85a2p,Ulm,DE,0.16666666666666666,US8986961,48.3984968,9.9912458
a1eq166k3i6rx6w4j515gw1q1k336oj65u,St. Lucia,AU,0.6666666666666666,US8569060,-27.4989435,153.0064984
a1eq166k3i6rx6w4j515gw1q1k336oj65u,Fig Tree Pocket,AU,0.3333333333333333,US8569060,-27.5292959,152.9620949
u19451j2x5rl18m2x6k2y354j2d466p4h314h,"Madison, WI",US,1.0,US8617856,43.07469,-89.3841663
3w201r2r5t3n4k1729n1c9mo5p503682862,Rechovot,IL,0.3333333333333333,US9598785,31.8952532,34.8105616
3w201r2r5t3n4k1729n1c9mo5p503682862,Jerusalem,IL,0.3333333333333333,US9598785,31.7788472,35.2257856
3w201r2r5t3n4k1729n1c9mo5p503682862,Ashdod,IL,0.3333333333333333,US9598785,31.7977314,34.6529922
5dg101b2o1kf4k94k431g5c72v3kv1t416d,"Concord, MA",US,0.25,US8501172,42.4605189,-71.3488963
5dg101b2o1kf4k94k431g5c72v3kv1t416d,"Medford, MA",US,0.5,US8501172,42.4184296,-71.1061639
5dg101b2o1kf4k94k431g5c72v3kv1t416d,"Wilmington, MA",US,0.25,US8501172,42.5464828,-71.1736669
5s1m3t424d4y3em4h461nv6p1o5c6m524ws2j,"Newton, MA",US,0.3333333333333333,US8808986,42.3300435,-71.194862
5s1m3t424d4y3em4h461nv6p1o5c6m524ws2j,"Brookline, MA",US,0.3333333333333333,US8808986,42.332918,-71.1187829
5s1m3t424d4y3em4h461nv6p1o5c6m524ws2j,"Cambridge, MA",US,0.3333333333333333,US8808986,42.3656347,-71.1040018
r06h1j65502t40u5b5poj33585x2jf5o3f,"Lexington, MA",US,0.5,US9023594,42.4473175,-71.2245003
r06h1j65502t40u5b5poj33585x2jf5o3f,"Cambridge, MA",US,0.5,US9023594,42.3656347,-71.1040018
li1o2q1c194w5g681q375jq237130402s6a45,Oxford,GB,0.75,US9447152,51.7520131,-1.2578499
li1o2q1c194w5g681q375jq237130402s6a45,Kidlington,GB,0.25,US9447152,51.823462,-1.2885317
364e4c4j3vc2c731u1j2o3u383p5z5v3o57556h,"Baltimore, MD",US,0.6,US9441200,39.2908816,-76.610759
364e4c4j3vc2c731u1j2o3u383p5z5v3o57556h,"Los Angeles, CA",US,0.2,US9441200,34.0536909,-118.242766
364e4c4j3vc2c731u1j2o3u383p5z5v3o57556h,"Palo Alto, CA",US,0.2,US9441200,37.4443293,-122.1598465
4b2v4h1od4n2p28361150572t6d12p5s4c2j3k,"Ann Arbor, MI",US,0.75,US9469869,42.2813722,-83.7484616
4b2v4h1od4n2p28361150572t6d12p5s4c2j3k,"Irvine, CA",US,0.25,US9469869,33.6856969,-117.825981
191w3f1w395u3j1k5z6w27583c2949k66561e3c,Paris,FR,0.6,US8798341,48.8534951,2.3483915
191w3f1w395u3j1k5z6w27583c2949k66561e3c,PARIS,FR,0.4,US8798341,48.8534951,2.3483915
695h3u4x1t5o2a2s3ze4t2825r216r3o524436,"Cambridge, MA",US,1.0,US8748181,42.3656347,-71.1040018
566x5f3p5i5q4a4k3g685b4x5741142q6n2iw4r,Seoul,KR,0.5,US6617259,37.5666791,126.9782914
566x5f3p5i5q4a4k3g685b4x5741142q6n2iw4r,Kyungki-do,KR,0.5,US6617259,,
2sgj293m6u3l3k6c4w29422m3154592p4k3l2t,"Albany, NY",US,0.2,US8772406,42.6511674,-73.754968
2sgj293m6u3l3k6c4w29422m3154592p4k3l2t,"Schenectady, NY",US,0.2,US8772406,42.8142432,-73.9395687
2sgj293m6u3l3k6c4w29422m3154592p4k3l2t,San Luis Potosi,MX,0.2,US8772406,22.5000001,-100.4949145
2sgj293m6u3l3k6c4w29422m3154592p4k3l2t,"Guilderland, NY",US,0.2,US8772406,42.704522,-73.911513
2sgj293m6u3l3k6c4w29422m3154592p4k3l2t,Seoul,KR,0.2,US8772406,37.5666791,126.9782914
1kg21o3w155g55321cn6l546y4185v1n2752,"College Park, MD",US,0.25,US8791239,38.980666,-76.9369189
1kg21o3w155g55321cn6l546y4185v1n2752,"Greenbelt, MD",US,0.25,US8791239,39.004607,-76.8756838
1kg21o3w155g55321cn6l546y4185v1n2752,"Hunt Valley, MD",US,0.25,US8791239,39.4962709,-76.6542571
1kg21o3w155g55321cn6l546y4185v1n2752,"St. Michaels, MD",US,0.25,US8791239,38.7865839,-76.2244098
1y5k2l623g94c72vc4g1lk621h6h193q5c43,"Austin, TX",US,0.3333333333333333,US8183028,30.2711286,-97.7436995
1y5k2l623g94c72vc4g1lk621h6h193q5c43,"South San Francisco, CA",US,0.3333333333333333,US8183028,37.6535403,-122.4168664
1y5k2l623g94c72vc4g1lk621h6h193q5c43,"Fremont, CA",US,0.3333333333333333,US8183028,37.5482697,-121.988571
1mo5ib74r4r2n6v3l4x3iw3v5o1d4h1j41p,Daejeon,KR,1.0,US9120891,36.3497007,127.3849016
5e5w4n3z3q1z424p5r4k2g4i223215g36w1v5,"Los Angeles, CA",US,0.5,US8298798,34.0536909,-118.242766
5e5w4n3z3q1z424p5r4k2g4i223215g36w1v5,"Minneapolis, MN",US,0.5,US8298798,44.9772995,-93.2654692
6u5v40121bsz526w4x5u5k5e2u4l542r4w33,"Concord, MA",US,0.25,US8609835,42.4605189,-71.3488963
6u5v40121bsz526w4x5u5k5e2u4l542r4w33,"Tewksbury, MA",US,0.25,US8609835,42.6106479,-71.2342248
6u5v40121bsz526w4x5u5k5e2u4l542r4w33,"Bethesda, MD",US,0.25,US8609835,38.9812726,-77.1233587
6u5v40121bsz526w4x5u5k5e2u4l542r4w33,Poznan,PL,0.25,US8609835,52.4082663,16.9335199
3e1p211s6x1w3g6s2i4lb583cw13351s6e46m,"Oakland, CA",US,1.0,US8828658,37.8044557,-122.271356
3d273f3i816i633b1d51y5s186r122w1y1l13,"Stanford, CA",US,1.0,US9562081,37.4265407,-122.1703055
b6j5z2o1s3916684v6m3y3n3d1l3s5973x271,Utrecht,NL,0.3333333333333333,US8840951,52.0907006,5.1215634
b6j5z2o1s3916684v6m3y3n3d1l3s5973x271,Waddinxveen,NL,0.3333333333333333,US8840951,52.0443308,4.6558527
b6j5z2o1s3916684v6m3y3n3d1l3s5973x271,Vlijmen,NL,0.3333333333333333,US8840951,51.694263,5.2091225
2v13s125pc1944w4l4b121t656l5m2c6b6c3u,"Philadelphia, PA",US,0.5,US8679790,39.9527237,-75.1635262
2v13s125pc1944w4l4b121t656l5m2c6b6c3u,Edinburgh,GB,0.5,US8679790,55.9533456,-3.1883749
1g5v735p656zg40t2d3f2tuc2g1u2v1p6646,"Bethesda, MD",US,0.25,US8562809,38.9812726,-77.1233587
1g5v735p656zg40t2d3f2tuc2g1u2v1p6646,"College Park, MD",US,0.25,US8562809,38.980666,-76.9369189
1g5v735p656zg40t2d3f2tuc2g1u2v1p6646,"Hunt Valley, MD",US,0.25,US8562809,39.4962709,-76.6542571
1g5v735p656zg40t2d3f2tuc2g1u2v1p6646,"Baltimore, MD",US,0.25,US8562809,39.2908816,-76.610759
735x4t4n736z6z384h2i3k3h6o5s5x46294q32d,Saitama,JP,0.8,US8569580,35.9754168,139.4160114
735x4t4n736z6z384h2i3k3h6o5s5x46294q32d,Kanagawa,JP,0.2,US8569580,35.4342935,139.374753
1v2sk416g4y103x6yb3w3b3tz5v5n606d3k11,Oxford,GB,0.6666666666666666,US9885078,51.7520131,-1.2578499
1v2sk416g4y103x6yb3w3b3tz5v5n606d3k11,"East Lansing, MI",US,0.16666666666666666,US9885078,42.7320307,-84.4721678
1v2sk416g4y103x6yb3w3b3tz5v5n606d3k11,Middle Barton Oxon,GB,0.16666666666666666,US9885078,51.9287079,-1.3661592
2d1g432nx4012w6s524x2h5q5s646h561m167,"Champaign, IL",US,0.25,US8666471,40.1164841,-88.2430932
2d1g432nx4012w6s524x2h5q5s646h561m167,"Wakefield, MA",US,0.125,US8666471,42.506484,-71.0728306
2d1g432nx4012w6s524x2h5q5s646h561m167,"Concord, MA",US,0.125,US8666471,42.4605189,-71.3488963
2d1g432nx4012w6s524x2h5q5s646h561m167,"Bala Cynwyd, PA",US,0.125,US8666471,40.0086075,-75.235568
2d1g432nx4012w6s524x2h5q5s646h561m167,"Philadelphia, PA",US,0.125,US8666471,39.9527237,-75.1635262
2d1g432nx4012w6s524x2h5q5s646h561m167,"Glencoe, IL",US,0.125,US8666471,42.1350268,-87.7581188
2d1g432nx4012w6s524x2h5q5s646h561m167,"Eddington, ME",US,0.125,US8666471,44.8261817,-68.6933667
312416l402d5n1363e2f3q4m6q6c3bh3ye49,Auckland,NZ,1.0,US9359611,-36.852095,174.7631803
6r373u5ry555c5e6m5y3p5l91e2252c2t6b25,"Houston, TX",US,1.0,US8691552,29.7589382,-95.3676974
ir6d5qt3u1wqq3e494jd2026r5p153c4z,"Los Angeles, CA",US,0.5,US9145542,34.0536909,-118.242766
ir6d5qt3u1wqq3e494jd2026r5p153c4z,"Davis, CA",US,0.5,US9145542,38.5435526,-121.739005
642k6tf684g3s2s5j1u3k6m132r6v4q4d2b3j4e,"Baltimore, MD",US,1.0,US8772229,39.2908816,-76.610759
5b5e3rp2e56b4o1y51593c6p4f5a1m5r3k3b59,Sainte Consorce,FR,0.2,US8735594,45.7751959,4.6904074
5b5e3rp2e56b4o1y51593c6p4f5a1m5r3k3b59,Quaix-en-Chartreuse,FR,0.2,US8735594,45.2530337,5.7181104
5b5e3rp2e56b4o1y51593c6p4f5a1m5r3k3b59,Saint Ismier,FR,0.2,US8735594,45.2481677,5.8261521
5b5e3rp2e56b4o1y51593c6p4f5a1m5r3k3b59,Plats,FR,0.2,US8735594,45.01,4.78165
5b5e3rp2e56b4o1y51593c6p4f5a1m5r3k3b59,Chambery,FR,0.2,US8735594,45.5662672,5.9203636
35v6j2xm3k314473z312fd1n2t6l3y72s53,"Lexington, MA",US,0.2,US8904154,42.4473175,-71.2245003
35v6j2xm3k314473z312fd1n2t6l3y72s53,"Framingham, MA",US,0.2,US8904154,42.2773177,-71.4165905
35v6j2xm3k314473z312fd1n2t6l3y72s53,"Cambridge, MA",US,0.6,US8904154,42.3656347,-71.1040018
z4j6t694v556r4g235m334u5r6j24l3ac1e46,Ibaraki,JP,0.7142857142857143,US9127290,36.2869536,140.4703384
z4j6t694v556r4g235m334u5r6j24l3ac1e46,Okayama,JP,0.14285714285714285,US9127290,34.8581334,133.7759256
z4j6t694v556r4g235m334u5r6j24l3ac1e46,Kanagawa,JP,0.14285714285714285,US9127290,35.4342935,139.374753
1w6v85x6343w1l0911s333k4l1g1e5n2t,"Los Angeles, CA",US,0.5,US9193965,34.0536909,-118.242766
1w6v85x6343w1l0911s333k4l1g1e5n2t,"Davis, CA",US,0.5,US9193965,38.5435526,-121.739005
t175x1a4a1a3u393846221e3g5h5pd4j4t6m9,"Bolton, MA",US,0.2,US9797010,42.4342336,-71.6097744
t175x1a4a1a3u393846221e3g5h5pd4j4t6m9,"Sacramento, CA",US,0.2,US9797010,38.5810606,-121.493895
t175x1a4a1a3u393846221e3g5h5pd4j4t6m9,"Guilford, CT",US,0.2,US9797010,41.2827593,-72.6816365
t175x1a4a1a3u393846221e3g5h5pd4j4t6m9,"San Francisco, CA",US,0.2,US9797010,37.7879363,-122.4075201
t175x1a4a1a3u393846221e3g5h5pd4j4t6m9,"Peachtree, GA",US,0.2,US9797010,33.9420457,-84.2938124
5h1m1zx5cr5v2i1v1q676n5t382ez1w6s579,"Atlanta, GA",US,1.0,US8940861,33.7544657,-84.3898151
2c365l6n336n334am3tq3uo3ua395v205y59,"Downingtown, PA",US,0.25,US9228172,40.0064958,-75.7032742
2c365l6n336n334am3tq3uo3ua395v205y59,"Merion Station, PA",US,0.25,US9228172,39.9981758,-75.2513256
2c365l6n336n334am3tq3uo3ua395v205y59,"Golden Valley, MN",US,0.25,US9228172,44.9861176,-93.3784618
2c365l6n336n334am3tq3uo3ua395v205y59,"Robbinsdale, MN",US,0.25,US9228172,45.0313156,-93.3395843
2i34a6g2870284q5m4e403k1d3d644i56q6f6l,Daejeon,KR,0.6666666666666666,US8852891,36.3497007,127.3849016
2i34a6g2870284q5m4e403k1d3d644i56q6f6l,Chungcheongnam-do,KR,0.16666666666666666,US8852891,36.6593,126.6729
2i34a6g2870284q5m4e403k1d3d644i56q6f6l,Seoul,KR,0.16666666666666666,US8852891,37.5666791,126.9782914
5a2d6sn6p335f703p2a19t6o5y1w6g53g3g,Vancouver,CA,0.3333333333333333,US9068209,49.2608724,-123.113952
5a2d6sn6p335f703p2a19t6o5y1w6g53g3g,Montreal,CA,0.3333333333333333,US9068209,45.5031824,-73.5698065
5a2d6sn6p335f703p2a19t6o5y1w6g53g3g,North Vancouver,CA,0.3333333333333333,US9068209,49.3206294,-123.0737925
4l3v63y5u323u6410656715j5c265t381sm33,"Media, PA",US,0.5,US8557836,39.9167783,-75.387693
4l3v63y5u323u6410656715j5c265t381sm33,"Philadelphia, PA",US,0.5,US8557836,39.9527237,-75.1635262
2f3aw2u4g3u1e6o484nr15s6k592i3t2t2s6a,"Washington, DC",US,0.3333333333333333,US8951723,38.8950982,-77.0363849
2f3aw2u4g3u1e6o484nr15s6k592i3t2t2s6a,"Bethesda, MD",US,0.3333333333333333,US8951723,38.9812726,-77.1233587
2f3aw2u4g3u1e6o484nr15s6k592i3t2t2s6a,"Chevy Chase, MD",US,0.3333333333333333,US8951723,38.9813699,-77.0849245
s1a5g68476sb5fe47v39376v4v53kk1u6n,"Burlington, VT",US,0.3333333333333333,US9428726,44.4761601,-73.212906
s1a5g68476sb5fe47v39376v4v53kk1u6n,"Berkeley, CA",US,0.3333333333333333,US9428726,37.8708393,-122.272863
s1a5g68476sb5fe47v39376v4v53kk1u6n,"San Francisco, CA",US,0.3333333333333333,US9428726,37.7879363,-122.4075201
3b3j6f2z723o5v3v4m546p5ot51p681m1tf4f,"Durham, NC",US,1.0,US8497356,35.996653,-78.9018053
5p6o5y173p651t4g6p6n2u2k3o5662162u124k6w,"Guilderland, NY",US,0.14285714285714285,US9061904,42.704522,-73.911513
5p6o5y173p651t4g6p6n2u2k3o5662162u124k6w,"Troy, NY",US,0.14285714285714285,US9061904,42.7284117,-73.6917878
5p6o5y173p651t4g6p6n2u2k3o5662162u124k6w,"Rhinebeck, NY",US,0.14285714285714285,US9061904,41.9267604,-73.912763
5p6o5y173p651t4g6p6n2u2k3o5662162u124k6w,"Watervliet, NY",US,0.14285714285714285,US9061904,42.7300784,-73.7012299
5p6o5y173p651t4g6p6n2u2k3o5662162u124k6w,"Latham, NY",US,0.14285714285714285,US9061904,42.7436135,-73.7458456
5p6o5y173p651t4g6p6n2u2k3o5662162u124k6w,"Schenectady, NY",US,0.14285714285714285,US9061904,42.8142432,-73.9395687
5p6o5y173p651t4g6p6n2u2k3o5662162u124k6w,"Albany, NY",US,0.14285714285714285,US9061904,42.6511674,-73.754968
6o3i4m4b5f3b2e71j5f3j5s1536151i3t3m3nb,"Rowland Heights, CA",US,0.5,US8815553,33.9734043,-117.8941305
6o3i4m4b5f3b2e71j5f3j5s1536151i3t3m3nb,"Riverside, CA",US,0.5,US8815553,33.9824949,-117.374238
5t3zv166y5m4p2r44k4m442u162v1g4m2x2o6n,Breda,NL,0.14285714285714285,US9181573,51.5887845,4.7760237
5t3zv166y5m4p2r44k4m442u162v1g4m2x2o6n,Delft,NL,0.14285714285714285,US9181573,51.9994572,4.3627245
5t3zv166y5m4p2r44k4m442u162v1g4m2x2o6n,Pijnacker,NL,0.14285714285714285,US9181573,52.0200581,4.434186
5t3zv166y5m4p2r44k4m442u162v1g4m2x2o6n,Den Haag,NL,0.14285714285714285,US9181573,52.0799838,4.3113461
5t3zv166y5m4p2r44k4m442u162v1g4m2x2o6n,'s-Gravenhage,NL,0.14285714285714285,US9181573,52.0799838,4.3113461
5t3zv166y5m4p2r44k4m442u162v1g4m2x2o6n,Delfgauw,NL,0.14285714285714285,US9181573,52.0095838,4.3956354
5t3zv166y5m4p2r44k4m442u162v1g4m2x2o6n,Terschuur,NL,0.14285714285714285,US9181573,52.165412,5.5195463
92nmex47213m1s61231b1v6l6h6y37626o2m,"Bolton, MA",US,0.5,US8748094,42.4342336,-71.6097744
92nmex47213m1s61231b1v6l6h6y37626o2m,"San Francisco, CA",US,0.5,US8748094,37.7879363,-122.4075201
5oo4s2t1w2lw103d4r7112v48144l2f2e5e4h,"Charlottesville, VA",US,1.0,US8753824,38.029306,-78.4766781
2g1w3z5922606x3f3c5s4i5u5z3h653u2a3y4k,"Madison, WI",US,1.0,US8574898,43.07469,-89.3841663
5h2y6yu2s5r421zo3w151132o2u6247312r5k,"Boston, MA",US,0.5,US9422600,42.3588336,-71.0578303
5h2y6yu2s5r421zo3w151132o2u6247312r5k,"Newton, MA",US,0.5,US9422600,42.3300435,-71.194862
4h6tx643i603s4h5u2c3k3a41j6w1i2f6y421j,"Media, PA",US,0.5,US8569284,39.9167783,-75.387693
4h6tx643i603s4h5u2c3k3a41j6w1i2f6y421j,"Philadelphia, PA",US,0.5,US8569284,39.9527237,-75.1635262
4a434s3i5a29542a6l81d0354u4o2bk366de,"Waltham, MA",US,0.5,US8999378,42.3762385,-71.2355644
4a434s3i5a29542a6l81d0354u4o2bk366de,"Cambridge, MA",US,0.5,US8999378,42.3656347,-71.1040018
1u6r2i211862j392e4o6j4m6j3w6f2d4x3v2n13,"La Jolla, CA",US,0.3333333333333333,US9180161,32.8458529,-117.2575702
1u6r2i211862j392e4o6j4m6j3w6f2d4x3v2n13,"San Diego, CA",US,0.3333333333333333,US9180161,32.7174202,-117.162772
1u6r2i211862j392e4o6j4m6j3w6f2d4x3v2n13,"Busilton, CA",US,0.3333333333333333,US9180161,,
5dg2cg5y4g715y1v604t4n5a2d415c315d64m,"Eddington, ME",US,0.3333333333333333,US8747886,44.8261817,-68.6933667
5dg2cg5y4g715y1v604t4n5a2d415c315d64m,"Concord, MA",US,0.3333333333333333,US8747886,42.4605189,-71.3488963
5dg2cg5y4g715y1v604t4n5a2d415c315d64m,"Wakefield, MA",US,0.3333333333333333,US8747886,42.506484,-71.0728306
59a5k5g332d6q1nh2hi13r435m4w623t59,"Winchester, MA",US,0.3333333333333333,US9181539,42.4523178,-71.1369982
59a5k5g332d6q1nh2hi13r435m4w623t59,"Richmond, CA",US,0.3333333333333333,US9181539,37.9357576,-122.347748
59a5k5g332d6q1nh2hi13r435m4w623t59,"Williamsville, NY",US,0.3333333333333333,US9181539,42.9637836,-78.7377258
4z174y5w4s425fq4f4e19615b2b5k4w504e4p1u,"Newark, DE",US,1.0,US9023618,39.6828358,-75.7515682
1i5d2b6j5s1ua34kv681d1n17m426l6n5mn,Kaohsiung City,TW,0.2,US8703474,22.630583,120.3438175
1i5d2b6j5s1ua34kv681d1n17m426l6n5mn,Bade City,TW,0.2,US8703474,24.9286511,121.2846555
1i5d2b6j5s1ua34kv681d1n17m426l6n5mn,Taichung City,TW,0.2,US8703474,24.1586239,120.644867
1i5d2b6j5s1ua34kv681d1n17m426l6n5mn,Taipei City,TW,0.2,US8703474,25.0384808,121.562009
1i5d2b6j5s1ua34kv681d1n17m426l6n5mn,Yuanshan Township,TW,0.2,US8703474,23.6899281,120.6895389
6z406g4h33x4z2o5p2z4a2d28202a144b222t10,Auckland,NZ,1.0,US8900836,-36.852095,174.7631803
2g4o6q704n4n3of6m1u2h4x2e614s302e5xg5g,Wezemaal,BE,0.1111111111111111,US8901132,50.9482598,4.7544622
2g4o6q704n4n3of6m1u2h4x2e614s302e5xg5g,Tervuren,BE,0.1111111111111111,US8901132,50.8241883,4.5138824
2g4o6q704n4n3of6m1u2h4x2e614s302e5xg5g,Bierbeek,BE,0.1111111111111111,US8901132,50.8278113,4.754358
2g4o6q704n4n3of6m1u2h4x2e614s302e5xg5g,Leuven,BE,0.1111111111111111,US8901132,50.879202,4.7011675
2g4o6q704n4n3of6m1u2h4x2e614s302e5xg5g,Diest,BE,0.1111111111111111,US8901132,50.9844318,5.0504341
2g4o6q704n4n3of6m1u2h4x2e614s302e5xg5g,Heverlee,BE,0.2222222222222222,US8901132,50.8645908,4.6937736
2g4o6q704n4n3of6m1u2h4x2e614s302e5xg5g,"Arlington, MA",US,0.1111111111111111,US8901132,42.4153739,-71.1564428
2g4o6q704n4n3of6m1u2h4x2e614s302e5xg5g,Saint Chamond,FR,0.1111111111111111,US8901132,45.4748298,4.5098046
2s3p4i1f456f683l431t5m2j525d5j665m3x2u37,"Crofton, MD",US,0.2,US8968999,39.0159547,-76.6842057
2s3p4i1f456f683l431t5m2j525d5j665m3x2u37,"San Diego, CA",US,0.2,US8968999,32.7174202,-117.162772
2s3p4i1f456f683l431t5m2j525d5j665m3x2u37,"La Jolla, CA",US,0.4,US8968999,32.8458529,-117.2575702
2s3p4i1f456f683l431t5m2j525d5j665m3x2u37,"Gaithersburg, MD",US,0.2,US8968999,39.1399187,-77.1929215
536y2tyc2t4l3i5c246k3s115s1boj4p2c5o,"San Diego, CA",US,1.0,US8853179,32.7174202,-117.162772
2456h2w5e2g141y6z6d6z5n4l726c2r5169542c,Haga-gun,JP,1.0,US8778650,36.5102425,140.126863
502n3d3355y23501ga5i3i1v624g1dp244j3d,"Vernon Hills, IL",US,0.2,US8518153,42.2373152,-87.9649487
502n3d3355y23501ga5i3i1v624g1dp244j3d,"Morton Grove, IL",US,0.2,US8518153,42.0405857,-87.7825696
502n3d3355y23501ga5i3i1v624g1dp244j3d,"Glenview, IL",US,0.2,US8518153,42.0700662,-87.8114044
502n3d3355y23501ga5i3i1v624g1dp244j3d,"Evanston, IL",US,0.4,US8518153,42.0693991,-87.682932
z1e2ae5g2f6z5cw52396s4h62f466s4294h,"Burlington, MA",US,0.5,US9427499,42.5048167,-71.1956111
z1e2ae5g2f6z5cw52396s4h62f466s4294h,"Concord, MA",US,0.5,US9427499,42.4605189,-71.3488963
1n132k55713963n326l1p37626jw3lw6op6p,"Carsbad, CA",US,0.5,US8343752,33.1660136,-117.3544982
1n132k55713963n326l1p37626jw3lw6op6p,"Carlsbad, CA",US,0.5,US8343752,33.1580933,-117.3505966
n1v5f54dgb672j46q4es2z4q2w5816c5b,"Gainesville, FL",US,0.8333333333333334,US9150887,29.6519684,-82.3249846
n1v5f54dgb672j46q4es2z4q2w5816c5b,"Ames, IA",US,0.16666666666666666,US9150887,42.0267567,-93.6170448
1r3o444r616e3i6f6r11273k46384p141s2u314j,"Brookline, MA",US,0.25,US9005977,42.332918,-71.1187829
1r3o444r616e3i6f6r11273k46384p141s2u314j,"Watertown, MA",US,0.5,US9005977,42.3652576,-71.1843234
1r3o444r616e3i6f6r11273k46384p141s2u314j,"Newton, MA",US,0.25,US9005977,42.3300435,-71.194862
y2te2yv6fd6t2f4f5i1r5x5o391oo6c1d9,Cambridge,GB,0.4,US9868956,52.1975846,0.1391537
y2te2yv6fd6t2f4f5i1r5x5o391oo6c1d9,Gottingen,DE,0.2,US9868956,51.5328328,9.9351811
y2te2yv6fd6t2f4f5i1r5x5o391oo6c1d9,"Raleigh, NC",US,0.4,US9868956,35.7803977,-78.6390989
h6yx4n4e2d3v303m6v475t6v2v362f105a2s3a,Taipei,TW,0.2,US8354266,25.0375198,121.5636796
h6yx4n4e2d3v303m6v475t6v2v362f105a2s3a,Taipei City,TW,0.2,US8354266,25.0384808,121.562009
h6yx4n4e2d3v303m6v475t6v2v362f105a2s3a,Taichung City,TW,0.2,US8354266,24.1586239,120.644867
h6yx4n4e2d3v303m6v475t6v2v362f105a2s3a,Kaohsiung City,TW,0.2,US8354266,22.630583,120.3438175
h6yx4n4e2d3v303m6v475t6v2v362f105a2s3a,Taoyuan County,TW,0.2,US8354266,24.9929995,121.3010003
1y5cz2a5j36315r2u5j1e473x4173151o4h726d,"Swampscott, MA",US,1.0,US9189744,42.4699241,-70.9171507
573p6r1yj42723g4m2s6p715m243h3h8616d36,"Potomac, MD",US,0.25,US9151762,39.0180508,-77.1956331
573p6r1yj42723g4m2s6p715m243h3h8616d36,"Washington, DC",US,0.25,US9151762,38.8950982,-77.0363849
573p6r1yj42723g4m2s6p715m243h3h8616d36,"Rockville, MD",US,0.25,US9151762,39.0817985,-77.1516844
573p6r1yj42723g4m2s6p715m243h3h8616d36,"Jefferson, MD",US,0.25,US9151762,39.3659725,-77.5415398
k4h1i3j4v1c5h112o684lf2y431c3837345g5i,"Mazomanie, WI",US,0.5,US8685672,43.1761099,-89.7941278
k4h1i3j4v1c5h112o684lf2y431c3837345g5i,"Madison, WI",US,0.5,US8685672,43.07469,-89.3841663
1ikg6yx2r3q3w1kg6x5n1u3m1p37155p5u1s,"Chapel Hill, NC",US,0.25,US8802076,35.9131542,-79.05578
1ikg6yx2r3q3w1kg6x5n1u3m1p37155p5u1s,"Durham, NC",US,0.5,US8802076,35.996653,-78.9018053
1ikg6yx2r3q3w1kg6x5n1u3m1p37155p5u1s,"Cedar Grove, NC",US,0.25,US8802076,35.6756925,-79.8886487
3f3j10m4h702z2v3s42703m43695j396051i3p,"Houston, TX",US,1.0,US8129157,29.7589382,-95.3676974
y6m3d1o281q2p6o193k1a6t3y573266a4t684e,"Baltimore, MD",US,0.6363636363636364,US9315868,39.2908816,-76.610759
y6m3d1o281q2p6o193k1a6t3y573266a4t684e,"Ellicott City, MD",US,0.09090909090909091,US9315868,39.2757359,-76.8317417
y6m3d1o281q2p6o193k1a6t3y573266a4t684e,"Hunt Valley, MD",US,0.09090909090909091,US9315868,39.4962709,-76.6542571
y6m3d1o281q2p6o193k1a6t3y573266a4t684e,"Lutherville, MD",US,0.09090909090909091,US9315868,39.42363,-76.6209151
y6m3d1o281q2p6o193k1a6t3y573266a4t684e,"Dayton, MD",US,0.09090909090909091,US9315868,39.2392725,-76.9866438
4w571282c1u1l6w4a612h1n3w656552v2m11,"Chestnut Hill, MA",US,0.16666666666666666,US8790901,42.3234553,-71.1639439
4w571282c1u1l6w4a612h1n3w656552v2m11,"Brighton, MA",US,0.16666666666666666,US8790901,42.3491615,-71.1533859
4w571282c1u1l6w4a612h1n3w656552v2m11,"Boston, MA",US,0.16666666666666666,US8790901,42.3588336,-71.0578303
4w571282c1u1l6w4a612h1n3w656552v2m11,"Cambridge, MA",US,0.5,US8790901,42.3656347,-71.1040018
6lj3f5l35161a3t143ae4m2f6l6t235zu4i5b,"Cambridge, MA",US,0.3333333333333333,US9056299,42.3656347,-71.1040018
6lj3f5l35161a3t143ae4m2f6l6t235zu4i5b,"San Francisco, CA",US,0.3333333333333333,US9056299,37.7879363,-122.4075201
6lj3f5l35161a3t143ae4m2f6l6t235zu4i5b,"Bolton, MA",US,0.3333333333333333,US9056299,42.4342336,-71.6097744
6n1b2o1b5k6i4d4y3g18291q3t6dg3f6j2o1g52,"Rancho Santa Fe, CA",US,0.3333333333333333,US7544767,33.0242314,-117.1979781
6n1b2o1b5k6i4d4y3g18291q3t6dg3f6j2o1g52,Helsinki,FI,0.3333333333333333,US7544767,60.1666204,24.9435408
6n1b2o1b5k6i4d4y3g18291q3t6dg3f6j2o1g52,"San Diego, CA",US,0.3333333333333333,US7544767,32.7174202,-117.162772
704ky4c2y4j1mw623b2p1o3b285i2y1q437,"Medford, MA",US,0.2,US9808557,42.4184296,-71.1061639
704ky4c2y4j1mw623b2p1o3b285i2y1q437,"US, MA",US,0.2,US9808557,40.6885329,-74.4000154
704ky4c2y4j1mw623b2p1o3b285i2y1q437,"Washington, DC",US,0.2,US9808557,38.8950982,-77.0363849
704ky4c2y4j1mw623b2p1o3b285i2y1q437,"New York, NY",US,0.2,US9808557,40.7127281,-74.0060152
704ky4c2y4j1mw623b2p1o3b285i2y1q437,"Concord, MA",US,0.2,US9808557,42.4605189,-71.3488963
545t4x2u6s3b38393t115g6q3e2n425j6o5311u,Teltow,DE,0.3333333333333333,US9493520,52.3805562,13.2685278
545t4x2u6s3b38393t115g6q3e2n425j6o5311u,Preston,GB,0.3333333333333333,US9493520,53.7593363,-2.6992717
545t4x2u6s3b38393t115g6q3e2n425j6o5311u,Redbourn,GB,0.3333333333333333,US9493520,51.7985104,-0.3951486
2xu2e4x6vl4f2y1z642i5b105m1b1nq69683c,"Gainesville, FL",US,1.0,US8900835,29.6519684,-82.3249846
4vb555p5pb6w6c4w6gc573u381t3r1y3c5o27,"Bolton, MA",US,0.25,US9757698,42.4342336,-71.6097744
4vb555p5pb6w6c4w6gc573u381t3r1y3c5o27,"San Francisco, CA",US,0.25,US9757698,37.7879363,-122.4075201
4vb555p5pb6w6c4w6gc573u381t3r1y3c5o27,"Peachtree, GA",US,0.25,US9757698,33.9420457,-84.2938124
4vb555p5pb6w6c4w6gc573u381t3r1y3c5o27,"Cambridge, MA",US,0.25,US9757698,42.3656347,-71.1040018
1m246e6t5w2s4q4823691g44y5d4n66vq1a2i,Ottawa,CA,0.6666666666666666,US8940291,45.4208777,-75.6901106
1m246e6t5w2s4q4823691g44y5d4n66vq1a2i,Gatineau,CA,0.3333333333333333,US8940291,45.4277659,-75.710976
73h5w64290q6i6h35w2k553j263k2y206712,"Ithaca, NY",US,0.5,US8748180,42.4374175,-76.5483724
73h5w64290q6i6h35w2k553j263k2y206712,Seoul,KR,0.5,US8748180,37.5666791,126.9782914
4l133n3be71n585f4z1119p41b5n66s4na,"El Cerrito, CA",US,0.5,US8802407,37.9154056,-122.301411
4l133n3be71n585f4z1119p41b5n66s4na,Uppsala,SE,0.5,US8802407,59.8586126,17.6387436
4o33545s6l2y6a5z3w6n3y3p3o12304t2g3b2ic,"Ithaca, NY",US,0.25,US8927509,42.4374175,-76.5483724
4o33545s6l2y6a5z3w6n3y3p3o12304t2g3b2ic,"Schenectady, NY",US,0.25,US8927509,42.8142432,-73.9395687
4o33545s6l2y6a5z3w6n3y3p3o12304t2g3b2ic,"Greenwich, NY",US,0.25,US8927509,43.0903515,-73.4993904
4o33545s6l2y6a5z3w6n3y3p3o12304t2g3b2ic,"Watervliet, NY",US,0.25,US8927509,42.7300784,-73.7012299
3v73384n6t5ji6f4z5q2ug1mv4pd1g721x3x,"Waltham, MA",US,0.16666666666666666,US9012172,42.3762385,-71.2355644
3v73384n6t5ji6f4z5q2ug1mv4pd1g721x3x,"Cambridge, MA",US,0.5,US9012172,42.3656347,-71.1040018
3v73384n6t5ji6f4z5q2ug1mv4pd1g721x3x,"Minneapolis, MN",US,0.16666666666666666,US9012172,44.9772995,-93.2654692
3v73384n6t5ji6f4z5q2ug1mv4pd1g721x3x,"Somerville, MA",US,0.16666666666666666,US9012172,42.3875968,-71.0994968
s6g4i294x5o64204i43646z4w201x5w4z4n68,"New York, NY",US,1.0,US8883995,40.7127281,-74.0060152
x593575wb6a2h53342r5v3l3g3w63662z5s6n,Rechovot,IL,0.16666666666666666,US8632873,31.8952532,34.8105616
x593575wb6a2h53342r5v3l3g3w63662z5s6n,Tel-Aviv,IL,0.16666666666666666,US8632873,32.0852997,34.7818064
x593575wb6a2h53342r5v3l3g3w63662z5s6n,Kiryat-Ekron,IL,0.16666666666666666,US8632873,31.8607858,34.823337
x593575wb6a2h53342r5v3l3g3w63662z5s6n,RaAnana,IL,0.16666666666666666,US8632873,32.1860244,34.8678359
x593575wb6a2h53342r5v3l3g3w63662z5s6n,Jerusalem,IL,0.16666666666666666,US8632873,31.7788472,35.2257856
x593575wb6a2h53342r5v3l3g3w63662z5s6n,Kfar-Saba,IL,0.16666666666666666,US8632873,32.1773471,34.907459
4k4m3m20a5d42293x4a284v6qj58675p2v5259,Wuxi City,CN,1.0,US8785169,31.5776626,120.2952752
1j1e1i6o5j6m5x231l341c4t3y6h4x3l76b5e37,Glasgow,GB,1.0,US9375690,55.861155,-4.2501687
4s1863y701g5t1l561v131pqb5h5a3bcn5,"Foxboro, MA",US,0.5,US8669116,42.0953545,-71.2616265
4s1863y701g5t1l561v131pqb5h5a3bcn5,"Atlanta, GA",US,0.5,US8669116,33.7544657,-84.3898151
5f624o6a3a1y11186s5s482z2i4l4r6a7183q,Nokia,FI,0.2857142857142857,US8993281,61.4781666,23.5096158
5f624o6a3a1y11186s5s482z2i4l4r6a7183q,Tampere,FI,0.42857142857142855,US8993281,61.4977988,23.7616335
5f624o6a3a1y11186s5s482z2i4l4r6a7183q,Helsinki,FI,0.14285714285714285,US8993281,60.1666204,24.9435408
5f624o6a3a1y11186s5s482z2i4l4r6a7183q,Littoinen,FI,0.14285714285714285,US8993281,60.4477424,22.405396
4322421k244m2z43s4h13886p1o5l2p286s3a,"Del Mar, CA",US,0.5,US7709262,32.9594891,-117.2653146
4322421k244m2z43s4h13886p1o5l2p286s3a,Shatin,HK,0.5,US7709262,22.3815527,114.1904697
4l3sq635i1x2mh4z29425g633f2v1g6y1p5gv,"Lawrenceville, NJ",US,0.5,US9029168,40.3009876,-74.7373728
4l3sq635i1x2mh4z29425g633f2v1g6y1p5gv,"Princeton, NJ",US,0.5,US9029168,40.3496953,-74.6597376
b6t5p2c3a5h1q3q6bn3z485s344y6efts1e,"Hamilton, OH",US,0.25,US8883452,39.2085354,-84.5501874
b6t5p2c3a5h1q3q6bn3z485s344y6efts1e,"Albany, NY",US,0.25,US8883452,42.6511674,-73.754968
b6t5p2c3a5h1q3q6bn3z485s344y6efts1e,"Schenectady, NY",US,0.25,US8883452,42.8142432,-73.9395687
b6t5p2c3a5h1q3q6bn3z485s344y6efts1e,"Troy, NY",US,0.25,US8883452,42.7284117,-73.6917878
6d2n5l1g6m6t6w4x4p2dm4l0h6y313d56d3d,"Danville, CA",US,0.25,US8663624,37.8225892,-122.0008254
6d2n5l1g6m6t6w4x4p2dm4l0h6y313d56d3d,"Berkeley, CA",US,0.5,US8663624,37.8708393,-122.272863
6d2n5l1g6m6t6w4x4p2dm4l0h6y313d56d3d,"Oakland, CA",US,0.25,US8663624,37.8044557,-122.271356
3a5m4h2m5t3v3v5q1o434r6w3n1x413s4b3b5t1q,"West Lafayette, IN",US,0.5,US8663563,40.4258686,-86.9080655
3a5m4h2m5t3v3v5q1o434r6w3n1x413s4b3b5t1q,"Santa Clara, CA",US,0.16666666666666666,US8663563,37.2333253,-121.6846349
3a5m4h2m5t3v3v5q1o434r6w3n1x413s4b3b5t1q,"Austin, TX",US,0.16666666666666666,US8663563,30.2711286,-97.7436995
3a5m4h2m5t3v3v5q1o434r6w3n1x413s4b3b5t1q,"Columbus, IN",US,0.16666666666666666,US8663563,39.2014405,-85.9213796
1h2xt693e315n701b23275q5p381447175z5t,"Stoneham, MA",US,0.25,US8728498,42.4802635,-71.0993581
1h2xt693e315n701b23275q5p381447175z5t,"Concord, MA",US,0.25,US8728498,42.4605189,-71.3488963
1h2xt693e315n701b23275q5p381447175z5t,"Pepperell, MA",US,0.25,US8728498,42.6650324,-71.5785924
1h2xt693e315n701b23275q5p381447175z5t,"Tyngsboro, MA",US,0.25,US8728498,42.6658853,-71.4101576
u5v213c1u4c5o36512k4f6a5f386o1684i4034,"Plano, TX",US,0.75,US9161705,33.0136764,-96.6925096
u5v213c1u4c5o36512k4f6a5f386o1684i4034,"Dallas, TX",US,0.25,US9161705,32.7762719,-96.7968559
2qa3t2o116w1p394044365x5b673d3h4041704r,"Winchester, MA",US,0.5,US8715740,42.4523178,-71.1369982
2qa3t2o116w1p394044365x5b673d3h4041704r,"Concord, MA",US,0.5,US8715740,42.4605189,-71.3488963
1m3b6z6t456e2k6q1q226286d4q5y33161h703t,"Wakefield, MA",US,0.5,US9016875,42.506484,-71.0728306
1m3b6z6t456e2k6q1q226286d4q5y33161h703t,"Concord, MA",US,0.5,US9016875,42.4605189,-71.3488963
4h2b2ln344r6z403v37555z93k1j3t1e35w6b,Delft,NL,0.16666666666666666,US9303253,51.9994572,4.3627245
4h2b2ln344r6z403v37555z93k1j3t1e35w6b,Schipluiden,NL,0.16666666666666666,US9303253,51.9774012,4.3156816
4h2b2ln344r6z403v37555z93k1j3t1e35w6b,Culemborg,NL,0.16666666666666666,US9303253,51.9493315,5.2092152
4h2b2ln344r6z403v37555z93k1j3t1e35w6b,Leidschendam,NL,0.16666666666666666,US9303253,52.0861654,4.3946774
4h2b2ln344r6z403v37555z93k1j3t1e35w6b,Den Haag,NL,0.16666666666666666,US9303253,52.0799838,4.3113461
4h2b2ln344r6z403v37555z93k1j3t1e35w6b,Voorhout,NL,0.16666666666666666,US9303253,52.2244226,4.4886562
556n5n3r5ww4129b6h3t6b144p566p264z6w5l,Rechovot,IL,0.5,US9476060,31.8952532,34.8105616
556n5n3r5ww4129b6h3t6b144p566p264z6w5l,Nes Ziona,IL,0.5,US9476060,31.9295577,34.7990609
5m5c3o3z17612b34y3y6o5hi2o233e82p3825,"Beijing, People's  Republic of China",CN,0.16666666666666666,US8546125,39.8842185,116.3515272
5m5c3o3z17612b34y3y6o5hi2o233e82p3825,"Beijing, People's Republic of China",CN,0.5,US8546125,39.8842185,116.3515272
5m5c3o3z17612b34y3y6o5hi2o233e82p3825,"Mordialloc, Victoria 3192",AU,0.16666666666666666,US8546125,-38.0059125,145.0872801
5m5c3o3z17612b34y3y6o5hi2o233e82p3825,"Beijin, People's Republic of China",CN,0.16666666666666666,US8546125,,
5ii2j3s67244672g1f252a2t4j471n23f595s,Oxford,GB,1.0,US8105846,51.7520131,-1.2578499
723io6u663j6a24y1t2dk2n111e6l394q6n41,"San Francisco, CA",US,0.5,US8652804,37.7879363,-122.4075201
723io6u663j6a24y1t2dk2n111e6l394q6n41,"Berkeley, CA",US,0.5,US8652804,37.8708393,-122.272863
k5r3i1si52r464m5t92nav271q1q3a565f,"Oakland, CA",US,0.3333333333333333,US8852902,37.8044557,-122.271356
k5r3i1si52r464m5t92nav271q1q3a565f,"San Francisco, CA",US,0.3333333333333333,US8852902,37.7879363,-122.4075201
k5r3i1si52r464m5t92nav271q1q3a565f,"Berkeley, CA",US,0.3333333333333333,US8852902,37.8708393,-122.272863
246v646p38464y2p2g203v6h5x5o1538x3o6a3x,"Bolton, MA",US,0.5,US9056289,42.4342336,-71.6097744
246v646p38464y2p2g203v6h5x5o1538x3o6a3x,"San Francisco, CA",US,0.5,US9056289,37.7879363,-122.4075201
6u581r51z1n471b5n3g3z3i5d126e6j7041t3q,"Baltimore, MD",US,0.25,US8871016,39.2908816,-76.610759
6u581r51z1n471b5n3g3z3i5d126e6j7041t3q,"Columbia, MD",US,0.25,US8871016,39.1938429,-76.8646092
6u581r51z1n471b5n3g3z3i5d126e6j7041t3q,"Atlanta, GA",US,0.125,US8871016,33.7544657,-84.3898151
6u581r51z1n471b5n3g3z3i5d126e6j7041t3q,"Clarksbury, MD",US,0.125,US8871016,,
6u581r51z1n471b5n3g3z3i5d126e6j7041t3q,"Laurel, MD",US,0.25,US8871016,39.0984317,-76.8485094
2jyb2m6z113g3mm2527j4n5u3w4su2g1e3v,Komae-shi,JP,0.3333333333333333,US8895712,35.6347642,139.5787343
2jyb2m6z113g3mm2527j4n5u3w4su2g1e3v,Yokohama-shi,JP,0.6666666666666666,US8895712,35.4503381,139.6343802
2i5m3k2r54305r1n6171o12386m1k635b3o1h4c,Kashiwa-shi,JP,0.75,US9175327,35.8676218,139.9756876
2i5m3k2r54305r1n6171o12386m1k635b3o1h4c,Tokyo,JP,0.25,US9175327,35.6768601,139.7638947
512s222u1e293365716d6f51136k4x731s5j5r5d,DARMSTADT,DE,0.14285714285714285,US8932839,49.872775,8.651177
512s222u1e293365716d6f51136k4x731s5j5r5d,FUSSGONHEIM,DE,0.14285714285714285,US8932839,49.4601777,8.2928057
512s222u1e293365716d6f51136k4x731s5j5r5d,TUBINGEN,DE,0.14285714285714285,US8932839,48.5203263,9.053596
512s222u1e293365716d6f51136k4x731s5j5r5d,STUTTGART,DE,0.42857142857142855,US8932839,48.7784485,9.1800132
512s222u1e293365716d6f51136k4x731s5j5r5d,ASPERG,DE,0.14285714285714285,US8932839,48.9058591,9.1350865
434u2g2i664r654s72175w6j2h3x6f5k3y515z46,"Medford, MA",US,0.3333333333333333,US9074302,42.4184296,-71.1061639
434u2g2i664r654s72175w6j2h3x6f5k3y515z46,"Wilmington, MA",US,0.3333333333333333,US9074302,42.5464828,-71.1736669
434u2g2i664r654s72175w6j2h3x6f5k3y515z46,"Concord, MA",US,0.3333333333333333,US9074302,42.4605189,-71.3488963
52284g4n296u312a3p4o1y4i4v5n455h4e404mf,"Chicago, IL",US,0.375,US8063047,41.8755616,-87.6244212
52284g4n296u312a3p4o1y4i4v5n455h4e404mf,Strasbourg,FR,0.125,US8063047,48.584614,7.7507127
52284g4n296u312a3p4o1y4i4v5n455h4e404mf,Eschau,FR,0.125,US8063047,48.4856711,7.7153003
52284g4n296u312a3p4o1y4i4v5n455h4e404mf,Illkirch,FR,0.125,US8063047,48.5299117,7.7113254
52284g4n296u312a3p4o1y4i4v5n455h4e404mf,"San Diego, CA",US,0.125,US8063047,32.7174202,-117.162772
52284g4n296u312a3p4o1y4i4v5n455h4e404mf,Guangzhou,CN,0.125,US8063047,23.1288454,113.2590064
6w5ry3o3t331j421w1d5t124356631635k2x49,"NEW YORK, NY",US,0.3333333333333333,US8790709,40.7127281,-74.0060152
6w5ry3o3t331j421w1d5t124356631635k2x49,"BROOKLYN, NY",US,0.3333333333333333,US8790709,40.6526006,-73.9497211
6w5ry3o3t331j421w1d5t124356631635k2x49,"NEWTON, CT",US,0.3333333333333333,US8790709,41.354918,-73.0093842
3k3j2c5a4ry5i5n65y2a4l50406p43681e5r3i,Auckland,NZ,1.0,US9365868,-36.852095,174.7631803
5sp5t571g5w5k4a24z212od2b21x5t3v2u62,"Lexington, MA",US,0.25,US8637452,42.4473175,-71.2245003
5sp5t571g5w5k4a24z212od2b21x5t3v2u62,"Cambridge, MA",US,0.25,US8637452,42.3656347,-71.1040018
5sp5t571g5w5k4a24z212od2b21x5t3v2u62,"Irvine, CA",US,0.25,US8637452,33.6856969,-117.825981
5sp5t571g5w5k4a24z212od2b21x5t3v2u62,Linkoping,SE,0.25,US8637452,58.4098135,15.6245252
492z6g4h3x6n3s393t2x2n3b3h5c4k563h15g5x,"San Francisco, CA",US,1.0,US9361427,37.7879363,-122.4075201
d6v4n285f3r365b1f3151f5w4j5c5t3z2q3n4i,"Gaithersburg, MD",US,0.125,US9732337,39.1399187,-77.1929215
d6v4n285f3r365b1f3151f5w4j5c5t3z2q3n4i,"Cary, NC",US,0.125,US9732337,35.7882893,-78.7812081
d6v4n285f3r365b1f3151f5w4j5c5t3z2q3n4i,"Frederick, MD",US,0.375,US9732337,39.415779,-77.4127562
d6v4n285f3r365b1f3151f5w4j5c5t3z2q3n4i,"Goleta, CA",US,0.125,US9732337,34.4358295,-119.8276389
d6v4n285f3r365b1f3151f5w4j5c5t3z2q3n4i,"Niskayuna, NY",US,0.125,US9732337,42.8154056,-73.8928774
d6v4n285f3r365b1f3151f5w4j5c5t3z2q3n4i,"Santa Barbara, CA",US,0.125,US9732337,34.4221319,-119.702667
3ym3e2z4j4wwf3mn29495w6c3s48z2cc1j,"Pasadena, CA",US,0.6666666666666666,US8158595,34.1476507,-118.144155
3ym3e2z4j4wwf3mn29495w6c3s48z2cc1j,"San Gabriel, CA",US,0.3333333333333333,US8158595,34.0990995,-118.1085554
1wu59z6495g6z384r6c275o1gw6m5qp,"Oak Ridge, TN",US,0.5,US9011735,36.0103562,-84.2696449
1wu59z6495g6z384r6c275o1gw6m5qp,"Knoxville, TN",US,0.5,US9011735,35.9603948,-83.9210261
3d6lt1y6y4s4p5m24i63v3g64v95t6u3m,"Cambridge, MA",US,0.2857142857142857,US9297796,42.3656347,-71.1040018
3d6lt1y6y4s4p5m24i63v3g64v95t6u3m,"Needham, MA",US,0.14285714285714285,US9297796,42.2802645,-71.2360624
3d6lt1y6y4s4p5m24i63v3g64v95t6u3m,"Somerville, MA",US,0.42857142857142855,US9297796,42.3875968,-71.0994968
3d6lt1y6y4s4p5m24i63v3g64v95t6u3m,"Lexington, MA",US,0.14285714285714285,US9297796,42.4473175,-71.2245003
315n60141z23272c3i5x1pp6f5j3k37203z4b6d,"Cambridge, MA",US,0.5,US9499592,42.3656347,-71.1040018
315n60141z23272c3i5x1pp6f5j3k37203z4b6d,"Brookline, MA",US,0.5,US9499592,42.332918,-71.1187829
w4r4y234e3t3j6i2y69321z4t5n2u664n693c5a,"San Francisco, CA",US,0.5,US9301950,37.7879363,-122.4075201
w4r4y234e3t3j6i2y69321z4t5n2u664n693c5a,"Philadelphia, PA",US,0.5,US9301950,39.9527237,-75.1635262
313f6s293uu6h374e182o6i1l3l3z6k403k445x,Ottawa,CA,1.0,US9045729,45.4208777,-75.6901106
4t1t03fu4v4275b3z295f306281k5r144us,"Austin, TX",US,0.5,US8940394,30.2711286,-97.7436995
4t1t03fu4v4275b3z295f306281k5r144us,Salamanca Province,ES,0.5,US8940394,39.1669005,-0.2417807
5d4y582v2026w63m2j4w181ad5l2b1o3d646q,"Emeryville, CA",US,1.0,US8685737,37.8314089,-122.2865266
2m4k1y6f6q2k464h3f6p6d6418515f2r3r702y6v,"Los Altos, CA",US,0.5,US9187727,37.3790629,-122.116578
2m4k1y6f6q2k464h3f6p6d6418515f2r3r702y6v,"Merion Station, PA",US,0.5,US9187727,39.9981758,-75.2513256
113f525a19g133b45551u2v2n5v564z7226284b,"Bowie, MD",US,0.3333333333333333,US8952192,39.0080601,-76.7797899
113f525a19g133b45551u2v2n5v564z7226284b,"Annapolis, MD",US,0.16666666666666666,US8952192,38.9786401,-76.492786
113f525a19g133b45551u2v2n5v564z7226284b,"Bethesda, MD",US,0.16666666666666666,US8952192,38.9812726,-77.1233587
113f525a19g133b45551u2v2n5v564z7226284b,"Silver Spring, MD",US,0.16666666666666666,US8952192,38.9997621,-77.0240371
113f525a19g133b45551u2v2n5v564z7226284b,"Baltimore, MD",US,0.16666666666666666,US8952192,39.2908816,-76.610759
1d2g5qje1mj623no1k613e5y5m41633i376q,Berlin,DE,0.2,US9175270,52.5173885,13.3951309
1d2g5qje1mj623no1k613e5y5m41633i376q,Vallegue,FR,0.2,US9175270,43.424481,1.7554201
1d2g5qje1mj623no1k613e5y5m41633i376q,Vernet,FR,0.2,US9175270,43.427298,1.420436
1d2g5qje1mj623no1k613e5y5m41633i376q,Castanet,FR,0.2,US9175270,43.9743,2.02887
1d2g5qje1mj623no1k613e5y5m41633i376q,Leuven,BE,0.2,US9175270,50.879202,4.7011675
ie732p5z3w05x135d5u82gf2w134p355p,"Englewood, NJ",US,0.3333333333333333,US9481910,40.8929329,-73.9726508
ie732p5z3w05x135d5u82gf2w134p355p,"New York, NY",US,0.6666666666666666,US9481910,40.7127281,-74.0060152
4k5z5t4he91y6lp87561h2h3z4441174v38,Centros,SG,1.0,US8809017,1.3037717,103.7919242
j2u5a591g554m4p2ix4n574c2p696q4a254l6s,Ramot Hashavim,IL,0.3333333333333333,US9034609,32.1661738,34.8860426
j2u5a591g554m4p2ix4n574c2p696q4a254l6s,Rehovot,IL,0.3333333333333333,US9034609,31.8952532,34.8105616
j2u5a591g554m4p2ix4n574c2p696q4a254l6s,Ashdod,IL,0.3333333333333333,US9034609,31.7977314,34.6529922
2a30sp3ko2y1np2p333bsd4e8a3i2r3q,Kfar-Saba,IL,0.3333333333333333,US9410131,32.1773471,34.907459
2a30sp3ko2y1np2p333bsd4e8a3i2r3q,Rehovot,IL,0.6666666666666666,US9410131,31.8952532,34.8105616
4i3v2e6n1z4l6kzo373x1q2fx5g572n6y5821,"BOSTON, MA",US,0.2,US8062878,42.3588336,-71.0578303
4i3v2e6n1z4l6kzo373x1q2fx5g572n6y5821,"CAMBRIDGE, MA",US,0.4,US8062878,42.3656347,-71.1040018
4i3v2e6n1z4l6kzo373x1q2fx5g572n6y5821,"WINCHESTER, MA",US,0.2,US8062878,42.4523178,-71.1369982
4i3v2e6n1z4l6kzo373x1q2fx5g572n6y5821,"WORCESTER, MA",US,0.2,US8062878,42.2625621,-71.8018877
38586f307f1971d4s2g5w30314y2w1q2t1v58,"Oak Ridge, TN",US,0.6666666666666666,US8944083,36.0103562,-84.2696449
38586f307f1971d4s2g5w30314y2w1q2t1v58,"Knoxville, TN",US,0.3333333333333333,US8944083,35.9603948,-83.9210261
70181f5c2r1p621b544o6x1i1a1314u334932i,"Princeton, NJ",US,0.2,US8980899,40.3496953,-74.6597376
70181f5c2r1p621b544o6x1i1a1314u334932i,"San Francisco, CA",US,0.6,US8980899,37.7879363,-122.4075201
70181f5c2r1p621b544o6x1i1a1314u334932i,"Redwood City, CA",US,0.2,US8980899,37.4863239,-122.232523
5n565fej4c17q4o2114695q2z5d353c5p3r67,"Chicago, IL",US,0.8571428571428571,US9415392,41.8755616,-87.6244212
5n565fej4c17q4o2114695q2z5d353c5p3r67,"Cambridge, MA",US,0.14285714285714285,US9415392,42.3656347,-71.1040018
64f6v5c3j5z255n505x1u1w6s3h6f5a1du4e3j,Rehovot,IL,0.75,US9267142,31.8952532,34.8105616
64f6v5c3j5z255n505x1u1w6s3h6f5a1du4e3j,Tel-Aviv,IL,0.25,US9267142,32.0852997,34.7818064
3s16306x1a5t582o6f1o6o3h6h4l3x483e426e53,"Newton, MA",US,0.5,US9697460,42.3300435,-71.194862
3s16306x1a5t582o6f1o6o3h6h4l3x483e426e53,"Cambridge, MA",US,0.5,US9697460,42.3656347,-71.1040018
19632jl3j4h106r5k561t3dy364f172m5c1e68,"Los Angeles, CA",US,0.6666666666666666,US9187774,34.0536909,-118.242766
19632jl3j4h106r5k561t3dy364f172m5c1e68,"Minneapolis, MN",US,0.3333333333333333,US9187774,44.9772995,-93.2654692
532n2e10331z1h5h2b5f6r1v1756416e696t5x55,"Boston, MA",US,0.3333333333333333,US9506167,42.3588336,-71.0578303
532n2e10331z1h5h2b5f6r1v1756416e696t5x55,"Belmont, MA",US,0.3333333333333333,US9506167,42.3959296,-71.1786655
532n2e10331z1h5h2b5f6r1v1756416e696t5x55,"Concord, MA",US,0.3333333333333333,US9506167,42.4605189,-71.3488963
2x25412240f474s76o1h4n5x666s5an3a6y4q,"Newton, MA",US,0.5,US9284562,42.3300435,-71.194862
2x25412240f474s76o1h4n5x666s5an3a6y4q,"Charlestown, MA",US,0.5,US9284562,42.3778749,-71.0619957
3ti2v253i3aj4c712k3w1n4g4h2n3o102w3qx,"Concord, MA",US,0.5,US9603971,42.4605189,-71.3488963
3ti2v253i3aj4c712k3w1n4g4h2n3o102w3qx,"Melrose, MA",US,0.5,US9603971,42.4564323,-71.064182
4445k3pj186q2q6i2r4f466z53331m3y356d4c,"Ann Arbor, MI",US,1.0,US8906685,42.2813722,-83.7484616
1q1m634855k153wf6z514p5voi2l704f1c1y,Heidelberg,DE,0.3333333333333333,US9551035,49.4093582,8.694724
1q1m634855k153wf6z514p5voi2l704f1c1y,Wiesloch,DE,0.3333333333333333,US9551035,49.2942599,8.698707
1q1m634855k153wf6z514p5voi2l704f1c1y,Chislehurst,GB,0.3333333333333333,US9551035,51.4115718,0.0769545
2q2g6ino1z615q4d1za2aw3h5k2t3m3p3f16,Wako-shi,JP,1.0,US8697655,35.7817053,139.6058692
m5w2xn5r464l29s565t653y2p4m1n572t6k30,"Cambridge, MA",US,0.25,US9238206,42.3656347,-71.1040018
m5w2xn5r464l29s565t653y2p4m1n572t6k30,"Bolton, MA",US,0.25,US9238206,42.4342336,-71.6097744
m5w2xn5r464l29s565t653y2p4m1n572t6k30,"San Francisco, CA",US,0.25,US9238206,37.7879363,-122.4075201
m5w2xn5r464l29s565t653y2p4m1n572t6k30,Frankfurt,DE,0.25,US9238206,50.1106444,8.6820917
2z4e6a2s50703n2141u67714v2z1v52ab483s,"Medford, MA",US,0.25,US8187616,42.4184296,-71.1061639
2z4e6a2s50703n2141u67714v2z1v52ab483s,"Southborough, MA",US,0.25,US8187616,42.3056501,-71.5245087
2z4e6a2s50703n2141u67714v2z1v52ab483s,"Wilmington, MA",US,0.25,US8187616,42.5464828,-71.1736669
2z4e6a2s50703n2141u67714v2z1v52ab483s,"Concord, MA",US,0.25,US8187616,42.4605189,-71.3488963
1446a83ol2g493y263q6f1k5n2c366k2124k,'s-Gravenhage,NL,0.25,US9109214,52.0799838,4.3113461
1446a83ol2g493y263q6f1k5n2c366k2124k,Utrecht,NL,0.25,US9109214,52.0907006,5.1215634
1446a83ol2g493y263q6f1k5n2c366k2124k,Delft,NL,0.25,US9109214,51.9994572,4.3627245
1446a83ol2g493y263q6f1k5n2c366k2124k,Berkel En Rodenrijs,NL,0.25,US9109214,51.9914412,4.4739077
2x6r3w1i6h261k4d3ya142e6w1j6g6a312kc3,"Champaign, IL",US,0.25,US9624517,40.1164841,-88.2430932
2x6r3w1i6h261k4d3ya142e6w1j6g6a312kc3,"Urbana, IL",US,0.25,US9624517,40.1117174,-88.207301
2x6r3w1i6h261k4d3ya142e6w1j6g6a312kc3,"Peoria, IL",US,0.25,US9624517,40.6938609,-89.5891008
2x6r3w1i6h261k4d3ya142e6w1j6g6a312kc3,"Normal, IL",US,0.25,US9624517,40.5092961,-88.9843937
3y2m476d5k4d5a443v6i5b1w3l1o5k6i2a4a1g1j,Wuxi,CN,1.0,US8722364,31.5776626,120.2952752
3nu512r5x2f382g3g3a3m1m5i734m73663k294t,Edinburgh,GB,0.6666666666666666,US8759104,55.9533456,-3.1883749
3nu512r5x2f382g3g3a3m1m5i734m73663k294t,Poznan,PL,0.3333333333333333,US8759104,52.4082663,16.9335199
663le432l61453v3m2t4ez5x4l3y1x4z4u5l1q,"San Diego, CA",US,0.25,US9018013,32.7174202,-117.162772
663le432l61453v3m2t4ez5x4l3y1x4z4u5l1q,"Coronado, CA",US,0.25,US9018013,32.6915199,-117.1766947
663le432l61453v3m2t4ez5x4l3y1x4z4u5l1q,"Carslbad, CA",US,0.25,US9018013,,
663le432l61453v3m2t4ez5x4l3y1x4z4u5l1q,"Lakeside, CA",US,0.25,US9018013,32.8503194,-116.8960084
2n495f523y5q5t4h703p3u3k3z4f686z068a48,"Ann Arbor, MI",US,1.0,US9244057,42.2813722,-83.7484616
4e4t6q38o6y1l3tv5g3zs43426f216k5j4p,"Lexington, KY",US,0.6666666666666666,US9402875,38.0464066,-84.4970393
4e4t6q38o6y1l3tv5g3zs43426f216k5j4p,"Nicholasville, KY",US,0.3333333333333333,US9402875,37.8806341,-84.5729961
1h10i50166h55556g4r1c1s4e4e301h3v73373o,"Jamaica Plain, MA",US,0.5,US9469861,42.3116046,-71.1143838
1h10i50166h55556g4r1c1s4e4e301h3v73373o,"San Francisco, CA",US,0.5,US9469861,37.7879363,-122.4075201
6j735u3qu34121k186e6t1z1n143b4f2r4vb19,"Baltimore, MD",US,0.75,US9139588,39.2908816,-76.610759
6j735u3qu34121k186e6t1z1n143b4f2r4vb19,"Dexter, OR",US,0.25,US9139588,43.9159144,-122.8221436
33364o1z66135o425q6w5i6v6y4b61583h5y22s,"Downingtown, PA",US,0.25,US9133436,40.0064958,-75.7032742
33364o1z66135o425q6w5i6v6y4b61583h5y22s,"Philadelphia, PA",US,0.25,US9133436,39.9527237,-75.1635262
33364o1z66135o425q6w5i6v6y4b61583h5y22s,"Merion Station, PA",US,0.25,US9133436,39.9981758,-75.2513256
33364o1z66135o425q6w5i6v6y4b61583h5y22s,"Cherry Hill, NJ",US,0.25,US9133436,39.9348351,-75.0307264
5l1o3i5c6u1s32393b4p2b1v6c3a371a1b5b206x,"Boulder, CO",US,0.6666666666666666,US8883464,40.0149856,-105.270545
5l1o3i5c6u1s32393b4p2b1v6c3a371a1b5b206x,"Denver, CO",US,0.3333333333333333,US8883464,39.7392364,-104.984862
5xh3c1z1x2x195f30704m1m5m6w1k4d45z1l47,"Cambridge, MA",US,0.3333333333333333,US8835138,42.3656347,-71.1040018
5xh3c1z1x2x195f30704m1m5m6w1k4d45z1l47,"San Francisco, CA",US,0.3333333333333333,US8835138,37.7879363,-122.4075201
5xh3c1z1x2x195f30704m1m5m6w1k4d45z1l47,"Milton, MA",US,0.3333333333333333,US8835138,42.2501425,-71.065573
573n5i1g71m3k4a4yc686731p542h6ch6638,"Durham, NC",US,1.0,US8178495,35.996653,-78.9018053
3yl1p712r3pep1mh5x2g6s6z1lz71133b32,Daejeon,KR,1.0,US9130230,36.3497007,127.3849016
3p4705l1o331bx1v1x4p152w5v2c255e3z7124,"Baltimore, MD",US,1.0,US9545772,39.2908816,-76.610759
4v3256m5l296z6e3f5l594t4g3h352l3r1g6n5p,Heidelberg,DE,0.25,US9388437,49.4093582,8.694724
4v3256m5l296z6e3f5l594t4g3h352l3r1g6n5p,Landskrona,SE,0.125,US9388437,55.8698007,12.8296734
4v3256m5l296z6e3f5l594t4g3h352l3r1g6n5p,Bfaerred,SE,0.125,US9388437,,
4v3256m5l296z6e3f5l594t4g3h352l3r1g6n5p,Preston,GB,0.125,US9388437,53.7593363,-2.6992717
4v3256m5l296z6e3f5l594t4g3h352l3r1g6n5p,Redbourne,GB,0.125,US9388437,53.4873185,-0.5357835
4v3256m5l296z6e3f5l594t4g3h352l3r1g6n5p,Buckinghamshire,GB,0.125,US9388437,51.840894,-0.8998074
4v3256m5l296z6e3f5l594t4g3h352l3r1g6n5p,Harpenden,GB,0.125,US9388437,51.8145103,-0.3549311
6e1s322n311ux2m2b50134p2n2l1l6d6gy5i3,"Gainsville, FL",US,0.2,US9322043,29.6194176,-82.3601179
6e1s322n311ux2m2b50134p2n2l1l6d6gy5i3,"Raleigh, NC",US,0.2,US9322043,35.7803977,-78.6390989
6e1s322n311ux2m2b50134p2n2l1l6d6gy5i3,"Archer, FL",US,0.2,US9322043,29.5299677,-82.5189969
6e1s322n311ux2m2b50134p2n2l1l6d6gy5i3,"Gainesville, FL",US,0.4,US9322043,29.6519684,-82.3249846
6l102d6r3l501j5c3j6u5a5i3m3j1ia5s185472,"Chandler, AZ",US,0.3333333333333333,US8748192,33.3062031,-111.841185
6l102d6r3l501j5c3j6u5a5i3m3j1ia5s185472,"Phoenix, AZ",US,0.16666666666666666,US8748192,33.4484367,-112.074141
6l102d6r3l501j5c3j6u5a5i3m3j1ia5s185472,Harbin,CN,0.16666666666666666,US8748192,45.7593633,126.6276177
6l102d6r3l501j5c3j6u5a5i3m3j1ia5s185472,"Gilbert, AZ",US,0.16666666666666666,US8748192,33.3527632,-111.789037
6l102d6r3l501j5c3j6u5a5i3m3j1ia5s185472,"Tempe, AZ",US,0.16666666666666666,US8748192,33.4255117,-111.940016
6w50i4ii3q1m623i6i2z43365rh11551o222k,"Pasadena, CA",US,0.6666666666666666,US8367815,34.1476507,-118.144155
6w50i4ii3q1m623i6i2z43365rh11551o222k,"San Gabriel, CA",US,0.3333333333333333,US8367815,34.0990995,-118.1085554
z54422l1s5rl5or5v1c1y582r4k633h1x1z5e,Zurich,CH,0.6,US8546145,47.3744489,8.5410422
z54422l1s5rl5or5v1c1y582r4k633h1x1z5e,Winterthur,CH,0.2,US8546145,47.4991723,8.7291498
z54422l1s5rl5or5v1c1y582r4k633h1x1z5e,Frauenfeld,CH,0.2,US8546145,47.5561915,8.8963347
254k5d1h4v5h6tu2q5t294z106um4r2o6232v,"Buellton, CA",US,0.5,US9061079,34.6134727,-120.193669
254k5d1h4v5h6tu2q5t294z106um4r2o6232v,"Santa Barbara, CA",US,0.5,US9061079,34.4221319,-119.702667
r611w2h5l4jv3f3l603w2m3w361t1t5l4x1yo,Ansan,KR,0.5,US8815263,37.3217152,126.8308604
r611w2h5l4jv3f3l603w2m3w361t1t5l4x1yo,"Madison, WI",US,0.5,US8815263,43.07469,-89.3841663
3f45e1d1226o2m423l4j4m1q4o3u6z694h205l,"Sapporo-shi, Hokkaido",JP,0.16666666666666666,US8981044,43.061936,141.3542924
3f45e1d1226o2m423l4j4m1q4o3u6z694h205l,Hokkaido,JP,0.6666666666666666,US8981044,43.4519831,142.8197834
3f45e1d1226o2m423l4j4m1q4o3u6z694h205l,Kyoto,JP,0.16666666666666666,US8981044,35.0115754,135.7681441
1z5iv1o1z3p6w3s726u3852a723k4t492a2j3t,"Charlestown, MA",US,0.16666666666666666,US9234227,42.3778749,-71.0619957
1z5iv1o1z3p6w3s726u3852a723k4t492a2j3t,"Natick, MA",US,0.16666666666666666,US9234227,42.2836393,-71.346996
1z5iv1o1z3p6w3s726u3852a723k4t492a2j3t,"Malden, MA",US,0.16666666666666666,US9234227,42.4268484,-71.0683741
1z5iv1o1z3p6w3s726u3852a723k4t492a2j3t,"Somerville, MA",US,0.16666666666666666,US9234227,42.3875968,-71.0994968
1z5iv1o1z3p6w3s726u3852a723k4t492a2j3t,"Arlington, MA",US,0.3333333333333333,US9234227,42.4153739,-71.1564428
2vi5v2474l131uh3q3j345e4x4g3k6j1h3h3f,"Rochelle, NY",US,0.3333333333333333,US9540412,40.9115386,-73.7826363
2vi5v2474l131uh3q3j345e4x4g3k6j1h3h3f,"New Rochelle, NY",US,0.3333333333333333,US9540412,40.9115386,-73.7826363
2vi5v2474l131uh3q3j345e4x4g3k6j1h3h3f,"Bronx, NY",US,0.3333333333333333,US9540412,40.8466508,-73.8785937
e4f632x696i2a71h4k2g1k503k254k3r3k1r2x,Daejeon,KR,1.0,US8895276,36.3497007,127.3849016
6fu4i4r2y1p231c11y731u5s312q4i3k5n2d5m,"Baltimore, MD",US,0.6666666666666666,US9057057,39.2908816,-76.610759
6fu4i4r2y1p231c11y731u5s312q4i3k5n2d5m,"Pondicherry, IN",US,0.3333333333333333,US9057057,11.9096506,79.8057346
36t5t48274t3n2l2b6y1s5m2z412r1q315x363t,"San Jose, CA",US,1.0,US8889851,37.3361663,-121.890591
j4gy1s3i5i5c3rz6o22d222x443g2a21t25,"Midland, MI",US,0.6666666666666666,US8986760,43.6155825,-84.2472117
j4gy1s3i5i5c3rz6o22d222x443g2a21t25,"Westfield, IN",US,0.16666666666666666,US8986760,40.0428151,-86.1274888
j4gy1s3i5i5c3rz6o22d222x443g2a21t25,"Grand Blanc, MI",US,0.16666666666666666,US8986760,42.9275277,-83.6299518
322q4du6ks2h3x3e6i1f6m163h6b2x1w2s1l3a,"Winchester, MA",US,0.3333333333333333,US8951776,42.4523178,-71.1369982
322q4du6ks2h3x3e6i1f6m163h6b2x1w2s1l3a,"Seatac, WA",US,0.3333333333333333,US8951776,47.4449086,-122.283084
322q4du6ks2h3x3e6i1f6m163h6b2x1w2s1l3a,"Cambridge, MA",US,0.3333333333333333,US8951776,42.3656347,-71.1040018
a391m5gi6o1d4l5b3h6k1d1u9551r1m2b2p18,Cambridge,GB,0.6666666666666666,US9228179,52.1975846,0.1391537
a391m5gi6o1d4l5b3h6k1d1u9551r1m2b2p18,London,GB,0.3333333333333333,US9228179,51.5074456,-0.1277653
2f6p5e6z1x5h5s2y6c4t5v43m2r5m5h54ou3k,Cambridge,GB,0.2,US7968287,52.1975846,0.1391537
2f6p5e6z1x5h5s2y6c4t5v43m2r5m5h54ou3k,Bolton,,0.2,US7968287,53.5782863,-2.4300367
2f6p5e6z1x5h5s2y6c4t5v43m2r5m5h54ou3k,Guilford,,0.2,US7968287,36.0875688,-79.7888515
2f6p5e6z1x5h5s2y6c4t5v43m2r5m5h54ou3k,Boston,,0.2,US7968287,42.3588336,-71.0578303
2f6p5e6z1x5h5s2y6c4t5v43m2r5m5h54ou3k,Paris,FR,0.2,US7968287,48.8534951,2.3483915
3g13486h173pd2s1q395q5j2p3s58333c5o28,"Durham, NC",US,1.0,US9482664,35.996653,-78.9018053
1a692n5t6z3w15v221k10284q295r3es6f5c4c,"Washington, DC",US,0.6666666666666666,US8926989,38.8950982,-77.0363849
1a692n5t6z3w15v221k10284q295r3es6f5c4c,"Potomac, MD",US,0.3333333333333333,US8926989,39.0180508,-77.1956331
3pk2my1518333j273261g1r4j2oz555s2s5u,"Concord, MA",US,0.5,US8986380,42.4605189,-71.3488963
3pk2my1518333j273261g1r4j2oz555s2s5u,Kolkata,IN,0.5,US8986380,22.5726459,88.3638953
136w1u376q5e61557069286i3ipw133n46c2c,Okinawa,JP,0.3333333333333333,US9137122,26.5707754,128.0255901
136w1u376q5e61557069286i3ipw133n46c2c,Tokyo,JP,0.6666666666666666,US9137122,35.6768601,139.7638947
262he4b541r5614306t6g2e33p367703t3a,Basel,CH,0.25,US9458509,47.5581077,7.5878261
262he4b541r5614306t6g2e33p367703t3a,"Newton, MA",US,0.25,US9458509,42.3300435,-71.194862
262he4b541r5614306t6g2e33p367703t3a,"Arlington, MA",US,0.25,US9458509,42.4153739,-71.1564428
262he4b541r5614306t6g2e33p367703t3a,"Malden, MA",US,0.25,US9458509,42.4268484,-71.0683741
6t5y4f4hf623y4i5l1y2a5c14b6p4e1d5k1ce,"Carlsbad, CA",US,0.3333333333333333,US9771576,33.1580933,-117.3505966
6t5y4f4hf623y4i5l1y2a5c14b6p4e1d5k1ce,"Rancho Sante Fe, CA",US,0.3333333333333333,US9771576,,
6t5y4f4hf623y4i5l1y2a5c14b6p4e1d5k1ce,"San Diego, CA",US,0.3333333333333333,US9771576,32.7174202,-117.162772
2h5l7305x4zki692v4o2j395z4q6d2612t2u,Seoul,KR,0.3333333333333333,US9505779,37.5666791,126.9782914
2h5l7305x4zki692v4o2j395z4q6d2612t2u,Daejeon,KR,0.3333333333333333,US9505779,36.3497007,127.3849016
2h5l7305x4zki692v4o2j395z4q6d2612t2u,Daegu,KR,0.3333333333333333,US9505779,35.8713,128.6018
633o2q4y6c3v3r512t1v3d5t1f2j52h113f3t5q,Montpellier Cedex 5,FR,0.5,US9689012,,
633o2q4y6c3v3r512t1v3d5t1f2j52h113f3t5q,"Ithaca, NY",US,0.5,US9689012,42.4374175,-76.5483724
3qw2ub4w4e5h36t32j6k3d1k2i6q135m91j,"Newton, MA",US,0.6666666666666666,US9187777,42.3300435,-71.194862
3qw2ub4w4e5h36t32j6k3d1k2i6q135m91j,"Cambridge, MA",US,0.3333333333333333,US9187777,42.3656347,-71.1040018
6i1s643y5d1c1t2op4r2h1b5g474p3v6p1g106a,"Baltimore, MD",US,1.0,US9347057,39.2908816,-76.610759
3l3h3u6f1n6d5o5w5j1b644m1k581n652a65366j,"Lakewood, CO",US,0.3333333333333333,US8993276,39.7085736,-105.0846694
3l3h3u6f1n6d5o5w5j1b644m1k581n652a65366j,"Golden, CO",US,0.3333333333333333,US8993276,39.7546349,-105.22058
3l3h3u6f1n6d5o5w5j1b644m1k581n652a65366j,"Littleton, CO",US,0.3333333333333333,US8993276,39.613321,-105.016649
3k2r5o1p1q101j4sz2a505z1g6oh3exm1e5,"Indianapolis, IN",US,0.16666666666666666,US9157102,39.7683331,-86.1583502
3k2r5o1p1q101j4sz2a505z1g6oh3exm1e5,Tianjin,CN,0.16666666666666666,US9157102,39.3032619,117.4163641
3k2r5o1p1q101j4sz2a505z1g6oh3exm1e5,"Gainesville, FL",US,0.6666666666666666,US9157102,29.6519684,-82.3249846
6f5e4n2p62j2d501544j544se3d2p2q3z5j,"Cambridge, MA",US,0.5,US9688994,42.3656347,-71.1040018
6f5e4n2p62j2d501544j544se3d2p2q3z5j,"Roslindale, MA",US,0.25,US9688994,42.2912093,-71.1244966
6f5e4n2p62j2d501544j544se3d2p2q3z5j,"Brookline, MA",US,0.25,US9688994,42.332918,-71.1187829
4bb4z6a4t1c3h2h2fb46d5n4da3g1w5d5v,"Los Altos, CA",US,0.5,US8975042,37.3790629,-122.116578
4bb4z6a4t1c3h2h2fb46d5n4da3g1w5d5v,"Hamden, CT",US,0.5,US8975042,41.3836233,-72.9020069
6w654n176c6q6c2cml646p6y2d12o4v1h43n,"San Diego, CA",US,0.75,US9206435,32.7174202,-117.162772
6w654n176c6q6c2cml646p6y2d12o4v1h43n,"La Jolla, CA",US,0.25,US9206435,32.8458529,-117.2575702
p2s3x5t124l1s34h1m1m5j4d5x2w725s5c683s,"Chandler, AZ",US,0.2,US9347077,33.3062031,-111.841185
p2s3x5t124l1s34h1m1m5j4d5x2w725s5c683s,"Indianapolis, IN",US,0.2,US9347077,39.7683331,-86.1583502
p2s3x5t124l1s34h1m1m5j4d5x2w725s5c683s,"Gainesville, FL",US,0.6,US9347077,29.6519684,-82.3249846
3us395d5151513q4a2y4e1v2i2j49373k6bd3m,"Wilmette, IL",US,0.3333333333333333,US9732392,42.076066,-87.7115555
3us395d5151513q4a2y4e1v2i2j49373k6bd3m,"Evanston, IL",US,0.6666666666666666,US9732392,42.0693991,-87.682932
3f62c3s1x3t3k642s2r2s1u5t6qip421l1s4j,"Gainesville, FL",US,1.0,US6849434,29.6519684,-82.3249846
5h1r47n2u4a593e566z1w9f3a2w113au3x2w,"Stanford, CA",US,1.0,US7135312,37.4265407,-122.1703055
6z5h6g62602z6x4c735hxh4w4a3j4h3qk4y14,"Cambridge, MA",US,0.14285714285714285,US7067306,42.3656347,-71.1040018
6z5h6g62602z6x4c735hxh4w4a3j4h3qk4y14,"Sacramento, CA",US,0.14285714285714285,US7067306,38.5810606,-121.493895
6z5h6g62602z6x4c735hxh4w4a3j4h3qk4y14,"Newton, MA",US,0.14285714285714285,US7067306,42.3300435,-71.194862
6z5h6g62602z6x4c735hxh4w4a3j4h3qk4y14,"Boston, MA",US,0.14285714285714285,US7067306,42.3588336,-71.0578303
6z5h6g62602z6x4c735hxh4w4a3j4h3qk4y14,"Albuquerque, NM",US,0.14285714285714285,US7067306,35.0841034,-106.650985
6z5h6g62602z6x4c735hxh4w4a3j4h3qk4y14,"Belmont, MA",US,0.14285714285714285,US7067306,42.3959296,-71.1786655
6z5h6g62602z6x4c735hxh4w4a3j4h3qk4y14,"Winchester, MA",US,0.14285714285714285,US7067306,42.4523178,-71.1369982
2f4p4y1o2p6271c6g1p571h5wz715e1x6a6g1,North Chelmsford,,0.25,US7892221,42.6389798,-71.3828403
2f4p4y1o2p6271c6g1p571h5wz715e1x6a6g1,Winchester,,0.25,US7892221,51.0612766,-1.3131692
2f4p4y1o2p6271c6g1p571h5wz715e1x6a6g1,Newton,,0.25,US7892221,30.8118989,-93.740504
2f4p4y1o2p6271c6g1p571h5wz715e1x6a6g1,Sinzing,DE,0.25,US7892221,48.9906938,12.037761
496x166o3p34393q3c382h1yv18716p2452i,Cambridge,GB,0.6666666666666666,US7122646,52.1975846,0.1391537
496x166o3p34393q3c382h1yv18716p2452i,Hasselt,BE,0.1111111111111111,US7122646,50.9303735,5.3378043
496x166o3p34393q3c382h1yv18716p2452i,Uppsala,SE,0.1111111111111111,US7122646,59.8586126,17.6387436
496x166o3p34393q3c382h1yv18716p2452i,"Kensington, CA",US,0.1111111111111111,US7122646,37.908433,-122.2765838
674s6w4u3v1n5f2oy3d536mh4dh6yn4r1540,"Menlo Park, CA",US,0.5,US6946296,37.4519671,-122.177992
674s6w4u3v1n5f2oy3d536mh4dh6yn4r1540,"Los Gatos, CA",US,0.5,US6946296,37.226611,-121.9746797
734u354431s91u2g295b3s3h1w2s622m5o2s68,Boston,,0.14285714285714285,US6436443,42.3588336,-71.0578303
734u354431s91u2g295b3s3h1w2s622m5o2s68,Somerville,,0.14285714285714285,US6436443,42.3875968,-71.0994968
734u354431s91u2g295b3s3h1w2s622m5o2s68,Cambridge,,0.14285714285714285,US6436443,52.1975846,0.1391537
734u354431s91u2g295b3s3h1w2s622m5o2s68,Haifa,IL,0.14285714285714285,US6436443,32.8191218,34.9983856
734u354431s91u2g295b3s3h1w2s622m5o2s68,Baltimore,,0.14285714285714285,US6436443,39.2908816,-76.610759
734u354431s91u2g295b3s3h1w2s622m5o2s68,Newton,,0.14285714285714285,US6436443,30.8118989,-93.740504
734u354431s91u2g295b3s3h1w2s622m5o2s68,State College,,0.14285714285714285,US6436443,40.7944504,-77.8616386
2h2b3x1be2f1y1n682c486i2e92t51t1n2c,"Belmont, MA",US,0.2,US7098028,42.3959296,-71.1786655
2h2b3x1be2f1y1n682c486i2e92t51t1n2c,"Lexington, MA",US,0.4,US7098028,42.4473175,-71.2245003
2h2b3x1be2f1y1n682c486i2e92t51t1n2c,"Cambridge, MA",US,0.2,US7098028,42.3656347,-71.1040018
2h2b3x1be2f1y1n682c486i2e92t51t1n2c,"Norton, MA",US,0.2,US7098028,41.9670616,-71.1875071
1z4e3p4a6r1a6r1f4j172o3x1r5k16543p6v6v2l,"Boston, MA",US,0.6666666666666666,US7033768,42.3588336,-71.0578303
1z4e3p4a6r1a6r1f4j172o3x1r5k16543p6v6v2l,"Baltimore, MD",US,0.3333333333333333,US7033768,39.2908816,-76.610759
y623d6n3d3m2i4yu2l3c3z6b2h1k3a6o4w2a34,Sugar Hill,,0.3333333333333333,US6918874,34.1064895,-84.0335197
y623d6n3d3m2i4yu2l3c3z6b2h1k3a6o4w2a34,Atlanta,,0.6666666666666666,US6918874,33.7544657,-84.3898151
5a59664bfa256m6m4w41q465h6k4r1f4v4b2z,"Lexington, MA",US,0.16666666666666666,US7914579,42.4473175,-71.2245003
5a59664bfa256m6m4w41q465h6k4r1f4v4b2z,"Shrewsbury, MA",US,0.16666666666666666,US7914579,42.2960187,-71.71351
5a59664bfa256m6m4w41q465h6k4r1f4v4b2z,"Newton, MA",US,0.16666666666666666,US7914579,42.3300435,-71.194862
5a59664bfa256m6m4w41q465h6k4r1f4v4b2z,"Winchester, MA",US,0.16666666666666666,US7914579,42.4523178,-71.1369982
5a59664bfa256m6m4w41q465h6k4r1f4v4b2z,"Brookline, MA",US,0.3333333333333333,US7914579,42.332918,-71.1187829
5a184q2z5m2w6q2m496g5x412a1k2y6u651e425f,Greenwich,,1.0,US6613405,51.4820845,-0.0045417
6m413x1jq5btu6uy3f94a693l6g6z54273k,"Newton, MA",US,0.09090909090909091,US7875197,42.3300435,-71.194862
6m413x1jq5btu6uy3f94a693l6g6z54273k,"Seattle, WA",US,0.09090909090909091,US7875197,47.6038321,-122.330062
6m413x1jq5btu6uy3f94a693l6g6z54273k,"Boyds, MD",US,0.09090909090909091,US7875197,39.1840886,-77.3122325
6m413x1jq5btu6uy3f94a693l6g6z54273k,"Jamaica Plain, MA",US,0.09090909090909091,US7875197,42.3116046,-71.1143838
6m413x1jq5btu6uy3f94a693l6g6z54273k,"Boston, MA",US,0.09090909090909091,US7875197,42.3588336,-71.0578303
6m413x1jq5btu6uy3f94a693l6g6z54273k,"Belmont, MA",US,0.09090909090909091,US7875197,42.3959296,-71.1786655
6m413x1jq5btu6uy3f94a693l6g6z54273k,"Hinsdale, IL",US,0.09090909090909091,US7875197,41.8024604,-87.9299841
6m413x1jq5btu6uy3f94a693l6g6z54273k,"San Jose, CA",US,0.09090909090909091,US7875197,37.3361663,-121.890591
6m413x1jq5btu6uy3f94a693l6g6z54273k,"Cary, NC",US,0.09090909090909091,US7875197,35.7882893,-78.7812081
6m413x1jq5btu6uy3f94a693l6g6z54273k,"Rockville, MD",US,0.09090909090909091,US7875197,39.0817985,-77.1516844
6m413x1jq5btu6uy3f94a693l6g6z54273k,"Arlington, MA",US,0.09090909090909091,US7875197,42.4153739,-71.1564428
58294e6s1c18u2t3x31536h1u5b13435th6a18,"Cary, NC",US,0.2,US6936454,35.7882893,-78.7812081
58294e6s1c18u2t3x31536h1u5b13435th6a18,"Raleigh, NC",US,0.6,US6936454,35.7803977,-78.6390989
58294e6s1c18u2t3x31536h1u5b13435th6a18,"Princeton Junction, NJ",US,0.2,US6936454,40.3159898,-74.6241189
3s174a442c32101rb7034j53296m6k2x5vu2h,"Lexington, MA",US,1.0,US6740737,42.4473175,-71.2245003
2r3z383e6a4x4k5dn2v2f2u5j6o13a4c312tl,Brookline,,0.3333333333333333,US6548002,42.332918,-71.1187829
2r3z383e6a4x4k5dn2v2f2u5j6o13a4c312tl,Princeton,,0.16666666666666666,US6548002,40.3496953,-74.6597376
2r3z383e6a4x4k5dn2v2f2u5j6o13a4c312tl,Newton,,0.3333333333333333,US6548002,30.8118989,-93.740504
2r3z383e6a4x4k5dn2v2f2u5j6o13a4c312tl,Belmont,,0.16666666666666666,US6548002,48.4095949,7.234863
2u3sb322zn4eh1z211m1h25u3w3s122g6b6b,San Diego,,0.4,US6720177,32.7174202,-117.162772
2u3sb322zn4eh1z211m1h25u3w3s122g6b6b,LaJolla,,0.4,US6720177,32.8686951,-117.2305541
2u3sb322zn4eh1z211m1h25u3w3s122g6b6b,Del Mar,,0.2,US6720177,32.9594891,-117.2653146
1r2s1f5iz3g5u6t162f1a6x1y2y173a5k1mzm,"Boston, MA",US,0.5,US7270950,42.3588336,-71.0578303
1r2s1f5iz3g5u6t162f1a6x1y2y173a5k1mzm,"South Pasadena, CA",US,0.5,US7270950,34.1133062,-118.1478291
6bw2z303p5r4e4u5u6169161h344w3s234q4z2x,"San Francisco, CA",US,0.3333333333333333,US7049100,37.7879363,-122.4075201
6bw2z303p5r4e4u5u6169161h344w3s234q4z2x,"Charlottesville, VA",US,0.3333333333333333,US7049100,38.029306,-78.4766781
6bw2z303p5r4e4u5u6169161h344w3s234q4z2x,"Alameda, CA",US,0.3333333333333333,US7049100,37.6090291,-121.899142
1ta4r3x382h5j572f49v634o692e116t171h30,Boulder,,1.0,US6531286,40.0149856,-105.270545
582s3y2a04t1b2au3m4o3p1h1e1e5y471v455e,Glendora,,0.2222222222222222,US7655129,34.1361187,-117.865339
582s3y2a04t1b2au3m4o3p1h1e1e5y471v455e,Central,,0.1111111111111111,US7655129,14.6446934,121.0504257
582s3y2a04t1b2au3m4o3p1h1e1e5y471v455e,La Canada,,0.1111111111111111,US7655129,29.5416667,-110.1263333
582s3y2a04t1b2au3m4o3p1h1e1e5y471v455e,Willmette,,0.1111111111111111,US7655129,-37.748818,145.3453689
582s3y2a04t1b2au3m4o3p1h1e1e5y471v455e,Pasadena,,0.2222222222222222,US7655129,34.1476507,-118.144155
582s3y2a04t1b2au3m4o3p1h1e1e5y471v455e,Manhattan Beach,,0.1111111111111111,US7655129,33.8872777,-118.4104324
582s3y2a04t1b2au3m4o3p1h1e1e5y471v455e,Altadena,,0.1111111111111111,US7655129,34.1928193,-118.1374663
70712p4b5o6b6jv3b383y4z1r5k3j2p5r4h148,Santa Cruz,,0.6666666666666666,US6746594,28.467178,-16.2507843
70712p4b5o6b6jv3b383y4z1r5k3j2p5r4h148,Lexington,,0.3333333333333333,US6746594,38.0464066,-84.4970393
5g5s5q5e3c432n602o3aa574z6g1w373a5c2z12,Cambridge,GB,0.75,US6437151,52.1975846,0.1391537
5g5s5q5e3c432n602o3aa574z6g1w373a5c2z12,Broadstairs,GB,0.25,US6437151,51.3586758,1.4407855
16715v396q572g2f2y1m3g54j4m55246fk4k,Durham,,1.0,US6521446,54.666667,-1.75
1n47612vt654x254p5s5v24273s6p4rh1k2r1j,"Alameda, CA",US,0.5,US6489314,37.6090291,-121.899142
1n47612vt654x254p5s5v24273s6p4rh1k2r1j,"Moraga, CA",US,0.5,US6489314,37.834897,-122.12883
6t1v2m5e4f29225h38706v63666a63194h1e4b17,San Diego,,1.0,US6320041,32.7174202,-117.162772
54315e2f6d5i3f4x1b3y47j5g1q2q5nj412a40,Towson,,0.14285714285714285,US6600010,39.3964591,-76.6148148
54315e2f6d5i3f4x1b3y47j5g1q2q5nj412a40,Ellicott City,,0.14285714285714285,US6600010,39.2757359,-76.8317417
54315e2f6d5i3f4x1b3y47j5g1q2q5nj412a40,Baltimore,,0.2857142857142857,US6600010,39.2908816,-76.610759
54315e2f6d5i3f4x1b3y47j5g1q2q5nj412a40,Shaker Heights,,0.14285714285714285,US6600010,41.4739419,-81.5370671
54315e2f6d5i3f4x1b3y47j5g1q2q5nj412a40,Kingsville,,0.14285714285714285,US6600010,27.5158689,-97.856109
54315e2f6d5i3f4x1b3y47j5g1q2q5nj412a40,Chelsea,,0.14285714285714285,US6600010,51.4888554,-0.1653781
4j221414x706t6jq1s50611o155e4lb2e4q36,"Solana Beach, CA",US,0.25,US6589766,32.9919141,-117.2678124
4j221414x706t6jq1s50611o155e4lb2e4q36,"La Jolla, CA",US,0.25,US6589766,32.8458529,-117.2575702
4j221414x706t6jq1s50611o155e4lb2e4q36,"San Diego, CA",US,0.5,US6589766,32.7174202,-117.162772
p1b5c2f5yl3h6k943664m2y1x41c4n51021,"Cambridge, MA",US,0.6666666666666666,US6664027,42.3656347,-71.1040018
p1b5c2f5yl3h6k943664m2y1x41c4n51021,"Newton, MA",US,0.3333333333333333,US6664027,42.3300435,-71.194862
3f2o4d5t5i5b5n4g5l674w2n67512o382rn1j3h,"Boston, MA",US,0.2222222222222222,US6752942,42.3588336,-71.0578303
3f2o4d5t5i5b5n4g5l674w2n67512o382rn1j3h,"Seattle, WA",US,0.1111111111111111,US6752942,47.6038321,-122.330062
3f2o4d5t5i5b5n4g5l674w2n67512o382rn1j3h,"Chicago, IL",US,0.1111111111111111,US6752942,41.8755616,-87.6244212
3f2o4d5t5i5b5n4g5l674w2n67512o382rn1j3h,"Shaker Heights, OH",US,0.1111111111111111,US6752942,41.4739419,-81.5370671
3f2o4d5t5i5b5n4g5l674w2n67512o382rn1j3h,"Newton, MA",US,0.2222222222222222,US6752942,42.3300435,-71.194862
3f2o4d5t5i5b5n4g5l674w2n67512o382rn1j3h,"Cambridge, MA",US,0.1111111111111111,US6752942,42.3656347,-71.1040018
3f2o4d5t5i5b5n4g5l674w2n67512o382rn1j3h,Paris,FR,0.1111111111111111,US6752942,48.8534951,2.3483915
3q1b4i574b11593o686j1s5c5w804u603y2o10,"Gaithersburg, MD",US,0.4,US6846651,39.1399187,-77.1929215
3q1b4i574b11593o686j1s5c5w804u603y2o10,"Rockville, MD",US,0.2,US6846651,39.0817985,-77.1516844
3q1b4i574b11593o686j1s5c5w804u603y2o10,"Reisterstown, MD",US,0.2,US6846651,39.4695489,-76.8294213
3q1b4i574b11593o686j1s5c5w804u603y2o10,"Queenstown, MD",US,0.2,US6846651,38.9906679,-76.1577268
2b1w5e495m561a1j6i6u4n31143o1g5g1y2i535w,Sumida-ku,JP,1.0,US7249061,35.7104196,139.8017421
12so316u1l6o4l05k6nt6ca711j656r5k0,"Madison, WI",US,1.0,US8030477,43.07469,-89.3841663
2z2l654y6d574n5p5dbqw1l552q4h2866593j,Waldsee,DE,0.16666666666666666,US6878536,49.3953008,8.440276
2z2l654y6d574n5p5dbqw1l552q4h2866593j,Neuhofen,DE,0.16666666666666666,US6878536,49.4217425,8.423744
2z2l654y6d574n5p5dbqw1l552q4h2866593j,Ludwigshafen,DE,0.16666666666666666,US6878536,49.4704113,8.4381568
2z2l654y6d574n5p5dbqw1l552q4h2866593j,Salamanca,ES,0.3333333333333333,US6878536,40.9651572,-5.6640182
2z2l654y6d574n5p5dbqw1l552q4h2866593j,Salamanco,ES,0.16666666666666666,US6878536,38.5497249,-6.5686571
1w1451o19184a204p2k34i165b296k6v1l1p4r,"College Station, TX",US,0.6666666666666666,US6927070,30.6183939,-96.3455991
1w1451o19184a204p2k34i165b296k6v1l1p4r,"Bryan, TX",US,0.3333333333333333,US6927070,30.6743643,-96.3699632
6i6y3f234x1x3qa712d5c53v525n2s2e6s594b,Madison,,0.6666666666666666,US6428939,43.07469,-89.3841663
6i6y3f234x1x3qa712d5c53v525n2s2e6s594b,Cross Plains,,0.3333333333333333,US6428939,43.1116968,-89.6452197
4s3g4g4r642n2s2j18o304v64g5a1j5m6n26t,"Santa Cruz, CA",US,1.0,US6617113,37.050096,-121.99059
1j2h4z5z4y365011s242hmu6b2s5m622z2y6e,"Brookline, MA",US,0.5,US7785790,42.332918,-71.1187829
1j2h4z5z4y365011s242hmu6b2s5m622z2y6e,"Chestnut Hill, MA",US,0.5,US7785790,42.3234553,-71.1639439
24665l6p2b2l1131h3v3284m4c1z4j6a5v3wn,"Santa Cruz, CA",US,1.0,US7060507,37.050096,-121.99059
5at3g83p2v476l2i6a1o3o6q58284n486k3u65,"Ljamsville, MD",US,0.3333333333333333,US6942975,,
5at3g83p2v476l2i6a1o3o6q58284n486k3u65,"Reisterstown, MD",US,0.3333333333333333,US6942975,39.4695489,-76.8294213
5at3g83p2v476l2i6a1o3o6q58284n486k3u65,"Sykesville, MD",US,0.3333333333333333,US6942975,39.365992,-76.9688737
4z606xr3j2g3n5h4c1533575t226z5i4g2d318,"Sudbury, MA",US,0.5,US6876679,42.3834278,-71.4161725
4z606xr3j2g3n5h4c1533575t226z5i4g2d318,"Towson, MD",US,0.5,US6876679,39.3964591,-76.6148148
1g1n2snk1u5g646i6j71662n603p1e4s2r7310,"Minnetonka, MN",US,0.14285714285714285,US7229805,44.9405086,-93.4638936
1g1n2snk1u5g646i6j71662n603p1e4s2r7310,"Minneapolis, MN",US,0.2857142857142857,US7229805,44.9772995,-93.2654692
1g1n2snk1u5g646i6j71662n603p1e4s2r7310,"Dayton, OH",US,0.14285714285714285,US7229805,39.7589478,-84.1916069
1g1n2snk1u5g646i6j71662n603p1e4s2r7310,"Chaska, MN",US,0.14285714285714285,US7229805,44.7894072,-93.6021791
1g1n2snk1u5g646i6j71662n603p1e4s2r7310,"Wayzata, MN",US,0.14285714285714285,US7229805,44.970759,-93.511947
1g1n2snk1u5g646i6j71662n603p1e4s2r7310,Jerusalem,IL,0.14285714285714285,US7229805,31.7788472,35.2257856
552c6ct3u5q393a47w325g5d25m2j522z6r5y,Cambridge,GB,1.0,US7138233,52.1975846,0.1391537
2g504ws2o161o16t632f662sd4x5v58o5z6t,"Belmont, MA",US,0.16666666666666666,US6537256,42.3959296,-71.1786655
2g504ws2o161o16t632f662sd4x5v58o5z6t,"Canaan, NH",US,0.16666666666666666,US6537256,43.6465313,-72.0119915
2g504ws2o161o16t632f662sd4x5v58o5z6t,"Somerville, MA",US,0.16666666666666666,US6537256,42.3875968,-71.0994968
2g504ws2o161o16t632f662sd4x5v58o5z6t,"Winchester, MA",US,0.16666666666666666,US6537256,42.4523178,-71.1369982
2g504ws2o161o16t632f662sd4x5v58o5z6t,"Newton, MA",US,0.16666666666666666,US6537256,42.3300435,-71.194862
2g504ws2o161o16t632f662sd4x5v58o5z6t,"Wellsley Hill, MA",US,0.16666666666666666,US6537256,35.9236124,-84.0272229
53i6z2421133c1k693w1k6y5s23x63o1t6z6e,"Santa Clara, CA",US,0.16666666666666666,US6569867,37.2333253,-121.6846349
53i6z2421133c1k693w1k6y5s23x63o1t6z6e,"San Carlos, CA",US,0.16666666666666666,US6569867,37.504936,-122.261823
53i6z2421133c1k693w1k6y5s23x63o1t6z6e,"Palo Alto, CA",US,0.16666666666666666,US6569867,37.4443293,-122.1598465
53i6z2421133c1k693w1k6y5s23x63o1t6z6e,"Orinda, CA",US,0.16666666666666666,US6569867,37.8771476,-122.1796888
53i6z2421133c1k693w1k6y5s23x63o1t6z6e,"San Francisco, CA",US,0.16666666666666666,US6569867,37.7879363,-122.4075201
53i6z2421133c1k693w1k6y5s23x63o1t6z6e,"Hayward, CA",US,0.16666666666666666,US6569867,37.6688205,-122.080796
1n2a5e6z1i2l2t21r1p436n93t6a2qg4u1z5y,"Eagle, ID",US,1.0,US6708158,43.6954424,-116.3540138
w4r3t4i6u1f1i2p4u16j5h6c374t5v1g58614d,"Pasadena, CA",US,0.3333333333333333,US7166466,34.1476507,-118.144155
w4r3t4i6u1f1i2p4u16j5h6c374t5v1g58614d,Penzberg,DE,0.3333333333333333,US7166466,47.7518502,11.3763014
w4r3t4i6u1f1i2p4u16j5h6c374t5v1g58614d,"South Pasadena, CA",US,0.3333333333333333,US7166466,34.1133062,-118.1478291
1g4r6x5r152s5x2a5r5t273z1h251m1ax124x1b,Belmont,,0.25,US6551838,48.4095949,7.234863
1g4r6x5r152s5x2a5r5t273z1h251m1ax124x1b,Bedford,,0.25,US6551838,40.0271453,-78.5237447
1g4r6x5r152s5x2a5r5t273z1h251m1ax124x1b,Weston,,0.25,US6551838,51.3471927,-2.9778916
1g4r6x5r152s5x2a5r5t273z1h251m1ax124x1b,Newton,,0.25,US6551838,30.8118989,-93.740504
1u7168r75cd1t2o5o1q3x3i1x6w1r612j6w6x,"Princeton, NJ",US,0.3333333333333333,US6559176,40.3496953,-74.6597376
1u7168r75cd1t2o5o1q3x3i1x6w1r612j6w6x,"Escondido, CA",US,0.16666666666666666,US6559176,33.1216751,-117.0814849
1u7168r75cd1t2o5o1q3x3i1x6w1r612j6w6x,"San Francisco, CA",US,0.16666666666666666,US6559176,37.7879363,-122.4075201
1u7168r75cd1t2o5o1q3x3i1x6w1r612j6w6x,"San Diego, CA",US,0.16666666666666666,US6559176,32.7174202,-117.162772
1u7168r75cd1t2o5o1q3x3i1x6w1r612j6w6x,Calgary,CA,0.16666666666666666,US6559176,51.0456064,-114.057541
02j4e286b3j59506j296e435hr1e4bu5n2nl,"Lower Gwynedd, PA",US,0.25,US6569654,40.1878212,-75.2363183
02j4e286b3j59506j296e435hr1e4bu5n2nl,Oberwil,CH,0.25,US6569654,47.5136942,7.5527853
02j4e286b3j59506j296e435hr1e4bu5n2nl,"Newton, MA",US,0.25,US6569654,42.3300435,-71.194862
02j4e286b3j59506j296e435hr1e4bu5n2nl,"Boston, MA",US,0.25,US6569654,42.3588336,-71.0578303
3j4e6m324j4h6p4o6a6k6k57711a10106o3s6v6u,"Durham, NC",US,1.0,US7364859,35.996653,-78.9018053
3p352s5j4x3b4y1j313h504n6y6y1q323m4b6041,"Haw River, NC",US,0.5,US6593111,36.091526,-79.3641862
3p352s5j4x3b4y1j313h504n6y6y1q323m4b6041,"Hillsborough, NC",US,0.5,US6593111,36.075382,-79.0993958
4z2b5x6e5y245vq346m1j5p606j6s166l3j357,Osaka City,JP,0.2,US6596540,34.6937569,135.5014539
4z2b5x6e5y245vq346m1j5p606j6s166l3j357,Toyonaka City,JP,0.2,US6596540,34.7823887,135.4700125
4z2b5x6e5y245vq346m1j5p606j6s166l3j357,Takatsuki City,JP,0.2,US6596540,34.7404135,135.5377295
4z2b5x6e5y245vq346m1j5p606j6s166l3j357,Suita City,JP,0.4,US6596540,34.7479143,135.5179018
1m6qfl4l1l2s553f595ir1d161p4v2ov103f,State College,,1.0,US6597194,40.7944504,-77.8616386
2l6o5bi572v386q4j1d4w361t2r3s1m5c5x731s,Gauting,DE,0.0625,US6613769,48.0667794,11.380285
2l6o5bi572v386q4j1d4w361t2r3s1m5c5x731s,Martinsried,DE,0.0625,US6613769,48.10882,11.4508007
2l6o5bi572v386q4j1d4w361t2r3s1m5c5x731s,Krailling,DE,0.0625,US6613769,48.0992621,11.4050891
2l6o5bi572v386q4j1d4w361t2r3s1m5c5x731s,Neuried,DE,0.0625,US6613769,48.444461,7.8221045
2l6o5bi572v386q4j1d4w361t2r3s1m5c5x731s,Germering,DE,0.0625,US6613769,48.1373576,11.3614338
2l6o5bi572v386q4j1d4w361t2r3s1m5c5x731s,Munchen,DE,0.125,US6613769,48.1371079,11.5753822
2l6o5bi572v386q4j1d4w361t2r3s1m5c5x731s,Konstanz,DE,0.4375,US6613769,47.659216,9.1750718
2l6o5bi572v386q4j1d4w361t2r3s1m5c5x731s,Allensbach,DE,0.0625,US6613769,47.7168668,9.0687005
2l6o5bi572v386q4j1d4w361t2r3s1m5c5x731s,Radolfzell,DE,0.0625,US6613769,47.7372802,8.9702755
33h6o645k6s156l3f373g6m2ud5j605x436n,Kraainem,BE,0.5,US6617161,50.8425698,4.4692034
33h6o645k6s156l3f373g6m2ud5j605x436n,Vienna,AT,0.5,US6617161,48.2083537,16.3725042
2x67102n336n5l1k3k4i2z2x1762e462h2t5n32,Tolland,,0.3333333333333333,US7060486,41.8700166,-72.3677153
2x67102n336n5l1k3k4i2z2x1762e462h2t5n32,Norwood,,0.3333333333333333,US7060486,53.9744583,-1.6765656
2x67102n336n5l1k3k4i2z2x1762e462h2t5n32,Irvine,,0.3333333333333333,US7060486,33.6856969,-117.825981
681y3z5d51671n4c23635a3s5m1i6v2z32502x2z,Erba,IT,0.5,US7579171,45.8162193,9.2202533
681y3z5d51671n4c23635a3s5m1i6v2z32502x2z,Mader,AT,0.5,US7579171,47.3493178,9.6182347
365j4bn6t5o573n5u1s63336s384d5550135r1c,Sunnyvale,,0.3333333333333333,US6630581,37.3688301,-122.036349
365j4bn6t5o573n5u1s63336s384d5550135r1c,Boulder,,0.3333333333333333,US6630581,40.0149856,-105.270545
365j4bn6t5o573n5u1s63336s384d5550135r1c,Bury St. Edmonds,GB,0.3333333333333333,US6630581,,
703p2c5j291k5k4n13604042c5w1o34p635m4y,"Leonia, NJ",US,0.3333333333333333,US6635416,40.8617353,-73.9880495
703p2c5j291k5k4n13604042c5w1o34p635m4y,"New York, NY",US,0.6666666666666666,US6635416,40.7127281,-74.0060152
2m2o3b3k6e47653j685w55w141c1cf3v161w4d,Madison,,1.0,US6649402,43.07469,-89.3841663
352u4y4f234w244q5o6f6o3f482f4qi401w533n,Copenhagen,DK,0.75,US6649814,55.6867243,12.5700724
352u4y4f234w244q5o6f6o3f482f4qi401w533n,Bronshoj,DK,0.25,US6649814,55.704111,12.4985492
1l211l5b3kb1k615f4u391u3c4t185d593g6i6d,"Ann Arbor, MI",US,0.16666666666666666,US6653089,42.2813722,-83.7484616
1l211l5b3kb1k615f4u391u3c4t185d593g6i6d,"Cambridge, MA",US,0.16666666666666666,US6653089,42.3656347,-71.1040018
1l211l5b3kb1k615f4u391u3c4t185d593g6i6d,"Boston, MA",US,0.3333333333333333,US6653089,42.3588336,-71.0578303
1l211l5b3kb1k615f4u391u3c4t185d593g6i6d,Chikusa-ku,JP,0.16666666666666666,US6653089,35.1664588,136.9463779
1l211l5b3kb1k615f4u391u3c4t185d593g6i6d,"Newton, MA",US,0.16666666666666666,US6653089,42.3300435,-71.194862
1s5d2m68195u6f2b1b4o391h39e6f3f341u3o27,"Stanford, CA",US,1.0,US6670193,37.4265407,-122.1703055
q491w2v4j325rg30486j4f2c1g1p1z27226u3s,Werderstrasse,DE,0.3333333333333333,US6673544,53.6353158,11.4228122
q491w2v4j325rg30486j4f2c1g1p1z27226u3s,Heidenberg,DE,0.3333333333333333,US6673544,49.2873663,10.9974405
q491w2v4j325rg30486j4f2c1g1p1z27226u3s,Wiesloch,DE,0.3333333333333333,US6673544,49.2942599,8.698707
1f4y126c4w4f4t1l4a1c6p4m72b3373e6x5x53,"Madison, WI",US,0.8571428571428571,US8772450,43.07469,-89.3841663
1f4y126c4w4f4t1l4a1c6p4m72b3373e6x5x53,"Evanston, IL",US,0.14285714285714285,US8772450,42.0693991,-87.682932
6p5k5r5y4s123l3n2b1x5m51145n2b3x5352aj,Madison,,1.0,US6689858,43.07469,-89.3841663
5s2c3a2l4u6ok5kb5t48nr39181lbm182y,"Philadelphia, PA",US,1.0,US6701168,39.9527237,-75.1635262
2p1r4a4e6d1c432a3u5c5p6z4c202e65547vt,"Austin, TX",US,0.6666666666666666,US6706481,30.2711286,-97.7436995
2p1r4a4e6d1c432a3u5c5p6z4c202e65547vt,"Alexandria, VA",US,0.3333333333333333,US6706481,38.8051095,-77.0470229
2b633o35302c2n1k6r2253a4i2m135y4z6so40,"Madison, WI",US,1.0,US6710186,43.07469,-89.3841663
3wr3y1m61u3t515n5o656l6r62336cr425v4n,"Houston, TX",US,0.3333333333333333,US6716409,29.7589382,-95.3676974
3wr3y1m61u3t515n5o656l6r62336cr425v4n,"Cambridge, MA",US,0.3333333333333333,US6716409,42.3656347,-71.1040018
3wr3y1m61u3t515n5o656l6r62336cr425v4n,"Lexington, MA",US,0.3333333333333333,US6716409,42.4473175,-71.2245003
2r5l6y3u4w5a5y371p363o2p2e1gu562t2yy3d,"Boulder, CO",US,1.0,US6730482,40.0149856,-105.270545
6x6a15572l2b356j5s571v2qb40u8495v2w3q,Cambridge,GB,0.5,US6706470,52.1975846,0.1391537
6x6a15572l2b356j5s571v2qb40u8495v2w3q,London,GB,0.5,US6706470,51.5074456,-0.1277653
a3v27424z2h1t5g5iy6q421a2vk3c601q3r4i,"La Jolla, CA",US,1.0,US6734000,32.8458529,-117.2575702
ha2ay404m2815182f35p6mh2u2b1a303b40,"Boulder, CO",US,0.42857142857142855,US7427678,40.0149856,-105.270545
ha2ay404m2815182f35p6mh2u2b1a303b40,Hamburg,DE,0.14285714285714285,US7427678,53.5501721,10.0013165
ha2ay404m2815182f35p6mh2u2b1a303b40,"Longmont, CO",US,0.2857142857142857,US7427678,40.1672117,-105.101928
ha2ay404m2815182f35p6mh2u2b1a303b40,"Ft. Collins, CO",US,0.14285714285714285,US7427678,40.5871782,-105.0770113
2q5m4x3im1q4y4d4s2y1w2m1hsf2k14691l5e,"Lexington, MA",US,0.25,US6743408,42.4473175,-71.2245003
2q5m4x3im1q4y4d4s2y1w2m1hsf2k14691l5e,"Houston, TX",US,0.25,US6743408,29.7589382,-95.3676974
2q5m4x3im1q4y4d4s2y1w2m1hsf2k14691l5e,"Cambridge, MA",US,0.25,US6743408,42.3656347,-71.1040018
2q5m4x3im1q4y4d4s2y1w2m1hsf2k14691l5e,"New York, NY",US,0.25,US6743408,40.7127281,-74.0060152
396f2u6yg354y5d3z2r1auiuz3r48y1c1m,"Palo Alto, CA",US,1.0,US6743583,37.4443293,-122.1598465
n1c3pd6i4d7k1ap445e3g5c652g5o39565k,"Rancho Santa Fe, CA",US,0.5,US7018615,33.0242314,-117.1979781
n1c3pd6i4d7k1ap445e3g5c652g5o39565k,"Houston, TX",US,0.5,US7018615,29.7589382,-95.3676974
5k4v4q186u1u1s6r383d3cf5v31r1i6b1g4n2n,"Alameda, CA",US,0.25,US6562795,37.6090291,-121.899142
5k4v4q186u1u1s6r383d3cf5v31r1i6b1g4n2n,"San Francisco, CA",US,0.5,US6562795,37.7879363,-122.4075201
5k4v4q186u1u1s6r383d3cf5v31r1i6b1g4n2n,"Belmont, CA",US,0.25,US6562795,37.5164926,-122.2941914
z24476a68k5c2a6t5x4f5nd375j546t16e1c,New Delhi,IN,0.3333333333333333,US7001748,28.6138954,77.2090057
z24476a68k5c2a6t5x4f5nd375j546t16e1c,"Stanford, CA",US,0.3333333333333333,US7001748,37.4265407,-122.1703055
z24476a68k5c2a6t5x4f5nd375j546t16e1c,"Palo Alto, CA",US,0.3333333333333333,US7001748,37.4443293,-122.1598465
z2m1a6y2a522l03p5j2l206s1m3n6e3s25382z,"Guilford, CT",US,0.3333333333333333,US6780599,41.2827593,-72.6816365
z2m1a6y2a522l03p5j2l206s1m3n6e3s25382z,"Tucson, AZ",US,0.3333333333333333,US6780599,32.2228765,-110.974847
z2m1a6y2a522l03p5j2l206s1m3n6e3s25382z,"New Haven, CT",US,0.3333333333333333,US6780599,41.3082138,-72.9250518
166g261n3e4n2b1r4i6v4u2z5759255l54292v1d,"Plano, TX",US,1.0,US6480405,33.0136764,-96.6925096
1o644l3h114y6w2up571s4l5d6y1v5ep5c2b2v,Belmont,,0.3333333333333333,US7070592,48.4095949,7.234863
1o644l3h114y6w2up571s4l5d6y1v5ep5c2b2v,Winchester,,0.3333333333333333,US7070592,51.0612766,-1.3131692
1o644l3h114y6w2up571s4l5d6y1v5ep5c2b2v,Newton,,0.3333333333333333,US7070592,30.8118989,-93.740504
1e1p2j2u3r5n546n5q3e2j6d181ov1m66424t,Cambridge,GB,0.6666666666666666,US6808882,52.1975846,0.1391537
1e1p2j2u3r5n546n5q3e2j6d181ov1m66424t,Jerusalem,IL,0.3333333333333333,US6808882,31.7788472,35.2257856
u4g3l2g16531x2u4bk5ty3r3w4x6xfjv3c,"Rockville, MD",US,0.4444444444444444,US6812339,39.0817985,-77.1516844
u4g3l2g16531x2u4bk5ty3r3w4x6xfjv3c,"Olney, MD",US,0.1111111111111111,US6812339,39.1469872,-77.0722227
u4g3l2g16531x2u4bk5ty3r3w4x6xfjv3c,"Gaithersburg, MD",US,0.2222222222222222,US6812339,39.1399187,-77.1929215
u4g3l2g16531x2u4bk5ty3r3w4x6xfjv3c,"Columbia, MD",US,0.1111111111111111,US6812339,39.1938429,-76.8646092
u4g3l2g16531x2u4bk5ty3r3w4x6xfjv3c,"Washington, DC",US,0.1111111111111111,US6812339,38.8950982,-77.0363849
4b5d4y2f973f46205j611v1wl6t4dg1x1mx,Hayward,,0.3333333333333333,US7056521,37.6688205,-122.080796
4b5d4y2f973f46205j611v1wl6t4dg1x1mx,Siena,IT,0.6666666666666666,US7056521,43.1672059,11.467561
2f3a454o6b6y3b3e11651583e1833z5h1e6yd,"College Station, TX",US,0.5,US6824659,30.6183939,-96.3455991
2f3a454o6b6y3b3e11651583e1833z5h1e6yd,"Darnestown, MD",US,0.25,US6824659,39.10322,-77.2918103
2f3a454o6b6y3b3e11651583e1833z5h1e6yd,"New York, NY",US,0.25,US6824659,40.7127281,-74.0060152
101x1z6n4k1y2u3t5757405o1f6d5j2x2u1y4q6m,Freiburg,DE,0.3333333333333333,US6824983,47.9960901,7.8494005
101x1z6n4k1y2u3t5757405o1f6d5j2x2u1y4q6m,Oberried,DE,0.16666666666666666,US6824983,47.9330055,7.9498704
101x1z6n4k1y2u3t5757405o1f6d5j2x2u1y4q6m,Jungholtz,FR,0.16666666666666666,US6824983,47.8853556,7.1966841
101x1z6n4k1y2u3t5757405o1f6d5j2x2u1y4q6m,Ludwigshafen,DE,0.16666666666666666,US6824983,49.4704113,8.4381568
101x1z6n4k1y2u3t5757405o1f6d5j2x2u1y4q6m,Limburgerhof,DE,0.16666666666666666,US6824983,49.4226572,8.3933508
45j5yb6862x125j2x3nr3r2f4a692w5ot1k,"Rockville, MD",US,0.4444444444444444,US6825336,39.0817985,-77.1516844
45j5yb6862x125j2x3nr3r2f4a692w5ot1k,"Olney, MD",US,0.1111111111111111,US6825336,39.1469872,-77.0722227
45j5yb6862x125j2x3nr3r2f4a692w5ot1k,"Gaithersburg, MD",US,0.2222222222222222,US6825336,39.1399187,-77.1929215
45j5yb6862x125j2x3nr3r2f4a692w5ot1k,"Columbia, MD",US,0.1111111111111111,US6825336,39.1938429,-76.8646092
45j5yb6862x125j2x3nr3r2f4a692w5ot1k,"Washington, DC",US,0.1111111111111111,US6825336,38.8950982,-77.0363849
2o2h114c2p2x3l6q5oa6q1f3i3d2l1d1w3q34g,Mesa,,0.3333333333333333,US6826321,33.4151005,-111.831455
2o2h114c2p2x3l6q5oa6q1f3i3d2l1d1w3q34g,Scottsdale,,0.6666666666666666,US6826321,33.4942189,-111.926018
5gs5q2p201q4y1646184md63l3t67k5kb1f,Taby,SE,0.5,US6831161,59.4670482,18.0658494
5gs5q2p201q4y1646184md63l3t67k5kb1f,Stockholm,SE,0.5,US6831161,59.3251172,18.0710935
d6o3q1w6w4h4k2k43195o5i231q6nn20162d36,"State College, PA",US,0.5,US6835534,40.7944504,-77.8616386
d6o3q1w6w4h4k2k43195o5i231q6nn20162d36,"Port Matilda, PA",US,0.5,US6835534,40.7996651,-78.0541814
3434n2f5w2a3541103b1en6s6y1c1b3k1k3p3l,Des Moines,,0.6666666666666666,US6737562,41.5868654,-93.6249494
3434n2f5w2a3541103b1en6s6y1c1b3k1k3p3l,Norwalk,,0.3333333333333333,US6737562,41.1175966,-73.4078968
3u3854i32454u4149423946121if6f84s6v1s,San Francisco,,0.25,US6838265,37.7879363,-122.4075201
3u3854i32454u4149423946121if6f84s6v1s,Palo Alto,,0.5,US6838265,37.4443293,-122.1598465
3u3854i32454u4149423946121if6f84s6v1s,Foster City,,0.25,US6838265,37.5600336,-122.2688522
674hp4h2d621b3l434d441e4l6n604v19y45r,"Boston, MA",US,0.3333333333333333,US6841359,42.3588336,-71.0578303
674hp4h2d621b3l434d441e4l6n604v19y45r,"Hayward, CA",US,0.3333333333333333,US6841359,37.6688205,-122.080796
674hp4h2d621b3l434d441e4l6n604v19y45r,"Cambridge, MA",US,0.3333333333333333,US6841359,42.3656347,-71.1040018
62z2n1f504q4v464q3q1m5lo3o3i1r5n6w23x,Krefeld,DE,0.25,US6841360,51.3331205,6.5623343
62z2n1f504q4v464q3q1m5lo3o3i1r5n6w23x,Julich,DE,0.5,US6841360,50.9220931,6.3611015
62z2n1f504q4v464q3q1m5lo3o3i1r5n6w23x,Halle,DE,0.25,US6841360,51.4824354,11.9712985
4w5d1j33g3q2a3f191cw1d1d9523v5c42j4d,"Jamaica Plain, MA",US,0.5,US6737269,42.3116046,-71.1143838
4w5d1j33g3q2a3f191cw1d1d9523v5c42j4d,"Newton Center, MA",US,0.5,US6737269,42.3300309,-71.1948774
6l5z5a5k1ma2a72465d3n3o3s3f4e3p166v6vp,"Chicago, IL",US,0.25,US6843262,41.8755616,-87.6244212
6l5z5a5k1ma2a72465d3n3o3s3f4e3p166v6vp,"Champaign, IL",US,0.25,US6843262,40.1164841,-88.2430932
6l5z5a5k1ma2a72465d3n3o3s3f4e3p166v6vp,"Newton, MA",US,0.25,US6843262,42.3300435,-71.194862
6l5z5a5k1ma2a72465d3n3o3s3f4e3p166v6vp,"Roslyn Heights, NY",US,0.25,US6843262,40.7766105,-73.6339769
1v3fa496b1a1b1r1z68426181z6c1704v3w5p,"Mountain View, CA",US,1.0,US6846454,37.3893889,-122.0832101
5x1m556s5o4j5m6u136y4c35j53q2j342y642t,"Ellicott City, MD",US,0.3333333333333333,US6852709,39.2757359,-76.8317417
5x1m556s5o4j5m6u136y4c35j53q2j342y642t,"Baltimore, MD",US,0.3333333333333333,US6852709,39.2908816,-76.610759
5x1m556s5o4j5m6u136y4c35j53q2j342y642t,Coast Crescent,SG,0.3333333333333333,US6852709,1.2992783,103.7650582
643v3k5i4e5f155s43464q5m4i5l5d5v652u2e3k,"Madison, WI",US,0.8,US6855814,43.07469,-89.3841663
643v3k5i4e5f155s43464q5m4i5l5d5v652u2e3k,"Cross Plains, WI",US,0.2,US6855814,43.1116968,-89.6452197
j6z3n5g1p5u471o1ta3l364q5o3wz1s5e401h,"Sunnyvale, CA",US,0.3333333333333333,US6858186,37.3688301,-122.036349
j6z3n5g1p5u471o1ta3l364q5o3wz1s5e401h,"Mountain View, CA",US,0.3333333333333333,US6858186,37.3893889,-122.0832101
j6z3n5g1p5u471o1ta3l364q5o3wz1s5e401h,"Campbell, CA",US,0.3333333333333333,US6858186,37.2870626,-121.944881
5nd4b225i325n644g96k6a4t3h2642d65272o,"Portland, OR",US,1.0,US6858527,45.5202471,-122.674194
4b602j6e3v1g5a3p5d5o212m3z151v2c6z592e3n,Melle,DE,0.16666666666666666,US6861246,52.1950352,8.3474835
4b602j6e3v1g5a3p5d5o212m3z151v2c6z592e3n,Bielefeld,DE,0.16666666666666666,US6861246,52.0191005,8.531007
4b602j6e3v1g5a3p5d5o212m3z151v2c6z592e3n,Halle,DE,0.16666666666666666,US6861246,51.4824354,11.9712985
4b602j6e3v1g5a3p5d5o212m3z151v2c6z592e3n,Julich,DE,0.3333333333333333,US6861246,50.9220931,6.3611015
4b602j6e3v1g5a3p5d5o212m3z151v2c6z592e3n,Praha,CZ,0.16666666666666666,US6861246,50.0874654,14.4212535
663y2025694pb51375q49286b3h6z2b3w3n7233,"San Francisco, CA",US,0.14285714285714285,US6872715,37.7879363,-122.4075201
663y2025694pb51375q49286b3h6z2b3w3n7233,"Kensington, CA",US,0.14285714285714285,US6872715,37.908433,-122.2765838
663y2025694pb51375q49286b3h6z2b3w3n7233,"Fremont, CA",US,0.2857142857142857,US6872715,37.5482697,-121.988571
663y2025694pb51375q49286b3h6z2b3w3n7233,"San Mateo, CA",US,0.14285714285714285,US6872715,37.496904,-122.3330573
663y2025694pb51375q49286b3h6z2b3w3n7233,"Lafayette, CA",US,0.2857142857142857,US6872715,37.8857582,-122.1180201
2m5c2771731q1k2ek3i3i3z414d4f2t5i216s,Schenctady,,0.6666666666666666,US6881540,,
2m5c2771731q1k2ek3i3i3z414d4f2t5i216s,Troy,,0.3333333333333333,US6881540,42.7284117,-73.6917878
1c3c5w5i4of6p1y2k45q3u2o2h3y1t95t62n,"Rockville, MD",US,0.5,US6884871,39.0817985,-77.1516844
1c3c5w5i4of6p1y2k45q3u2o2h3y1t95t62n,"Bethesda, MD",US,0.25,US6884871,38.9812726,-77.1233587
1c3c5w5i4of6p1y2k45q3u2o2h3y1t95t62n,"University Heights, OH",US,0.25,US6884871,41.497831,-81.537346
1h3t1a56736333244o3m86b6f4k93x4s81tn,Montreal,CA,0.5,US6828099,45.5031824,-73.5698065
1h3t1a56736333244o3m86b6f4k93x4s81tn,Ste-Julie,CA,0.5,US6828099,45.5930624,-73.3395943
5ad1c254b1sn604e1u2o481r2o3c1g3i5m6i3l,"Rockville, MD",US,0.4444444444444444,US6900016,39.0817985,-77.1516844
5ad1c254b1sn604e1u2o481r2o3c1g3i5m6i3l,"Olney, MD",US,0.1111111111111111,US6900016,39.1469872,-77.0722227
5ad1c254b1sn604e1u2o481r2o3c1g3i5m6i3l,"Gaithersburg, MD",US,0.2222222222222222,US6900016,39.1399187,-77.1929215
5ad1c254b1sn604e1u2o481r2o3c1g3i5m6i3l,"Columbia, MD",US,0.1111111111111111,US6900016,39.1938429,-76.8646092
5ad1c254b1sn604e1u2o481r2o3c1g3i5m6i3l,"Washington, DC",US,0.1111111111111111,US6900016,38.8950982,-77.0363849
722s4f2j3a2j2m5y5h2j515s4654x1n1i222g4c,"Sunnyvale, CA",US,0.16666666666666666,US6902922,37.3688301,-122.036349
722s4f2j3a2j2m5y5h2j515s4654x1n1i222g4c,"Fremont, CA",US,0.16666666666666666,US6902922,37.5482697,-121.988571
722s4f2j3a2j2m5y5h2j515s4654x1n1i222g4c,"Santa Clara, CA",US,0.16666666666666666,US6902922,37.2333253,-121.6846349
722s4f2j3a2j2m5y5h2j515s4654x1n1i222g4c,"Davis, CA",US,0.16666666666666666,US6902922,38.5435526,-121.739005
722s4f2j3a2j2m5y5h2j515s4654x1n1i222g4c,Birkeroed,DK,0.16666666666666666,US6902922,55.8403369,12.4287796
722s4f2j3a2j2m5y5h2j515s4654x1n1i222g4c,"Menlo Park, CA",US,0.16666666666666666,US6902922,37.4519671,-122.177992
5k5h5l4u1e1s173816t1k6u3y4u6v1v4m3z2r,"Portland, OR",US,0.5,US6905958,45.5202471,-122.674194
5k5h5l4u1e1s173816t1k6u3y4u6v1v4m3z2r,"Lake Oswego, OR",US,0.5,US6905958,45.4206749,-122.670649
473xe1i282i1l42en436v3h1l4u6131374h5l,"Madison, WI",US,0.5,US6797945,43.07469,-89.3841663
473xe1i282i1l42en436v3h1l4u6131374h5l,"Fitchburg, WI",US,0.25,US6797945,43.0020919,-89.423817
473xe1i282i1l42en436v3h1l4u6131374h5l,"Oakland, CA",US,0.25,US6797945,37.8044557,-122.271356
a213s3d682v345v60523v57562d5i3s4h501w3a,La Jolla,,0.3333333333333333,US6927042,32.8458529,-117.2575702
a213s3d682v345v60523v57562d5i3s4h501w3a,San Diego,,0.6666666666666666,US6927042,32.7174202,-117.162772
672723o3o47423lo5n993jq6m5155416u3o,"Bowie, MD",US,1.0,US6936256,39.0080601,-76.7797899
4j6s3m5t5f4w2r301p54384e1o6z4k4g6e246v1m,"San Francisco, CA",US,0.3333333333333333,US7291486,37.7879363,-122.4075201
4j6s3m5t5f4w2r301p54384e1o6z4k4g6e246v1m,"San Anselmo, CA",US,0.6666666666666666,US7291486,37.9744323,-122.561503
2d6h5a3z146o533j47530c686d4l45425x4s61,"Carlsbad, CA",US,0.25,US6943001,33.1580933,-117.3505966
2d6h5a3z146o533j47530c686d4l45425x4s61,"Del Mar, CA",US,0.125,US6943001,32.9594891,-117.2653146
2d6h5a3z146o533j47530c686d4l45425x4s61,"San Diego, CA",US,0.5,US6943001,32.7174202,-117.162772
2d6h5a3z146o533j47530c686d4l45425x4s61,"Rancho Santa Fe, CA",US,0.125,US6943001,33.0242314,-117.1979781
161f3f6g2q5g39671j205p5r6j5c556a93h1w6j,"Englewood, NJ",US,0.5,US6946456,40.8929329,-73.9726508
161f3f6g2q5g39671j205p5r6j5c556a93h1w6j,Bankok,TH,0.5,US6946456,13.7524938,100.4935089
7126216r182n37574k3h3x246q2u6q1b1o4e3k4m,San Francisco,,0.16666666666666666,US6946482,37.7879363,-122.4075201
7126216r182n37574k3h3x246q2u6q1b1o4e3k4m,Moraga,,0.16666666666666666,US6946482,37.834897,-122.12883
7126216r182n37574k3h3x246q2u6q1b1o4e3k4m,San Carlos,,0.16666666666666666,US6946482,37.504936,-122.261823
7126216r182n37574k3h3x246q2u6q1b1o4e3k4m,Castro Valley,,0.16666666666666666,US6946482,37.713606,-122.0715658
7126216r182n37574k3h3x246q2u6q1b1o4e3k4m,Palo Alto,,0.16666666666666666,US6946482,37.4443293,-122.1598465
7126216r182n37574k3h3x246q2u6q1b1o4e3k4m,Mountain View,,0.16666666666666666,US6946482,37.3893889,-122.0832101
6f281l1n1d414k6k4e3k1z6d3n4k4f3r5b4u6k13,"Newton, MA",US,0.25,US6953656,42.3300435,-71.194862
6f281l1n1d414k6k4e3k1z6d3n4k4f3r5b4u6k13,"Newtonville, MA",US,0.25,US6953656,42.3507339,-71.207021
6f281l1n1d414k6k4e3k1z6d3n4k4f3r5b4u6k13,"Cambridge, MA",US,0.25,US6953656,42.3656347,-71.1040018
6f281l1n1d414k6k4e3k1z6d3n4k4f3r5b4u6k13,"Lexington, MA",US,0.25,US6953656,42.4473175,-71.2245003
1z85yj3h6f1h4j6m5s363i5f3n1x5il3pd5y,Salzkotten,DE,0.1,US6958228,51.6717596,8.6068636
1z85yj3h6f1h4j6m5s363i5f3n1x5il3pd5y,Duesseldorf,DE,0.1,US6958228,51.2254018,6.7763137
1z85yj3h6f1h4j6m5s363i5f3n1x5il3pd5y,Halle,DE,0.1,US6958228,51.4824354,11.9712985
1z85yj3h6f1h4j6m5s363i5f3n1x5il3pd5y,Gelnhausen,DE,0.1,US6958228,50.2024004,9.1873874
1z85yj3h6f1h4j6m5s363i5f3n1x5il3pd5y,Guetersloh,DE,0.1,US6958228,51.9166621,8.4043282
1z85yj3h6f1h4j6m5s363i5f3n1x5il3pd5y,Bielefeld,DE,0.3,US6958228,52.0191005,8.531007
1z85yj3h6f1h4j6m5s363i5f3n1x5il3pd5y,Steinhagen,DE,0.1,US6958228,53.8436425,11.929235
1z85yj3h6f1h4j6m5s363i5f3n1x5il3pd5y,Niddatal,DE,0.1,US6958228,50.2833,8.83333
2g3x38x6x4fyb262bw6o1w04g205l266h1x,"Madison, WI",US,1.0,US6958384,43.07469,-89.3841663
2v2v693l3f6i1d58g1u701k2n133s6j3wg2k4u,"Wilmington, DE",US,0.5,US6660507,39.7459468,-75.546589
2v2v693l3f6i1d58g1u701k2n133s6j3wg2k4u,"Avondale, PA",US,0.125,US6660507,39.823443,-75.783273
2v2v693l3f6i1d58g1u701k2n133s6j3wg2k4u,"Kennett Square, PA",US,0.125,US6660507,39.8467414,-75.7116997
2v2v693l3f6i1d58g1u701k2n133s6j3wg2k4u,"Landenberg, PA",US,0.125,US6660507,39.7773329,-75.7713264
2v2v693l3f6i1d58g1u701k2n133s6j3wg2k4u,Zuerich,CH,0.125,US6660507,47.3744489,8.5410422
2k2w6s62515b3g5g4c503i4o571d6o3n45wq6l,"Arlington, MA",US,0.3333333333333333,US6977138,42.4153739,-71.1564428
2k2w6s62515b3g5g4c503i4o571d6o3n45wq6l,"Newton, MA",US,0.3333333333333333,US6977138,42.3300435,-71.194862
2k2w6s62515b3g5g4c503i4o571d6o3n45wq6l,"Lexington, MA",US,0.3333333333333333,US6977138,42.4473175,-71.2245003
4i5q2a6hw264e6s5iz6m3wm3b442aa35356y,Aiko-gun,JP,0.3333333333333333,US6977160,35.5141877,139.2568561
4i5q2a6hw264e6s5iz6m3wm3b442aa35356y,Yokohama-shi,JP,0.3333333333333333,US6977160,35.4503381,139.6343802
4i5q2a6hw264e6s5iz6m3wm3b442aa35356y,Tokyo,JP,0.3333333333333333,US6977160,35.6768601,139.7638947
4z3n3i5q1e4l4s185c4d2g4l6j6j6r2k3j3r633,"Cambridge, MA",US,0.3333333333333333,US6977223,42.3656347,-71.1040018
4z3n3i5q1e4l4s185c4d2g4l6j6j6r2k3j3r633,"Newton, MA",US,0.3333333333333333,US6977223,42.3300435,-71.194862
4z3n3i5q1e4l4s185c4d2g4l6j6j6r2k3j3r633,"Hamden, CT",US,0.3333333333333333,US6977223,41.3836233,-72.9020069
6k5p3ii1g2l331z5r115o435i1k2z6m5d6c6e1m,"Chapel Hill, NC",US,0.3333333333333333,US6982087,35.9131542,-79.05578
6k5p3ii1g2l331z5r115o435i1k2z6m5d6c6e1m,"Durham, NC",US,0.3333333333333333,US6982087,35.996653,-78.9018053
6k5p3ii1g2l331z5r115o435i1k2z6m5d6c6e1m,"Hillsborough, NC",US,0.3333333333333333,US6982087,36.075382,-79.0993958
6y4l2d341a2zr6n3c1d3gu3ip196y105q1r22,"Jamaica Plain, MA",US,0.3333333333333333,US6989129,42.3116046,-71.1143838
6y4l2d341a2zr6n3c1d3gu3ip196y105q1r22,"Foxboro, MA",US,0.3333333333333333,US6989129,42.0953545,-71.2616265
6y4l2d341a2zr6n3c1d3gu3ip196y105q1r22,"Brighton, MA",US,0.3333333333333333,US6989129,42.3491615,-71.1533859
xf59p5b246dk6h1f6b2c14w1i4q2w1z4e1l,"Menlo Park, CA",US,0.5,US6994986,37.4519671,-122.177992
xf59p5b246dk6h1f6b2c14w1i4q2w1z4e1l,"Palo Alto, CA",US,0.5,US6994986,37.4443293,-122.1598465
65v5s3s45pcm6t3e6f6e5c5q1o451x5d2a1n,"Portland, OR",US,0.3333333333333333,US7007370,45.5202471,-122.674194
65v5s3s45pcm6t3e6f6e5c5q1o451x5d2a1n,"Baltimore, MD",US,0.3333333333333333,US7007370,39.2908816,-76.610759
65v5s3s45pcm6t3e6f6e5c5q1o451x5d2a1n,"Newton, MA",US,0.3333333333333333,US7007370,42.3300435,-71.194862
181su6o5t59k626z5g2b6dr4e2b4g665p542j,"Gainesville, FL",US,1.0,US7026152,29.6519684,-82.3249846
712e362g1b85j735b586k2v6px2h46f1n713k,Pennington,,0.1111111111111111,US7030253,48.0513335,-96.0829271
712e362g1b85j735b586k2v6px2h46f1n713k,Cherry Hill,,0.1111111111111111,US7030253,39.9348351,-75.0307264
712e362g1b85j735b586k2v6px2h46f1n713k,Hillsborough,,0.1111111111111111,US7030253,27.9184543,-82.3488057
712e362g1b85j735b586k2v6px2h46f1n713k,Randolph,,0.1111111111111111,US7030253,38.0472916,-89.8107962
712e362g1b85j735b586k2v6px2h46f1n713k,Princeton,,0.1111111111111111,US7030253,40.3496953,-74.6597376
712e362g1b85j735b586k2v6px2h46f1n713k,Langhorne,,0.1111111111111111,US7030253,40.1761812,-74.9202481
712e362g1b85j735b586k2v6px2h46f1n713k,Fayetteville,,0.1111111111111111,US7030253,36.0625843,-94.1574328
712e362g1b85j735b586k2v6px2h46f1n713k,Liverpool,,0.1111111111111111,US7030253,53.3933411,-2.9166389
712e362g1b85j735b586k2v6px2h46f1n713k,Jamesville,,0.1111111111111111,US7030253,35.8112719,-76.896616
2y6l5v2e73q476l3e46c5v481n113ec105sg,"Hayward, CA",US,0.3333333333333333,US7033818,37.6688205,-122.080796
2y6l5v2e73q476l3e46c5v481n113ec105sg,"Palo Alto, CA",US,0.3333333333333333,US7033818,37.4443293,-122.1598465
2y6l5v2e73q476l3e46c5v481n113ec105sg,"San Francisco, CA",US,0.3333333333333333,US7033818,37.7879363,-122.4075201
3r6o3e2y6e421n4b534s3e4v5t252b5d1a67zm,"South Glastonbury, CT",US,0.041666666666666664,US7034152,41.6665303,-72.6028252
3r6o3e2y6e421n4b534s3e4v5t252b5d1a67zm,"Madison, CT",US,0.041666666666666664,US7034152,41.2794282,-72.5983151
3r6o3e2y6e421n4b534s3e4v5t252b5d1a67zm,"Fords, NJ",US,0.041666666666666664,US7034152,40.5411231,-74.3165244
3r6o3e2y6e421n4b534s3e4v5t252b5d1a67zm,"Manlius, NY",US,0.041666666666666664,US7034152,43.0020107,-75.9768632
3r6o3e2y6e421n4b534s3e4v5t252b5d1a67zm,"Princeton, NJ",US,0.08333333333333333,US7034152,40.3496953,-74.6597376
3r6o3e2y6e421n4b534s3e4v5t252b5d1a67zm,"Yardley, PA",US,0.041666666666666664,US7034152,40.242506,-74.8389704
3r6o3e2y6e421n4b534s3e4v5t252b5d1a67zm,"North Brunswick, NJ",US,0.041666666666666664,US7034152,40.4539249,-74.476545
3r6o3e2y6e421n4b534s3e4v5t252b5d1a67zm,"Kendall Park, NJ",US,0.08333333333333333,US7034152,40.4138861,-74.5659848
3r6o3e2y6e421n4b534s3e4v5t252b5d1a67zm,"West Windsor, NJ",US,0.041666666666666664,US7034152,40.2971798,-74.6206496
3r6o3e2y6e421n4b534s3e4v5t252b5d1a67zm,"Bridgewater, NJ",US,0.041666666666666664,US7034152,40.5598127,-74.5517146
3r6o3e2y6e421n4b534s3e4v5t252b5d1a67zm,"St. Louis, MO",US,0.041666666666666664,US7034152,38.6254063,-90.190009
3r6o3e2y6e421n4b534s3e4v5t252b5d1a67zm,"Robbinsville, NJ",US,0.041666666666666664,US7034152,40.2162828,-74.619833
3r6o3e2y6e421n4b534s3e4v5t252b5d1a67zm,"Bordentown, NJ",US,0.041666666666666664,US7034152,40.1462685,-74.7114508
3r6o3e2y6e421n4b534s3e4v5t252b5d1a67zm,"King of Prussia, PA",US,0.041666666666666664,US7034152,40.0947625,-75.3851334
3r6o3e2y6e421n4b534s3e4v5t252b5d1a67zm,"Fort Lee, NJ",US,0.041666666666666664,US7034152,40.8509333,-73.9701382
3r6o3e2y6e421n4b534s3e4v5t252b5d1a67zm,"Del Mar, CA",US,0.041666666666666664,US7034152,32.9594891,-117.2653146
3r6o3e2y6e421n4b534s3e4v5t252b5d1a67zm,"Redwood City, CA",US,0.041666666666666664,US7034152,37.4863239,-122.232523
3r6o3e2y6e421n4b534s3e4v5t252b5d1a67zm,"Fairfield, NJ",US,0.041666666666666664,US7034152,40.8837238,-74.3068718
3r6o3e2y6e421n4b534s3e4v5t252b5d1a67zm,"Ivanhoe, IL",US,0.041666666666666664,US7034152,41.6330687,-87.630569
3r6o3e2y6e421n4b534s3e4v5t252b5d1a67zm,"Brookfield, CT",US,0.041666666666666664,US7034152,41.4825947,-73.4095652
3r6o3e2y6e421n4b534s3e4v5t252b5d1a67zm,"Jamesville, NY",US,0.041666666666666664,US7034152,42.9920106,-76.0715887
3r6o3e2y6e421n4b534s3e4v5t252b5d1a67zm,"East Syracuse, NY",US,0.041666666666666664,US7034152,43.0653446,-76.0785332
5c351g426n632j24o5ze5a3d2i5o6nk2d5v1m,"West Chester, PA",US,0.4,US7037656,39.9597389,-75.6044609
5c351g426n632j24o5ze5a3d2i5o6nk2d5v1m,Oxford,GB,0.2,US7037656,51.7520131,-1.2578499
5c351g426n632j24o5ze5a3d2i5o6nk2d5v1m,"Riverton, NJ",US,0.2,US7037656,40.0115009,-75.0148931
5c351g426n632j24o5ze5a3d2i5o6nk2d5v1m,"Audubon, PA",US,0.2,US7037656,40.1311744,-75.4227989
2w72392k63f3w5n3e126n3h5l4m3b3z7241zk,"Madison, WI",US,1.0,US7037659,43.07469,-89.3841663
2550385k1w5c281t28375868275z4t4k1m1b2g,"Menlo Park, CA",US,0.5,US6548276,37.4519671,-122.177992
2550385k1w5c281t28375868275z4t4k1m1b2g,"Walnut Creek, CA",US,0.5,US6548276,37.9020731,-122.0618702
3g3538y3k603mww1v6s1n3i2tx3y2e2o5j16,"La Jolla, CA",US,0.5,US7042570,32.8458529,-117.2575702
3g3538y3k603mww1v6s1n3i2tx3y2e2o5j16,"Livermore, CA",US,0.5,US7042570,37.6820583,-121.768053
5n20153w3k2d2j356q611b2s1r4b5p24c724c1o,Seongnam-city,KR,0.2,US7049109,37.4201556,127.1262092
5n20153w3k2d2j356q611b2s1r4b5p24c724c1o,Yongin-city,KR,0.4,US7049109,37.2405741,127.1785572
5n20153w3k2d2j356q611b2s1r4b5p24c724c1o,Icheon-city,KR,0.2,US7049109,37.2808823,127.4429132
5n20153w3k2d2j356q611b2s1r4b5p24c724c1o,Suwon-city,KR,0.2,US7049109,37.2633325,127.0287472
2h2h2eu3i4t5u5b6a5u6m3n76z26422s2b4n2g,"Mountain View, CA",US,1.0,US6838888,37.3893889,-122.0832101
673i2s516j43481x2nq3r94a3575j4d5a3z3c,Golden,,0.6,US7059993,39.7546349,-105.22058
673i2s516j43481x2nq3r94a3575j4d5a3z3c,Littleton,,0.2,US7059993,39.613321,-105.016649
673i2s516j43481x2nq3r94a3575j4d5a3z3c,Berthoud,,0.2,US7059993,47.0571316,7.6237466
1634v2f6k634v5s44u166x6f3654c43586w2w,Osnabrueck,DE,0.2,US7063945,52.2719595,8.047635
1634v2f6k634v5s44u166x6f3654c43586w2w,Hasbergen,DE,0.2,US7063945,52.2414052,7.9625883
1634v2f6k634v5s44u166x6f3654c43586w2w,Iffeldorf,DE,0.2,US7063945,47.7727437,11.3200473
1634v2f6k634v5s44u166x6f3654c43586w2w,Tutzing,DE,0.2,US7063945,47.9086358,11.2798244
1634v2f6k634v5s44u166x6f3654c43586w2w,Weilheim,DE,0.2,US7063945,47.8395072,11.1416355
2d3do2340735h442v2j2t1a4416r4q1q3z1e40,Haren,NL,0.16666666666666666,US6896887,53.1709841,6.6061413
2d3do2340735h442v2j2t1a4416r4q1q3z1e40,Colombo,LK,0.16666666666666666,US6896887,6.9388614,79.8542005
2d3do2340735h442v2j2t1a4416r4q1q3z1e40,Groningen,NL,0.5,US6896887,53.2190652,6.5680077
2d3do2340735h442v2j2t1a4416r4q1q3z1e40,Sappemeer,NL,0.16666666666666666,US6896887,53.1642791,6.7960954
5l1p1hj6j4l1j6y2o3s2b2h6d38z26e3h3na,Quercegrossa,IT,1.0,US7070781,43.3946779,11.3096563
694a6kl1d1v4437341d58v6t5r286e52f356a,"Pasadena, CA",US,1.0,US7070995,34.1476507,-118.144155
5t4b5b4m4ca5w1167421m423p33518w5l3x2f,Madison,,1.0,US7072500,43.07469,-89.3841663
591h48x5s5158703t622o3l5120623x3221126o,Fussgonheim,DE,0.2,US7074966,49.4601777,8.2928057
591h48x5s5158703t622o3l5120623x3221126o,Limburgerhof,DE,0.2,US7074966,49.4226572,8.3933508
591h48x5s5158703t622o3l5120623x3221126o,Northwood,AU,0.2,US7074966,-33.827964,151.1782693
591h48x5s5158703t622o3l5120623x3221126o,Pacific  Palms,AU,0.2,US7074966,-34.3163251,150.9245519
591h48x5s5158703t622o3l5120623x3221126o,Randwick,AU,0.2,US7074966,-33.9458375,151.2431948
1v2ph2p156w453y302x3f443rm3vl20v6z1w,"Mountain View, CA",US,0.2857142857142857,US7078505,37.3893889,-122.0832101
1v2ph2p156w453y302x3f443rm3vl20v6z1w,"Sunnyvale, CA",US,0.14285714285714285,US7078505,37.3688301,-122.036349
1v2ph2p156w453y302x3f443rm3vl20v6z1w,"San Jose, CA",US,0.14285714285714285,US7078505,37.3361663,-121.890591
1v2ph2p156w453y302x3f443rm3vl20v6z1w,"Palo Alto, CA",US,0.2857142857142857,US7078505,37.4443293,-122.1598465
1v2ph2p156w453y302x3f443rm3vl20v6z1w,"Campbell, CA",US,0.14285714285714285,US7078505,37.2870626,-121.944881
4f6r376p1j36141k3za72t6k3s57b3s2vk34,"New York, NY",US,1.0,US7083918,40.7127281,-74.0060152
6tt1k6i163q423o12592s336f6k1i71644p1zx,Audubon,,0.5,US7083941,41.670205,-94.9106526
6tt1k6i163q423o12592s336f6k1i71644p1zx,West Chester,,0.5,US7083941,39.9597389,-75.6044609
4h6q3lr6f25l3b125a6mt682h6a2c2u405u5y,Cambridge,GB,0.25,US7083952,52.1975846,0.1391537
4h6q3lr6f25l3b125a6mt682h6a2c2u405u5y,Julich,DE,0.75,US7083952,50.9220931,6.3611015
6m675m215753ra4q6i2f45471n5k1r141o2q4z,Edmonton,CA,0.6666666666666666,US7074828,53.5462055,-113.491241
6m675m215753ra4q6i2f45471n5k1r141o2q4z,Sherwood Park,CA,0.3333333333333333,US7074828,53.5256963,-113.296631
4cr4h5s205bk136v502g4b585rsw1r3d453l,Tokyo,JP,0.4,US7092154,35.6768601,139.7638947
4cr4h5s205bk136v502g4b585rsw1r3d453l,Kanagawa,JP,0.2,US7092154,35.4342935,139.374753
4cr4h5s205bk136v502g4b585rsw1r3d453l,Osaka,JP,0.2,US7092154,34.6937569,135.5014539
4cr4h5s205bk136v502g4b585rsw1r3d453l,Saitama,JP,0.2,US7092154,35.9754168,139.4160114
n4y37502q1u6j6n2v65k2m3q6ge186f5n2z6c,Melle,DE,0.125,US6746855,52.1950352,8.3474835
n4y37502q1u6j6n2v65k2m3q6ge186f5n2z6c,Osnabruck,DE,0.125,US6746855,52.2719595,8.047635
n4y37502q1u6j6n2v65k2m3q6ge186f5n2z6c,Bielefeld,DE,0.25,US6746855,52.0191005,8.531007
n4y37502q1u6j6n2v65k2m3q6ge186f5n2z6c,Halle,DE,0.125,US6746855,51.4824354,11.9712985
n4y37502q1u6j6n2v65k2m3q6ge186f5n2z6c,Julich,DE,0.25,US6746855,50.9220931,6.3611015
n4y37502q1u6j6n2v65k2m3q6ge186f5n2z6c,Praha,CZ,0.125,US6746855,50.0874654,14.4212535
47671u6f2rq2h433m3b17663tg2y2pb3e1o13,Rockland,,0.16666666666666666,US7026464,41.1519319,-74.0357266
47671u6f2rq2h433m3b17663tg2y2pb3e1o13,New Castle,,0.16666666666666666,US7026464,40.9999202,-80.3471856
47671u6f2rq2h433m3b17663tg2y2pb3e1o13,Wilmington,,0.16666666666666666,US7026464,39.7459468,-75.546589
47671u6f2rq2h433m3b17663tg2y2pb3e1o13,Alloway,,0.16666666666666666,US7026464,55.4330064,-4.6329863
47671u6f2rq2h433m3b17663tg2y2pb3e1o13,Hockessin,,0.3333333333333333,US7026464,39.7874275,-75.6879987
6v54v5455f6t1k6b611x3q6r5e4334g144h21,Calgary,CA,1.0,US7098383,51.0456064,-114.057541
3c5h2b3r5l2te2q6h2w4f1w3c302o5x4jt3o47,"Ann Arbor, MI",US,0.8333333333333334,US7105355,42.2813722,-83.7484616
3c5h2b3r5l2te2q6h2w4f1w3c302o5x4jt3o47,"Stanford, CA",US,0.16666666666666666,US7105355,37.4265407,-122.1703055
2w6w6w203w3t2m183p3u1b6i3o6n486z6w5q4t3q,Golden,,0.75,US7112429,39.7546349,-105.22058
2w6w6w203w3t2m183p3u1b6i3o6n486z6w5q4t3q,Littleton,,0.25,US7112429,39.613321,-105.016649
v244j436n413k625z4d2o3o322t541y391d6h33,"Englewood, NJ",US,0.3333333333333333,US7115651,40.8929329,-73.9726508
v244j436n413k625z4d2o3o322t541y391d6h33,"Lansdale, PA",US,0.16666666666666666,US7115651,40.2414952,-75.2837862
v244j436n413k625z4d2o3o322t541y391d6h33,Arlesheim,CH,0.16666666666666666,US7115651,47.4931125,7.6202048
v244j436n413k625z4d2o3o322t541y391d6h33,"Perkasie, PA",US,0.16666666666666666,US7115651,40.372048,-75.292676
v244j436n413k625z4d2o3o322t541y391d6h33,"New York, NY",US,0.16666666666666666,US7115651,40.7127281,-74.0060152
3r6x6n5c5612v713m41i676f3i1b5r5m4a5t1q,Montreal,CA,0.5,US7120485,45.5031824,-73.5698065
3r6x6n5c5612v713m41i676f3i1b5r5m4a5t1q,Kitakyushu,JP,0.5,US7120485,33.8829996,130.8749015
5d1uct2m405y14fpjn554j2i3nu1w591s,London,GB,0.25,US7122195,51.5074456,-0.1277653
5d1uct2m405y14fpjn554j2i3nu1w591s,Zurich,CH,0.75,US7122195,47.3744489,8.5410422
186u2l6b4u275j526v4h596q1s3o562e6j69n65,"Los Angeles, CA",US,1.0,US7122341,34.0536909,-118.242766
2s8563y3s6x165c1es3dp1gl1w1q3np14t,"Menlo Park, CA",US,0.3333333333333333,US7129044,37.4519671,-122.177992
2s8563y3s6x165c1es3dp1gl1w1q3np14t,"Palo Alto, CA",US,0.6666666666666666,US7129044,37.4443293,-122.1598465
6q201y3z4g3v4k25523d5d6j2g61m406w4t1h2l,"Durham, NC",US,0.6666666666666666,US7129096,35.996653,-78.9018053
6q201y3z4g3v4k25523d5d6j2g61m406w4t1h2l,"Austin, TX",US,0.3333333333333333,US7129096,30.2711286,-97.7436995
4r113i3s21g4o6dr02g04k285c6b6r6n6x4l,Rehovot,IL,0.6666666666666666,US7129393,31.8952532,34.8105616
4r113i3s21g4o6dr02g04k285c6b6r6n6x4l,Nes Ziona,IL,0.3333333333333333,US7129393,31.9295577,34.7990609
6w133z6wp336b40h3w4v3m1g512t5v3041197,"Lexington, MA",US,0.4,US7129554,42.4473175,-71.2245003
6w133z6wp336b40h3w4v3m1g512t5v3041197,"Corvallis, OR",US,0.2,US7129554,44.5645659,-123.2620435
6w133z6wp336b40h3w4v3m1g512t5v3041197,"Allston, MA",US,0.2,US7129554,42.3555375,-71.1327494
6w133z6wp336b40h3w4v3m1g512t5v3041197,"Somervile, MA",US,0.2,US7129554,,
364v5m6i3x2i5w42h3n4l2o2j1e4932146g3ey,"Sunnyvale, CA",US,0.25,US7135565,37.3688301,-122.036349
364v5m6i3x2i5w42h3n4l2o2j1e4932146g3ey,"Bethany, CT",US,0.25,US7135565,41.4217637,-72.9970496
364v5m6i3x2i5w42h3n4l2o2j1e4932146g3ey,"Boulder, CO",US,0.25,US7135565,40.0149856,-105.270545
364v5m6i3x2i5w42h3n4l2o2j1e4932146g3ey,Suffolk,GB,0.25,US7135565,52.2410014,1.0465716
q505l346i6o2h1z3u1t590m1o551d3m134p35,Hyattsville,,0.2,US7138373,37.6050812,-84.5224379
q505l346i6o2h1z3u1t590m1o551d3m134p35,Baltimore,,0.2,US7138373,39.2908816,-76.610759
q505l346i6o2h1z3u1t590m1o551d3m134p35,Wyndmoor,,0.4,US7138373,40.0853435,-75.1940207
q505l346i6o2h1z3u1t590m1o551d3m134p35,Hunt Valley,,0.2,US7138373,39.4962709,-76.6542571
50o216zn3e4n2o38173y6a1d11g661x76318,"Ithaca, NY",US,1.0,US7109397,42.4374175,-76.5483724
34r5wc4u1q36k4h51664c22374e5ao6k5538,Deutschland,DE,1.0,US7141276,48.1426663,11.5517123
qi5r3e5n6k2i5s1v1531s1a65d515613f71,Gainesville,,1.0,US7117807,29.6519684,-82.3249846
5x2dk454o3bb1q5t2j53465m4914s1y5j2h1l,"Minneapolis, MN",US,0.3333333333333333,US6867851,44.9772995,-93.2654692
5x2dk454o3bb1q5t2j53465m4914s1y5j2h1l,"Eden Prairie, MN",US,0.16666666666666666,US6867851,44.8546856,-93.470786
5x2dk454o3bb1q5t2j53465m4914s1y5j2h1l,"Eagan, MN",US,0.16666666666666666,US6867851,44.818173,-93.1659179
5x2dk454o3bb1q5t2j53465m4914s1y5j2h1l,"Woburn, MA",US,0.16666666666666666,US6867851,42.4792618,-71.1522766
5x2dk454o3bb1q5t2j53465m4914s1y5j2h1l,"Bloomington, MN",US,0.16666666666666666,US6867851,44.8322405,-93.3204872
664g6m6z48583u3c5n4o6v1o5z34p6t1d4z1t5a,Montreal,CA,0.5,US7146206,45.5031824,-73.5698065
664g6m6z48583u3c5n4o6v1o5z34p6t1d4z1t5a,Kitakyushu,JP,0.5,US7146206,33.8829996,130.8749015
246h5cb5u1z1i4b4p4z5l622z374jq5w61602g,Daejeon,KR,1.0,US7148334,36.3497007,127.3849016
1h2k5i6c521k6f693z3182h66271ysn683969,Yokohama-shi,JP,1.0,US7150978,35.4503381,139.6343802
29e65713r6h716d2c2ji6m6a4o4g4nj4v5z1i,Ithaca,,0.3333333333333333,US7151256,42.4374175,-76.5483724
29e65713r6h716d2c2ji6m6a4o4g4nj4v5z1i,Oak Ridge,,0.16666666666666666,US7151256,36.0103562,-84.2696449
29e65713r6h716d2c2ji6m6a4o4g4nj4v5z1i,Knoxville,,0.5,US7151256,35.9603948,-83.9210261
1z9561u4s593y596844181l3t6w2y5r2x181r4q,Inchon,KR,0.5,US6903185,37.456,126.7052
1z9561u4s593y596844181l3t6w2y5r2x181r4q,"Newton, MA",US,0.5,US6903185,42.3300435,-71.194862
5t3jk5s145hx5z4aa3m5i2x3s3c1535n4b3v,"Madison, WI",US,1.0,US7157229,43.07469,-89.3841663
4171104d4l1k5m6e53v1l22394x1s5c726m5y15,"Durham, NC",US,0.6666666666666666,US7163712,35.996653,-78.9018053
4171104d4l1k5m6e53v1l22394x1s5c726m5y15,"Woodbury, MN",US,0.3333333333333333,US7163712,44.919896,-92.9339449
5n1e38721m286v1qv2ur3s5q26f1k4n6t1341,"Tolono, IL",US,0.25,US6677500,39.9861415,-88.2589387
5n1e38721m286v1qv2ur3s5q26f1k4n6t1341,"Champaign, IL",US,0.25,US6677500,40.1164841,-88.2430932
5n1e38721m286v1qv2ur3s5q26f1k4n6t1341,"Baraboo, WI",US,0.25,US6677500,43.4704014,-89.7437844
5n1e38721m286v1qv2ur3s5q26f1k4n6t1341,"Sidney, IL",US,0.25,US6677500,40.0250332,-88.0733729
4482z21ys4x251n553a252g6e7642456i,"Schenectady, NY",US,0.25,US7172682,42.8142432,-73.9395687
4482z21ys4x251n553a252g6e7642456i,"Troy, NY",US,0.75,US7172682,42.7284117,-73.6917878
5o2u11q4s1p666m1f3y95c5c94n52f2r4s2f,"Berkeley, CA",US,0.375,US7172886,37.8708393,-122.272863
5o2u11q4s1p666m1f3y95c5c94n52f2r4s2f,"Kensington, CA",US,0.125,US7172886,37.908433,-122.2765838
5o2u11q4s1p666m1f3y95c5c94n52f2r4s2f,Jeongdong-myeon Sacheon,KR,0.125,US7172886,35.05664,128.12567
5o2u11q4s1p666m1f3y95c5c94n52f2r4s2f,"Richmond, CA",US,0.125,US7172886,37.9357576,-122.347748
5o2u11q4s1p666m1f3y95c5c94n52f2r4s2f,"San Francisco, CA",US,0.125,US7172886,37.7879363,-122.4075201
5o2u11q4s1p666m1f3y95c5c94n52f2r4s2f,"Mountain View, CA",US,0.125,US7172886,37.3893889,-122.0832101
4a3e5l4a662l1l562f116p4x1e3u1rb1i3s281j,"Merion Station, PA",US,0.2,US7144575,39.9981758,-75.2513256
4a3e5l4a662l1l562f116p4x1e3u1rb1i3s281j,"Merion, PA",US,0.2,US7144575,39.9975379,-75.2516078
4a3e5l4a662l1l562f116p4x1e3u1rb1i3s281j,"Washington, DC",US,0.2,US7144575,38.8950982,-77.0363849
4a3e5l4a662l1l562f116p4x1e3u1rb1i3s281j,"Brookline, MA",US,0.2,US7144575,42.332918,-71.1187829
4a3e5l4a662l1l562f116p4x1e3u1rb1i3s281j,"Millis, MA",US,0.2,US7144575,42.1675082,-71.3572763
1y1z6ka5n312xe92f5639e2t653m5q4q2n,Daejeon,KR,1.0,US7183087,36.3497007,127.3849016
4m411o1p1l2rb3s4k4e44622936h4c5r486ej,Berkeley,,0.6666666666666666,US7183089,37.8708393,-122.272863
4m411o1p1l2rb3s4k4e44622936h4c5r486ej,Oakland,,0.3333333333333333,US7183089,37.8044557,-122.271356
476v1y2z5eje73442c3q6x354o5a10g6j2v6a,Cambridge,GB,0.5,US7183289,52.1975846,0.1391537
476v1y2z5eje73442c3q6x354o5a10g6j2v6a,Little Chesterford Essex,GB,0.5,US7183289,52.0538716,0.2105189
96p5o63392g1t3q6e2g3o445z5h5p15643a694b,"Madison, WI",US,0.75,US7183406,43.07469,-89.3841663
96p5o63392g1t3q6e2g3o445z5h5p15643a694b,"Fitchburg, WI",US,0.25,US7183406,43.0020919,-89.423817
m6j6e1t335r5l3b3y4k723c4p124v4q2i3z3z49,Norfolk,GB,0.3333333333333333,US7186884,52.666667,1.0
m6j6e1t335r5l3b3y4k723c4p124v4q2i3z3z49,Athens,GB,0.3333333333333333,US7186884,53.8758372,-1.7197484
m6j6e1t335r5l3b3y4k723c4p124v4q2i3z3z49,Feilding,NZ,0.3333333333333333,US7186884,-40.2262765,175.5644409
291c636v5m56i4yt2k33v241o5b185c391953,Limburgerhof,DE,0.3333333333333333,US7189545,49.4226572,8.3933508
291c636v5m56i4yt2k33v241o5b185c391953,Fussgonheim,DE,0.3333333333333333,US7189545,49.4601777,8.2928057
291c636v5m56i4yt2k33v241o5b185c391953,Darmstadt,DE,0.3333333333333333,US7189545,49.872775,8.651177
4j216e2k172274vj5g6e6c2s5s3t6u2c1x6k3l,Sunnyvale,,0.16666666666666666,US7189582,37.3688301,-122.036349
4j216e2k172274vj5g6e6c2s5s3t6u2c1x6k3l,Wyckoff,,0.16666666666666666,US7189582,41.0095417,-74.1729222
4j216e2k172274vj5g6e6c2s5s3t6u2c1x6k3l,Milpitas,,0.16666666666666666,US7189582,37.4332273,-121.8989248
4j216e2k172274vj5g6e6c2s5s3t6u2c1x6k3l,Wilmington,,0.16666666666666666,US7189582,39.7459468,-75.546589
4j216e2k172274vj5g6e6c2s5s3t6u2c1x6k3l,Bear,,0.16666666666666666,US7189582,48.6298618,-3.3007868
4j216e2k172274vj5g6e6c2s5s3t6u2c1x6k3l,Washington,,0.16666666666666666,US7189582,38.8950982,-77.0363849
5o4h6z3j4e3c6o2dj4ny1i2u1g2n1n363s1eh,"Boulder, CO",US,1.0,US7193077,40.0149856,-105.270545
5r6v5v4mu5a3t20l3y1h4s286r1b6o6g6o3j3f,Cambridge,GB,0.75,US7148045,52.1975846,0.1391537
5r6v5v4mu5a3t20l3y1h4s286r1b6o6g6o3j3f,Mystic,,0.25,US7148045,40.7776709,-92.9453445
5o3q2e3h2u1c53291p2xga6t6s4i24b4m385z,"New York, NY",US,1.0,US7202332,40.7127281,-74.0060152
5g14g2f1sl62404m115m5r2l631d6nd4v61o,Philadelphia,,0.3333333333333333,US7217427,39.9527237,-75.1635262
5g14g2f1sl62404m115m5r2l631d6nd4v61o,West Lafayette,,0.16666666666666666,US7217427,40.4258686,-86.9080655
5g14g2f1sl62404m115m5r2l631d6nd4v61o,Columbia,,0.16666666666666666,US7217427,4.099917,-72.9088133
5g14g2f1sl62404m115m5r2l631d6nd4v61o,Villanova,,0.16666666666666666,US7217427,41.9591678,8.668422
5g14g2f1sl62404m115m5r2l631d6nd4v61o,Minneapolis,,0.16666666666666666,US7217427,44.9772995,-93.2654692
3z5e3nn3t2d2s5pj53pt2n2u5311n2p271m,"La Canada, CA",US,0.3333333333333333,US7220563,33.7301661,-117.7638553
3z5e3nn3t2d2s5pj53pt2n2u5311n2p271m,"El Cerrito, CA",US,0.3333333333333333,US7220563,37.9154056,-122.301411
3z5e3nn3t2d2s5pj53pt2n2u5311n2p271m,"King of Prussia, PA",US,0.3333333333333333,US7220563,40.0947625,-75.3851334
3r1g64133g436sd2e486s1395m3g6665s565y,"Gainesville, FL",US,1.0,US7226776,29.6519684,-82.3249846
401jp6c02e294d654b4b3e4m6b1t4d5x6a5o4s,Greifswald,DE,0.5,US7229817,54.095791,13.3815238
401jp6c02e294d654b4b3e4m6b1t4d5x6a5o4s,"Shoreview, MN",US,0.25,US7229817,45.0722056,-93.1282878
401jp6c02e294d654b4b3e4m6b1t4d5x6a5o4s,Stuttgart,DE,0.25,US7229817,48.7784485,9.1800132
2b2y373w5l4e2p5z6cb4u5c3t4m4g6e62612r4u,"Ann Arbor, MI",US,1.0,US7232686,42.2813722,-83.7484616
1n5v5j2xh1o4u5v6o2m414e5f3u5l393c284p3c,La Jolla,,1.0,US6500621,32.8458529,-117.2575702
46q4j412xv4q5q3u6e415x6e5n5973691u4t5b,"Englewood, NJ",US,0.3333333333333333,US7238682,40.8929329,-73.9726508
46q4j412xv4q5q3u6e415x6e5n5973691u4t5b,"New York, NY",US,0.5,US7238682,40.7127281,-74.0060152
46q4j412xv4q5q3u6e415x6e5n5973691u4t5b,"New Haven, CT",US,0.16666666666666666,US7238682,41.3082138,-72.9250518
3s1jmi6s2u684a3e2n2e613t5w4b5w4g57685g,Osnabrueck,DE,0.3333333333333333,US7238795,52.2719595,8.047635
3s1jmi6s2u684a3e2n2e613t5w4b5w4g57685g,Iffeldorf,DE,0.16666666666666666,US7238795,47.7727437,11.3200473
3s1jmi6s2u684a3e2n2e613t5w4b5w4g57685g,Weilheim,DE,0.3333333333333333,US7238795,47.8395072,11.1416355
3s1jmi6s2u684a3e2n2e613t5w4b5w4g57685g,Tutzing,DE,0.16666666666666666,US7238795,47.9086358,11.2798244
2q6o2841241t1h1a6b3s4h3o505x6w5r64q1e61,Daejeon,KR,0.75,US7241594,36.3497007,127.3849016
2q6o2841241t1h1a6b3s4h3o505x6w5r64q1e61,Seoul,KR,0.25,US7241594,37.5666791,126.9782914
573t256045t40602b404w563ad3c3t206u96e,Bowie,,1.0,US7244432,33.4198886,-94.4479626
11n605p6v5bc5vd575x1b655x2o652405l6q,Reykjavik,IS,0.5,US6893828,64.145981,-21.9422367
11n605p6v5bc5vd575x1b655x2o652405l6q,"Merion, PA",US,0.5,US6893828,39.9975379,-75.2516078
v4u5j5o2f1gu5h31d415g395y6g50146q5t2p,Ludwigshafen,DE,0.14285714285714285,US7250062,49.4704113,8.4381568
v4u5j5o2f1gu5h31d415g395y6g50146q5t2p,Seeheim-Jugenheim,DE,0.14285714285714285,US7250062,49.7598,8.6632
v4u5j5o2f1gu5h31d415g395y6g50146q5t2p,Neumarkt,DE,0.14285714285714285,US7250062,49.2800542,11.4585353
v4u5j5o2f1gu5h31d415g395y6g50146q5t2p,Lambsheim,DE,0.14285714285714285,US7250062,49.5103257,8.2861947
v4u5j5o2f1gu5h31d415g395y6g50146q5t2p,Limburgerhof,DE,0.2857142857142857,US7250062,49.4226572,8.3933508
v4u5j5o2f1gu5h31d415g395y6g50146q5t2p,Ladenburg,DE,0.14285714285714285,US7250062,49.4724349,8.6106455
3y385e67j3q57q4sy3y4861396j621ot1py,Middlesex,GB,0.3333333333333333,US7252814,51.5460558,-0.2537791
3y385e67j3q57q4sy3y4861396j621ot1py,Teddington,GB,0.3333333333333333,US7252814,51.4277844,-0.333653
3y385e67j3q57q4sy3y4861396j621ot1py,Hendon,GB,0.3333333333333333,US7252814,51.5897175,-0.2216026
4g1s1u6h4y6b4s1m6n6m6n57381x1y65i4i6n68,Malmo,SE,0.3333333333333333,US7253001,55.6052931,13.0001566
4g1s1u6h4y6b4s1m6n6m6n57381x1y65i4i6n68,Locarno,CH,0.3333333333333333,US7253001,46.1695739,8.7954859
4g1s1u6h4y6b4s1m6n6m6n57381x1y65i4i6n68,Zurich,CH,0.3333333333333333,US7253001,47.3744489,8.5410422
6h4e6b292y4z5dj8186w6g5t4v1g6n5w4hk5c,Wien,AT,0.6666666666666666,US7262281,48.2083537,16.3725042
6h4e6b292y4z5dj8186w6g5t4v1g6n5w4hk5c,Ganserndorf,AT,0.3333333333333333,US7262281,48.3403867,16.7187051
3dd5s5b1o1u3y674x4y2r1d502z4n712944h67,"Schenectady, NY",US,0.5,US7267958,42.8142432,-73.9395687
3dd5s5b1o1u3y674x4y2r1d502z4n712944h67,"Orinda, CA",US,0.5,US7267958,37.8771476,-122.1796888
72j215b176e6q5r21532z584a6o6w6e574at1g,"Newton, MA",US,1.0,US7276338,42.3300435,-71.194862
495z5j504w3b1n4kv5u292e3sm4g1y35e85r,Iffeldorf,DE,0.2,US7276592,47.7727437,11.3200473
495z5j504w3b1n4kv5u292e3sm4g1y35e85r,Muenchen,DE,0.2,US7276592,48.1371079,11.5753822
495z5j504w3b1n4kv5u292e3sm4g1y35e85r,Weilheim,DE,0.2,US7276592,47.8395072,11.1416355
495z5j504w3b1n4kv5u292e3sm4g1y35e85r,Paehl,DE,0.2,US7276592,47.9056634,11.1751031
495z5j504w3b1n4kv5u292e3sm4g1y35e85r,Wezemaal,BE,0.2,US7276592,50.9482598,4.7544622
1g2n2y5v2f2c521o4w6a6l6mc3a25k431548,"Mountain View, CA",US,1.0,US7282183,37.3893889,-122.0832101
1x84531uc2w6o6mn1k6wn572a1t2v4ou6v,Daejeon,KR,0.3333333333333333,US7291325,36.3497007,127.3849016
1x84531uc2w6o6mn1k6wn572a1t2v4ou6v,Daejon,KR,0.3333333333333333,US7291325,36.3497007,127.3849016
1x84531uc2w6o6mn1k6wn572a1t2v4ou6v,Seoul,KR,0.3333333333333333,US7291325,37.5666791,126.9782914
2j266r5b1g73d6c55473t4v69333b3mp1b3dq,Gif Sur Yvette,FR,0.25,US7294460,48.7018823,2.134529
2j266r5b1g73d6c55473t4v69333b3mp1b3dq,St Arnoult En Yveline,FR,0.25,US7294460,,
2j266r5b1g73d6c55473t4v69333b3mp1b3dq,Paris,FR,0.25,US7294460,48.8534951,2.3483915
2j266r5b1g73d6c55473t4v69333b3mp1b3dq,Savigny Sur Orge,FR,0.25,US7294460,48.6794572,2.3458417
2n3o471r59465u1s4h6d6e4q1q6q4u561x5j6822,"Wilton, CT",US,0.16666666666666666,US7297762,41.1953739,-73.4378988
2n3o471r59465u1s4h6d6e4q1q6q4u561x5j6822,"San Diego, CA",US,0.16666666666666666,US7297762,32.7174202,-117.162772
2n3o471r59465u1s4h6d6e4q1q6q4u561x5j6822,"Tucson, AZ",US,0.16666666666666666,US7297762,32.2228765,-110.974847
2n3o471r59465u1s4h6d6e4q1q6q4u561x5j6822,"New Haven, CT",US,0.16666666666666666,US7297762,41.3082138,-72.9250518
2n3o471r59465u1s4h6d6e4q1q6q4u561x5j6822,"Guilderland, NY",US,0.16666666666666666,US7297762,42.704522,-73.911513
2n3o471r59465u1s4h6d6e4q1q6q4u561x5j6822,"Newark, DE",US,0.16666666666666666,US7297762,39.6828358,-75.7515682
1b1t60e335ku5f6428u545bo4046wt6m26,Mettmann,DE,0.2,US7300782,51.2527778,6.9777778
1b1t60e335ku5f6428u545bo4046wt6m26,Erkrath,DE,0.2,US7300782,51.2209866,6.9056079
1b1t60e335ku5f6428u545bo4046wt6m26,Heppenheim,DE,0.2,US7300782,49.64999,8.66768
1b1t60e335ku5f6428u545bo4046wt6m26,Lorsch,DE,0.2,US7300782,49.6546967,8.5682813
1b1t60e335ku5f6428u545bo4046wt6m26,Zwingenberg,DE,0.2,US7300782,49.7242,8.5915
y2j64c213l3u6c105q59155dg696s4s2d2p6t,San Jose,,0.2222222222222222,US7302348,37.3361663,-121.890591
y2j64c213l3u6c105q59155dg696s4s2d2p6t,Mountain View,,0.3333333333333333,US7302348,37.3893889,-122.0832101
y2j64c213l3u6c105q59155dg696s4s2d2p6t,Livermore,,0.1111111111111111,US7302348,37.6820583,-121.768053
y2j64c213l3u6c105q59155dg696s4s2d2p6t,Redwood City,,0.1111111111111111,US7302348,37.4863239,-122.232523
y2j64c213l3u6c105q59155dg696s4s2d2p6t,San Francisco,,0.1111111111111111,US7302348,37.7879363,-122.4075201
y2j64c213l3u6c105q59155dg696s4s2d2p6t,Los Altos,,0.1111111111111111,US7302348,42.7811566,-3.6202096
o3v4a6b2x325e5f6h5n1a2l494u4w4r4x6z564o,"Madison, WI",US,1.0,US7303872,43.07469,-89.3841663
6yy5o2v3u1i3w6v2a716o3l5e4j5n58282l676j,Cypress,,0.5,US7309437,33.8248235,-118.0399368
6yy5o2v3u1i3w6v2a716o3l5e4j5n58282l676j,Friendswood,,0.5,US7309437,29.5293998,-95.2010447
s3g1052g512r6s4s6j3v2zt562r1w28x2647,Newton,,0.5,US7311943,30.8118989,-93.740504
s3g1052g512r6s4s6j3v2zt562r1w28x2647,Cambridge,,0.5,US7311943,52.1975846,0.1391537
v6d5810642r2545qt6h2q1n4e4u531y4y6pv,"Stanford, CA",US,0.5,US7312049,37.4265407,-122.1703055
v6d5810642r2545qt6h2q1n4e4u531y4y6pv,"Menlo Park, CA",US,0.5,US7312049,37.4519671,-122.177992
3i5n4o5he4z3x534154i6v5o1j262e2p656n5v,"La Jolla, CA",US,1.0,US7318903,32.8458529,-117.2575702
532k73685j4j1zd1b532b131l5n30434c354sl,London,CA,0.3333333333333333,US7332294,42.9836747,-81.2496068
532k73685j4j1zd1b532b131l5n30434c354sl,Mississauga,CA,0.3333333333333333,US7332294,43.5884727,-79.643658
532k73685j4j1zd1b532b131l5n30434c354sl,Toronto,CA,0.3333333333333333,US7332294,43.6534817,-79.3839347
3n3u262z125c3593b2c4a4v2y173n6ue66l,"State College, PA",US,0.5,US7820413,40.7944504,-77.8616386
3n3u262z125c3593b2c4a4v2y173n6ue66l,"Baltimore, MD",US,0.25,US7820413,39.2908816,-76.610759
3n3u262z125c3593b2c4a4v2y173n6ue66l,"Quincy, MA",US,0.25,US7820413,42.2509914,-71.0037374
324v84a2686c51w5e3o4f6o1h3yk632ob4q,Lexington,,0.5,US7332321,38.0464066,-84.4970393
324v84a2686c51w5e3o4f6o1h3yk632ob4q,Albany,,0.5,US7332321,42.6511674,-73.754968
37294e2h6r716o2b732o1u645b592z2d463j6g43,"Stanford, CA",US,1.0,US7338789,37.4265407,-122.1703055
60j2i2pn3e2f4w30188j4v342k6m3k276l,Williamsville,,0.25,US7338791,42.9637836,-78.7377258
60j2i2pn3e2f4w30188j4v342k6m3k276l,Buffalo,,0.25,US7338791,42.8864163,-78.8781493
60j2i2pn3e2f4w30188j4v342k6m3k276l,Amherst,,0.25,US7338791,42.3731948,-72.5198761
60j2i2pn3e2f4w30188j4v342k6m3k276l,Brookfield,,0.25,US7338791,41.8228378,-87.848085
103y16646g6v5861264cr6m2ei5w303ry6g5b,Stanford,,0.5,US7341852,37.4265407,-122.1703055
103y16646g6v5861264cr6m2ei5w303ry6g5b,Menlo Park,,0.5,US7341852,37.4519671,-122.177992
473q3n6d1e171b4g1b6q565l1r6m3v44082w14,"Baltimore, MD",US,0.3333333333333333,US7345138,39.2908816,-76.610759
473q3n6d1e171b4g1b6q565l1r6m3v44082w14,Singapore,CN,0.3333333333333333,US7345138,1.3424141,103.7325474
473q3n6d1e171b4g1b6q565l1r6m3v44082w14,"Ellicott City, MD",US,0.3333333333333333,US7345138,39.2757359,-76.8317417
r684s4t386w4mc1l5h6821414k21u6p1e33g,"Rumford, RI",US,0.16666666666666666,US7349739,41.8453781,-71.3519985
r684s4t386w4mc1l5h6821414k21u6p1e33g,"Scituate, MA",US,0.16666666666666666,US7349739,42.1924492,-70.7261966
r684s4t386w4mc1l5h6821414k21u6p1e33g,"West Kingstown, RI",US,0.16666666666666666,US7349739,41.4831215,-71.5518467
r684s4t386w4mc1l5h6821414k21u6p1e33g,"Stowe, MA",US,0.16666666666666666,US7349739,44.4643768,-72.6856197
r684s4t386w4mc1l5h6821414k21u6p1e33g,"Boston, MA",US,0.16666666666666666,US7349739,42.3588336,-71.0578303
r684s4t386w4mc1l5h6821414k21u6p1e33g,Newton,,0.16666666666666666,US7349739,30.8118989,-93.740504
2g1e2g6s4g2k144711v30612w4b2w573dk579,Germiny,FR,0.25,US7350331,48.5488,5.9972
2g1e2g6s4g2k144711v30612w4b2w573dk579,Nancy,FR,0.25,US7350331,48.6937223,6.1834097
2g1e2g6s4g2k144711v30612w4b2w573dk579,Vandoeuvre Les Nancy,FR,0.25,US7350331,48.6599676,6.1724618
2g1e2g6s4g2k144711v30612w4b2w573dk579,Villers Les Nancy,FR,0.25,US7350331,48.6731344,6.1536378
4h55724b6ne1t4b301b3ezn2w6f1e4c153v5n,"Stanford, CA",US,0.4,US7351563,37.4265407,-122.1703055
4h55724b6ne1t4b301b3ezn2w6f1e4c153v5n,"Palo Alto, CA",US,0.2,US7351563,37.4443293,-122.1598465
4h55724b6ne1t4b301b3ezn2w6f1e4c153v5n,"Los Altos, CA",US,0.2,US7351563,37.3790629,-122.116578
4h55724b6ne1t4b301b3ezn2w6f1e4c153v5n,"Cupertino, CA",US,0.2,US7351563,37.3228934,-122.0322895
3m606i2j5p3n3d71722l5r1zf5d4n4f155s91f,"Altadena, CA",US,0.5,US6770261,34.1928193,-118.1374663
3m606i2j5p3n3d71722l5r1zf5d4n4f155s91f,"La Canada, CA",US,0.5,US6770261,33.7301661,-117.7638553
4d6k54c2d1t5a411s181f5c44214i5j156t5z3o,Oakland,,0.5,US7364877,37.8044557,-122.271356
4d6k54c2d1t5a411s181f5c44214i5j156t5z3o,San Rafael,,0.5,US7364877,37.9747795,-122.5316686
2cs3q34o4dr1a5o4u5n3q1jb6y2e4x6e4855,Tochigi,JP,1.0,US7364891,36.6782167,139.8096549
3h3p1hb4n656j555k2u4e6a6m5u614y3526291k,Otsu-shi,JP,0.2,US7365161,35.0177852,135.8548122
3h3p1hb4n656j555k2u4e6a6m5u614y3526291k,Kyoto-shi,JP,0.4,US7365161,35.0115754,135.7681441
3h3p1hb4n656j555k2u4e6a6m5u614y3526291k,Kawasaki-shi,JP,0.2,US7365161,35.5306639,139.7037668
3h3p1hb4n656j555k2u4e6a6m5u614y3526291k,Yokohama-shi,JP,0.2,US7365161,35.4503381,139.6343802
3b69nz6i4mc11613b556w39272y2r395h2r3,Kraainem,BE,0.5,US7371725,50.8425698,4.4692034
3b69nz6i4mc11613b556w39272y2r395h2r3,Linden,BE,0.5,US7371725,46.8484982,7.6771267
6z2i2p57473an416g1f3t5t4d1s5f3z5c5x2a6h,"Lexington, MA",US,0.25,US7374893,42.4473175,-71.2245003
6z2i2p57473an416g1f3t5t4d1s5f3z5c5x2a6h,"Boston, MA",US,0.5,US7374893,42.3588336,-71.0578303
6z2i2p57473an416g1f3t5t4d1s5f3z5c5x2a6h,"Austin, TX",US,0.25,US7374893,30.2711286,-97.7436995
iu141gf1z153715357565q4g3k69t444r6o,Beltsville,,0.25,US7375404,39.0397735,-76.9271851
iu141gf1z153715357565q4g3k69t444r6o,Rockville,,0.125,US7375404,39.0817985,-77.1516844
iu141gf1z153715357565q4g3k69t444r6o,Clarksville,,0.125,US7375404,36.5277607,-87.3588703
iu141gf1z153715357565q4g3k69t444r6o,Goleta,,0.125,US7375404,34.4358295,-119.8276389
iu141gf1z153715357565q4g3k69t444r6o,Greenbelt,,0.125,US7375404,39.004607,-76.8756838
iu141gf1z153715357565q4g3k69t444r6o,N. Potomac,,0.125,US7375404,39.0985183,-77.2377429
iu141gf1z153715357565q4g3k69t444r6o,Potomac,,0.125,US7375404,39.0180508,-77.1956331
5o5y3i703kd70l6c4b4j1j2j3n313u3a69222f,Champaign,,0.75,US7381553,40.1164841,-88.2430932
5o5y3i703kd70l6c4b4j1j2j3n313u3a69222f,Urbana,,0.25,US7381553,40.1117174,-88.207301
72715c275a2r262w4n3u5t6pvc361j734g3d2v,Reykjavik,IS,1.0,US7148008,64.145981,-21.9422367
36i3u6x3l6uk5q4p5d3s3g4f1c4x1u4394n7,San Diego,,0.5,US7393653,32.7174202,-117.162772
36i3u6x3l6uk5q4p5d3s3g4f1c4x1u4394n7,Martinsville,,0.25,US7393653,36.6915262,-79.8725386
36i3u6x3l6uk5q4p5d3s3g4f1c4x1u4394n7,Rancho Santa Fe,,0.25,US7393653,33.0242314,-117.1979781
581l145p2c66p5l523s3oh1838333wbz4459,Golden,,0.5,US7393673,39.7546349,-105.22058
581l145p2c66p5l523s3oh1838333wbz4459,Littleton,,0.16666666666666666,US7393673,39.613321,-105.016649
581l145p2c66p5l523s3oh1838333wbz4459,Berthoud,,0.16666666666666666,US7393673,47.0571316,7.6237466
581l145p2c66p5l523s3oh1838333wbz4459,Denver,,0.16666666666666666,US7393673,39.7392364,-104.984862
4j5m6v544a4v3i3i4g6y4qw3m3023u2w3d6q2k,Shanghai,CN,1.0,US7396644,31.2312707,121.4700152
2p2514334538b3y4pz6g1dl1h5r2g2v483dx,"San Diego, CA",US,0.5,US7399619,32.7174202,-117.162772
2p2514334538b3y4pz6g1dl1h5r2g2v483dx,"Boston, MA",US,0.25,US7399619,42.3588336,-71.0578303
2p2514334538b3y4pz6g1dl1h5r2g2v483dx,"La Jolla, CA",US,0.25,US7399619,32.8458529,-117.2575702
m1m5yv6t5u4h5l3z4f6q253g125i275p6b62,Guttecoven,NL,0.2,US7241602,51.0140645,5.8183276
m1m5yv6t5u4h5l3z4f6q253g125i275p6b62,Buchten,NL,0.2,US7241602,51.0421576,5.8108175
m1m5yv6t5u4h5l3z4f6q253g125i275p6b62,Katwijk,NL,0.2,US7241602,52.1898549,4.4145583
m1m5yv6t5u4h5l3z4f6q253g125i275p6b62,Geleen,NL,0.2,US7241602,50.9699953,5.8267029
m1m5yv6t5u4h5l3z4f6q253g125i275p6b62,Schiedam,NL,0.2,US7241602,51.9300454,4.3864511
5g322z5v143d2o486d1f83c4d2263w2t5w3f1k,Champaign,,0.6,US7402419,40.1164841,-88.2430932
5g322z5v143d2o486d1f83c4d2263w2t5w3f1k,Savoy,,0.2,US7402419,45.4948952,6.3846604
5g322z5v143d2o486d1f83c4d2263w2t5w3f1k,Urbana,,0.2,US7402419,40.1117174,-88.207301
30gq1t685f5w213j1d1f251oz4w4i2c3y5s1u,London,GB,0.6666666666666666,US7407776,51.5074456,-0.1277653
30gq1t685f5w213j1d1f251oz4w4i2c3y5s1u,Cambridge,GB,0.3333333333333333,US7407776,52.1975846,0.1391537
s4o6c6v3x475u676e593y3p2sn4h505l2v3r,"Sunnyvale, CA",US,0.3333333333333333,US6858422,37.3688301,-122.036349
s4o6c6v3x475u676e593y3p2sn4h505l2v3r,"Los Altos, CA",US,0.3333333333333333,US6858422,37.3790629,-122.116578
s4o6c6v3x475u676e593y3p2sn4h505l2v3r,"Madison, WI",US,0.3333333333333333,US6858422,43.07469,-89.3841663
3l2l4d1i3s5t3a2s3ym464gkop2k3l1r5qu,"Madison, WI",US,0.6666666666666666,US7408147,43.07469,-89.3841663
3l2l4d1i3s5t3a2s3ym464gkop2k3l1r5qu,"Fitchburg, WI",US,0.3333333333333333,US7408147,43.0020919,-89.423817
5j68586f5s25g6r2x1l5y2nz1p6h6r51623a4l,"Stanford, CA",US,1.0,US7423133,37.4265407,-122.1703055
644m55523r323h4a5s2d3n1m383u57g2q625f5x,Paris,FR,0.6666666666666666,US7425530,48.8534951,2.3483915
644m55523r323h4a5s2d3n1m383u57g2q625f5x,Etiolles,FR,0.3333333333333333,US7425530,48.6380667,2.4775273
4o6k4a672q5o03v2og1w1z1o6l5t5q54i3ov,Zurich,CH,0.4,US7427410,47.3744489,8.5410422
4o6k4a672q5o03v2og1w1z1o6l5t5q54i3ov,"Livermore, CA",US,0.2,US7427410,37.6820583,-121.768053
4o6k4a672q5o03v2og1w1z1o6l5t5q54i3ov,Schaffhausen,CH,0.2,US7427410,47.6960491,8.634513
4o6k4a672q5o03v2og1w1z1o6l5t5q54i3ov,Uster,CH,0.2,US7427410,47.3512065,8.7179221
2zb1q5k4r5e566q3e4yi3g3p3f4dt456j3k40,San Mateo,,0.2,US7427493,37.496904,-122.3330573
2zb1q5k4r5e566q3e4yi3g3p3f4dt456j3k40,Oakland,,0.2,US7427493,37.8044557,-122.271356
2zb1q5k4r5e566q3e4yi3g3p3f4dt456j3k40,San Rafael,,0.2,US7427493,37.9747795,-122.5316686
2zb1q5k4r5e566q3e4yi3g3p3f4dt456j3k40,Castro Valley,,0.2,US7427493,37.713606,-122.0715658
2zb1q5k4r5e566q3e4yi3g3p3f4dt456j3k40,Berkeley,,0.2,US7427493,37.8708393,-122.272863
391nv4t4m3x3d2o5y8623jy4q5r412qs6t6e,"New Rochelle, NY",US,0.25,US6987091,40.9115386,-73.7826363
391nv4t4m3x3d2o5y8623jy4q5r412qs6t6e,"Baltimore, MD",US,0.5,US6987091,39.2908816,-76.610759
391nv4t4m3x3d2o5y8623jy4q5r412qs6t6e,"Bronx, NY",US,0.25,US6987091,40.8466508,-73.8785937
242g5t6243j1w57n1k6e5y61656c1y2i5pj5l,"Ithaca, NY",US,1.0,US7435542,42.4374175,-76.5483724
o4k6g5x5nl4m13625x245bb4a6e4s2j535m5h,"Austin, TX",US,0.6666666666666666,US7446182,30.2711286,-97.7436995
o4k6g5x5nl4m13625x245bb4a6e4s2j535m5h,"Palo Alto, CA",US,0.3333333333333333,US7446182,37.4443293,-122.1598465
6p3o4u59b2j3h4pl2v4s3e5c651s3x116q1u72,"Poway, CA",US,0.5,US6906096,32.9628234,-117.035864
6p3o4u59b2j3h4pl2v4s3e5c651s3x116q1u72,"Oceanside, CA",US,0.5,US6906096,33.1958696,-117.379483
1m6j1g2o1dq72x2e465h4q6d2g696w3l2p4z5j,Tokyo,JP,0.6666666666666666,US7462462,35.6768601,139.7638947
1m6j1g2o1dq72x2e465h4q6d2g696w3l2p4z5j,Nagoya-shi,JP,0.3333333333333333,US7462462,35.1851045,136.8998438
2v4y1h151m45361y6zi2k2q44t5x6054r736,"Houston, TX",US,0.2,US7462471,29.7589382,-95.3676974
2v4y1h151m45361y6zi2k2q44t5x6054r736,"Winchester, MA",US,0.2,US7462471,42.4523178,-71.1369982
2v4y1h151m45361y6zi2k2q44t5x6054r736,"Newton, MA",US,0.2,US7462471,42.3300435,-71.194862
2v4y1h151m45361y6zi2k2q44t5x6054r736,"Cambridge, MA",US,0.2,US7462471,42.3656347,-71.1040018
2v4y1h151m45361y6zi2k2q44t5x6054r736,The Netherlands,NL,0.2,US7462471,12.1176488,-68.9309263
206o30436nu1y3w603rc6o6q442m1l5x5j1s37,"Fort Lee, NJ",US,0.3333333333333333,US7470516,40.8509333,-73.9701382
206o30436nu1y3w603rc6o6q442m1l5x5j1s37,"New York, NY",US,0.3333333333333333,US7470516,40.7127281,-74.0060152
206o30436nu1y3w603rc6o6q442m1l5x5j1s37,Belgrade,YU,0.3333333333333333,US7470516,50.471128,4.8266205
6z1t72d1q2kz2i5so3h724b5w3ma6o5n4n2,Yuseong-gu,KR,1.0,US7470770,36.3620732,127.3564099
431u1x6v6p4b1d3o3n4c27m1u3jiw6s6q2k3e,"Stanford, CA",US,1.0,US7473683,37.4265407,-122.1703055
6p4o6h243pa1i425l41612d5m6jn364o5u2818,Kingsweston,GB,0.3333333333333333,US7473887,51.4949867,-2.672732
6p4o6h243pa1i425l41612d5m6jn364o5u2818,Bath,GB,0.3333333333333333,US7473887,51.3813864,-2.3596963
6p4o6h243pa1i425l41612d5m6jn364o5u2818,Totterdown,GB,0.3333333333333333,US7473887,51.4409425,-2.5756487
1n4n2r4g1is62t2012654h6o2f2q2q9531x,Newton,,0.3333333333333333,US7476442,30.8118989,-93.740504
1n4n2r4g1is62t2012654h6o2f2q2q9531x,Cambridge,,0.6666666666666666,US7476442,52.1975846,0.1391537
3a5p4g4k2t2y5x3cf561b5s25512e1i291q461o,"Stanford, CA",US,1.0,US7482332,37.4265407,-122.1703055
11636p6d2w1t564r6t642m3w1i283922r264g2t,Albuquerque,,0.75,US7485343,35.0841034,-106.650985
11636p6d2w1t564r6t642m3w1i283922r264g2t,Rio Rancho,,0.25,US7485343,35.3108227,-106.6847453
391h6o1n1f283c6r4r374t3m2tk6p4r1t4fa3o,Lexington,,0.3333333333333333,US7488593,38.0464066,-84.4970393
391h6o1n1f283c6r4r374t3m2tk6p4r1t4fa3o,Cambridge,,0.6666666666666666,US7488593,52.1975846,0.1391537
2745r4p706xf2a6a464a7373f1z36485p2v5k,"Rancho Santa Fe, CA",US,0.3333333333333333,US7488792,33.0242314,-117.1979781
2745r4p706xf2a6a464a7373f1z36485p2v5k,Munchen,DE,0.3333333333333333,US7488792,48.1371079,11.5753822
2745r4p706xf2a6a464a7373f1z36485p2v5k,"San Diego, CA",US,0.3333333333333333,US7488792,32.7174202,-117.162772
3o375v2x3d6b5x4j1l5t5iq4o6s2k2z20485961,"Bowie, MD",US,1.0,US7491399,39.0080601,-76.7797899
5x4a20133m422v2w02r2e5z562k25542c65w,"Berkeley, CA",US,0.3333333333333333,US7494786,37.8708393,-122.272863
5x4a20133m422v2w02r2e5z562k25542c65w,"Guilford, CT",US,0.3333333333333333,US7494786,41.2827593,-72.6816365
5x4a20133m422v2w02r2e5z562k25542c65w,"Boulder, CO",US,0.3333333333333333,US7494786,40.0149856,-105.270545
3w2a3b2n3e6cqj59buz4k61612u2v6ka46,"Blacksburg, VA",US,1.0,US7495772,37.2296566,-80.4136767
3d3v2e492bq6mi346x1q4o6c3073486z1v4n3p,Tokyo,JP,1.0,US7498403,35.6768601,139.7638947
1b40o2g3241q3e64183d4c4u4pxzo26354k,Rodersheim- Gronau,DE,0.2,US7498448,49.4299651,8.2659966
1b40o2g3241q3e64183d4c4u4pxzo26354k,Mannheim,DE,0.2,US7498448,49.4892913,8.4673098
1b40o2g3241q3e64183d4c4u4pxzo26354k,Fussgonheim,DE,0.2,US7498448,49.4601777,8.2928057
1b40o2g3241q3e64183d4c4u4pxzo26354k,Darmstadt,DE,0.2,US7498448,49.872775,8.651177
1b40o2g3241q3e64183d4c4u4pxzo26354k,Limburgerhof,DE,0.2,US7498448,49.4226572,8.3933508
661n6o4n4q6s4i3f3v4n1z246133n606g484d1t,Foxboro,,0.5,US7501286,46.4985528,-92.2879727
661n6o4n4q6s4i3f3v4n1z246133n606g484d1t,Brookline,,0.5,US7501286,42.332918,-71.1187829
563q5u37173s2y8536z6o6g04j4o2up715q4g,La Jolla,,0.6666666666666666,US7501486,32.8458529,-117.2575702
563q5u37173s2y8536z6o6g04j4o2up715q4g,Buellton,,0.3333333333333333,US7501486,34.6134727,-120.193669
1t4v1a32196e5y6y436p2g2d5y1b6848z5s2k49,Den Bosch,NL,0.5,US7504209,51.6889387,5.303116
1t4v1a32196e5y6y436p2g2d5y1b6848z5s2k49,Amsterdam,NL,0.5,US7504209,52.3730796,4.8924534
24z3k4c5r195hj2jw3p6943354615692c155a,Winchester,,0.6666666666666666,US7504216,51.0612766,-1.3131692
24z3k4c5r195hj2jw3p6943354615692c155a,Shrewsbury,,0.3333333333333333,US7504216,52.707755,-2.7540658
284m5o3fz5l8l393i2f4q53428185z4l3x5w,South Lake Tahoe,,1.0,US7144240,38.9319293,-119.9780188
57704p3f2jk1l102r4eh3o405m4b251b3l2724,Gottingen,DE,1.0,US7507582,51.5328328,9.9351811
c5f6m241pp1r2x2k6y462h4q2b4f2t5y4i2h1k,Bristol,GB,1.0,US7507790,51.4538022,-2.5972985
4rk5a1s2qt1d2b5y2oi124h396u1i6b6j31,"Pacifica, CA",US,0.5,US7208295,37.5980374,-122.4995234
4rk5a1s2qt1d2b5y2oi124h396u1i6b6j31,"Mountain View, CA",US,0.5,US7208295,37.3893889,-122.0832101
292x1y4t312g403i34i2h5m5o5z1r30381o1534,Sierra Madre,,1.0,US7514537,34.1616729,-118.052845
5z2v1ao2h4q3n62c1h3q4p4j6f1u42jr466l,Bellevue,,0.11764705882352941,US6800746,47.6144219,-122.192337
5z2v1ao2h4q3n62c1h3q4p4j6f1u42jr466l,Issaquah,,0.11764705882352941,US6800746,47.5348778,-122.043297
5z2v1ao2h4q3n62c1h3q4p4j6f1u42jr466l,Redmond,,0.11764705882352941,US6800746,47.6694141,-122.1238767
5z2v1ao2h4q3n62c1h3q4p4j6f1u42jr466l,Seattle,,0.29411764705882354,US6800746,47.6038321,-122.330062
5z2v1ao2h4q3n62c1h3q4p4j6f1u42jr466l,Kent,,0.058823529411764705,US6800746,51.2070749,0.7210362
5z2v1ao2h4q3n62c1h3q4p4j6f1u42jr466l,Mill Creek,,0.058823529411764705,US6800746,47.8577455,-122.2210628
5z2v1ao2h4q3n62c1h3q4p4j6f1u42jr466l,Carnation,,0.058823529411764705,US6800746,47.6475134,-121.9129419
5z2v1ao2h4q3n62c1h3q4p4j6f1u42jr466l,Bothell,,0.058823529411764705,US6800746,47.7623204,-122.2054035
5z2v1ao2h4q3n62c1h3q4p4j6f1u42jr466l,Federal Way,,0.058823529411764705,US6800746,47.313494,-122.33931
5z2v1ao2h4q3n62c1h3q4p4j6f1u42jr466l,Edmonds,,0.058823529411764705,US6800746,47.8105738,-122.3774952
4w62w4u34n1l3c1u1g5u4xp136l6l4p4n4w18,Singapore,SG,0.6666666666666666,US7524513,1.2899175,103.8519072
4w62w4u34n1l3c1u1g5u4xp136l6l4p4n4w18,Ellicott City,,0.3333333333333333,US7524513,39.2757359,-76.8317417
62a2g6p244h3w19t6s6m6i1o1m1i18s47695l,"Berkeley, CA",US,0.25,US6852850,37.8708393,-122.272863
62a2g6p244h3w19t6s6m6i1o1m1i18s47695l,"Bethany, CT",US,0.25,US6852850,41.4217637,-72.9970496
62a2g6p244h3w19t6s6m6i1o1m1i18s47695l,"Boulder, CO",US,0.5,US6852850,40.0149856,-105.270545
4c311m636l3t5s3l2a4433oix6l334u1l233d,"Madison, WI",US,1.0,US6635463,43.07469,-89.3841663
613j14w2r426i4w4w42691p144i70112q1c1v3n,Pfarrer-Holzberg,DE,0.2,US7531522,50.9858219,6.1268164
613j14w2r426i4w4w42691p144i70112q1c1v3n,Menzerath,DE,0.2,US7531522,50.5605767,6.2569862
613j14w2r426i4w4w42691p144i70112q1c1v3n,Bremenberg,DE,0.2,US7531522,50.837558,6.0505135
613j14w2r426i4w4w42691p144i70112q1c1v3n,Vaalser,DE,0.2,US7531522,50.7697428,6.0351486
613j14w2r426i4w4w42691p144i70112q1c1v3n,Gottfriedstr,DE,0.2,US7531522,52.5541121,13.5217789
4n6g5w2d3o201p605bf194o601jz45al5d4l,"Berkeley, CA",US,0.3333333333333333,US7534444,37.8708393,-122.272863
4n6g5w2d3o201p605bf194o601jz45al5d4l,"Alameda, CA",US,0.3333333333333333,US7534444,37.6090291,-121.899142
4n6g5w2d3o201p605bf194o601jz45al5d4l,Siena,IT,0.3333333333333333,US7534444,43.1672059,11.467561
26515m6g3yu3n83j421e5x6k24p6j47256i1,"Overland Park, KS",US,0.3333333333333333,US7538202,38.9742502,-94.6851702
26515m6g3yu3n83j421e5x6k24p6j47256i1,"Plainfield, NJ",US,0.3333333333333333,US7538202,40.6201412,-74.4222416
26515m6g3yu3n83j421e5x6k24p6j47256i1,"Altadena, CA",US,0.3333333333333333,US7538202,34.1928193,-118.1374663
6532u406k2h4j732k67215o333e6p3j2q3p2u1n,"Baltimore, MD",US,1.0,US7544470,39.2908816,-76.610759
731e6r6t6s1j553m1n6tmb6us6z55z6e34a,Kyoto,JP,0.3333333333333333,US7550581,35.0115754,135.7681441
731e6r6t6s1j553m1n6tmb6us6z55z6e34a,Tokyo,JP,0.3333333333333333,US7550581,35.6768601,139.7638947
731e6r6t6s1j553m1n6tmb6us6z55z6e34a,Saitama,JP,0.3333333333333333,US7550581,35.9754168,139.4160114
41l412z1s2o5gj3a5ll1r4f1i2k2j5p426f31,"Newton, MA",US,0.2,US7556776,42.3300435,-71.194862
41l412z1s2o5gj3a5ll1r4f1i2k2j5p426f31,"Guilford, CT",US,0.2,US7556776,41.2827593,-72.6816365
41l412z1s2o5gj3a5ll1r4f1i2k2j5p426f31,Bordeaux,FR,0.2,US7556776,44.841225,-0.5800364
41l412z1s2o5gj3a5ll1r4f1i2k2j5p426f31,"Lexington, MA",US,0.2,US7556776,42.4473175,-71.2245003
41l412z1s2o5gj3a5ll1r4f1i2k2j5p426f31,"Bolton, MA",US,0.2,US7556776,42.4342336,-71.6097744
4m3m45684427565g6d1v26691j6h4b232i38x,Rancho Santa Fe,,0.5,US7560242,33.0242314,-117.1979781
4m3m45684427565g6d1v26691j6h4b232i38x,Carlsbad,,0.5,US7560242,50.2306216,12.8701437
k5hw4c1u3l1g4q6c5146p60264qt4s6i60s,Oviedo,ES,0.5,US7560252,43.3533452,-5.8795096
k5hw4c1u3l1g4q6c5146p60264qt4s6i60s,Cambridge,GB,0.5,US7560252,52.1975846,0.1391537
66g4h40326q4i3q2y1o6b364b11s6g5i2m435k,Madison,,1.0,US7560417,43.07469,-89.3841663
1p1l3z1y1jq525h5i69264f2d4rl3u44y1r2u,Tochigi,JP,0.75,US7563611,36.6782167,139.8096549
1p1l3z1y1jq525h5i69264f2d4rl3u44y1r2u,Nagano,JP,0.25,US7563611,36.1143945,138.0319015
35xd286k5t713c5e6ra316g314e34i481p18,"Boulder, CO",US,0.8,US7572908,40.0149856,-105.270545
35xd286k5t713c5e6ra316g314e34i481p18,"Berkeley, CA",US,0.2,US7572908,37.8708393,-122.272863
136h6r1g4d5j1d652935s492o713a651m5gu3f,Haga-gun,JP,1.0,US7585674,36.5102425,140.126863
45373s4v3i3n2x3r6et704yd2u3j1o4n3g3a6l,Daejeon,KR,0.4,US7595156,36.3497007,127.3849016
45373s4v3i3n2x3r6et704yd2u3j1o4n3g3a6l,Shanghai,CN,0.6,US7595156,31.2312707,121.4700152
2i3m5a24434k645vy2x5x184s4n5g1heh6l3m,Cambridge,GB,1.0,US7595175,52.1975846,0.1391537
1y2s3o3n29m4t636e6i365z2y5g5j1r48n5tn,Bath,GB,0.3333333333333333,US7596989,51.3813864,-2.3596963
1y2s3o3n29m4t636e6i365z2y5g5j1r48n5tn,Sheffield,GB,0.3333333333333333,US7596989,53.3806626,-1.4702278
1y2s3o3n29m4t636e6i365z2y5g5j1r48n5tn,Kingsweston,GB,0.3333333333333333,US7596989,51.4949867,-2.672732
t735q27605e7367c366x25e4k2o3g3k2z51,San Francisco,,0.25,US7598341,37.7879363,-122.4075201
t735q27605e7367c366x25e4k2o3g3k2z51,Rancho Santa Fe,,0.25,US7598341,33.0242314,-117.1979781
t735q27605e7367c366x25e4k2o3g3k2z51,New York,,0.25,US7598341,40.7127281,-74.0060152
t735q27605e7367c366x25e4k2o3g3k2z51,Helsinki,FI,0.25,US7598341,60.1666204,24.9435408
k3p441x44t172o311u1y271l3xu676x1s6i1r,"Union City, CA",US,0.3333333333333333,US7601852,37.5872576,-122.0215737
k3p441x44t172o311u1y271l3xu676x1s6i1r,"Hayward, CA",US,0.3333333333333333,US7601852,37.6688205,-122.080796
k3p441x44t172o311u1y271l3xu676x1s6i1r,"San Francisco, CA",US,0.3333333333333333,US7601852,37.7879363,-122.4075201
4l2z353q3q58t111c2o281o2f30ou3i352f1n,San Francisco,,1.0,US7604805,37.7879363,-122.4075201
6r6f412c3d2o2u1b3k2u5u3v126t081n1y3n6w,Shoreview,,0.5,US7604968,45.0722056,-93.1282878
6r6f412c3d2o2u1b3k2u5u3v126t081n1y3n6w,Minneapolis,,0.5,US7604968,44.9772995,-93.2654692
3u4s251s6p286c1r4q11326a5t5nlrq3h1q1q,Liepgarten,DE,0.3333333333333333,US7608433,53.7167,14.0167
3u4s251s6p286c1r4q11326a5t5nlrq3h1q1q,Neuenkirchen,DE,0.6666666666666666,US7608433,53.8000288,13.5677591
2i111r5z6l2x4a6w1w1b4q6n4l5a1h621v3k6m61,"Wilmette, IL",US,0.3333333333333333,US7611619,42.076066,-87.7115555
2i111r5z6l2x4a6w1w1b4q6n4l5a1h621v3k6m61,Evanston,,0.6666666666666666,US7611619,42.0470043,-87.6846053
62fp726g26683b2y3p2k1d5vm3m1sg19z1v,Osnabrueck,DE,0.4,US7169553,52.2719595,8.047635
62fp726g26683b2y3p2k1d5vm3m1sg19z1v,Oberweser,DE,0.2,US7169553,51.602936,9.5997418
62fp726g26683b2y3p2k1d5vm3m1sg19z1v,Tutzing,DE,0.2,US7169553,47.9086358,11.2798244
62fp726g26683b2y3p2k1d5vm3m1sg19z1v,Iffeldorf,DE,0.2,US7169553,47.7727437,11.3200473
6e354j534k6nmc4c62475m1ue532y4n632z12,Munster,DE,1.0,US7618943,51.9625101,7.6251879
5i1b44s5j4k4wa171x6w1jmu6bni4n6q4n,"Williamsville, NY",US,0.3333333333333333,US7622248,42.9637836,-78.7377258
5i1b44s5j4k4wa171x6w1jmu6bni4n6q4n,"Amherst, NY",US,0.3333333333333333,US7622248,42.9783924,-78.7997616
5i1b44s5j4k4wa171x6w1jmu6bni4n6q4n,Tokyo,JP,0.3333333333333333,US7622248,35.6768601,139.7638947
6j2p2b2r535c5s34662f68002i5h71235m,Aachen,DE,0.5,US7625561,50.776351,6.083862
6j2p2b2r535c5s34662f68002i5h71235m,Monschau,DE,0.5,US7625561,50.5544687,6.2407954
3x67t5595e4b2f5t3zq3n5ps105v2g46w6a,"Pleasant Hill, CA",US,0.5,US7625570,37.9479786,-122.0607963
3x67t5595e4b2f5t3zq3n5ps105v2g46w6a,"Berkeley, CA",US,0.5,US7625570,37.8708393,-122.272863
5k4b5656lr2j631a5i3p296cw1k370336iq,Cambridge,GB,0.2857142857142857,US7626010,52.1975846,0.1391537
5k4b5656lr2j631a5i3p296cw1k370336iq,Carmel,,0.14285714285714285,US7626010,39.9784186,-86.1283681
5k4b5656lr2j631a5i3p296cw1k370336iq,Indianapolis,,0.2857142857142857,US7626010,39.7683331,-86.1583502
5k4b5656lr2j631a5i3p296cw1k370336iq,Dry Drayton,GB,0.14285714285714285,US7626010,52.2416457,0.0201642
5k4b5656lr2j631a5i3p296cw1k370336iq,Sharnbrook,GB,0.14285714285714285,US7626010,52.225548,-0.5508851
656m2p4zd6y124z35w72362f1b5w486n5u2326,"Bala Cynwyd, PA",US,0.5,US7629122,40.0086075,-75.235568
656m2p4zd6y124z35w72362f1b5w486n5u2326,"Philadelphia, PA",US,0.5,US7629122,39.9527237,-75.1635262
5u4l4j1t3v112w6o4y673m4q531i24t41w3971,Halle/Saale,DE,0.8333333333333334,US7642404,51.4824354,11.9712985
5u4l4j1t3v112w6o4y673m4q531i24t41w3971,Halle/Salle,DE,0.16666666666666666,US7642404,48.298979,16.3895068
6r3a1n575i6n2r2r134df665d5w465q1z6x1w14,"Berkeley, CA",US,0.5,US6667700,37.8708393,-122.272863
6r3a1n575i6n2r2r134df665d5w465q1z6x1w14,"San Francisco, CA",US,0.5,US6667700,37.7879363,-122.4075201
124ve6n1g6u1r3q451285h193w14175u54k72,Essex,GB,1.0,US7648996,51.7704679,0.4646698
5818f266s2q4h724p4742k0464a3114qs1w,Golden Valley,,0.14285714285714285,US7651855,46.9317944,-103.8668414
5818f266s2q4h724p4742k0464a3114qs1w,Merion Station,,0.14285714285714285,US7651855,39.9981758,-75.2513256
5818f266s2q4h724p4742k0464a3114qs1w,Birchwood,,0.14285714285714285,US7651855,53.4218666,-2.522364
5818f266s2q4h724p4742k0464a3114qs1w,Lansdowne,,0.14285714285714285,US7651855,39.9381682,-75.2718507
5818f266s2q4h724p4742k0464a3114qs1w,Cherry Hill,,0.14285714285714285,US7651855,39.9348351,-75.0307264
5818f266s2q4h724p4742k0464a3114qs1w,Downingtown,,0.14285714285714285,US7651855,40.0064958,-75.7032742
5818f266s2q4h724p4742k0464a3114qs1w,St. Paul,,0.14285714285714285,US7651855,44.9497487,-93.0931028
6a291u4q1i3s3au4e1s6f2u3e3a2k6z1sk285f,"Audubon, PA",US,0.3333333333333333,US7655413,40.1311744,-75.4227989
6a291u4q1i3s3au4e1s6f2u3e3a2k6z1sk285f,"San Diego, CA",US,0.6666666666666666,US7655413,32.7174202,-117.162772
h2k2v653g9th1q2t6b2s1f6s5x331l2spp,"Oakland, CA",US,0.4,US7659097,37.8044557,-122.271356
h2k2v653g9th1q2t6b2s1f6s5x331l2spp,"Berkeley, CA",US,0.2,US7659097,37.8708393,-122.272863
h2k2v653g9th1q2t6b2s1f6s5x331l2spp,"Hayward, CA",US,0.2,US7659097,37.6688205,-122.080796
h2k2v653g9th1q2t6b2s1f6s5x331l2spp,"Pacifica, CA",US,0.2,US7659097,37.5980374,-122.4995234
96t5c453a6y4si1t494c2333564u4l3i3u3z70,Shanghai,CN,1.0,US7662552,31.2312707,121.4700152
1j4242kh6a5k1i185g1d56246w5m4s5j4b261w,"Rancho Santa Fe, CA",US,0.5,US7666391,33.0242314,-117.1979781
1j4242kh6a5k1i185g1d56246w5m4s5j4b261w,"La Jolla, CA",US,0.5,US7666391,32.8458529,-117.2575702
2h1t2f1k1eq2q61653a4i453n451p731k3r571,Yokohama-shi,JP,1.0,US7670787,35.4503381,139.6343802
4an4x6y69b3037v5r2u5w5a1m382d3j546q2c,Daejeon,KR,0.875,US7670831,36.3497007,127.3849016
4an4x6y69b3037v5r2u5w5a1m382d3j546q2c,Seoul,KR,0.125,US7670831,37.5666791,126.9782914
6u4r1x2f396x1e313p2v3z4ft305j6e3tf4d6w,"Palo Alto, CA",US,0.25,US7680601,37.4443293,-122.1598465
6u4r1x2f396x1e313p2v3z4ft305j6e3tf4d6w,"San Rafael, CA",US,0.25,US7680601,37.9747795,-122.5316686
6u4r1x2f396x1e313p2v3z4ft305j6e3tf4d6w,"San Francisco, CA",US,0.5,US7680601,37.7879363,-122.4075201
1p3a4o3t6e285u631u4l4b311y38403571b3d6d,Reinach,CH,0.5,US7683159,47.4935369,7.5910891
1p3a4o3t6e285u631u4l4b311y38403571b3d6d,Riedisheim,FR,0.5,US7683159,47.7492477,7.3682858
5e36g511g1553v3b406f5d4r683a2l571v4e46,"Urbana, IL",US,1.0,US7048949,40.1117174,-88.207301
3d50395y2a3k58181s1z072665h563b2n4x6uo,Cambridge,GB,1.0,US7691576,52.1975846,0.1391537
69506uq4pg2i4za2v617242572w575p114y8,"Pasadena, CA",US,0.5,US7226768,34.1476507,-118.144155
69506uq4pg2i4za2v617242572w575p114y8,Ritterhude,DE,0.25,US7226768,53.1886097,8.7521428
69506uq4pg2i4za2v617242572w575p114y8,Gleisdorf,AT,0.25,US7226768,47.1054105,15.7098162
2pq2h73f312ka1s5m125d1d4473f42b3h5w,London,GB,1.0,US7692012,51.5074456,-0.1277653
2w6o4j1m1u5r5w1s2c64g2d3d6w5y5xz245e3b,Aichi,JP,0.8333333333333334,US7696333,34.9991645,137.254574
2w6o4j1m1u5r5w1s2c64g2d3d6w5y5xz245e3b,Gifu,JP,0.16666666666666666,US7696333,35.4230949,136.7627526
l592j3f5s5i6k474x5s6z6c2o2l5n734e3f6m43,"Del Mar, CA",US,0.5,US7700325,32.9594891,-117.2653146
l592j3f5s5i6k474x5s6z6c2o2l5n734e3f6m43,Shatin,HK,0.5,US7700325,22.3815527,114.1904697
3v2h1k2a1m4c1i2e255o5x2r46z455n41n684,"Rockville, MD",US,1.0,US7704690,39.0817985,-77.1516844
4u611s3w06b3e3g1sg113f1o1533k153b1e3k,Greifswald,DE,0.5,US7704705,54.095791,13.3815238
4u611s3w06b3e3g1sg113f1o1533k153b1e3k,Hamburg,DE,0.5,US7704705,53.5501721,10.0013165
3u171t332g5c4643p505k231532n2z232f4jt,"Oak Ridge, TN",US,0.3333333333333333,US7709133,36.0103562,-84.2696449
3u171t332g5c4643p505k231532n2z232f4jt,"Knoxville, TN",US,0.3333333333333333,US7709133,35.9603948,-83.9210261
3u171t332g5c4643p505k231532n2z232f4jt,Surrey,GB,0.3333333333333333,US7709133,51.2715316,-0.3414524
16152x4a6a1l4363465r69l186z4xv5k1r4f14,Houston,,1.0,US7709259,29.7589382,-95.3676974
405m6fj1m5v6q5g6r352zexz1465n35v12,"Port Matilda, PA",US,0.5,US7711490,40.7996651,-78.0541814
405m6fj1m5v6q5g6r352zexz1465n35v12,"State College, PA",US,0.5,US7711490,40.7944504,-77.8616386
4w35a5a1u664e2w4616201t1q15645z466yy,La Jolla,,0.8,US7713778,32.8458529,-117.2575702
4w35a5a1u664e2w4616201t1q15645z466yy,Cardiff,,0.2,US7713778,51.4816546,-3.1791934
4wr1ye4nb5a6f05q1a6v20512c2s331ay5,"Los Angeles, CA",US,0.4,US7713927,34.0536909,-118.242766
4wr1ye4nb5a6f05q1a6v20512c2s331ay5,"Ellensburg, WA",US,0.2,US7713927,46.9970635,-120.545122
4wr1ye4nb5a6f05q1a6v20512c2s331ay5,"Laguna Niguel, CA",US,0.2,US7713927,33.5225261,-117.7075526
4wr1ye4nb5a6f05q1a6v20512c2s331ay5,"Sequim, WA",US,0.2,US7713927,48.0849312,-123.1096706
3t4j4g6w675f5w6k71545z67y2w4z6z6d5r,"Raleigh, NC",US,0.5,US7718410,35.7803977,-78.6390989
3t4j4g6w675f5w6k71545z67y2w4z6z6d5r,"La Jolla, CA",US,0.5,US7718410,32.8458529,-117.2575702
6t1a341v4h502nt352r7228212a1p5t5g5n6i9,"Madison, WI",US,1.0,US7722824,43.07469,-89.3841663
6c3l1bd2ex212v5k4u2k4vq3qp5t6oy2i10,"Somerville, MA",US,0.3333333333333333,US7722894,42.3875968,-71.0994968
6c3l1bd2ex212v5k4u2k4vq3qp5t6oy2i10,"Chicago, IL",US,0.3333333333333333,US7722894,41.8755616,-87.6244212
6c3l1bd2ex212v5k4u2k4vq3qp5t6oy2i10,"Newton, MA",US,0.3333333333333333,US7722894,42.3300435,-71.194862
g3y3g5f4t2o6t4j5ch4m15134b495y64376u3f,Hamden,,0.5,US7723069,41.3836233,-72.9020069
g3y3g5f4t2o6t4j5ch4m15134b495y64376u3f,New Haven,,0.5,US7723069,41.3082138,-72.9250518
1824381m4y5l2554q4f6a1f1d32w421v2yc2b,"Rockville, MD",US,0.3333333333333333,US7723077,39.0817985,-77.1516844
1824381m4y5l2554q4f6a1f1d32w421v2yc2b,"Reisterstown, MD",US,0.3333333333333333,US7723077,39.4695489,-76.8294213
1824381m4y5l2554q4f6a1f1d32w421v2yc2b,"Crofton, MD",US,0.3333333333333333,US7723077,39.0159547,-76.6842057
83j401b1f2sg4o1t3n5j3z8522n5d3f55r2z,Mannheim,DE,0.3333333333333333,US7723574,49.4892913,8.4673098
83j401b1f2sg4o1t3n5j3z8522n5d3f55r2z,Hertfordshire,GB,0.3333333333333333,US7723574,51.8400523,-0.0978552
83j401b1f2sg4o1t3n5j3z8522n5d3f55r2z,St. Albans,GB,0.3333333333333333,US7723574,51.753051,-0.3379675
3s69z1d4t4g1r72493j1f136j666r2m3tcq6b,Pushchino,RU,0.3333333333333333,US7732174,54.8347213,37.6139685
3s69z1d4t4g1r72493j1f136j666r2m3tcq6b,"Lakewood, CO",US,0.6666666666666666,US7732174,39.7085736,-105.0846694
5s6v69464y5h632e704s4f4t1u37274r2k215m2r,Cambridge,GB,0.5,US7195866,52.1975846,0.1391537
5s6v69464y5h632e704s4f4t1u37274r2k215m2r,"Kensington, CA",US,0.16666666666666666,US7195866,37.908433,-122.2765838
5s6v69464y5h632e704s4f4t1u37274r2k215m2r,Babraham,GB,0.16666666666666666,US7195866,52.1300968,0.2094278
5s6v69464y5h632e704s4f4t1u37274r2k215m2r,Linley Point,AU,0.16666666666666666,US7195866,-33.8272222,151.15
yk3t3jn675s6c6n264z5x2wg1x5ado6dz,"La Jolla, CA",US,0.6666666666666666,US7734420,32.8458529,-117.2575702
yk3t3jn675s6c6n264z5x2wg1x5ado6dz,"San Diego, CA",US,0.3333333333333333,US7734420,32.7174202,-117.162772
6p1t6z3qu24694l2550x2c3h6n4u5q6m5x1t4n,Eagle,,0.125,US7734423,39.6161124,-106.7172844
6p1t6z3qu24694l2550x2c3h6n4u5q6m5x1t4n,Meridian,,0.25,US7734423,32.3643098,-88.703656
6p1t6z3qu24694l2550x2c3h6n4u5q6m5x1t4n,Boise,,0.375,US7734423,43.6166163,-116.200886
6p1t6z3qu24694l2550x2c3h6n4u5q6m5x1t4n,Nampa,,0.125,US7734423,43.5780381,-116.5616885
6p1t6z3qu24694l2550x2c3h6n4u5q6m5x1t4n,Caldwell,,0.125,US7734423,29.8298971,-97.5959641
6a604x16o0o9p6k49312b3714670513da,Copenhagen N,DK,0.3333333333333333,US7736884,55.6867243,12.5700724
6a604x16o0o9p6k49312b3714670513da,Copenhagen V,DK,0.3333333333333333,US7736884,55.6867243,12.5700724
6a604x16o0o9p6k49312b3714670513da,Charlottenlund,DK,0.3333333333333333,US7736884,55.7552973,12.5671103
192719172m5z1u6p76j1d25gf383m3z725o1c,Winchester,,0.3333333333333333,US7695932,51.0612766,-1.3131692
192719172m5z1u6p76j1d25gf383m3z725o1c,Cambridge,,0.6666666666666666,US7695932,52.1975846,0.1391537
6s0j714e632f5ki1e4y4c3m1u1rl3iue3m,Cambridge,,0.16666666666666666,US7741130,52.1975846,0.1391537
6s0j714e632f5ki1e4y4c3m1u1rl3iue3m,Chicago,,0.16666666666666666,US7741130,41.8755616,-87.6244212
6s0j714e632f5ki1e4y4c3m1u1rl3iue3m,Arlington,,0.16666666666666666,US7741130,32.7355816,-97.1071186
6s0j714e632f5ki1e4y4c3m1u1rl3iue3m,Champaign,,0.16666666666666666,US7741130,40.1164841,-88.2430932
6s0j714e632f5ki1e4y4c3m1u1rl3iue3m,Bron,FR,0.16666666666666666,US7741130,45.7337532,4.9092352
6s0j714e632f5ki1e4y4c3m1u1rl3iue3m,Newton,,0.16666666666666666,US7741130,30.8118989,-93.740504
p1j5v43u371a4b196l42641n4a2i2o621s42b,Gainesville,,1.0,US7741294,29.6519684,-82.3249846
36453q5b23353g2628o206k6v6s1x4g1h3x4xv,"Berkeley, CA",US,0.4,US7745108,37.8708393,-122.272863
36453q5b23353g2628o206k6v6s1x4g1h3x4xv,"Albany, CA",US,0.2,US7745108,37.8871621,-122.298351
36453q5b23353g2628o206k6v6s1x4g1h3x4xv,"Kensington, CA",US,0.2,US7745108,37.908433,-122.2765838
36453q5b23353g2628o206k6v6s1x4g1h3x4xv,"Oakland, CA",US,0.2,US7745108,37.8044557,-122.271356
3gr4zw6124n1s5525183l1q5z1h1v202i5w4b,"Wako-shi, Saitama",JP,0.75,US7745417,35.7817053,139.6058692
3gr4zw6124n1s5525183l1q5z1h1v202i5w4b,"Yokohama-shi, Kanagawa",JP,0.25,US7745417,35.4503381,139.6343802
5o324w3x1e6i5na1k5i422r1xb4y6u4n1nt3v,Kyoto,JP,1.0,US7745473,35.0115754,135.7681441
g1z2x6he60f4u6l2q4o711d595c6c1p135m4i,Amagasaki-shi,JP,0.6666666666666666,US7747390,34.7339783,135.4064015
g1z2x6he60f4u6l2q4o711d595c6c1p135m4i,Amagasaki-hsi,JP,0.3333333333333333,US7747390,,
4e6p6426dj6s5b6v1z341y4v5t61534w5o616l,Spaichingen,DE,0.14285714285714285,US7749366,48.0730713,8.7391941
4e6p6426dj6s5b6v1z341y4v5t61534w5o616l,Woods Hole,DE,0.14285714285714285,US7749366,41.5094453,-81.2049902
4e6p6426dj6s5b6v1z341y4v5t61534w5o616l,Messel,DE,0.14285714285714285,US7749366,49.9369643,8.7449232
4e6p6426dj6s5b6v1z341y4v5t61534w5o616l,Darmstadt,DE,0.14285714285714285,US7749366,49.872775,8.651177
4e6p6426dj6s5b6v1z341y4v5t61534w5o616l,Berjeu,NO,0.14285714285714285,US7749366,,
4e6p6426dj6s5b6v1z341y4v5t61534w5o616l,Lorsch,DE,0.14285714285714285,US7749366,49.6546967,8.5682813
4e6p6426dj6s5b6v1z341y4v5t61534w5o616l,Heppenheim,DE,0.14285714285714285,US7749366,49.64999,8.66768
434r6m4h4w6x2f174y1c6z2863st3n5h15w44,"San Diego, CA",US,0.2,US7751981,32.7174202,-117.162772
434r6m4h4w6x2f174y1c6z2863st3n5h15w44,Copenhagen,DK,0.2,US7751981,55.6867243,12.5700724
434r6m4h4w6x2f174y1c6z2863st3n5h15w44,"Honolulu, HI",US,0.2,US7751981,21.304547,-157.855676
434r6m4h4w6x2f174y1c6z2863st3n5h15w44,Charlottenlund,DK,0.2,US7751981,55.7552973,12.5671103
434r6m4h4w6x2f174y1c6z2863st3n5h15w44,"La Jolla, CA",US,0.2,US7751981,32.8458529,-117.2575702
2i5d5f1r1e1v252b4c376t65p6jt86s5j2k6,Yuseong-gu,KR,0.16666666666666666,US7752540,36.3620732,127.3564099
2i5d5f1r1e1v252b4c376t65p6jt86s5j2k6,Seoul,KR,0.3333333333333333,US7752540,37.5666791,126.9782914
2i5d5f1r1e1v252b4c376t65p6jt86s5j2k6,Yongin-si,KR,0.3333333333333333,US7752540,37.2405741,127.1785572
2i5d5f1r1e1v252b4c376t65p6jt86s5j2k6,Nam-gu,KR,0.16666666666666666,US7752540,35.1361,129.0843999
52412y4l1vvd6k5f2e72545p1j481m5uh484q,"La Jolla, CA",US,0.5,US7759129,32.8458529,-117.2575702
52412y4l1vvd6k5f2e72545p1j481m5uh484q,Stuttgart,DE,0.25,US7759129,48.7784485,9.1800132
52412y4l1vvd6k5f2e72545p1j481m5uh484q,Avondale,NZ,0.25,US7759129,-43.5029022,172.6874181
3v216u6n2f3f1b3u4t6ec1a3v7357493y4b5y41,"Santa Cruz, CA",US,1.0,US7772390,37.050096,-121.99059
5z5m4us381c4c336613365v9l6r1l1o2s284c,New York,,0.3333333333333333,US7772543,40.7127281,-74.0060152
5z5m4us381c4c336613365v9l6r1l1o2s284c,Philadelphia,,0.16666666666666666,US7772543,39.9527237,-75.1635262
5z5m4us381c4c336613365v9l6r1l1o2s284c,Cambridge,,0.3333333333333333,US7772543,52.1975846,0.1391537
5z5m4us381c4c336613365v9l6r1l1o2s284c,Ridgefield,,0.16666666666666666,US7772543,41.2814842,-73.4981792
4151655j1ub9q2n61xr2293h302x1mt,"Lancaster, PA",US,1.0,US7776535,40.0379958,-76.3056707
61e383765c694yr2fu1tr2c3uv105w5e2j,Uffing,DE,0.3333333333333333,US7781165,47.7144384,11.1506437
61e383765c694yr2fu1tr2c3uv105w5e2j,Iffeldorf,DE,0.3333333333333333,US7781165,47.7727437,11.3200473
61e383765c694yr2fu1tr2c3uv105w5e2j,Weilheim,DE,0.3333333333333333,US7781165,47.8395072,11.1416355
601c5v4ybw3ay3m3s3n5j1s6tv5at361i3,Rodersheim-Gronau,DE,0.16666666666666666,US7785847,49.4299651,8.2659966
601c5v4ybw3ay3m3s3n5j1s6tv5at361i3,Mannheim,DE,0.16666666666666666,US7785847,49.4892913,8.4673098
601c5v4ybw3ay3m3s3n5j1s6tv5at361i3,Fussgonheim,DE,0.16666666666666666,US7785847,49.4601777,8.2928057
601c5v4ybw3ay3m3s3n5j1s6tv5at361i3,Darmstadt,DE,0.16666666666666666,US7785847,49.872775,8.651177
601c5v4ybw3ay3m3s3n5j1s6tv5at361i3,Limburgerhof,DE,0.16666666666666666,US7785847,49.4226572,8.3933508
601c5v4ybw3ay3m3s3n5j1s6tv5at361i3,Nussloch,DE,0.16666666666666666,US7785847,49.3228653,8.6959385
5t2a4xd3qc401k5x5k5e4xd706ta4d616h5,"San Diego, CA",US,0.5,US7788041,32.7174202,-117.162772
5t2a4xd3qc401k5x5k5e4xd706ta4d616h5,"Scottsdale, AZ",US,0.25,US7788041,33.4942189,-111.926018
5t2a4xd3qc401k5x5k5e4xd706ta4d616h5,"La Jolla, CA",US,0.25,US7788041,32.8458529,-117.2575702
5260391xs376j6x4x181u4m3w3tkq4y6l4e2d,Bremen,DE,1.0,US7790374,53.0758196,8.8071646
69271v343o735v6g3a6x1o2xc313r1e6v2t2m,"Boulder, CO",US,0.8,US7790387,40.0149856,-105.270545
69271v343o735v6g3a6x1o2xc313r1e6v2t2m,"Berkeley, CO",US,0.2,US7790387,39.7752306,-105.0369562
2r2l733168486p3b1m4g696x426c4e6h164q5v5n,Gyeonggi-do,KR,1.0,US7790424,37.2884675,127.0535231
111c3x48lf4p6e12b06r6u2bj695h1zq5a,Darmstadt,DE,1.0,US7790436,49.872775,8.651177
6t3c543w5w5m3k5v5m1e4bm1y2rh495z4d4r3c,Shizuoka,JP,0.5,US7793787,34.9751974,138.3831697
6t3c543w5w5m3k5v5m1e4bm1y2rh495z4d4r3c,Edinburgh,GB,0.5,US7793787,55.9533456,-3.1883749
6l4n5s1u4w6wi3b4j6a3e6b3g2x2z1735625p2c,"Gainesville, FL",US,0.5,US7794936,29.6519684,-82.3249846
6l4n5s1u4w6wi3b4j6a3e6b3g2x2z1735625p2c,"Cambridge, MA",US,0.5,US7794936,42.3656347,-71.1040018
2l3yc704h83f3c63155ea6r602z33u403x4b,"Lexington, MA",US,0.5,US7797647,42.4473175,-71.2245003
2l3yc704h83f3c63155ea6r602z33u403x4b,"Peabody, MA",US,0.5,US7797647,42.5278731,-70.9286609
u1p723o1n4e722h65k5g422b4f481s112mf2f,"Waltham, MA",US,0.25,US6991903,42.3762385,-71.2355644
u1p723o1n4e722h65k5g422b4f481s112mf2f,"Boston, MA",US,0.5,US6991903,42.3588336,-71.0578303
u1p723o1n4e722h65k5g422b4f481s112mf2f,"Concord, MA",US,0.25,US6991903,42.4605189,-71.3488963
1o2i661r112h5s1nf15q4x6b5x6w4n5v3p26c,"Goleta, CA",US,0.3333333333333333,US7803542,34.4358295,-119.8276389
1o2i661r112h5s1nf15q4x6b5x6w4n5v3p26c,"Santa Barbara, CA",US,0.6666666666666666,US7803542,34.4221319,-119.702667
6g466l63211d6n2q695u6f4dd26k425a192xf,Daejeon,KR,0.6,US7803587,36.3497007,127.3849016
6g466l63211d6n2q695u6f4dd26k425a192xf,Yongin-si,KR,0.2,US7803587,37.2405741,127.1785572
6g466l63211d6n2q695u6f4dd26k425a192xf,Gyeongsangnam-do,KR,0.2,US7803587,35.3878276,128.3662341
2mq3k2l5c724r4p681j1l05v2y5s3yb3d5c3x,Essex,GB,1.0,US7803808,51.7704679,0.4646698
2f553x5f5b3s2055n3a6x3o21212k2t3t3c401i,Belmont,,0.2,US7805252,48.4095949,7.234863
2f553x5f5b3s2055n3a6x3o21212k2t3t3c401i,Redwood City,,0.4,US7805252,37.4863239,-122.232523
2f553x5f5b3s2055n3a6x3o21212k2t3t3c401i,Mountain View,,0.2,US7805252,37.3893889,-122.0832101
2f553x5f5b3s2055n3a6x3o21212k2t3t3c401i,Los Altos,,0.2,US7805252,42.7811566,-3.6202096
5c4h465x45v363j5lz51s3b3l2q6z631y23g,"Cockeysville, MD",US,0.14285714285714285,US7820227,39.4837588,-76.6235105
5c4h465x45v363j5lz51s3b3l2q6z631y23g,"Clarksville, MD",US,0.14285714285714285,US7820227,39.2065447,-76.9429182
5c4h465x45v363j5lz51s3b3l2q6z631y23g,"Lexington, MA",US,0.14285714285714285,US7820227,42.4473175,-71.2245003
5c4h465x45v363j5lz51s3b3l2q6z631y23g,"Beltsville, MD",US,0.14285714285714285,US7820227,39.0397735,-76.9271851
5c4h465x45v363j5lz51s3b3l2q6z631y23g,"North Potomac, MD",US,0.14285714285714285,US7820227,39.0985183,-77.2377429
5c4h465x45v363j5lz51s3b3l2q6z631y23g,"Rockville, MD",US,0.14285714285714285,US7820227,39.0817985,-77.1516844
5c4h465x45v363j5lz51s3b3l2q6z631y23g,"Annapolis, MD",US,0.14285714285714285,US7820227,38.9786401,-76.492786
4w250403x1c5ql102v1b63114i4w6oh1n6b4v,"Madison, WI",US,0.8333333333333334,US7820412,43.07469,-89.3841663
4w250403x1c5ql102v1b63114i4w6oh1n6b4v,"Sauk City, WI",US,0.16666666666666666,US7820412,43.2715944,-89.7226827
l1i1m6v3t5v5d463x4a60o7106e24k695z3q,"Houston, TX",US,0.6666666666666666,US7822782,29.7589382,-95.3676974
l1i1m6v3t5v5d463x4a60o7106e24k695z3q,"Manuel, TX",US,0.3333333333333333,US7822782,30.3967093,-97.7492765
3y1n1e5k4916p21165g6o4u6u3o2t5og1q3537,Nagano,JP,0.5,US7829322,36.1143945,138.0319015
3y1n1e5k4916p21165g6o4u6u3o2t5og1q3537,Tochigi,JP,0.5,US7829322,36.6782167,139.8096549
6j4r282y6c1f2u44f3f32z601162186d63z1q,"La Jolla, CA",US,0.5,US7833784,32.8458529,-117.2575702
6j4r282y6c1f2u44f3f32z601162186d63z1q,Regensdorf,CH,0.5,US7833784,47.4317645,8.4680435
6u4j1m222v4d4m1d355d6go474v2b3e56666r5d,"White Plains, NY",US,0.5,US7834038,41.0339862,-73.7629097
6u4j1m222v4d4m1d355d6go474v2b3e56666r5d,"Tuckahoe, NY",US,0.5,US7834038,40.9051175,-72.4393477
47nk910201d46pi1n4x4e1w50b69583q52,Yokohama-shi,JP,1.0,US7838243,35.4503381,139.6343802
4b276r3z6c1p3n652s16na3y5fu1d1d5k2h1h,"Boulder, CO",US,0.5,US7846688,40.0149856,-105.270545
4b276r3z6c1p3n652s16na3y5fu1d1d5k2h1h,"Westminster, CO",US,0.5,US7846688,39.8366528,-105.0372046
t205p6m5h3b295j1h304x4z206825e5e305yo,Mondonville,FR,0.125,US7846874,43.6714225,1.2862359
t205p6m5h3b295j1h304x4z206825e5e305yo,Renneville,FR,0.125,US7846874,43.3811,1.7240346
t205p6m5h3b295j1h304x4z206825e5e305yo,Paris,FR,0.125,US7846874,48.8534951,2.3483915
t205p6m5h3b295j1h304x4z206825e5e305yo,Auzielle,FR,0.125,US7846874,43.5415799,1.5664791
t205p6m5h3b295j1h304x4z206825e5e305yo,Odars,FR,0.125,US7846874,43.5238801,1.5895365
t205p6m5h3b295j1h304x4z206825e5e305yo,Morsang sur Orge,FR,0.125,US7846874,48.6641415,2.3527728
t205p6m5h3b295j1h304x4z206825e5e305yo,Lyon,FR,0.125,US7846874,45.7578137,4.8320114
t205p6m5h3b295j1h304x4z206825e5e305yo,Serezin du Rhone,FR,0.125,US7846874,45.6283376,4.8247139
302x601s3v183gs314i3x2f151t61282u5q5e1d,"Canton, MA",US,0.3333333333333333,US7846891,42.1584324,-71.1447732
302x601s3v183gs314i3x2f151t61282u5q5e1d,"Somerville, MA",US,0.3333333333333333,US7846891,42.3875968,-71.0994968
302x601s3v183gs314i3x2f151t61282u5q5e1d,"Lexington, MA",US,0.3333333333333333,US7846891,42.4473175,-71.2245003
281k4z284c8e663f3g2u576z4s5d4u2e246p2e,"Los Angeles, CA",US,0.42857142857142855,US7846895,34.0536909,-118.242766
281k4z284c8e663f3g2u576z4s5d4u2e246p2e,"Ellensburg, WA",US,0.14285714285714285,US7846895,46.9970635,-120.545122
281k4z284c8e663f3g2u576z4s5d4u2e246p2e,"Laguna Niguel, CA",US,0.14285714285714285,US7846895,33.5225261,-117.7075526
281k4z284c8e663f3g2u576z4s5d4u2e246p2e,"Venice, CA",US,0.14285714285714285,US7846895,33.995044,-118.4668875
281k4z284c8e663f3g2u576z4s5d4u2e246p2e,"Sequim, WA",US,0.14285714285714285,US7846895,48.0849312,-123.1096706
33394m6q3k552e4w33t1tj235mb1s3q70l1p,"Pleasant Hill, CA",US,0.5,US7851196,37.9479786,-122.0607963
33394m6q3k552e4w33t1tj235mb1s3q70l1p,"Silver Spring, MD",US,0.5,US7851196,38.9997621,-77.0240371
32102y4e5h2o1yb5f2n4k3c2o4c694b6n3d7139,"Alameda, CA",US,0.25,US7855192,37.6090291,-121.899142
32102y4e5h2o1yb5f2n4k3c2o4c694b6n3d7139,"Castro Valley, CA",US,0.25,US7855192,37.713606,-122.0715658
32102y4e5h2o1yb5f2n4k3c2o4c694b6n3d7139,"San Mateo, CA",US,0.25,US7855192,37.496904,-122.3330573
32102y4e5h2o1yb5f2n4k3c2o4c694b6n3d7139,"Foster City, CA",US,0.25,US7855192,37.5600336,-122.2688522
3w2o2d245b3n4a6k1h2s6f5q2m5z1s5n3b1y23,"Boulder, CO",US,0.8,US7855281,40.0149856,-105.270545
3w2o2d245b3n4a6k1h2s6f5q2m5z1s5n3b1y23,"Berkeley, CA",US,0.2,US7855281,37.8708393,-122.272863
3q292y1e693e4b543oy585t7333166p3q5j5c67,"Ann Arbor, MI",US,0.16666666666666666,US7858965,42.2813722,-83.7484616
3q292y1e693e4b543oy585t7333166p3q5j5c67,"Pasadena, CA",US,0.16666666666666666,US7858965,34.1476507,-118.144155
3q292y1e693e4b543oy585t7333166p3q5j5c67,"El Cerrito, CA",US,0.16666666666666666,US7858965,37.9154056,-122.301411
3q292y1e693e4b543oy585t7333166p3q5j5c67,"Cambridge, MA",US,0.3333333333333333,US7858965,42.3656347,-71.1040018
3q292y1e693e4b543oy585t7333166p3q5j5c67,"Lexington, MA",US,0.16666666666666666,US7858965,42.4473175,-71.2245003
2j6i6x6j4z3y2d6i5y1it1w4c41w3f5ct6h6o,"Chapel Hill, NC",US,0.5,US7862829,35.9131542,-79.05578
2j6i6x6j4z3y2d6i5y1it1w4c41w3f5ct6h6o,"Raleigh, NC",US,0.5,US7862829,35.7803977,-78.6390989
1h451v4h2dw3l2w5dl6tp3t4m4z4s65t371,"La Canada, CA",US,0.3333333333333333,US7524664,33.7301661,-117.7638553
1h451v4h2dw3l2w5dl6tp3t4m4z4s65t371,"Pasadena, CA",US,0.6666666666666666,US7524664,34.1476507,-118.144155
6p1d1x1r6e2q22212q1l3u4r53t195a51c244a,Kraainem,BE,0.3333333333333333,US7863045,50.8425698,4.4692034
6p1d1x1r6e2q22212q1l3u4r53t195a51c244a,Aberdeen,GB,0.3333333333333333,US7863045,57.1482429,-2.0928095
6p1d1x1r6e2q22212q1l3u4r53t195a51c244a,Bromley,GB,0.3333333333333333,US7863045,51.4028046,0.0148142
6r6q255u5j2f4k1o3uhe6g555i493f5m4h4pk,San Jose,,0.5,US7875463,37.3361663,-121.890591
6r6q255u5j2f4k1o3uhe6g555i493f5m4h4pk,Mountain View,,0.25,US7875463,37.3893889,-122.0832101
6r6q255u5j2f4k1o3uhe6g555i493f5m4h4pk,Cupertino,,0.25,US7875463,37.3228934,-122.0322895
h1r243k393c513y1e4wn5j216q3o38551qn63,"Medford, MA",US,0.2,US7879580,42.4184296,-71.1061639
h1r243k393c513y1e4wn5j216q3o38551qn63,"Cambridge, MA",US,0.4,US7879580,42.3656347,-71.1040018
h1r243k393c513y1e4wn5j216q3o38551qn63,"Newton, MA",US,0.2,US7879580,42.3300435,-71.194862
h1r243k393c513y1e4wn5j216q3o38551qn63,"Napa, CA",US,0.2,US7879580,38.4898675,-122.3218414
2b574p3u4ya62426i1a6v2h46253i2n6w3n726r,"San Francisco, CA",US,1.0,US7879590,37.7879363,-122.4075201
3u51383n141q6r635x222p4s2701l2t5a5u3m4s,Annapolis,,0.125,US7790010,38.9786401,-76.492786
3u51383n141q6r635x222p4s2701l2t5a5u3m4s,Rockville,,0.125,US7790010,39.0817985,-77.1516844
3u51383n141q6r635x222p4s2701l2t5a5u3m4s,Cockeysville,,0.125,US7790010,39.4837588,-76.6235105
3u51383n141q6r635x222p4s2701l2t5a5u3m4s,Clarksville,,0.125,US7790010,36.5277607,-87.3588703
3u51383n141q6r635x222p4s2701l2t5a5u3m4s,North Potomac,,0.125,US7790010,39.0985183,-77.2377429
3u51383n141q6r635x222p4s2701l2t5a5u3m4s,Ellicott City,,0.125,US7790010,39.2757359,-76.8317417
3u51383n141q6r635x222p4s2701l2t5a5u3m4s,Bethesda,,0.125,US7790010,38.9812726,-77.1233587
3u51383n141q6r635x222p4s2701l2t5a5u3m4s,Silver Spring,,0.125,US7790010,38.9997621,-77.0240371
1p684g3h584j1v4n1z3ks6c2k5j575p3o2k5u6c,"Berkeley, CA",US,1.0,US7888095,37.8708393,-122.272863
4r2w4iq6v568536c538w461434o570v39,Tokyo,JP,1.0,US7888516,35.6768601,139.7638947
5f2l4m3t2q5q3t286017j3we405v2a2g5d4h5m,"La Jolla, CA",US,0.25,US7889954,32.8458529,-117.2575702
5f2l4m3t2q5q3t286017j3we405v2a2g5d4h5m,"LaJolla, CA",US,0.25,US7889954,32.8686951,-117.2305541
5f2l4m3t2q5q3t286017j3we405v2a2g5d4h5m,"El Centro, CA",US,0.25,US7889954,32.792,-115.563051
5f2l4m3t2q5q3t286017j3we405v2a2g5d4h5m,"Jefferson Hills, PA",US,0.25,US7889954,40.2911809,-79.9319942
2b6p183s2963j50u485t5g2xt6c5f36134r5k,"Champaign, IL",US,0.5,US7892804,40.1164841,-88.2430932
2b6p183s2963j50u485t5g2xt6c5f36134r5k,"Urbana, IL",US,0.5,US7892804,40.1117174,-88.207301
5e372l6h2h5h2j1z2x2vg1lh3w6470f6n476p,Beijing,CN,0.4,US7238508,39.9057136,116.3912972
5e372l6h2h5h2j1z2x2vg1lh3w6470f6n476p,Shanghai,CN,0.2,US7238508,31.2312707,121.4700152
5e372l6h2h5h2j1z2x2vg1lh3w6470f6n476p,Chengdu,CN,0.2,US7238508,30.659867,104.063315
5e372l6h2h5h2j1z2x2vg1lh3w6470f6n476p,"Madison, WI",US,0.2,US7238508,43.07469,-89.3841663
1k3v4eq184wa3zr5c484r14612564i5a301m,Daejeon,KR,1.0,US7897366,36.3497007,127.3849016
69381r603r1d213e5a703gz1i3m3d4h5k5v1f4j,"St. Paul, MN",US,0.5,US7897369,44.9497487,-93.0931028
69381r603r1d213e5a703gz1i3m3d4h5k5v1f4j,"Davis, CA",US,0.5,US7897369,38.5435526,-121.739005
26y681y1b4s6j6x35s6e421z5r1i4e57396u59,Little Chesterford,GB,1.0,US7897608,52.0538716,0.2105189
t4y6sl4k6n421m1r156p6372124m4051j2z2c,"Menlo Park, CA",US,0.3333333333333333,US7897747,37.4519671,-122.177992
t4y6sl4k6n421m1r156p6372124m4051j2z2c,"Cupertino, CA",US,0.3333333333333333,US7897747,37.3228934,-122.0322895
t4y6sl4k6n421m1r156p6372124m4051j2z2c,"Palo Alto, CA",US,0.3333333333333333,US7897747,37.4443293,-122.1598465
52615o1j2w832541qi20575s3nnk5q1hd1t,Chula Vista,,0.25,US7420366,32.6400541,-117.084195
52615o1j2w832541qi20575s3nnk5q1hd1t,San Diego,,0.75,US7420366,32.7174202,-117.162772
2w3v4l2j2x3n2p1y3n4a334564w5teu1zg5f,"Palo Alto, CA",US,0.5,US7914987,37.4443293,-122.1598465
2w3v4l2j2x3n2p1y3n4a334564w5teu1zg5f,"Stanford, CA",US,0.5,US7914987,37.4265407,-122.1703055
2d2n5619f183p4x3s1b6n4i2h42d1b366n5c3t,"Rocklege, PA",US,0.3333333333333333,US7919610,,
2d2n5619f183p4x3s1b6n4i2h42d1b366n5c3t,"Oreland, PA",US,0.3333333333333333,US7919610,40.115489,-75.1811616
2d2n5619f183p4x3s1b6n4i2h42d1b366n5c3t,"Winchester, MA",US,0.3333333333333333,US7919610,42.4523178,-71.1369982
m3o2a4t4w242046p058a1q273j5i1l3p3l60,"La Jolla, CA",US,0.5,US7127379,32.8458529,-117.2575702
m3o2a4t4w242046p058a1q273j5i1l3p3l60,"Newark, DE",US,0.5,US7127379,39.6828358,-75.7515682
6te3q5470276bne3k6z1m6c6o265l3o1dw40,Kanagawa,JP,1.0,US7921105,35.4342935,139.374753
6r253k5e4uq6z1k218f2x43d4g2z3p11406f,"Mesa, AZ",US,0.25,US7922891,33.4151005,-111.831455
6r253k5e4uq6z1k218f2x43d4g2z3p11406f,"Scottsdale, AZ",US,0.5,US7922891,33.4942189,-111.926018
6r253k5e4uq6z1k218f2x43d4g2z3p11406f,"Tempe, AZ",US,0.25,US7922891,33.4255117,-111.940016
33s305z3q72f2pj4x131p304d6p444s2w1h4p,Lexington,,0.3333333333333333,US7923109,38.0464066,-84.4970393
33s305z3q72f2pj4x131p304d6p444s2w1h4p,Austin,,0.3333333333333333,US7923109,30.2711286,-97.7436995
33s305z3q72f2pj4x131p304d6p444s2w1h4p,Somerville,,0.3333333333333333,US7923109,42.3875968,-71.0994968
4k2t1h4o2d38d2m226p1q95wn712t385y4y6u,"Gainesville, FL",US,0.5,US7924059,29.6519684,-82.3249846
4k2t1h4o2d38d2m226p1q95wn712t385y4y6u,Velachery,IN,0.25,US7924059,12.9801655,80.2228506
4k2t1h4o2d38d2m226p1q95wn712t385y4y6u,"San Diego, CA",US,0.25,US7924059,32.7174202,-117.162772
4au2k136v1b2w5t4106n4r704k5w4a3z6m281w,"Berkely, CA",US,0.16666666666666666,US7927794,37.6529422,-121.7783254
4au2k136v1b2w5t4106n4r704k5w4a3z6m281w,"Berkeley, CA",US,0.16666666666666666,US7927794,37.8708393,-122.272863
4au2k136v1b2w5t4106n4r704k5w4a3z6m281w,"Oakland, CA",US,0.16666666666666666,US7927794,37.8044557,-122.271356
4au2k136v1b2w5t4106n4r704k5w4a3z6m281w,"Richmond, CA",US,0.16666666666666666,US7927794,37.9357576,-122.347748
4au2k136v1b2w5t4106n4r704k5w4a3z6m281w,"San Francisco, CA",US,0.16666666666666666,US7927794,37.7879363,-122.4075201
4au2k136v1b2w5t4106n4r704k5w4a3z6m281w,"Kensington, CA",US,0.16666666666666666,US7927794,37.908433,-122.2765838
46n5v365x5s451a6a4fz1m5a16476g5d5o4c67,Montreal,CA,0.5,US7932080,45.5031824,-73.5698065
46n5v365x5s451a6a4fz1m5a16476g5d5o4c67,"San Diego, CA",US,0.5,US7932080,32.7174202,-117.162772
5w3m5b73371n2sa6q1p412r13274m1j5tv5w21,"Arlington, MA",US,0.25,US7932213,42.4153739,-71.1564428
5w3m5b73371n2sa6q1p412r13274m1j5tv5w21,"Cambridge, MA",US,0.5,US7932213,42.3656347,-71.1040018
5w3m5b73371n2sa6q1p412r13274m1j5tv5w21,"Boston, MA",US,0.25,US7932213,42.3588336,-71.0578303
6t203v1b4q1k24425v4hg1nf5r471m02y3r3g,"New York, NY",US,1.0,US7939170,40.7127281,-74.0060152
7431pi3n6e1v4oh3i1f4m2j1mi51325i6j5n,"Vista, CA",US,0.5,US7939331,33.2021425,-117.2424805
7431pi3n6e1v4oh3i1f4m2j1mi51325i6j5n,"San Marcos, CA",US,0.25,US7939331,33.1352995,-117.1743395
7431pi3n6e1v4oh3i1f4m2j1mi51325i6j5n,"Escondido, CA",US,0.25,US7939331,33.1216751,-117.0814849
r25s3l5b1e2s6n1r2o516g2z1vc5919641ga,Somerville,,0.25,US7943179,42.3875968,-71.0994968
r25s3l5b1e2s6n1r2o516g2z1vc5919641ga,Middleton,,0.25,US7943179,54.257583,-0.8002331
r25s3l5b1e2s6n1r2o516g2z1vc5919641ga,Framingham,,0.25,US7943179,42.2773177,-71.4165905
r25s3l5b1e2s6n1r2o516g2z1vc5919641ga,Newton,,0.25,US7943179,30.8118989,-93.740504
03x1t6f4o3qy4rk564z92n3o264e592c6wh,Santa Cruz,,0.5,US7238485,28.467178,-16.2507843
03x1t6f4o3qy4rk564z92n3o264e592c6wh,Lexington,,0.25,US7238485,38.0464066,-84.4970393
03x1t6f4o3qy4rk564z92n3o264e592c6wh,San Francisco,,0.25,US7238485,37.7879363,-122.4075201
4f6v6g2y1m2s5h525z5n2g6m5k681s4w2d1n1q,"Bellefonte, PA",US,0.3333333333333333,US7947483,40.9134862,-77.7737471
4f6v6g2y1m2s5h525z5n2g6m5k681s4w2d1n1q,"Solana Beach, CA",US,0.3333333333333333,US7947483,32.9919141,-117.2678124
4f6v6g2y1m2s5h525z5n2g6m5k681s4w2d1n1q,"San Diego, CA",US,0.3333333333333333,US7947483,32.7174202,-117.162772
5wh3gc3x70q424ni6fr21j6v5j30651t29,Glasgow,GB,0.6666666666666666,US7947703,55.861155,-4.2501687
5wh3gc3x70q424ni6fr21j6v5j30651t29,Killearn,GB,0.3333333333333333,US7947703,56.0440105,-4.372733
2f435t4c3n695m416l3x5s1c475v5e3so425cu,Daejeon,KR,1.0,US7951558,36.3497007,127.3849016
3v1c1d5a313k1q4z5n5u574em5f58171i2k2o9,"Madison, WI",US,0.8333333333333334,US7951912,43.07469,-89.3841663
3v1c1d5a313k1q4z5n5u574em5f58171i2k2o9,"Buffalo Grove, IL",US,0.16666666666666666,US7951912,42.1544205,-87.9589621
w3y463oyi2t3ntd5d1g506zp492s6s251r,"San Diego, CA",US,0.75,US7951918,32.7174202,-117.162772
w3y463oyi2t3ntd5d1g506zp492s6s251r,"Honolulu, HI",US,0.125,US7951918,21.304547,-157.855676
w3y463oyi2t3ntd5d1g506zp492s6s251r,"Woburn, MA",US,0.125,US7951918,42.4792618,-71.1522766
5t40143s3k2p1c3v3k291g1z2n4b6o6g5l6q356x,"Hayward, CA",US,1.0,US7955824,37.6688205,-122.080796
275j4x4u6w325z4c2z5n385ai1d2y5q59542m5p,"Concord, MA",US,0.2,US7960509,42.4605189,-71.3488963
275j4x4u6w325z4c2z5n385ai1d2y5q59542m5p,"Medford, MA",US,0.2,US7960509,42.4184296,-71.1061639
275j4x4u6w325z4c2z5n385ai1d2y5q59542m5p,"Waltham, MA",US,0.2,US7960509,42.3762385,-71.2355644
275j4x4u6w325z4c2z5n385ai1d2y5q59542m5p,"Dayton, OH",US,0.2,US7960509,39.7589478,-84.1916069
275j4x4u6w325z4c2z5n385ai1d2y5q59542m5p,"Chicago, IL",US,0.2,US7960509,41.8755616,-87.6244212
3k561u5p5n2g336x305h6g66rm1u591m04y4n,Ichinomiya-shi,JP,0.25,US7960511,35.304878,136.806915
3k561u5p5n2g336x305h6g66rm1u591m04y4n,Nagoya-shi,JP,0.25,US7960511,35.1851045,136.8998438
3k561u5p5n2g336x305h6g66rm1u591m04y4n,Aichi-gun,JP,0.25,US7960511,35.1089068,137.0616164
3k561u5p5n2g336x305h6g66rm1u591m04y4n,Ogaki-shi,JP,0.25,US7960511,35.3596449,136.6128847
603g256a5h6eg47e2w4x3s4d396f5r102bw1t,Kanagawa,JP,1.0,US7960543,35.4342935,139.374753
29u5i154k1z411702u4p5e295r5l1f4s6f4q56,Nataf,IL,0.25,US7970547,31.8320125,35.0679987
29u5i154k1z411702u4p5e295r5l1f4s6f4q56,Tel Aviv,IL,0.25,US7970547,32.0852997,34.7818064
29u5i154k1z411702u4p5e295r5l1f4s6f4q56,Carmei Yosef,IL,0.25,US7970547,,
29u5i154k1z411702u4p5e295r5l1f4s6f4q56,Rehovot,IL,0.25,US7970547,31.8952532,34.8105616
2o36n5c1e10d1f1e6e6l6m5gqk4z673y2l2b,"Gainesville, FL",US,1.0,US7977075,29.6519684,-82.3249846
1g4771415v1i12655y1xp60562z6s6d1o5g43,"La Jolla, CA",US,0.3333333333333333,US7981428,32.8458529,-117.2575702
1g4771415v1i12655y1xp60562z6s6d1o5g43,"New York, NY",US,0.16666666666666666,US7981428,40.7127281,-74.0060152
1g4771415v1i12655y1xp60562z6s6d1o5g43,"Brooklyn, NY",US,0.16666666666666666,US7981428,40.6526006,-73.9497211
1g4771415v1i12655y1xp60562z6s6d1o5g43,Taipei,TW,0.16666666666666666,US7981428,25.0375198,121.5636796
1g4771415v1i12655y1xp60562z6s6d1o5g43,NanKang,TW,0.16666666666666666,US7981428,25.0588065,121.6140607
4q61j185v33143a4m6w652w66d3k3u1wa2m2b,Aubagne,FR,0.14285714285714285,US7981650,43.2924385,5.5703031
4q61j185v33143a4m6w652w66d3k3u1wa2m2b,Marseille,FR,0.42857142857142855,US7981650,43.2963986,5.3777888
4q61j185v33143a4m6w652w66d3k3u1wa2m2b,Houten,NL,0.14285714285714285,US7981650,52.0271433,5.1620637
4q61j185v33143a4m6w652w66d3k3u1wa2m2b,La Ciotat,FR,0.14285714285714285,US7981650,43.1758591,5.6062495
4q61j185v33143a4m6w652w66d3k3u1wa2m2b,Nanterre,FR,0.14285714285714285,US7981650,48.8924273,2.2071267
2y5i6v3y5g4p486k134i4u6w1gr3m6f4t1j602n,Norwich,GB,0.6,US7982096,52.6285576,1.2923954
2y5i6v3y5g4p486k134i4u6w1gr3m6f4t1j602n,Athens,GR,0.2,US7982096,37.9755648,23.7348324
2y5i6v3y5g4p486k134i4u6w1gr3m6f4t1j602n,Beijing,CN,0.2,US7982096,39.9057136,116.3912972
3d41q4n6f195hl5wv4b174z365h3w2b2o5x2w,Boulder,,0.6666666666666666,US7987056,40.0149856,-105.270545
3d41q4n6f195hl5wv4b174z365h3w2b2o5x2w,Westminster,,0.3333333333333333,US7987056,51.5004439,-0.1265398
1e4s6x3d6ys2q4l4mh1o1k5oi2w5f1o3g3048,Iffeldorf,DE,0.5,US7989169,47.7727437,11.3200473
1e4s6x3d6ys2q4l4mh1o1k5oi2w5f1o3g3048,Penzberg,DE,0.5,US7989169,47.7518502,11.3763014
1d2w20474n5wp1a5w15l4q2l6x5d4w50325lc,"Madison, WI",US,0.6666666666666666,US7989181,43.07469,-89.3841663
1d2w20474n5wp1a5w15l4q2l6x5d4w50325lc,"Oak Park, IL",US,0.3333333333333333,US7989181,41.8878145,-87.7887615
693n3d1s24411b6w6l2c4q3l1d1q533i66y2zc,Barcelona,ES,0.3333333333333333,US7994281,41.3825802,2.177073
693n3d1s24411b6w6l2c4q3l1d1q533i66y2zc,Utrecht,NL,0.1111111111111111,US7994281,52.0907006,5.1215634
693n3d1s24411b6w6l2c4q3l1d1q533i66y2zc,Groningen,NL,0.1111111111111111,US7994281,53.2190652,6.5680077
693n3d1s24411b6w6l2c4q3l1d1q533i66y2zc,Galway,IE,0.2222222222222222,US7994281,53.2744122,-9.0490601
693n3d1s24411b6w6l2c4q3l1d1q533i66y2zc,Heidelberg,DE,0.1111111111111111,US7994281,49.4093582,8.694724
693n3d1s24411b6w6l2c4q3l1d1q533i66y2zc,Kropswolde,NL,0.1111111111111111,US7994281,53.1486568,6.7237157
lx6l2g332o553d1i34622o1t5c6m3z6v4c546b,"Tempe, AZ",US,0.5,US7994593,33.4255117,-111.940016
lx6l2g332o553d1i34622o1t5c6m3z6v4c546b,"Mesa, AZ",US,0.25,US7994593,33.4151005,-111.831455
lx6l2g332o553d1i34622o1t5c6m3z6v4c546b,"Fountain Hills, AZ",US,0.25,US7994593,33.6117105,-111.717361
4i595y5yu3s5w244f1l2z3g1z3l465d1z6o1y4n,Singapore,SG,0.6666666666666666,US8003125,1.2899175,103.8519072
4i595y5yu3s5w244f1l2z3g1z3l465d1z6o1y4n,Ellicott City,SG,0.3333333333333333,US8003125,,
6r6d5i5t321d68z2b672f4a6q693r1m1k425f,"Santa Barbara, CA",US,0.6666666666666666,US8003374,34.4221319,-119.702667
6r6d5i5t321d68z2b672f4a6q693r1m1k425f,Shanghai,CN,0.3333333333333333,US8003374,31.2312707,121.4700152
445k1k6f4yc1k51132u415493z5ct5o3a5d5r,Hertfordshire,GB,0.3333333333333333,US8013216,51.8400523,-0.0978552
445k1k6f4yc1k51132u415493z5ct5o3a5d5r,St. Albans,GB,0.3333333333333333,US8013216,51.753051,-0.3379675
445k1k6f4yc1k51132u415493z5ct5o3a5d5r,Herts,GB,0.3333333333333333,US8013216,51.8400523,-0.0978552
6q3v312i1f3s6q1b594p494p6v4h2g4c3za4n4j,Hertfordshire,GB,0.5,US8017839,51.8400523,-0.0978552
6q3v312i1f3s6q1b594p494p6v4h2g4c3za4n4j,Herts,GB,0.5,US8017839,51.8400523,-0.0978552
733v4w4m6q42566d5p3n3r152v3m2c115x4rs1h,Tokyo,JP,0.25,US8022178,35.6768601,139.7638947
733v4w4m6q42566d5p3n3r152v3m2c115x4rs1h,"Lexington, MA",US,0.25,US8022178,42.4473175,-71.2245003
733v4w4m6q42566d5p3n3r152v3m2c115x4rs1h,Beijing,CN,0.25,US8022178,39.9057136,116.3912972
733v4w4m6q42566d5p3n3r152v3m2c115x4rs1h,Milan,IT,0.25,US8022178,45.4641943,9.1896346
4k491c612w4a726d54251304q19432u6a2uh15,"Brea, CA",US,0.5,US8026085,33.9170444,-117.888855
4k491c612w4a726d54251304q19432u6a2uh15,"La Canada, CA",US,0.5,US8026085,33.7301661,-117.7638553
u286p3o4p302f3j3u182z4g4r4m5m455b5z5m6t,"San Diego, CA",US,0.6,US8026386,32.7174202,-117.162772
u286p3o4p302f3j3u182z4g4r4m5m455b5z5m6t,"Encinitas, CA",US,0.2,US8026386,33.0369867,-117.2919818
u286p3o4p302f3j3u182z4g4r4m5m455b5z5m6t,"Bellefonte, PA",US,0.2,US8026386,40.9134862,-77.7737471
6t4d5g29a2r5138461q5e5a442c321h6w4k3q48,Daejeon,KR,0.42857142857142855,US8030064,36.3497007,127.3849016
6t4d5g29a2r5138461q5e5a442c321h6w4k3q48,Gyueonggido,KR,0.14285714285714285,US8030064,,
6t4d5g29a2r5138461q5e5a442c321h6w4k3q48,Chungcheongnamdo,KR,0.14285714285714285,US8030064,36.4591409,127.1095016
6t4d5g29a2r5138461q5e5a442c321h6w4k3q48,Deajeon,KR,0.2857142857142857,US8030064,,
23496815112a3xc1z222d5393v526f6e681h2m,"Gainesville, FL",US,1.0,US8034923,29.6519684,-82.3249846
1k613v1wv3to0506d2l5bxk711p1z665419,Brookfield,AU,0.5,US8039582,-27.488929,152.907882
1k613v1wv3to0506d2l5bxk711p1z665419,Toowong,AU,0.5,US8039582,-27.478974,152.9853241
3y1311536afy715w1g5y5og4n3fg31115r62,"West Windsor, NJ",US,0.16666666666666666,US8048658,40.2971798,-74.6206496
3y1311536afy715w1g5y5og4n3fg31115r62,K¿benhavn,DK,0.16666666666666666,US8048658,,
3y1311536afy715w1g5y5og4n3fg31115r62,Lyngby,DK,0.16666666666666666,US8048658,55.7718649,12.5051413
3y1311536afy715w1g5y5og4n3fg31115r62,Olstykke,DK,0.16666666666666666,US8048658,55.7957669,12.1593166
3y1311536afy715w1g5y5og4n3fg31115r62,Charlottenlund,DK,0.16666666666666666,US8048658,55.7552973,12.5671103
3y1311536afy715w1g5y5og4n3fg31115r62,Collonges-Sous-Saleve,FR,0.16666666666666666,US8048658,46.1347139,6.1597343
5q6t2i6hg5z2o351p1k1x2w13384i57g2l4g26,"Queens, NY",US,0.25,US8049814,40.7135078,-73.8283132
5q6t2i6hg5z2o351p1k1x2w13384i57g2l4g26,"New York, NY",US,0.75,US8049814,40.7127281,-74.0060152
5e5t3d1j12t5641t2c5l6x2c3u291d5a6r33,Bristol,GB,0.8,US8051493,51.4538022,-2.5972985
5e5t3d1j12t5641t2c5l6x2c3u291d5a6r33,North Somerset,GB,0.2,US8051493,51.3966305,-2.7691289
5c191nj4o6a733b6s256yp161a145e626s2m4f,"Jamaica Plain, MA",US,1.0,US8053191,42.3116046,-71.1143838
132o6u4l4v1r3gc334w5e52x117116e4l121c,"Orinda, CA",US,0.2,US8058056,37.8771476,-122.1796888
132o6u4l4v1r3gc334w5e52x117116e4l121c,"Albany, CA",US,0.2,US8058056,37.8871621,-122.298351
132o6u4l4v1r3gc334w5e52x117116e4l121c,"Berkeley, CA",US,0.2,US8058056,37.8708393,-122.272863
132o6u4l4v1r3gc334w5e52x117116e4l121c,"Meced, CA",US,0.2,US8058056,,
132o6u4l4v1r3gc334w5e52x117116e4l121c,"San Francisco, CA",US,0.2,US8058056,37.7879363,-122.4075201
2x5c415z1h4g13v66n6e5y123w5fg5l3f5p52,"San Diego, CA",US,0.5,US8067214,32.7174202,-117.162772
2x5c415z1h4g13v66n6e5y123w5fg5l3f5p52,"Encinitas, CA",US,0.25,US8067214,33.0369867,-117.2919818
2x5c415z1h4g13v66n6e5y123w5fg5l3f5p52,"Bellefonte, PA",US,0.25,US8067214,40.9134862,-77.7737471
3y630k3f3t1z2w5u1t3w566s3o484x6l4y6n4r,Daejeon,KR,0.8,US8067341,36.3497007,127.3849016
3y630k3f3t1z2w5u1t3w566s3o484x6l4y6n4r,Seoul,KR,0.2,US8067341,37.5666791,126.9782914
ym186s14j666x13c2c30345c1m5e17d2nn,Daejeon,KR,1.0,US8067552,36.3497007,127.3849016
2pf6u4166699493q2r1u6d2u56ov5ot728,"Palo Alto, CA",US,0.25,US7935494,37.4443293,-122.1598465
2pf6u4166699493q2r1u6d2u56ov5ot728,Dossenheim,DE,0.25,US7935494,49.449242,8.6732428
2pf6u4166699493q2r1u6d2u56ov5ot728,"Stanford, CA",US,0.5,US7935494,37.4265407,-122.1703055
345p6i2qww1w1d483j5kq676482r3f42t5q,"Menlo Park, CA",US,0.16666666666666666,US8074802,37.4519671,-122.177992
345p6i2qww1w1d483j5kq676482r3f42t5q,"Sunnyvale, CA",US,0.3333333333333333,US8074802,37.3688301,-122.036349
345p6i2qww1w1d483j5kq676482r3f42t5q,"San Jose, CA",US,0.16666666666666666,US8074802,37.3361663,-121.890591
345p6i2qww1w1d483j5kq676482r3f42t5q,"Santa Clara, CA",US,0.16666666666666666,US8074802,37.2333253,-121.6846349
345p6i2qww1w1d483j5kq676482r3f42t5q,"Morgan Hill, CA",US,0.16666666666666666,US8074802,37.130408,-121.6544974
4hf3474h4p1t1h522l3q562d2m4q123i1m6660,"Greenback, TN",US,0.3333333333333333,US8076124,35.6611904,-84.1721357
4hf3474h4p1t1h522l3q562d2m4q123i1m6660,"Oak Ridge, TN",US,0.3333333333333333,US8076124,36.0103562,-84.2696449
4hf3474h4p1t1h522l3q562d2m4q123i1m6660,"Knoxville, TN",US,0.3333333333333333,US8076124,35.9603948,-83.9210261
5215d431w5l1j4pe2l2u3z5z71683d73556220,"Loundonville, NY",US,0.25,US7601823,,
5215d431w5l1j4pe2l2u3z5z71683d73556220,"Albany, NY",US,0.25,US7601823,42.6511674,-73.754968
5215d431w5l1j4pe2l2u3z5z71683d73556220,"Ithaca, NY",US,0.5,US7601823,42.4374175,-76.5483724
621w5x6di132a6215z5r1kc1g2s3d5l306w0,Daejeon,KR,1.0,US8080389,36.3497007,127.3849016
3s5g5s4063505p4d2p5k2g5w4j2r4s644u3p4y2b,"Fort Lee, NJ",US,0.5,US7381531,40.8509333,-73.9701382
3s5g5s4063505p4d2p5k2g5w4j2r4s644u3p4y2b,"New York, NY",US,0.5,US7381531,40.7127281,-74.0060152
2m5p314s444b4q34586p6d304l464z202t3s4169,"Chicago, IL",US,0.1,US7888357,41.8755616,-87.6244212
2m5p314s444b4q34586p6d304l464z202t3s4169,Chicago,,0.3,US7888357,41.8755616,-87.6244212
2m5p314s444b4q34586p6d304l464z202t3s4169,Arlington Heights,,0.1,US7888357,42.0811563,-87.9802164
2m5p314s444b4q34586p6d304l464z202t3s4169,Strasbourg,FR,0.1,US7888357,48.584614,7.7507127
2m5p314s444b4q34586p6d304l464z202t3s4169,IIIkirch Graffenstaden,FR,0.1,US7888357,,
2m5p314s444b4q34586p6d304l464z202t3s4169,La Jolla,,0.1,US7888357,32.8458529,-117.2575702
2m5p314s444b4q34586p6d304l464z202t3s4169,Evanston,,0.1,US7888357,42.0470043,-87.6846053
2m5p314s444b4q34586p6d304l464z202t3s4169,Eschau,FR,0.1,US7888357,48.4856711,7.7153003
2o8151l64a1lyn3q1k886t3q561563th,Halle,DE,0.7142857142857143,US8093458,51.4824354,11.9712985
2o8151l64a1lyn3q1k886t3q561563th,Freising,DE,0.14285714285714285,US8093458,48.4008273,11.7439565
2o8151l64a1lyn3q1k886t3q561563th,Munchen,DE,0.14285714285714285,US8093458,48.1371079,11.5753822
4pt2v275y540j355m441q1fc5h6a1g6po1,"Berkeley, CA",US,1.0,US8101399,37.8708393,-122.272863
h6k1f3j17153wao6r1z592j3g95f3a4863t,"Overland Park, KS",US,0.3333333333333333,US8110353,38.9742502,-94.6851702
h6k1f3j17153wao6r1z592j3g95f3a4863t,Oxford,GB,0.3333333333333333,US8110353,51.7520131,-1.2578499
h6k1f3j17153wao6r1z592j3g95f3a4863t,"Altadena, CA",US,0.3333333333333333,US8110353,34.1928193,-118.1374663
1h2p6i2rn19464b4q3j4he3p5q534k5h412a51,"Emeryville, CA",US,1.0,US8110360,37.8314089,-122.2865266
w3x68h4u3d5ex2u503l4u2y4o4t21sm6b56,Winchester,,0.25,US8110672,51.0612766,-1.3131692
w3x68h4u3d5ex2u503l4u2y4o4t21sm6b56,Cambridge,,0.5,US8110672,52.1975846,0.1391537
w3x68h4u3d5ex2u503l4u2y4o4t21sm6b56,Berlin,DE,0.25,US8110672,52.5173885,13.3951309
701138m4f6h73342k6m1523o4q1a1c644uj3w,"Solana Beach, CA",US,0.125,US8114641,32.9919141,-117.2678124
701138m4f6h73342k6m1523o4q1a1c644uj3w,"San Diego, CA",US,0.5,US8114641,32.7174202,-117.162772
701138m4f6h73342k6m1523o4q1a1c644uj3w,"La Jolla, CA",US,0.25,US8114641,32.8458529,-117.2575702
701138m4f6h73342k6m1523o4q1a1c644uj3w,"SOLANA BEACH, CA",US,0.125,US8114641,32.9919141,-117.2678124
3k2l546c6r642x5c6t625d132e2g2f3o4f1l6u1y,"New York, NY",US,0.3333333333333333,US8119782,40.7127281,-74.0060152
3k2l546c6r642x5c6t625d132e2g2f3o4f1l6u1y,"Fort Lee, NJ",US,0.3333333333333333,US8119782,40.8509333,-73.9701382
3k2l546c6r642x5c6t625d132e2g2f3o4f1l6u1y,"Albuquerque, NM",US,0.3333333333333333,US8119782,35.0841034,-106.650985
6s3h5z5856184h5j3c1b3w5k5f523o1d8fk46,"Parnell, Auckland",NZ,0.3333333333333333,US8119844,-36.8554763,174.7805576
6s3h5z5856184h5j3c1b3w5k5f523o1d8fk46,Mount Albert,NZ,0.3333333333333333,US8119844,-36.8841665,174.7155603
6s3h5z5856184h5j3c1b3w5k5f523o1d8fk46,Auckland,NZ,0.3333333333333333,US8119844,-36.852095,174.7631803
132044g596b2i3g2f4t6j4g404ny35712m602g,"SAN DIEGO, CA",US,0.9,US8129169,32.7174202,-117.162772
132044g596b2i3g2f4t6j4g404ny35712m602g,"LINCOLN, NE",US,0.1,US8129169,40.8088861,-96.7077751
s6p4u473h3l4s14693g6p303t4c4o3r571n4c1r,"Philadelphia, PA",US,1.0,US8135449,39.9527237,-75.1635262
114m5845zm4812t1i6om5z3p4417383a2k22,Shizuoka,JP,0.5,US8136676,34.9751974,138.3831697
114m5845zm4812t1i6om5z3p4417383a2k22,Edinburgh,GB,0.5,US8136676,55.9533456,-3.1883749
4m5k474f254i3b6w6v6e4g2l4d5731u24505x1c,"Cardiff by-the-Sea, CA",US,0.25,US8143039,33.0220155,-117.2803463
4m5k474f254i3b6w6v6e4g2l4d5731u24505x1c,"San Diego, CA",US,0.75,US8143039,32.7174202,-117.162772
3722r4fo4l3r616r2w4w3f4s1v71p6lo6v2s,"Boston, MA",US,0.2222222222222222,US8143042,42.3588336,-71.0578303
3722r4fo4l3r616r2w4w3f4s1v71p6lo6v2s,"Cambridge, MA",US,0.1111111111111111,US8143042,42.3656347,-71.1040018
3722r4fo4l3r616r2w4w3f4s1v71p6lo6v2s,"Brookline, MA",US,0.1111111111111111,US8143042,42.332918,-71.1187829
3722r4fo4l3r616r2w4w3f4s1v71p6lo6v2s,"Newton, MA",US,0.1111111111111111,US8143042,42.3300435,-71.194862
3722r4fo4l3r616r2w4w3f4s1v71p6lo6v2s,Eindhoven,NL,0.1111111111111111,US8143042,51.4485569,5.4501225
3722r4fo4l3r616r2w4w3f4s1v71p6lo6v2s,Bern,CH,0.1111111111111111,US8143042,46.9484742,7.4521749
3722r4fo4l3r616r2w4w3f4s1v71p6lo6v2s,"Philadelphia, PA",US,0.1111111111111111,US8143042,39.9527237,-75.1635262
3722r4fo4l3r616r2w4w3f4s1v71p6lo6v2s,"West Nyack, NY",US,0.1111111111111111,US8143042,41.090129,-73.9704898
1m3p4o6u6t634hv3e6m5qbd6w2j5d33b4e2l,"Fort Collins, CO",US,0.4,US8148605,40.5871782,-105.0770113
1m3p4o6u6t634hv3e6m5qbd6w2j5d33b4e2l,"Windsor, CO",US,0.2,US8148605,40.4774818,-104.901361
1m3p4o6u6t634hv3e6m5qbd6w2j5d33b4e2l,"durham, NC",US,0.2,US8148605,35.996653,-78.9018053
1m3p4o6u6t634hv3e6m5qbd6w2j5d33b4e2l,"morrisville, NC",US,0.2,US8148605,35.824341,-78.8300321
q3l4y3y2f645h61386v3h4m6x5do4e4j4q3u6i,Cambridge,GB,0.5,US7429467,52.1975846,0.1391537
q3l4y3y2f645h61386v3h4m6x5do4e4j4q3u6i,London,GB,0.5,US7429467,51.5074456,-0.1277653
2s4mj346m4fo66442k6m373e391q5b3r6bn2j,Odense S,DK,1.0,US6670461,55.352126,10.385883
2z17166z5c4g6f1156401s1p4s1j2e5bp5d5yl,"Brookline, MA",US,0.6666666666666666,US8153432,42.332918,-71.1187829
2z17166z5c4g6f1156401s1p4s1j2e5bp5d5yl,"Cambridge, MA",US,0.3333333333333333,US8153432,42.3656347,-71.1040018
4s244s02qm4h5g263b1358382r4y5f2pn03y,Horni-Pocernice,CZ,0.125,US8153787,50.1099839,14.6213728
4s244s02qm4h5g263b1358382r4y5f2pn03y,Praha,CZ,0.25,US8153787,50.0874654,14.4212535
4s244s02qm4h5g263b1358382r4y5f2pn03y,Sint-Lambrechts-Woluwe,BE,0.25,US8153787,50.8430448,4.4256732
4s244s02qm4h5g263b1358382r4y5f2pn03y,Bierbeek,BE,0.125,US8153787,50.8278113,4.754358
4s244s02qm4h5g263b1358382r4y5f2pn03y,Kessel-Lo,BE,0.125,US8153787,50.8852456,4.7313734
4s244s02qm4h5g263b1358382r4y5f2pn03y,Puurs,BE,0.125,US8153787,51.0762086,4.2817075
1n4r3d6x1t2j4q37s302h6l1aw3a5f342h4m2o,Beijing,CN,1.0,US8153861,39.9057136,116.3912972
c0236s2b3kt5w2j5y5mi4c2u1y3k4bv5o6u,"Indianapolis, IN",US,1.0,US7166000,39.7683331,-86.1583502
2u311l2e2j3y6f4e6e6gw2j34526tg1ea3w6h,Daejeon,KR,1.0,US8158387,36.3497007,127.3849016
6d64384lh5f64fs4a5l4l1i4p3q2m6l55593t,Bonn,DE,0.6666666666666666,US8163788,50.7352621,7.1024635
6d64384lh5f64fs4a5l4l1i4p3q2m6l55593t,Koblenz,DE,0.16666666666666666,US8163788,50.3533278,7.5943951
6d64384lh5f64fs4a5l4l1i4p3q2m6l55593t,Koln,DE,0.16666666666666666,US8163788,50.938361,6.959974
195d2u6q5b191q3z1d3k1yg1l4bh3f134rb3s,"Stanford, CA",US,0.5,US8173863,37.4265407,-122.1703055
195d2u6q5b191q3z1d3k1yg1l4bh3f134rb3s,Lund,SE,0.5,US8173863,55.7029296,13.1929449
k37y40433ra1t2w6u3h49v5z1q6z2g32t5n,"LaJolla, CA",US,1.0,US8178104,32.8686951,-117.2305541
3d4t3n1i224c5s3o1d4m5r3c4v5o5n6i672r5j1l,"Berkeley, CA",US,0.5,US8178338,37.8708393,-122.272863
3d4t3n1i224c5s3o1d4m5r3c4v5o5n6i672r5j1l,"Albany, CA",US,0.5,US8178338,37.8871621,-122.298351
644e1i3oz622l2o465c18732b4h4n433x3d3x4g,"Oak Park, IL",US,0.25,US8178339,41.8878145,-87.7887615
644e1i3oz622l2o465c18732b4h4n433x3d3x4g,"Madison, WI",US,0.5,US8178339,43.07469,-89.3841663
644e1i3oz622l2o465c18732b4h4n433x3d3x4g,Szeged,HU,0.25,US8178339,46.2546312,20.1486016
1b1i2i4a3t411wi4w4u285v6v5k4y692u384u2s,"Newton, MA",US,1.0,US8182804,42.3300435,-71.194862
3o1y6ol6r614q67h4d551v4i2w2x6g2r136b56,"Menlo Park, CA",US,1.0,US8183010,37.4519671,-122.177992
2d6h4l1o4hf4i653e50254p386m6f1c6j5t4813,"San Diego, CA",US,1.0,US8183037,32.7174202,-117.162772
g4m1oy6p40tl4f5k4o1n5x3e4t4r2uqq2c,"LaJolla, CA",US,1.0,US8188220,32.8686951,-117.2305541
4o5c4k57252y1y5y13e2ct4z4t3c3zs25si,Helsinki,FI,0.3333333333333333,US8188221,60.1666204,24.9435408
4o5c4k57252y1y5y13e2ct4z4t3c3zs25si,"La Jolla, CA",US,0.3333333333333333,US8188221,32.8458529,-117.2575702
4o5c4k57252y1y5y13e2ct4z4t3c3zs25si,"San Francisco, CA",US,0.3333333333333333,US8188221,37.7879363,-122.4075201
3n6u26n595967571z513e5ly163m3o5m3l3or,"Wilmette, IL",US,0.5,US8192795,42.076066,-87.7115555
3n6u26n595967571z513e5ly163m3o5m3l3or,"Berkeley, CA",US,0.5,US8192795,37.8708393,-122.272863
6r2pd4l1z6p4d1n2l3r23191i6a2u2n5w6ep2e,"Pittsburgh, PA",US,0.6666666666666666,US8192922,40.4406968,-80.0025666
6r2pd4l1z6p4d1n2l3r23191i6a2u2n5w6ep2e,"Manchester, CT",US,0.3333333333333333,US8192922,41.7834017,-72.5231973
324e4d616o235464h42a3m4193t315b654j5c,"Cambridge, MA",US,0.25,US8193334,42.3656347,-71.1040018
324e4d616o235464h42a3m4193t315b654j5c,"San Diego, CA",US,0.25,US8193334,32.7174202,-117.162772
324e4d616o235464h42a3m4193t315b654j5c,"Newton, MA",US,0.25,US8193334,42.3300435,-71.194862
324e4d616o235464h42a3m4193t315b654j5c,"Chestnut Hill, MA",US,0.25,US8193334,42.3234553,-71.1639439
21e61r4y3c612jf2z5m3x3u72671m3w6u6b6k,Kowloon,HK,0.25,US8206780,22.3049255,114.1616003
21e61r4y3c612jf2z5m3x3u72671m3w6u6b6k,"La Mirada, CA",US,0.25,US8206780,33.9060971,-118.0107092
21e61r4y3c612jf2z5m3x3u72671m3w6u6b6k,"La Jolla, CA",US,0.25,US8206780,32.8458529,-117.2575702
21e61r4y3c612jf2z5m3x3u72671m3w6u6b6k,"San Diego, CA",US,0.25,US8206780,32.7174202,-117.162772
631oz4y1vf2x464a55351l3f444f1a5o2u4n3r,Aberdeenshire,GB,0.125,US8207167,57.166667,-2.666667
631oz4y1vf2x464a55351l3f444f1a5o2u4n3r,Northchurch,GB,0.125,US8207167,51.7730548,-0.6006193
631oz4y1vf2x464a55351l3f444f1a5o2u4n3r,High Peak,GB,0.25,US8207167,50.6661889,-3.2699754
631oz4y1vf2x464a55351l3f444f1a5o2u4n3r,"Chapel-en-le-Frith, High Peak",GB,0.375,US8207167,53.3232509,-1.9148352
631oz4y1vf2x464a55351l3f444f1a5o2u4n3r,"Edinburgh, Lothian",GB,0.125,US8207167,55.9495532,-3.2076394
4n5k6t4z2k3i5n1i361r1j4k4k15391t86c1l6n,"Jonesboro, AR",US,0.25,US8207402,35.8348088,-90.7045297
4n5k6t4z2k3i5n1i361r1j4k4k15391t86c1l6n,Saskatoon,CA,0.75,US8207402,52.131802,-106.660767
4e12d5q1i362q6rw4u29654t26331o24y49u,Beijing,CN,1.0,US8207403,39.9057136,116.3912972
542x21144k1a6x3j1j341n2rl4m1ht2c472i4l,Gif Sur Yvette,FR,0.3333333333333333,US8211676,48.7018823,2.134529
542x21144k1a6x3j1j341n2rl4m1ht2c472i4l,Massy,FR,0.3333333333333333,US8211676,49.6902106,1.399492
542x21144k1a6x3j1j341n2rl4m1ht2c472i4l,Paris,FR,0.3333333333333333,US8211676,48.8534951,2.3483915
4o4d5l4p585c6d283i4i294p1u4hy321l6e2n2f,Gainesville,,1.0,US7544794,29.6519684,-82.3249846
71s2h1g6c6au1i1m6w5i4p1q6j382q2r4b3921,"San Diego, CA",US,0.6666666666666666,US6804385,32.7174202,-117.162772
71s2h1g6c6au1i1m6w5i4p1q6j382q2r4b3921,"La Jolla, CA",US,0.3333333333333333,US6804385,32.8458529,-117.2575702
g6f2f36y1b432m2o2j2q1iz2jm2w731z6s4h,Great Shelford,GB,0.25,US6890525,52.1469253,0.13534
g6f2f36y1b432m2o2j2q1iz2jm2w731z6s4h,Hitchin Hertfordshire,GB,0.25,US6890525,51.9486943,-0.2779124
g6f2f36y1b432m2o2j2q1iz2jm2w731z6s4h,Harpenden Hertfordshire,GB,0.25,US6890525,51.8145103,-0.3549311
g6f2f36y1b432m2o2j2q1iz2jm2w731z6s4h,Bedminster Bristol,GB,0.25,US6890525,51.4367393,-2.6042197
95d4n41l5s6a705k60605p6s3zr0l3n6c4g,Milan,IT,0.25,US8221761,45.4641943,9.1896346
95d4n41l5s6a705k60605p6s3zr0l3n6c4g,Siena,IT,0.75,US8221761,43.1672059,11.467561
2f126h4k5y724v3d3q1zu715p1ut3e454zjq,Beratshausen,DE,0.25,US8224578,,
2f126h4k5y724v3d3q1zu715p1ut3e454zjq,Regensburg,DE,0.5,US8224578,49.0195333,12.0974869
2f126h4k5y724v3d3q1zu715p1ut3e454zjq,Regensberg,DE,0.25,US8224578,49.6716553,11.1845439
3c2q2e5w1y6k1q3y82812wnf1q395ly5h3x,"La Jolla, CA",US,0.25,US8229673,32.8458529,-117.2575702
3c2q2e5w1y6k1q3y82812wnf1q395ly5h3x,San Diego,,0.75,US8229673,32.7174202,-117.162772
9411t39672dh2h6i2bb5r42o5j2m706925,"Emeryville, CA",US,0.25,US8236512,37.8314089,-122.2865266
9411t39672dh2h6i2bb5r42o5j2m706925,"San Diego, CA",US,0.25,US8236512,32.7174202,-117.162772
9411t39672dh2h6i2bb5r42o5j2m706925,"Novato, CA",US,0.25,US8236512,38.1061979,-122.5681191
9411t39672dh2h6i2bb5r42o5j2m706925,"Berkeley, CA",US,0.25,US8236512,37.8708393,-122.272863
2s1m6g113k5c1n5e6217564p43395y4fr344v1t,"Carlsbad, CA",US,1.0,US8241879,33.1580933,-117.3505966
181u5v2w646d2j5o4r1q2j62134p1z3v6b5vm5m,"San Diego, CA",US,0.5,US8242087,32.7174202,-117.162772
181u5v2w646d2j5o4r1q2j62134p1z3v6b5vm5m,Wezemaal,BE,0.5,US8242087,50.9482598,4.7544622
2n3z2n12z21624a162i6e1b6n101o1z2x3s612v,"Madison, WI",US,0.5,US8263754,43.07469,-89.3841663
2n3z2n12z21624a162i6e1b6n101o1z2x3s612v,"Villa Park, IL",US,0.25,US8263754,41.8893116,-87.9778368
2n3z2n12z21624a162i6e1b6n101o1z2x3s612v,"Downers Grove, IL",US,0.25,US8263754,41.7936822,-88.0102281
5u1c424t484h5v26c311m1x5426l66215j6x5q,"Newton, MA",US,0.125,US8266791,42.3300435,-71.194862
5u1c424t484h5v26c311m1x5426l66215j6x5q,"Needham, MA",US,0.125,US8266791,42.2802645,-71.2360624
5u1c424t484h5v26c311m1x5426l66215j6x5q,"Watertown, MA",US,0.125,US8266791,42.3652576,-71.1843234
5u1c424t484h5v26c311m1x5426l66215j6x5q,"Boston, MA",US,0.25,US8266791,42.3588336,-71.0578303
5u1c424t484h5v26c311m1x5426l66215j6x5q,"Somerville, MA",US,0.125,US8266791,42.3875968,-71.0994968
5u1c424t484h5v26c311m1x5426l66215j6x5q,"Cambridge, MA",US,0.25,US8266791,42.3656347,-71.1040018
5l36l316c323w5ox5x326s2c70465k2p15e4r,Oxford,GB,0.75,US8268627,51.7520131,-1.2578499
5l36l316c323w5ox5x326s2c70465k2p15e4r,Durham,GB,0.25,US8268627,54.666667,-1.75
5v19q5319326z2e425261yv621t5yh7284c,"Stanford, CA",US,0.3333333333333333,US8268977,37.4265407,-122.1703055
5v19q5319326z2e425261yv621t5yh7284c,"Coral Gables, FL",US,0.3333333333333333,US8268977,25.7331105,-80.2585107
5v19q5319326z2e425261yv621t5yh7284c,"Middle Island, NY",US,0.3333333333333333,US8268977,40.879243,-72.9401357
5a4t276w6m22h70s3bx5y1z5w6h13v66yu,"La Jolla, CA",US,0.25,US8274643,32.8458529,-117.2575702
5a4t276w6m22h70s3bx5y1z5w6h13v66yu,"San Jose, CA",US,0.25,US8274643,37.3361663,-121.890591
5a4t276w6m22h70s3bx5y1z5w6h13v66yu,"San Diego, CA",US,0.25,US8274643,32.7174202,-117.162772
5a4t276w6m22h70s3bx5y1z5w6h13v66yu,"Makawao, HI",US,0.25,US8274643,20.8510965,-156.3237171
3vt675v5p2h226v9442pod3v5bz4z4d6c6d,"Middleton, WI",US,0.3333333333333333,US8278115,43.0962919,-89.5119565
3vt675v5p2h226v9442pod3v5bz4z4d6c6d,"Madison, WI",US,0.6666666666666666,US8278115,43.07469,-89.3841663
g324jbo3r5v2m3k2p694d5w3m2w8p72p,Siena,IT,1.0,US7655245,43.1672059,11.467561
f2r342c2r14y3p39201a704s4fil3f344te,"Concord, MA",US,0.3333333333333333,US8293486,42.4605189,-71.3488963
f2r342c2r14y3p39201a704s4fil3f344te,"Winchester, MA",US,0.3333333333333333,US8293486,42.4523178,-71.1369982
f2r342c2r14y3p39201a704s4fil3f344te,"Melrose, MA",US,0.3333333333333333,US8293486,42.4564323,-71.064182
175m19081s30112j2g2d4e3u68625f385h732,Osaka,JP,0.4,US8298513,34.6937569,135.5014539
175m19081s30112j2g2d4e3u68625f385h732,Hyogo,JP,0.6,US8298513,34.914934,134.860666
5w6w2w2r132n2e76e673h552n1d65x564k234n,"Newark, CA",US,0.5,US8298759,37.5296593,-122.0402399
5w6w2w2r132n2e76e673h552n1d65x564k234n,"Menlo Park, CA",US,0.5,US8298759,37.4519671,-122.177992
1c58165k1bx3x5z1b6d3l2v622y3o283j2k3z14,Grelfswald,DE,0.2,US8298799,,
1c58165k1bx3x5z1b6d3l2v622y3o283j2k3z14,"Del Mar, CA",US,0.2,US8298799,32.9594891,-117.2653146
1c58165k1bx3x5z1b6d3l2v622y3o283j2k3z14,"Encinitas, CA",US,0.2,US8298799,33.0369867,-117.2919818
1c58165k1bx3x5z1b6d3l2v622y3o283j2k3z14,"San Diego, CA",US,0.2,US8298799,32.7174202,-117.162772
1c58165k1bx3x5z1b6d3l2v622y3o283j2k3z14,Mueng,TH,0.2,US8298799,19.7337447,98.8972199
55474r303b3a692546y1x441t332b4u53db5,"La  Jolla, CA",US,0.3333333333333333,US8301387,32.8458529,-117.2575702
55474r303b3a692546y1x441t332b4u53db5,Munich,DE,0.3333333333333333,US8301387,48.1371079,11.5753822
55474r303b3a692546y1x441t332b4u53db5,"New York, NY",US,0.3333333333333333,US8301387,40.7127281,-74.0060152
2j2h2e6f1hp531wz3k416yg3b1b4m692j4k72,"La Jolla, CA",US,1.0,US8301393,32.8458529,-117.2575702
6935423f5i6x23k1z1536j115x3u113it276l,Karlsruhe,DE,1.0,US8303822,49.0068705,8.4034195
4ye2k4r4z3o1q6h6m101g6749263m1h2p1r1z32,Greifswald,DE,0.3333333333333333,US8304223,54.095791,13.3815238
4ye2k4r4z3o1q6h6m101g6749263m1h2p1r1z32,Titz,DE,0.16666666666666666,US8304223,51.0075203,6.4270178
4ye2k4r4z3o1q6h6m101g6749263m1h2p1r1z32,Sponholz,DE,0.16666666666666666,US8304223,53.5523168,13.3661725
4ye2k4r4z3o1q6h6m101g6749263m1h2p1r1z32,Rodgau,DE,0.16666666666666666,US8304223,50.0176771,8.8853392
4ye2k4r4z3o1q6h6m101g6749263m1h2p1r1z32,Burstadt,DE,0.16666666666666666,US8304223,49.6531823,8.4747076
124m2t666s462f2o543x1j2v16p2i6s53436p4n,"Austin, TX",US,1.0,US8304247,30.2711286,-97.7436995
1z5s1c6o04z1x4q18m3591a1nc3u662z26p,"Needham, MA",US,0.25,US8306752,42.2802645,-71.2360624
1z5s1c6o04z1x4q18m3591a1nc3u662z26p,"Newton, MA",US,0.25,US8306752,42.3300435,-71.194862
1z5s1c6o04z1x4q18m3591a1nc3u662z26p,"Arlington, MA",US,0.25,US8306752,42.4153739,-71.1564428
1z5s1c6o04z1x4q18m3591a1nc3u662z26p,"Boston, MA",US,0.25,US8306752,42.3588336,-71.0578303
3e2o194y465v6g31w5q634uc6530646226322b,Rumford,,0.2,US8308665,44.5367001,-70.6156055
3e2o194y465v6g31w5q634uc6530646226322b,Newton,,0.2,US8308665,30.8118989,-93.740504
3e2o194y465v6g31w5q634uc6530646226322b,West Kingston,,0.2,US8308665,41.4831215,-71.5518467
3e2o194y465v6g31w5q634uc6530646226322b,Allston,,0.2,US8308665,42.3555375,-71.1327494
3e2o194y465v6g31w5q634uc6530646226322b,Scituate,,0.2,US8308665,42.1924492,-70.7261966
1e5b4b5ml2o3z94c76t1y5y6g5e6p441aw2m,"Solana Beach, CA",US,0.2,US8309323,32.9919141,-117.2678124
1e5b4b5ml2o3z94c76t1y5y6g5e6p441aw2m,"Rancho Santa Fe, CA",US,0.2,US8309323,33.0242314,-117.1979781
1e5b4b5ml2o3z94c76t1y5y6g5e6p441aw2m,"San Diego, CA",US,0.4,US8309323,32.7174202,-117.162772
1e5b4b5ml2o3z94c76t1y5y6g5e6p441aw2m,"Scandia, MN",US,0.2,US8309323,45.2533659,-92.8062958
5g4fh4o2731582l6803d1g1m61252s3z2k2k67,Seeheim-Jugenheim,DE,0.5,US8309333,49.7598,8.6632
5g4fh4o2731582l6803d1g1m61252s3z2k2k67,"La Canada, CA",US,0.5,US8309333,33.7301661,-117.7638553
5s68731o391f725q1b1h414br116u651x3k4d1w,"Blacksburg, PA",US,0.5,US8311790,,
5s68731o391f725q1b1h414br116u651x3k4d1w,"Newark, DE",US,0.5,US8311790,39.6828358,-75.7515682
t67551jg3f462t4b2c6qb96d4y931493s2k,"Cambridge, MA",US,0.25,US8314209,42.3656347,-71.1040018
t67551jg3f462t4b2c6qb96d4y931493s2k,"Santa Cruz, CA",US,0.75,US8314209,37.050096,-121.99059
1k4qj6g1a1ce2k4k411y1o4yg1e3s1u5e81x,"Bellaire, TX",US,0.2,US7211414,29.7057858,-95.4588299
1k4qj6g1a1ce2k4k411y1o4yg1e3s1u5e81x,"Houston, TX",US,0.6,US7211414,29.7589382,-95.3676974
1k4qj6g1a1ce2k4k411y1o4yg1e3s1u5e81x,"Katy, TX",US,0.2,US7211414,29.7857853,-95.8243956
3p163r14712r2p3g2x5b1c36244o1u405275c1t,"Pasadena, CA",US,1.0,US8318474,34.1476507,-118.144155
m6d4s2t273f2x1l47496lt1f2o2bm512w3h1o,"Franklin, TN",US,0.25,US8318820,35.925206,-86.8689419
m6d4s2t273f2x1l47496lt1f2o2bm512w3h1o,"Cleveland, OH",US,0.25,US8318820,41.4996574,-81.6936772
m6d4s2t273f2x1l47496lt1f2o2bm512w3h1o,"Gibsonia, PA",US,0.25,US8318820,40.6300671,-79.9695004
m6d4s2t273f2x1l47496lt1f2o2bm512w3h1o,"Pittsburgh, PA",US,0.25,US8318820,40.4406968,-80.0025666
47x13364f3i6369665x5r3f634w6x3h1r233m3z,Waterloo,CA,0.25,US8323698,43.4652699,-80.5222961
47x13364f3i6369665x5r3f634w6x3h1r233m3z,"Omaha, NE",US,0.25,US8323698,41.2587459,-95.9383758
47x13364f3i6369665x5r3f634w6x3h1r233m3z,"Newton, MA",US,0.25,US8323698,42.3300435,-71.194862
47x13364f3i6369665x5r3f634w6x3h1r233m3z,"Chestnut Hill, MA",US,0.25,US8323698,42.3234553,-71.1639439
4fgz2v236v6b2u47sc2k3g24344626551i5t,"Newton, MA",US,0.5,US8329889,42.3300435,-71.194862
4fgz2v236v6b2u47sc2k3g24344626551i5t,"Cambridge, MA",US,0.5,US8329889,42.3656347,-71.1040018
6p3t4k466p656t1f6o3b2h3w3v3i4q58714y46k,"Emeryville, CA",US,1.0,US8332160,37.8314089,-122.2865266
u282b5r2x5t2g105j4m5j1xu5h58oi4g542i,"Albuquerque, NM",US,0.6666666666666666,US8334013,35.0841034,-106.650985
u282b5r2x5t2g105j4m5j1xu5h58oi4g542i,"Ponchatoula, LA",US,0.16666666666666666,US8334013,30.4388041,-90.4414762
u282b5r2x5t2g105j4m5j1xu5h58oi4g542i,"Boston, MA",US,0.16666666666666666,US8334013,42.3588336,-71.0578303
5v405d3u1z5b3z2p2s2z4i633056422d5s5f492n,"Seattle, WA",US,0.8333333333333334,US8340951,47.6038321,-122.330062
5v405d3u1z5b3z2p2s2z4i633056422d5s5f492n,"Cambridge, MA",US,0.16666666666666666,US8340951,42.3656347,-71.1040018
3m47645g6i4lm5513e3i2164331a5n5833v17,"Aichi-gun, Aichi-ken",JP,0.3333333333333333,US8354260,35.1089068,137.0616164
3m47645g6i4lm5513e3i2164331a5n5833v17,Nagoya-shi,JP,0.3333333333333333,US8354260,35.1851045,136.8998438
3m47645g6i4lm5513e3i2164331a5n5833v17,Ogaki-shi,JP,0.3333333333333333,US8354260,35.3596449,136.6128847
522xj685x3x4io1296s4i5u1y2vj4k2z4j5m,"Concord, MA",US,0.5,US8354501,42.4605189,-71.3488963
522xj685x3x4io1296s4i5u1y2vj4k2z4j5m,"Acton, MA",US,0.5,US8354501,42.4850931,-71.43284
5y6q4d144w251565425h2k4r4i3d1h6r3v1a2956,"Cambridge, MA",US,0.2,US8361288,42.3656347,-71.1040018
5y6q4d144w251565425h2k4r4i3d1h6r3v1a2956,"Boston, MA",US,0.2,US8361288,42.3588336,-71.0578303
5y6q4d144w251565425h2k4r4i3d1h6r3v1a2956,"New York, NY",US,0.2,US8361288,40.7127281,-74.0060152
5y6q4d144w251565425h2k4r4i3d1h6r3v1a2956,"Somerville, MA",US,0.2,US8361288,42.3875968,-71.0994968
5y6q4d144w251565425h2k4r4i3d1h6r3v1a2956,"Winchester, MA",US,0.2,US8361288,42.4523178,-71.1369982
6q1g4x2z3o484j1f724o3p7205w5i5e156t1s,"San Carlos, CA",US,0.5,US8361753,37.504936,-122.261823
6q1g4x2z3o484j1f724o3p7205w5i5e156t1s,"San Diego, CA",US,0.5,US8361753,32.7174202,-117.162772
3f565k2t45432su6224z476w302s1z6p16116n,"North Wales, PA",US,0.5,US8361760,40.2109404,-75.2782317
3f565k2t45432su6224z476w302s1z6p16116n,"Milton, MA",US,0.5,US8361760,42.2501425,-71.065573
q31643q4r595i2559541u2w5c76k6k3p2gg2s,Seeheim- Jugenheim,DE,0.5,US8361769,49.7598,8.6632
q31643q4r595i2559541u2w5c76k6k3p2gg2s,"La Canada, CA",US,0.5,US8361769,33.7301661,-117.7638553
3dy4q2g2t3s2h6x1q2x1h6184o6ud3s3c6o4q,Tianjin,CN,1.0,US8367341,39.3032619,117.4163641
2e3j1p1i1x705t3u376e3jj2k5r13451e1l6o,"Cambridge, MA",US,0.2,US8367410,42.3656347,-71.1040018
2e3j1p1i1x705t3u376e3jj2k5r13451e1l6o,"Somerville, MA",US,0.2,US8367410,42.3875968,-71.0994968
2e3j1p1i1x705t3u376e3jj2k5r13451e1l6o,"Newton, MA",US,0.2,US8367410,42.3300435,-71.194862
2e3j1p1i1x705t3u376e3jj2k5r13451e1l6o,"Lexington, MA",US,0.2,US8367410,42.4473175,-71.2245003
2e3j1p1i1x705t3u376e3jj2k5r13451e1l6o,"Belmont, MA",US,0.2,US8367410,42.3959296,-71.1786655
566h4k3h4p4j2p196d6k55q6y322h3m15q2w2a,"South San Francisco, CA",US,1.0,US8372610,37.6535403,-122.4168664
2t3z1i1y5v1e5vnm6s4rq2a5e5br632lx64,Auckland,NZ,0.6,US8376736,-36.852095,174.7631803
2t3z1i1y5v1e5vnm6s4rq2a5e5br632lx64,Pukekohe,NL,0.2,US8376736,,
2t3z1i1y5v1e5vnm6s4rq2a5e5br632lx64,"Madison, WI",US,0.2,US8376736,43.07469,-89.3841663
323wn11uw5q4r3e3d3r1bk3q1s726e5o4g2y,Daejeon,KR,0.6,US8389225,36.3497007,127.3849016
323wn11uw5q4r3e3d3r1bk3q1s726e5o4g2y,Jeollanam-do,KR,0.4,US8389225,34.8706841,126.9130972
3t1a6wc3mj4oi372q181z266ot1e4l1964d,Haga-gun,JP,1.0,US8389264,36.5102425,140.126863
602j6c366e263q1a1v36j6s1v3u4y3d1x6w6w31,Gainesville,,1.0,US8053212,29.6519684,-82.3249846
5u3x116c4f56zl282u3m402fa725n471s5p6n,"San Diego, CA",US,1.0,US6753161,32.7174202,-117.162772
1z41l3p1q2m6e6w1l4m5w3k5f6u5x355k264b3a,"Mountain View, CA",US,0.5,US8410027,37.3893889,-122.0832101
1z41l3p1q2m6e6w1l4m5w3k5f6u5x355k264b3a,"San Jose, CA",US,0.5,US8410027,37.3361663,-121.890591
1m6k2b541719c6f2i3m1w1b4sw3s5b615869,"Emeryville, CA",US,1.0,US8415136,37.8314089,-122.2865266
d4r5y2p184u4o325s4gx2o36e3h3xj64423v,"Merion Station, PA",US,0.25,US8415150,39.9981758,-75.2513256
d4r5y2p184u4o325s4gx2o36e3h3xj64423v,"Cherry Hill, NJ",US,0.5,US8415150,39.9348351,-75.0307264
d4r5y2p184u4o325s4gx2o36e3h3xj64423v,"Springfield, PA",US,0.25,US8415150,39.9306677,-75.3201879
4v2k02s4h332z11675p423y1k4c1u4t1c4bf3b,Trondheim,NO,1.0,US8415312,63.4304475,10.3952118
3e4x6o4c131x395wt4620492g6u6d2r2311d1g,"Versailles, KY",US,0.25,US7445923,38.052576,-84.7299464
3e4x6o4c131x395wt4620492g6u6d2r2311d1g,"Lexington, KY",US,0.75,US7445923,38.0464066,-84.4970393
5vk3c3492m2bp353513q5s223i6s2s671d1a,Rainhill,GB,0.25,US8420605,53.4134383,-2.760785
5vk3c3492m2bp353513q5s223i6s2s671d1a,Cheadle Hulme,GB,0.25,US8420605,53.3760261,-2.1883499
5vk3c3492m2bp353513q5s223i6s2s671d1a,Leeds,GB,0.25,US8420605,53.7974185,-1.5437941
5vk3c3492m2bp353513q5s223i6s2s671d1a,Ramsbottom,GB,0.25,US8420605,53.648383,-2.315696
d4q54o5dh3m4e70152i1o6q716r4335pm6z,Pasadena,,0.75,US7407799,34.1476507,-118.144155
d4q54o5dh3m4e70152i1o6q716r4335pm6z,Stanford,,0.25,US7407799,37.4265407,-122.1703055
3z4z3l3i5d486xb2i6c4g2z6h3y3w3ud5l2v5p,Gyeonggi-do,KR,0.3333333333333333,US8426165,37.2884675,127.0535231
3z4z3l3i5d486xb2i6c4g2z6h3y3w3ud5l2v5p,Seoul,KR,0.6666666666666666,US8426165,37.5666791,126.9782914
2a41421x4k6z6vn4m1l3b106c235a6w5o36331t,Gyeonggi-do,KR,0.625,US8426171,37.2884675,127.0535231
2a41421x4k6z6vn4m1l3b106c235a6w5o36331t,Seoul,KR,0.375,US8426171,37.5666791,126.9782914
462q686d4s624lk62j4u1554q5n63443l1m4,"Orinda, CA",US,0.07692307692307693,US8431360,37.8771476,-122.1796888
462q686d4s624lk62j4u1554q5n63443l1m4,Beijing,CN,0.07692307692307693,US8431360,39.9057136,116.3912972
462q686d4s624lk62j4u1554q5n63443l1m4,"Oakland, CA",US,0.07692307692307693,US8431360,37.8044557,-122.271356
462q686d4s624lk62j4u1554q5n63443l1m4,"Champaign, IL",US,0.3076923076923077,US8431360,40.1164841,-88.2430932
462q686d4s624lk62j4u1554q5n63443l1m4,"Urbana, IL",US,0.23076923076923078,US8431360,40.1117174,-88.207301
462q686d4s624lk62j4u1554q5n63443l1m4,"Berkeley, CA",US,0.15384615384615385,US8431360,37.8708393,-122.272863
462q686d4s624lk62j4u1554q5n63443l1m4,"Albany, CA",US,0.07692307692307693,US8431360,37.8871621,-122.298351
4ph4d2k572h1o1z3x5ic2a5o5t3d13q2x164t,Cambridge,GB,0.6666666666666666,US8435775,52.1975846,0.1391537
4ph4d2k572h1o1z3x5ic2a5o5t3d13q2x164t,Uppsala,SE,0.3333333333333333,US8435775,59.8586126,17.6387436
4x5e5p606t305r3i11586f6o5w2z6j9h5t3d4b,"Aberdeen, Aberdeenshire",GB,0.125,US8435968,57.3016088,-2.2515426
4x5e5p606t305r3i11586f6o5w2z6j9h5t3d4b,Northchurch,GB,0.125,US8435968,51.7730548,-0.6006193
4x5e5p606t305r3i11586f6o5w2z6j9h5t3d4b,"Chapel-en-le-Frith, High Peak",GB,0.375,US8435968,53.3232509,-1.9148352
4x5e5p606t305r3i11586f6o5w2z6j9h5t3d4b,High Peak,GB,0.25,US8435968,50.6661889,-3.2699754
4x5e5p606t305r3i11586f6o5w2z6j9h5t3d4b,"Edinburgh, Lothian",GB,0.125,US8435968,55.9495532,-3.2076394
4b5h11k5k432i575l4p303z3z3a693e434776c,"Moraga, CA",US,0.3333333333333333,US8440423,37.834897,-122.12883
4b5h11k5k432i575l4p303z3z3a693e434776c,"Berkeley, CA",US,0.3333333333333333,US8440423,37.8708393,-122.272863
4b5h11k5k432i575l4p303z3z3a693e434776c,"St Louis, MO",US,0.3333333333333333,US8440423,38.6254063,-90.190009
6a3s1y111485967245e516r611v6t5b531e365d,"Peoria, IL",US,0.5,US8440449,40.6938609,-89.5891008
6a3s1y111485967245e516r611v6t5b531e365d,"Malvern, PA",US,0.5,US8440449,40.036202,-75.5138959
6512214g4q2nq2k456617114fg315h516d1f6d,"Columbia, MD",US,0.3333333333333333,US8449837,39.1938429,-76.8646092
6512214g4q2nq2k456617114fg315h516d1f6d,"San Diego, CA",US,0.3333333333333333,US8449837,32.7174202,-117.162772
6512214g4q2nq2k456617114fg315h516d1f6d,"Baltimore, MD",US,0.3333333333333333,US8449837,39.2908816,-76.610759
3vvx5n6n5e573lo2my686e24i2q4o266hv,Manhattan Beach,,0.25,US8450247,33.8872777,-118.4104324
3vvx5n6n5e573lo2my686e24i2q4o266hv,Cambridge,,0.75,US8450247,52.1975846,0.1391537
1u44253c44151wk3y2b5e4c34204j6ue1t513g,"Cambridge, MA",US,0.3333333333333333,US8450298,42.3656347,-71.1040018
1u44253c44151wk3y2b5e4c34204j6ue1t513g,"Somerville, MA",US,0.3333333333333333,US8450298,42.3875968,-71.0994968
1u44253c44151wk3y2b5e4c34204j6ue1t513g,"Newton, MA",US,0.16666666666666666,US8450298,42.3300435,-71.194862
1u44253c44151wk3y2b5e4c34204j6ue1t513g,"Sudbury, MA",US,0.16666666666666666,US8450298,42.3834278,-71.4161725
4yh261wz1z49y54a5z6q3w4i681q1k3c6x6x,Osaka,JP,0.4,US7692066,34.6937569,135.5014539
4yh261wz1z49y54a5z6q3w4i681q1k3c6x6x,Tokyo,JP,0.4,US7692066,35.6768601,139.7638947
4yh261wz1z49y54a5z6q3w4i681q1k3c6x6x,Jakarta,ID,0.2,US7692066,-6.1754049,106.827168
39v3k47126h4333h5gb1el3n2w5n4s6ld,"Homantin, Kowloon, Hong Kong SAR",CN,0.25,US8467976,22.3078062,114.1794326
39v3k47126h4333h5gb1el3n2w5n4s6ld,Kowloon,HK,0.25,US8467976,22.3049255,114.1616003
39v3k47126h4333h5gb1el3n2w5n4s6ld,Sha Tin,HK,0.25,US8467976,22.3815527,114.1904697
39v3k47126h4333h5gb1el3n2w5n4s6ld,"Del Mar, CA",US,0.25,US8467976,32.9594891,-117.2653146
6p4l937u1g2p3y1v4t194a25l6n50232u4k17,"Cambridge, MA",US,0.5,US8470611,42.3656347,-71.1040018
6p4l937u1g2p3y1v4t194a25l6n50232u4k17,"Lexington, MA",US,0.25,US8470611,42.4473175,-71.2245003
6p4l937u1g2p3y1v4t194a25l6n50232u4k17,"Newton, MA",US,0.25,US8470611,42.3300435,-71.194862
2ck292n1t2j1l46655b4b4d6r2j5u6m5i3p553v,"Durham, NC",US,0.6666666666666666,US8470967,35.996653,-78.9018053
2ck292n1t2j1l46655b4b4d6r2j5u6m5i3p553v,"Chapel Hill, NC",US,0.3333333333333333,US8470967,35.9131542,-79.05578
5d653u6w6u2p4c4i322p1k4s6075v586xt6zg,Rechovot,IL,0.3333333333333333,US8475968,31.8952532,34.8105616
5d653u6w6u2p4c4i322p1k4s6075v586xt6zg,Jerusalem,IL,0.3333333333333333,US8475968,31.7788472,35.2257856
5d653u6w6u2p4c4i322p1k4s6075v586xt6zg,Moshav Even Sapir,IL,0.3333333333333333,US8475968,,
2k5q533c3j1s725g4x345h6c3b69362xo1k6c37,"Menlo Park, CA",US,0.16666666666666666,US8481045,37.4519671,-122.177992
2k5q533c3j1s725g4x345h6c3b69362xo1k6c37,"Palo Alto, CA",US,0.16666666666666666,US8481045,37.4443293,-122.1598465
2k5q533c3j1s725g4x345h6c3b69362xo1k6c37,"Newark, CA",US,0.16666666666666666,US8481045,37.5296593,-122.0402399
2k5q533c3j1s725g4x345h6c3b69362xo1k6c37,"Stanford, CA",US,0.3333333333333333,US8481045,37.4265407,-122.1703055
2k5q533c3j1s725g4x345h6c3b69362xo1k6c37,"Boston, MA",US,0.16666666666666666,US8481045,42.3588336,-71.0578303
623i2k246v3o6g523i666o154l6m2a713j4g3s3m,"Brookline, MA",US,0.5,US8481258,42.332918,-71.1187829
623i2k246v3o6g523i666o154l6m2a713j4g3s3m,"Cambridge, MA",US,0.5,US8481258,42.3656347,-71.1040018
3w1s595j1j2j4w3j3q5zx242j1b1p715isq12,"Pleasanton, CA",US,0.3333333333333333,US8481974,37.6624312,-121.8746789
3w1s595j1j2j4w3j3q5zx242j1b1p715isq12,"Fremont, CA",US,0.3333333333333333,US8481974,37.5482697,-121.988571
3w1s595j1j2j4w3j3q5zx242j1b1p715isq12,"Livermore, CA",US,0.3333333333333333,US8481974,37.6820583,-121.768053
w1v1u2b26394h3s4q3y59402z2939525c4v5x6b,"Chapel Hill, NC",US,0.25,US8486420,35.9131542,-79.05578
w1v1u2b26394h3s4q3y59402z2939525c4v5x6b,"Wynnewood, PA",US,0.25,US8486420,40.0028514,-75.2707469
w1v1u2b26394h3s4q3y59402z2939525c4v5x6b,"Somerset, NJ",US,0.25,US8486420,40.5675084,-74.6189556
w1v1u2b26394h3s4q3y59402z2939525c4v5x6b,"Germantown, MD",US,0.25,US8486420,39.1712341,-77.2655648
e1f262e5m6e23w651r4c6v295q3d101u533r46,"Cambridge, MA",US,0.4,US8492150,42.3656347,-71.1040018
e1f262e5m6e23w651r4c6v295q3d101u533r46,"Newton, MA",US,0.2,US8492150,42.3300435,-71.194862
e1f262e5m6e23w651r4c6v295q3d101u533r46,"New Orleans, LA",US,0.2,US8492150,29.9561422,-90.0733934
e1f262e5m6e23w651r4c6v295q3d101u533r46,Petah-Tikva,IL,0.2,US8492150,32.0877639,34.8859985
4g395s2x3m43k543o2e325p715f5o4h115g246g,Combaillaux,FR,0.6666666666666666,US8536318,43.6772,3.76494
4g395s2x3m43k543o2e325p715f5o4h115g246g,Saint Clement De Riviere,FR,0.3333333333333333,US8536318,43.6843999,3.8466598
3n24401n2u2y5n4w6k63394k1o695a4l175b6d6v,"Tempe, AZ",US,0.5,US8552167,33.4255117,-111.940016
3n24401n2u2y5n4w6k63394k1o695a4l175b6d6v,"Chandler, AZ",US,0.5,US8552167,33.3062031,-111.841185
316h5x1w6z66o22b2t2q2x3x1vn594r6d3s9,"Cambridge, MA",US,0.25,US8071082,42.3656347,-71.1040018
316h5x1w6z66o22b2t2q2x3x1vn594r6d3s9,Bern,CH,0.25,US8071082,46.9484742,7.4521749
316h5x1w6z66o22b2t2q2x3x1vn594r6d3s9,"Newton, MA",US,0.25,US8071082,42.3300435,-71.194862
316h5x1w6z66o22b2t2q2x3x1vn594r6d3s9,"Sudbury, MA",US,0.25,US8071082,42.3834278,-71.4161725
57263dc28256a5d2262z162o5x6lc12i4j6q,"Cambridge, MA",US,0.4,US8577619,42.3656347,-71.1040018
57263dc28256a5d2262z162o5x6lc12i4j6q,Goteborg,SE,0.2,US8577619,57.7072326,11.9670171
57263dc28256a5d2262z162o5x6lc12i4j6q,"Jersey City, NJ",US,0.2,US8577619,40.7215682,-74.047455
57263dc28256a5d2262z162o5x6lc12i4j6q,Kungsbacka,SE,0.2,US8577619,57.4888563,12.0787529
2c5j5t1z4f3j6652p11i7076yt2i276w352k,"Los Altos Hills, CA",US,0.3333333333333333,US8592225,37.3796627,-122.137463
2c5j5t1z4f3j6652p11i7076yt2i276w352k,"Los Altos, CA",US,0.3333333333333333,US8592225,37.3790629,-122.116578
2c5j5t1z4f3j6652p11i7076yt2i276w352k,"Palo Alto, CA",US,0.3333333333333333,US8592225,37.4443293,-122.1598465
2k5y5x3s6h5o5h332s6br24wu70d133qi37,"Newton, MA",US,0.5,US8645115,42.3300435,-71.194862
2k5y5x3s6h5o5h332s6br24wu70d133qi37,"Cambridge, MA",US,0.5,US8645115,42.3656347,-71.1040018
3nmy74a1s4w5x65206w2r1i5b201n5w5b2e5y,Auckland,NZ,1.0,US8658408,-36.852095,174.7631803
r6c4m6i2h6bt6v3s6x3t5i233s6j2r6zc3un,Auckland,NZ,1.0,US8658415,-36.852095,174.7631803
1p5c305q1j3d3gi22z5a2q2a4x3q6x6i27416f,"Lutherville, MD",US,0.5,US8664183,39.42363,-76.6209151
1p5c305q1j3d3gi22z5a2q2a4x3q6x6i27416f,"Potomac, MD",US,0.5,US8664183,39.0180508,-77.1956331
y6h643x706812hm2012464r2649245i1k2x4o,"Cambridge, MA",US,0.3333333333333333,US8669379,42.3656347,-71.1040018
y6h643x706812hm2012464r2649245i1k2x4o,"North Wales, PA",US,0.3333333333333333,US8669379,40.2109404,-75.2782317
y6h643x706812hm2012464r2649245i1k2x4o,"Milton, MA",US,0.3333333333333333,US8669379,42.2501425,-71.065573
3q645w664r325k4e1k4w272u5r5o474g1y2gg57,Boston,,0.2,US7855062,42.3588336,-71.0578303
3q645w664r325k4e1k4w272u5r5o474g1y2gg57,Vellevue,,0.2,US7855062,,
3q645w664r325k4e1k4w272u5r5o474g1y2gg57,Newton,,0.2,US7855062,30.8118989,-93.740504
3q645w664r325k4e1k4w272u5r5o474g1y2gg57,St. Louis,,0.2,US7855062,38.6254063,-90.190009
3q645w664r325k4e1k4w272u5r5o474g1y2gg57,Livermore,,0.2,US7855062,37.6820583,-121.768053
5f6f3m5l471s5t18e4h5c332x6r6t382o2e2i6x,"Newton, MA",US,0.3333333333333333,US8377463,42.3300435,-71.194862
5f6f3m5l471s5t18e4h5c332x6r6t382o2e2i6x,"Philadelphia, PA",US,0.3333333333333333,US8377463,39.9527237,-75.1635262
5f6f3m5l471s5t18e4h5c332x6r6t382o2e2i6x,"Wellesley, MA",US,0.3333333333333333,US8377463,42.2964859,-71.2925571
6x63531no6m4s1z501k5vr1x2b596i5tr6b5e,Lexington,,0.5,US8685638,38.0464066,-84.4970393
6x63531no6m4s1z501k5vr1x2b596i5tr6b5e,San Diego,,0.5,US8685638,32.7174202,-117.162772
s694l4sj5y2t6340662k4zs1l5v5hu4x652g,"Princeton, NJ",US,0.3333333333333333,US8685720,40.3496953,-74.6597376
s694l4sj5y2t6340662k4zs1l5v5hu4x652g,"Windsor, NJ",US,0.16666666666666666,US8685720,40.24569,-74.5822503
s694l4sj5y2t6340662k4zs1l5v5hu4x652g,"New York, NY",US,0.16666666666666666,US8685720,40.7127281,-74.0060152
s694l4sj5y2t6340662k4zs1l5v5hu4x652g,"Indianapolis, IN",US,0.16666666666666666,US8685720,39.7683331,-86.1583502
s694l4sj5y2t6340662k4zs1l5v5hu4x652g,Rupperswil,CH,0.16666666666666666,US8685720,47.4027283,8.1274477
3u2f12162x2r3dw2u8726p2w4bv683b411j,"Newton, MA",US,1.0,US8716467,42.3300435,-71.194862
605r3h644v2oea6kq6j3oy4en3z3h3d324l,Auckland,NZ,1.0,US8735115,-36.852095,174.7631803
2055272c2u6i5226qs4a3g5f5u3v4y25p65d,"Brookline, MA",US,0.5,US8741833,42.332918,-71.1187829
2055272c2u6i5226qs4a3g5f5u3v4y25p65d,"Lexington, MA",US,0.5,US8741833,42.4473175,-71.2245003
2340176i6rtp475t5c186v392c4j4v4m4tu4,"La Jolla, CA",US,0.5,US8778690,32.8458529,-117.2575702
2340176i6rtp475t5c186v392c4j4v4m4tu4,"El Cerrito, CA",US,0.5,US8778690,37.9154056,-122.301411
4u1iy4o2u2zb44g2q81p1m6h4xx4z644o32,"Sudbury, MA",US,0.3333333333333333,US8808681,42.3834278,-71.4161725
4u1iy4o2u2zb44g2q81p1m6h4xx4z644o32,"Philadelphia, PA",US,0.3333333333333333,US8808681,39.9527237,-75.1635262
4u1iy4o2u2zb44g2q81p1m6h4xx4z644o32,"Newton, MA",US,0.3333333333333333,US8808681,42.3300435,-71.194862
503f5n5e665n2l1g734i1a5b6r3rs5nh5v151y,Calgary,CA,0.5,US6750046,51.0456064,-114.057541
503f5n5e665n2l1g734i1a5b6r3rs5nh5v151y,"San Diego, CA",US,0.5,US6750046,32.7174202,-117.162772
3x544456391ia19m354e53zg132m2g173a,"Wrentham, MA",US,0.25,US7192735,42.0667652,-71.3281114
3x544456391ia19m354e53zg132m2g173a,"Beulah, MI",US,0.25,US7192735,44.631944,-86.090924
3x544456391ia19m354e53zg132m2g173a,"San Francisco, CA",US,0.25,US7192735,37.7879363,-122.4075201
3x544456391ia19m354e53zg132m2g173a,"Wellesley, MA",US,0.25,US7192735,42.2964859,-71.2925571
296w2i381r6z11z4x2b3j661f6nv443k3639,Gentofte,DK,0.3333333333333333,US7250280,55.7535946,12.541436
296w2i381r6z11z4x2b3j661f6nv443k3639,Amsterdam,NL,0.6666666666666666,US7250280,52.3730796,4.8924534
1b12g655s2d3i32t4h6d522k6l5fx7l1m4d,St. Paul,,0.5,US6825001,44.9497487,-93.0931028
1b12g655s2d3i32t4h6d522k6l5fx7l1m4d,Roseville,,0.25,US6825001,38.7521235,-121.2880059
1b12g655s2d3i32t4h6d522k6l5fx7l1m4d,Menlo Park,,0.25,US6825001,37.4519671,-122.177992
c4r3ee45206p83m6a3216v621qd503764,"Ellicott City, MD",US,0.5,US6800672,39.2757359,-76.8317417
c4r3ee45206p83m6a3216v621qd503764,"Baltimore, MD",US,0.16666666666666666,US6800672,39.2908816,-76.610759
c4r3ee45206p83m6a3216v621qd503764,"Chelsea, AL",US,0.16666666666666666,US6800672,33.3401108,-86.6302625
c4r3ee45206p83m6a3216v621qd503764,"Towson, MD",US,0.16666666666666666,US6800672,39.3964591,-76.6148148
3t3l4b5l6m5k346u3b264s5n2d3a3t145w3j6n2o,Cambridge,GB,0.6666666666666666,US7241573,52.1975846,0.1391537
3t3l4b5l6m5k346u3b264s5n2d3a3t145w3j6n2o,London,GB,0.3333333333333333,US7241573,51.5074456,-0.1277653
5b414r683740452r3c4z2a772i4s50251zc1g,Knoxville,,0.6,US7090992,35.9603948,-83.9210261
5b414r683740452r3c4z2a772i4s50251zc1g,Blaine,,0.2,US7090992,35.8970899,-98.4225961
5b414r683740452r3c4z2a772i4s50251zc1g,West Lafayette,,0.2,US7090992,40.4258686,-86.9080655
o43284kd41316j4g1m6116t3g603y1kr6k7,Hampshire,GB,1.0,US7026297,51.0449814,-1.2433102
4a4y6r3u1t1w3x3u1o58j2t1c4n3q6403j6038,Rimsting,DE,0.5,US6861223,47.8780488,12.3369294
4a4y6r3u1t1w3x3u1o58j2t1c4n3q6403j6038,Bonn,DE,0.5,US6861223,50.7352621,7.1024635
3i6l2c2o1w4s231m4y3e2y28s5p5aw3y5jr1p,Newcastle upon Tyne,GB,0.25,US6451560,54.9738474,-1.6131572
3i6l2c2o1w4s231m4y3e2y28s5p5aw3y5jr1p,La Jolla,GB,0.25,US6451560,50.8636972,-0.148867
3i6l2c2o1w4s231m4y3e2y28s5p5aw3y5jr1p,Helsinki,FI,0.5,US6451560,60.1666204,24.9435408
2j662k4s672w346m1y1f3v2f27531z513b5o11,Worthing,GB,0.5,US6905849,50.8115402,-0.3699697
2j662k4s672w346m1y1f3v2f27531z513b5o11,Oxford,GB,0.5,US6905849,51.7520131,-1.2578499
5i5j5q484w5184159242o3v2a6s3y82b3r2je,Haifa,IL,1.0,US7056748,32.8191218,34.9983856
4w262j5o196k6s571h5io50b3c1e3u4p5d1k6x,Konstanz,DE,0.5,US6686194,47.659216,9.1750718
4w262j5o196k6s571h5io50b3c1e3u4p5d1k6x,Etiolles,FR,0.5,US6686194,48.6380667,2.4775273
1l544rm5v5i04j2911w141ri5yf2j71301a,Durham,GB,0.3333333333333333,US7371553,54.666667,-1.75
1l544rm5v5i04j2911w141ri5yf2j71301a,Lakefield,CA,0.3333333333333333,US7371553,45.7511322,-74.2562529
1l544rm5v5i04j2911w141ri5yf2j71301a,Burlingame,,0.3333333333333333,US7371553,37.5780965,-122.3473099
5e1p42o3x6v412hf3k553yr611b122c5q4523,Zumikon,CH,0.3333333333333333,US7291673,47.3324061,8.6238228
5e1p42o3x6v412hf3k553yr611b122c5q4523,"University City, MO",US,0.3333333333333333,US7291673,38.6569083,-90.3103443
5e1p42o3x6v412hf3k553yr611b122c5q4523,Zurich,CH,0.3333333333333333,US7291673,47.3744489,8.5410422
666e3i4f64455r433e55c136o22g4m6p311e2f,Heidelberg,DE,0.5,US6756492,49.4093582,8.694724
666e3i4f64455r433e55c136o22g4m6p311e2f,Wiesloch,DE,0.5,US6756492,49.2942599,8.698707
34661wg3e2f1c66yik3i72f1r6o2j4tv52,Durham,GB,0.3333333333333333,US6627744,54.666667,-1.75
34661wg3e2f1c66yik3i72f1r6o2j4tv52,Lakefield,CA,0.3333333333333333,US6627744,45.7511322,-74.2562529
34661wg3e2f1c66yik3i72f1r6o2j4tv52,Burlingame,,0.3333333333333333,US6627744,37.5780965,-122.3473099
511f715b3hn2f723a9182u6t1vwr1k49g5k,"Solana Beach, CA",US,0.2,US6677435,32.9919141,-117.2678124
511f715b3hn2f723a9182u6t1vwr1k49g5k,Tel Aviv,IL,0.2,US6677435,32.0852997,34.7818064
511f715b3hn2f723a9182u6t1vwr1k49g5k,San Diego,,0.4,US6677435,32.7174202,-117.162772
511f715b3hn2f723a9182u6t1vwr1k49g5k,La Jolla,,0.2,US6677435,32.8458529,-117.2575702
7147313g623g15zb1f3u1x4q162j4u1y252321,"Chapel Hill, NC",US,1.0,US7651998,35.9131542,-79.05578
5t3nj6tu722z5q3q5f336hc1y3t146n56w5r,Sussex,GB,0.75,US7045537,50.9445139,-0.0622673
5t3nj6tu722z5q3q5f336hc1y3t146n56w5r,Bardsey,GB,0.25,US7045537,52.756892,-4.7886019
1e632v4v452z422z5n6b1b44k3f2z1c3d2dv66,"Del Mar, CA",US,0.3333333333333333,US7442784,32.9594891,-117.2653146
1e632v4v452z422z5n6b1b44k3f2z1c3d2dv66,"Adams Town, MD",US,0.3333333333333333,US7442784,39.0803866,-76.5611507
1e632v4v452z422z5n6b1b44k3f2z1c3d2dv66,"San Diego, CA",US,0.3333333333333333,US7442784,32.7174202,-117.162772
6t3t1n254m1u645486o326y4a5b673s4i0573o,Tokyo,JP,0.6666666666666666,US6974668,35.6768601,139.7638947
6t3t1n254m1u645486o326y4a5b673s4i0573o,Kyoto,JP,0.3333333333333333,US6974668,35.0115754,135.7681441
4n4d6t3c2z533o4a735n2n592t202r4r2k3y4g,Somerville,,0.2,US6706165,42.3875968,-71.0994968
4n4d6t3c2z533o4a735n2n592t202r4r2k3y4g,Cincinnati,,0.2,US6706165,39.1012809,-84.5127405
4n4d6t3c2z533o4a735n2n592t202r4r2k3y4g,Arlington,,0.2,US6706165,32.7355816,-97.1071186
4n4d6t3c2z533o4a735n2n592t202r4r2k3y4g,Champaign,,0.2,US6706165,40.1164841,-88.2430932
4n4d6t3c2z533o4a735n2n592t202r4r2k3y4g,Newton,,0.2,US6706165,30.8118989,-93.740504
3y28106m40566m3x28365t6u456ad2gy3l2535,"Solana Beach, CA",US,0.25,US7151201,32.9919141,-117.2678124
3y28106m40566m3x28365t6u456ad2gy3l2535,"San Diego, CA",US,0.75,US7151201,32.7174202,-117.162772
72624g291n3i243y1w2u2j4g83b2w2jw5i4l1q,San Diego,,0.5,US7183395,32.7174202,-117.162772
72624g291n3i243y1w2u2j4g83b2w2jw5i4l1q,La Jolla,,0.16666666666666666,US7183395,32.8458529,-117.2575702
72624g291n3i243y1w2u2j4g83b2w2jw5i4l1q,Del Mar,,0.16666666666666666,US7183395,32.9594891,-117.2653146
72624g291n3i243y1w2u2j4g83b2w2jw5i4l1q,Cardiff,,0.16666666666666666,US7183395,51.4816546,-3.1791934
r2p371y3q67s2w315r711ox38511l1c5h186,"Ellicott  City, MD",US,0.25,US6805876,39.2757359,-76.8317417
r2p371y3q67s2w315r711ox38511l1c5h186,"Baltimore, MD",US,0.25,US6805876,39.2908816,-76.610759
r2p371y3q67s2w315r711ox38511l1c5h186,Wuhan,CN,0.25,US6805876,30.578891,114.2921197
r2p371y3q67s2w315r711ox38511l1c5h186,Singapore,SG,0.25,US6805876,1.2899175,103.8519072
37219311t3l3o3g4q23395l40e3x3e5l2d5l42,Bielefeld,DE,1.0,US6982162,52.0191005,8.531007
3u1j1r4i5sj4l3l3q231h5f2l1l3q2e496t6e5u,Toronto,CA,0.125,US7267938,43.6534817,-79.3839347
3u1j1r4i5sj4l3l3q231h5f2l1l3q2e496t6e5u,Seattle,,0.125,US7267938,47.6038321,-122.330062
3u1j1r4i5sj4l3l3q231h5f2l1l3q2e496t6e5u,Irvine,,0.125,US7267938,33.6856969,-117.825981
3u1j1r4i5sj4l3l3q231h5f2l1l3q2e496t6e5u,Boston,,0.25,US7267938,42.3588336,-71.0578303
3u1j1r4i5sj4l3l3q231h5f2l1l3q2e496t6e5u,Troy,,0.125,US7267938,42.7284117,-73.6917878
3u1j1r4i5sj4l3l3q231h5f2l1l3q2e496t6e5u,Dorong-dong,KR,0.125,US7267938,,
3u1j1r4i5sj4l3l3q231h5f2l1l3q2e496t6e5u,Newton,,0.125,US7267938,30.8118989,-93.740504
1y1h3h5wm5y3f3b5b403u5a3r6o1a4w3h1z2f40,Bielefeld,DE,0.6666666666666666,US8048665,52.0191005,8.531007
1y1h3h5wm5y3f3b5b403u5a3r6o1a4w3h1z2f40,Steinhagen (Westf.),DE,0.16666666666666666,US8048665,52.0173749,8.4209164
1y1h3h5wm5y3f3b5b403u5a3r6o1a4w3h1z2f40,Halle (Westf.),DE,0.16666666666666666,US8048665,52.0603847,8.3615861
5k4r1go2qe35g5l402xp1cl5w216gw474t,Haren,NL,0.25,US7316924,53.1709841,6.6061413
5k4r1go2qe35g5l402xp1cl5w216gw474t,Groningen,NL,0.25,US7316924,53.2190652,6.5680077
5k4r1go2qe35g5l402xp1cl5w216gw474t,Jena,DE,0.25,US7316924,50.9281717,11.5879359
5k4r1go2qe35g5l402xp1cl5w216gw474t,Harkstede,NL,0.25,US7316924,53.2137257,6.7003533
5k1l3b6x4p714z1w4u351b3f61636c2b4t4r271a,Cambridge,GB,1.0,US7514210,52.1975846,0.1391537
4e3v3q2b6e115cl1q1y154fxv1d281j2vu2t,Rancho Santa Fe,,1.0,US6562594,33.0242314,-117.1979781
o6b96k6l325vz5k6u528526m1r2d511c4f5w,Austin,,1.0,US6916474,30.2711286,-97.7436995
636l1y296e4i3s662j1d365l4j5c54304f6r2c4l,"Mountain View, CA",US,0.09090909090909091,US7462481,37.3893889,-122.0832101
636l1y296e4i3s662j1d365l4j5c54304f6r2c4l,"Menlo Park, CA",US,0.18181818181818182,US7462481,37.4519671,-122.177992
636l1y296e4i3s662j1d365l4j5c54304f6r2c4l,"Sunnyvale, CA",US,0.09090909090909091,US7462481,37.3688301,-122.036349
636l1y296e4i3s662j1d365l4j5c54304f6r2c4l,"Los Altos, CA",US,0.09090909090909091,US7462481,37.3790629,-122.116578
636l1y296e4i3s662j1d365l4j5c54304f6r2c4l,"Encinitas, CA",US,0.09090909090909091,US7462481,33.0369867,-117.2919818
636l1y296e4i3s662j1d365l4j5c54304f6r2c4l,"Foster City, CA",US,0.09090909090909091,US7462481,37.5600336,-122.2688522
636l1y296e4i3s662j1d365l4j5c54304f6r2c4l,"Irvine, CA",US,0.09090909090909091,US7462481,33.6856969,-117.825981
636l1y296e4i3s662j1d365l4j5c54304f6r2c4l,"Apex, NC",US,0.09090909090909091,US7462481,35.7325352,-78.8505516
636l1y296e4i3s662j1d365l4j5c54304f6r2c4l,"Clive, IA",US,0.09090909090909091,US7462481,41.6096559,-93.7754644
636l1y296e4i3s662j1d365l4j5c54304f6r2c4l,"Wake Forest, NC",US,0.09090909090909091,US7462481,35.9803138,-78.5103731
5h3v6nxt671m413g273g5i5y2t2o6xq3sd2g,Amersham,GB,0.14285714285714285,US7947469,51.676685,-0.607692
5h3v6nxt671m413g273g5i5y2t2o6xq3sd2g,East Sheen,GB,0.14285714285714285,US7947469,51.4623706,-0.267094
5h3v6nxt671m413g273g5i5y2t2o6xq3sd2g,Hertsfordshire,GB,0.14285714285714285,US7947469,,
5h3v6nxt671m413g273g5i5y2t2o6xq3sd2g,Cambridge,,0.14285714285714285,US7947469,52.1975846,0.1391537
5h3v6nxt671m413g273g5i5y2t2o6xq3sd2g,East Finchley,GB,0.14285714285714285,US7947469,51.5871881,-0.1648137
5h3v6nxt671m413g273g5i5y2t2o6xq3sd2g,Stoke Newington,GB,0.14285714285714285,US7947469,51.5578698,-0.0822482
5h3v6nxt671m413g273g5i5y2t2o6xq3sd2g,Sydney Street,GB,0.14285714285714285,US7947469,51.4908705,-0.171322
4e1f4x162c6e4l6hf5r444up4l224o6n1gsi,"Watertown, MA",US,0.3333333333333333,US7449180,42.3652576,-71.1843234
4e1f4x162c6e4l6hf5r444up4l224o6n1gsi,"Lexington, MA",US,0.6666666666666666,US7449180,42.4473175,-71.2245003
3b81l1l503y4485s2t5yl2z3u5441163e3d6f,"La Jolla, CA",US,0.5,US7361472,32.8458529,-117.2575702
3b81l1l503y4485s2t5yl2z3u5441163e3d6f,"Poway, CA",US,0.25,US7361472,32.9628234,-117.035864
3b81l1l503y4485s2t5yl2z3u5441163e3d6f,"Coronado, CA",US,0.25,US7361472,32.6915199,-117.1766947
y386a2q6e6mf50704516me192n2g381ime,Durham,,1.0,US6852834,54.666667,-1.75
3y1wn2tn33344e5p315a485h5x334s6r1l4z5,Halle/Saale,DE,1.0,US8058506,51.4824354,11.9712985
z403371515c4z2m6j1u2va671y18475c6d6439,Siena,IT,0.6666666666666666,US7928192,43.1672059,11.467561
z403371515c4z2m6j1u2va671y18475c6d6439,Castelnouvo Berardenga,IT,0.3333333333333333,US7928192,,
4w1k2t1l2uu1l5m1y43734k352144323o3x5c24,Lokeren,BE,0.25,US7622634,51.1044488,3.9898689
4w1k2t1l2uu1l5m1y43734k352144323o3x5c24,Moorsel-Aalst,BE,0.25,US7622634,50.9477279,4.0983893
4w1k2t1l2uu1l5m1y43734k352144323o3x5c24,Helsinki,FI,0.25,US7622634,60.1666204,24.9435408
4w1k2t1l2uu1l5m1y43734k352144323o3x5c24,Espoo,FI,0.25,US7622634,60.2049651,24.6559808
e6e1u3x14g2n635p5b31625395h95u6bi54,Paris,FR,0.6666666666666666,US7547513,48.8534951,2.3483915
e6e1u3x14g2n635p5b31625395h95u6bi54,Meudon,FR,0.3333333333333333,US7547513,48.8126688,2.2385432
5q37604c472dd6z5i615gv1u1h2e50684u32,Freiburg,DE,0.25,US7151139,47.9960901,7.8494005
5q37604c472dd6z5i615gv1u1h2e50684u32,Taipei,TW,0.25,US7151139,25.0375198,121.5636796
5q37604c472dd6z5i615gv1u1h2e50684u32,"Newton, MA",US,0.5,US7151139,42.3300435,-71.194862
3l2j3j594d1w3i4c2m1x1u224f446p3rq6m3h38,Halle/Saale,DE,0.8,US8003381,51.4824354,11.9712985
3l2j3j594d1w3i4c2m1x1u224f446p3rq6m3h38,Moscow,RU,0.2,US8003381,55.625578,37.6063916
d3pl136j5r1l1w5n2c2n1k30v5e3s345e3l3w,Tokyo,JP,0.5,US7067622,35.6768601,139.7638947
d3pl136j5r1l1w5n2c2n1k30v5e3s345e3l3w,Tokushima,JP,0.25,US7067622,33.9196418,134.2509634
d3pl136j5r1l1w5n2c2n1k30v5e3s345e3l3w,Kyoto,JP,0.25,US7067622,35.0115754,135.7681441
6y3c66336k53202z1c5w3l65b826g3m1l49d,"Baltimore, MD",US,0.3333333333333333,US7417110,39.2908816,-76.610759
6y3c66336k53202z1c5w3l65b826g3m1l49d,Singapore,SG,0.3333333333333333,US7417110,1.2899175,103.8519072
6y3c66336k53202z1c5w3l65b826g3m1l49d,Ellicott City,,0.3333333333333333,US7417110,39.2757359,-76.8317417
245p2s5v8g1t2j3s1e631gw22n272p1c4x2a,Odense S,DK,0.5,US7060809,55.352126,10.385883
245p2s5v8g1t2j3s1e631gw22n272p1c4x2a,Smoerum,DK,0.5,US7060809,,
122n2p281x4e4z344b395j2vq2yq2jf3h394h,"Madison, WI",US,0.8,US6914048,43.07469,-89.3841663
122n2p281x4e4z344b395j2vq2yq2jf3h394h,Nagoya,JP,0.2,US6914048,35.1851045,136.8998438
4h126k3sw1h3y6o2x4z3c3n321l1i2n4y2n5f,"Seattle, WA",US,0.3333333333333333,US7514406,47.6038321,-122.330062
4h126k3sw1h3y6o2x4z3c3n321l1i2n4y2n5f,Seattle,,0.6666666666666666,US7514406,47.6038321,-122.330062
702u2lk3rs454t496g664a6526u4826z106a,"Madison, WI",US,1.0,US7422851,43.07469,-89.3841663
2j5g1v172c5u486a102w5n5i715u6qo1h3y6q1u,Seven Hills,AU,1.0,US6832636,-33.7760305,150.9427044
641y6b21f5610j3y2b6c52r4y5e3d706ux55,"Madison, WI",US,0.6666666666666666,US7083975,43.07469,-89.3841663
641y6b21f5610j3y2b6c52r4y5e3d706ux55,"Evansville, WI",US,0.3333333333333333,US7083975,42.7803486,-89.2992249
2a4y2u6k3k3p10642tq4m5o35451r5e4443p48,"New York, NY",US,0.5,US6982150,40.7127281,-74.0060152
2a4y2u6k3k3p10642tq4m5o35451r5e4443p48,"Greenwich, CT",US,0.5,US6982150,41.0264862,-73.6284598
4a2f1i6r3l2d1g2f4k69583445v541h14a506f,"New York, NY",US,0.5,US8709442,40.7127281,-74.0060152
4a2f1i6r3l2d1g2f4k69583445v541h14a506f,"Leonia, NJ",US,0.5,US8709442,40.8617353,-73.9880495
1473272he5h6y6n1t41v461q3y5c244oh6v45,"Baltimore, MD",US,0.5,US7601489,39.2908816,-76.610759
1473272he5h6y6n1t41v461q3y5c244oh6v45,San Francisco,,0.5,US7601489,37.7879363,-122.4075201
686jy5d6g1l2a2e30362e2q2v5t344g4on4v6g,"Beverly Hills, CA",US,0.5,US6753143,34.0696501,-118.3963062
686jy5d6g1l2a2e30362e2q2v5t344g4on4v6g,"Pasadena, CA",US,0.5,US6753143,34.1476507,-118.144155
255d139705v4y84t5e5h3yg292d6t62o6q,Prades Le Lez,FR,0.5,US8088892,43.6978777,3.862452
255d139705v4y84t5e5h3yg292d6t62o6q,Montpellier,FR,0.5,US8088892,43.6112422,3.8767337
6n5k3q42p6a691o1w3g4136405sn6r5q1vo1d,Saitama,JP,1.0,US7456002,35.9754168,139.4160114
6zo721b2a3l2g3n1o5i2k15r40b3563456o18,"Baltimore, MD",US,1.0,US7649012,39.2908816,-76.610759
2d5o4l3y6p1je4v5t4w6f2x4w1f1h6x2s6p54b,Rosdorf,DE,0.16666666666666666,US7505861,53.9776685,9.7272251
2d5o4l3y6p1je4v5t4w6f2x4w1f1h6x2s6p54b,Kandern,DE,0.16666666666666666,US7505861,47.714697,7.6610865
2d5o4l3y6p1je4v5t4w6f2x4w1f1h6x2s6p54b,Gottingen,DE,0.3333333333333333,US7505861,51.5328328,9.9351811
2d5o4l3y6p1je4v5t4w6f2x4w1f1h6x2s6p54b,Freiburg,DE,0.3333333333333333,US7505861,47.9960901,7.8494005
5q2q3p5k5d3c322219u3jg4cc3e3w4h5sq6,Houten,NL,0.14285714285714285,US7771724,52.0271433,5.1620637
5q2q3p5k5d3c322219u3jg4cc3e3w4h5sq6,Naarden,NL,0.14285714285714285,US7771724,52.2957628,5.1633636
5q2q3p5k5d3c322219u3jg4cc3e3w4h5sq6,Utrecht,NL,0.5714285714285714,US7771724,52.0907006,5.1215634
5q2q3p5k5d3c322219u3jg4cc3e3w4h5sq6,Tiel,NL,0.14285714285714285,US7771724,51.8874333,5.4372681
3y2p4b5uf536g48595c3g5f4q1h3g731x732y18,Madison,,0.5,US7858737,43.07469,-89.3841663
3y2p4b5uf536g48595c3g5f4q1h3g731x732y18,Gothenburg,,0.25,US7858737,57.7072326,11.9670171
3y2p4b5uf536g48595c3g5f4q1h3g731x732y18,East Lansing,,0.25,US7858737,42.7320307,-84.4721678
1f4kh24652c4y2d355r6i3j2k2d3q3v695b3ws,"Del Mar, CA",US,0.3333333333333333,US7662554,32.9594891,-117.2653146
1f4kh24652c4y2d355r6i3j2k2d3q3v695b3ws,"Natick, MA",US,0.3333333333333333,US7662554,42.2836393,-71.346996
1f4kh24652c4y2d355r6i3j2k2d3q3v695b3ws,"Boston, MA",US,0.3333333333333333,US7662554,42.3588336,-71.0578303
1y2g283w76w5f2012z1n4k2f4g5vd2w5r2y3,"Lexington, MA",US,0.25,US7598344,42.4473175,-71.2245003
1y2g283w76w5f2012z1n4k2f4g5vd2w5r2y3,"Austin, TX",US,0.5,US7598344,30.2711286,-97.7436995
1y2g283w76w5f2012z1n4k2f4g5vd2w5r2y3,"Somerville, MA",US,0.25,US7598344,42.3875968,-71.0994968
4s6b6d1k1pf3m5l3y3g6wf5b301f4o3t4e6i6j,"Hayward, CA",US,0.5,US7067290,37.6688205,-122.080796
4s6b6d1k1pf3m5l3y3g6wf5b301f4o3t4e6i6j,"Foster City, CA",US,0.5,US7067290,37.5600336,-122.2688522
394x3f1b1i3j185h5u2e5o2r264s61y40492x1t,Oberried-Zastler,DE,0.16666666666666666,US7781197,47.9242148,7.9856664
394x3f1b1i3j185h5u2e5o2r264s61y40492x1t,Freiburg,DE,0.8333333333333334,US7781197,47.9960901,7.8494005
571kg3i2u4q82w4k6r3a2x6c5o503k5522j2x,"Golden, CO",US,0.3333333333333333,US7501270,39.7546349,-105.22058
571kg3i2u4q82w4k6r3a2x6c5o503k5522j2x,Lakewood,,0.6666666666666666,US7501270,39.7085736,-105.0846694
3l2m3p2v5d5n3t3q641wf162d3i6e5d2h562773,Winnipeg,CA,0.4166666666666667,US7897744,49.8955367,-97.1384584
3l2m3p2v5d5n3t3q641wf162d3i6e5d2h562773,Vancouver,CA,0.16666666666666666,US7897744,49.2608724,-123.113952
3l2m3p2v5d5n3t3q641wf162d3i6e5d2h562773,Richmond,CA,0.08333333333333333,US7897744,49.163168,-123.137414
3l2m3p2v5d5n3t3q641wf162d3i6e5d2h562773,North Vancouver,CA,0.08333333333333333,US7897744,49.3206294,-123.0737925
3l2m3p2v5d5n3t3q641wf162d3i6e5d2h562773,Victoria,CA,0.08333333333333333,US7897744,48.4283182,-123.364953
3l2m3p2v5d5n3t3q641wf162d3i6e5d2h562773,"Winterville, NC",US,0.08333333333333333,US7897744,35.5282267,-77.4022447
3l2m3p2v5d5n3t3q641wf162d3i6e5d2h562773,Burnaby,CA,0.08333333333333333,US7897744,49.2433804,-122.972545
3o45n1g4f1v5cs5z154j10433j473k6j536k6z,"Lexington, KY",US,1.0,US8138309,38.0464066,-84.4970393
4d5y366x4422472o21515573644a481s54c161j,Bergen,NO,0.16666666666666666,US8679829,60.3943055,5.3259192
4d5y366x4422472o21515573644a481s54c161j,Darmstadt,DE,0.16666666666666666,US8679829,49.872775,8.651177
4d5y366x4422472o21515573644a481s54c161j,Bensheim,DE,0.16666666666666666,US8679829,49.6810158,8.6227577
4d5y366x4422472o21515573644a481s54c161j,Heppenheim,DE,0.16666666666666666,US8679829,49.64999,8.66768
4d5y366x4422472o21515573644a481s54c161j,St. Groningen,DE,0.16666666666666666,US8679829,51.9363717,11.2166312
4d5y366x4422472o21515573644a481s54c161j,Dreieich,DE,0.16666666666666666,US8679829,50.011974,8.7123912
u222u6t11zt65i4e211d714145494h1d2t2m,"HOUSTON, TX",US,0.5,US7923550,29.7589382,-95.3676974
u222u6t11zt65i4e211d714145494h1d2t2m,"Houston, TX",US,0.5,US7923550,29.7589382,-95.3676974
6ur2m414pg5f6h2h3zfl146p223f62554s6f,Landenberg,,0.5,US7259255,39.7773329,-75.7713264
6ur2m414pg5f6h2h3zfl146p223f62554s6f,West Chester,,0.5,US7259255,39.9597389,-75.6044609
6755x1o265h4e2sj446le6t351a4v4j6dp3w,Shanghai,CN,0.3333333333333333,US7320857,31.2312707,121.4700152
6755x1o265h4e2sj446le6t351a4v4j6dp3w,Guangdong,CN,0.5555555555555556,US7320857,23.1357694,113.1982688
6755x1o265h4e2sj446le6t351a4v4j6dp3w,Jilin,CN,0.1111111111111111,US7320857,43.7289674,126.1997366
153m5s2k303m183hj4u4l59534f5xz324g2e5w,Marburg,DE,1.0,US8063181,50.8090106,8.7704695
4250535f4x104a384p6v4w364t5d166j5d6a3a4s,La Canada,,0.5,US8603949,29.5416667,-110.1263333
4250535f4x104a384p6v4w364t5d166j5d6a3a4s,Pasadena,,0.5,US8603949,34.1476507,-118.144155
141i5n423t62163kc5b1349l5r5f545xk2lu,Madison,,1.0,US9034309,43.07469,-89.3841663
3d85p4p523h4a4qwi4pm5s3q1d3i1i365j2h,"San Diego, CA",US,0.5,US8071535,32.7174202,-117.162772
3d85p4p523h4a4qwi4pm5s3q1d3i1i365j2h,"Branford, CT",US,0.5,US8071535,41.2795414,-72.8150989
3g223c3bb4w5p584264ya5y42o7259351k45,Castro Valley,,0.5,US7288396,37.713606,-122.0715658
3g223c3bb4w5p584264ya5y42o7259351k45,San Rafael,,0.5,US7288396,37.9747795,-122.5316686
1m2t5a20444z485x4i544b6g5j3y2n4y6s406ap,Highfield,GB,1.0,US8092078,50.9304325,-1.3967591
465h4w6o5719e5q254529532v266q431h6p33s,Halle,DE,1.0,US9267143,51.4824354,11.9712985
5f3x3x171b364rv402ay1s5g6h2y27566j5z,Daejeon,KR,1.0,US7470530,36.3497007,127.3849016
315f6k186b758183764v86v4c1j1i6l2k2j58,Little Chesterford,GB,1.0,US7807800,52.0538716,0.2105189
1e4w1i5t1l336s4j6z4z186n2w54155e5i1k24z,Speyer,DE,0.125,US8048651,49.3165553,8.433615
1e4w1i5t1l336s4j6z4z186n2w54155e5i1k24z,Mannheim,DE,0.125,US8048651,49.4892913,8.4673098
1e4w1i5t1l336s4j6z4z186n2w54155e5i1k24z,Nussloch,DE,0.125,US8048651,49.3228653,8.6959385
1e4w1i5t1l336s4j6z4z186n2w54155e5i1k24z,Ludwigshafen,DE,0.125,US8048651,49.4704113,8.4381568
1e4w1i5t1l336s4j6z4z186n2w54155e5i1k24z,Limburgerhof,DE,0.125,US8048651,49.4226572,8.3933508
1e4w1i5t1l336s4j6z4z186n2w54155e5i1k24z,Zurich,CH,0.125,US8048651,47.3744489,8.5410422
1e4w1i5t1l336s4j6z4z186n2w54155e5i1k24z,Saarbrucken,DE,0.25,US8048651,49.234362,6.996379
5i226y5k34n486s2n3447194v4s3m4e64i1c3u,Seongnam-si,KR,0.5,US7682814,37.4201556,127.1262092
5i226y5k34n486s2n3447194v4s3m4e64i1c3u,Incheon-si,KR,0.25,US7682814,37.585165,126.7977017
5i226y5k34n486s2n3447194v4s3m4e64i1c3u,Suwon-si,KR,0.25,US7682814,37.2633325,127.0287472
v5v294wh286t05w58123p2r446u8522sq3g,Koln,DE,0.3333333333333333,US8759061,50.938361,6.959974
v5v294wh286t05w58123p2r446u8522sq3g,Konstanz,DE,0.3333333333333333,US8759061,47.659216,9.1750718
v5v294wh286t05w58123p2r446u8522sq3g,Mannheim,DE,0.3333333333333333,US8759061,49.4892913,8.4673098
47641o6i5n3mn392e5p4s2w6s4k48721h1x4a1x,"Houston, TX",US,0.6666666666666666,US8765454,29.7589382,-95.3676974
47641o6i5n3mn392e5p4s2w6s4k48721h1x4a1x,"Ann Arbor, MI",US,0.3333333333333333,US8765454,42.2813722,-83.7484616
223t2121403g7036b2l5t36115k3u1n551s4nn,Gainesville,,1.0,US7098009,29.6519684,-82.3249846
5g641e433j66k3x616i614k4u6w6r6q5p606724,"Orinda, CA",US,0.3333333333333333,US7332576,37.8771476,-122.1796888
5g641e433j66k3x616i614k4u6w6r6q5p606724,"Oakland, CA",US,0.3333333333333333,US7332576,37.8044557,-122.271356
5g641e433j66k3x616i614k4u6w6r6q5p606724,"San Rafael, CA",US,0.3333333333333333,US7332576,37.9747795,-122.5316686
5j4w5t6543134h5y253z3x6s6h6j6a5z38672n5l,"Lutherville, MD",US,1.0,US8679788,39.42363,-76.6209151
735o581n3qk51481g4473142rx31t3d5e3nb,"South Boston, MA",US,0.5,US7833769,42.3334312,-71.0494949
735o581n3qk51481g4473142rx31t3d5e3nb,"Somerville, MA",US,0.5,US7833769,42.3875968,-71.0994968
1m596j352w5l1c721n4x35p5s6c6c5a6d4w416u,"San Francisco, CA",US,0.25,US7259156,37.7879363,-122.4075201
1m596j352w5l1c721n4x35p5s6c6c5a6d4w416u,"Fremont, CA",US,0.25,US7259156,37.5482697,-121.988571
1m596j352w5l1c721n4x35p5s6c6c5a6d4w416u,"Castro Valley, CA",US,0.25,US7259156,37.713606,-122.0715658
1m596j352w5l1c721n4x35p5s6c6c5a6d4w416u,"El Dorado Hills, CA",US,0.25,US7259156,38.6827365,-121.0536827
6l1j2d1o46364f6f4e4gu1a436n3q3i6g204n5z,Bergfelde,DE,0.16666666666666666,US7767130,52.6701184,13.3204109
6l1j2d1o46364f6f4e4gu1a436n3q3i6g204n5z,Berlin,DE,0.16666666666666666,US7767130,52.5173885,13.3951309
6l1j2d1o46364f6f4e4gu1a436n3q3i6g204n5z,Pflaumdorf,DE,0.16666666666666666,US7767130,48.0869771,11.058714
6l1j2d1o46364f6f4e4gu1a436n3q3i6g204n5z,Dresden,DE,0.3333333333333333,US7767130,51.0493286,13.7381437
6l1j2d1o46364f6f4e4gu1a436n3q3i6g204n5z,Regen,DE,0.16666666666666666,US7767130,49.1844212,12.4251773
5v632i3h453q265j2t57y1x45w355l3ak6l4w,Utrecht,NL,0.2,US7968312,52.0907006,5.1215634
5v632i3h453q265j2t57y1x45w355l3ak6l4w,Delft,NL,0.2,US7968312,51.9994572,4.3627245
5v632i3h453q265j2t57y1x45w355l3ak6l4w,Delfgauw,NL,0.2,US7968312,52.0095838,4.3956354
5v632i3h453q265j2t57y1x45w355l3ak6l4w,Rotterdam,NL,0.2,US7968312,51.9244424,4.47775
5v632i3h453q265j2t57y1x45w355l3ak6l4w,Hellevoetsluis,NL,0.2,US7968312,51.833921,4.1436739
3u2q331k151t5d3345q123q316r3v61123a1w,"Madison, WI",US,1.0,US9206473,43.07469,-89.3841663
5d625q2b2f3p6s1j461v416f4f6u2o2ds2d6a2i,New York,,0.75,US8841428,40.7127281,-74.0060152
5d625q2b2f3p6s1j461v416f4f6u2o2ds2d6a2i,Brooklyn,,0.25,US8841428,40.6526006,-73.9497211
662a122f206q10231n5t45e3o5k1t1e4s5n4q54,"Stanford, CA",US,0.3333333333333333,US8063192,37.4265407,-122.1703055
662a122f206q10231n5t45e3o5k1t1e4s5n4q54,"Baltimore, MD",US,0.16666666666666666,US8063192,39.2908816,-76.610759
662a122f206q10231n5t45e3o5k1t1e4s5n4q54,Berlin,DE,0.16666666666666666,US8063192,52.5173885,13.3951309
662a122f206q10231n5t45e3o5k1t1e4s5n4q54,Nannhein,DE,0.16666666666666666,US8063192,,
662a122f206q10231n5t45e3o5k1t1e4s5n4q54,"Los Altos, CA",US,0.16666666666666666,US8063192,37.3790629,-122.116578
2f2k334it6x574i4e5w4643521i6e546zq323p,Utrecht,NL,0.25,US8129143,52.0907006,5.1215634
2f2k334it6x574i4e5w4643521i6e546zq323p,Delft,NL,0.5,US8129143,51.9994572,4.3627245
2f2k334it6x574i4e5w4643521i6e546zq323p,Voorhout,NL,0.25,US8129143,52.2244226,4.4886562
2d2o1q2j4u3g3h5f6a1u3y406p1f182v6zr2g61,"Richmond, VA",US,0.875,US8114976,37.5385087,-77.43428
2d2o1q2j4u3g3h5f6a1u3y406p1f182v6zr2g61,"Annandale, VA",US,0.125,US8114976,38.838703,-77.1951755
3n2h714112d5i1xu5t4k4zv3312y4z412z9,Norwich,GB,0.5,US7378278,52.6285576,1.2923954
3n2h714112d5i1xu5t4k4zv3312y4z412z9,Norfolk,GB,0.5,US7378278,52.666667,1.0
6t5x4k4y2u6z152a1t6o5d4o476l3lr64l2n5q,"Malvern, PA",US,0.6666666666666666,US8119369,40.036202,-75.5138959
6t5x4k4y2u6z152a1t6o5d4o476l3lr64l2n5q,"Lansdowne, PA",US,0.3333333333333333,US8119369,39.9381682,-75.2718507
203lw5k586i5le642s45242r221s543t1n5j5s,Halle/Saale,DE,1.0,US8940963,51.4824354,11.9712985
8645b6a2k2fm6a2a156i2c5u1s6o2j1tu1ig,Montreal,CA,0.6666666666666666,US9029097,45.5031824,-73.5698065
8645b6a2k2fm6a2a156i2c5u1s6o2j1tu1ig,Toulouse,FR,0.3333333333333333,US9029097,43.6044638,1.4442433
116i6io4r6x3q5g2z3r4f502r453m204a4b86,"Baltimore, MD",US,1.0,US8314195,39.2908816,-76.610759
6qn3d1j2a3b1c5v6n572t13672j5k2g3p1c6s16,"Baltimore, MD",US,1.0,US8268950,39.2908816,-76.610759
253u4u5d734v6t6r4i6z1i3y6i862p62o2q6y,Malmo,SE,0.25,US8895287,55.6052931,13.0001566
253u4u5d734v6t6r4i6z1i3y6i862p62o2q6y,Holte,DK,0.25,US8895287,55.8125143,12.4687513
253u4u5d734v6t6r4i6z1i3y6i862p62o2q6y,Copenhagen,DK,0.25,US8895287,55.6867243,12.5700724
253u4u5d734v6t6r4i6z1i3y6i862p62o2q6y,Charlottenlund,DK,0.25,US8895287,55.7552973,12.5671103
5hr5c376c602d6v2q3p311u6r5p41e1l2uf2a,"Washington, DC",US,1.0,US8357505,38.8950982,-77.0363849
6p1f3v125ok6ir5n1f5w2w484x2h2u5us642w,"Pasadena, CA",US,0.8,US8715988,34.1476507,-118.144155
6p1f3v125ok6ir5n1f5w2w484x2h2u5us642w,"Brea, CA",US,0.2,US8715988,33.9170444,-117.888855
4w4d2v3g1i2h332z6f1t6i1c1v536x3tx1v2r63,"San Carlos, CA",US,0.3333333333333333,US8431226,37.504936,-122.261823
4w4d2v3g1i2h332z6f1t6i1c1v536x3tx1v2r63,"Baltimore, MD",US,0.3333333333333333,US8431226,39.2908816,-76.610759
4w4d2v3g1i2h332z6f1t6i1c1v536x3tx1v2r63,"Springfield, VA",US,0.3333333333333333,US8431226,38.7749935,-77.1803819
4b2s3g1p5o4a4a721o4x2d503a313129yl5s2l,"Moraga, CA",US,0.5,US7985601,37.834897,-122.12883
4b2s3g1p5o4a4a721o4x2d503a313129yl5s2l,"Highland Park, IL",US,0.5,US7985601,42.1836719,-87.7993245
6l2r3o722w62p1f3f1c626u431e4y346x274c1,Beijing,CN,1.0,US8016956,39.9057136,116.3912972
29346h3y2p3k31603f20364e711y5a6j33385a2r,San Diego,,0.5,US9243241,32.7174202,-117.162772
29346h3y2p3k31603f20364e711y5a6j33385a2r,"San Diego, CA",US,0.5,US9243241,32.7174202,-117.162772
1b166a18205a6r4r1p2l492t6w4w5g212v1c4x2s,Gwangju,KR,0.25,US9492400,35.1594647,126.8515034
1b166a18205a6r4r1p2l492t6w4w5g212v1c4x2s,"Chestnut Hill, MA",US,0.25,US9492400,42.3234553,-71.1639439
1b166a18205a6r4r1p2l492t6w4w5g212v1c4x2s,"Newton, MA",US,0.25,US9492400,42.3300435,-71.194862
1b166a18205a6r4r1p2l492t6w4w5g212v1c4x2s,"Champaign, IL",US,0.25,US9492400,40.1164841,-88.2430932
4k3p3hn5h3f392b2u613p143p5fr2i95y4a4y,"Gainesville, FL",US,1.0,US8652817,29.6519684,-82.3249846
22701t5g6e566i1b6h545n4my1p226f3s2c6c15,Tokyo,JP,1.0,US8506905,35.6768601,139.7638947
5o6h5i6m5qc4cb70432l5b6u6l4dn2h4q5b22,Speyer,DE,0.15384615384615385,US8148117,49.3165553,8.433615
5o6h5i6m5qc4cb70432l5b6u6l4dn2h4q5b22,Ludwigshafen,DE,0.07692307692307693,US8148117,49.4704113,8.4381568
5o6h5i6m5qc4cb70432l5b6u6l4dn2h4q5b22,Mannheim,DE,0.07692307692307693,US8148117,49.4892913,8.4673098
5o6h5i6m5qc4cb70432l5b6u6l4dn2h4q5b22,Nussloch,DE,0.07692307692307693,US8148117,49.3228653,8.6959385
5o6h5i6m5qc4cb70432l5b6u6l4dn2h4q5b22,Saarbruecken,DE,0.15384615384615385,US8148117,49.234362,6.996379
5o6h5i6m5qc4cb70432l5b6u6l4dn2h4q5b22,Riegelsberg,DE,0.07692307692307693,US8148117,49.3022607,6.9454057
5o6h5i6m5qc4cb70432l5b6u6l4dn2h4q5b22,"Lexington, MA",US,0.15384615384615385,US8148117,42.4473175,-71.2245003
5o6h5i6m5qc4cb70432l5b6u6l4dn2h4q5b22,"North Attleboro, MA",US,0.07692307692307693,US8148117,41.9841334,-71.3322798
5o6h5i6m5qc4cb70432l5b6u6l4dn2h4q5b22,"Revere, MA",US,0.07692307692307693,US8148117,42.4084302,-71.0119948
5o6h5i6m5qc4cb70432l5b6u6l4dn2h4q5b22,"Kinnelon, NJ",US,0.07692307692307693,US8148117,41.0017644,-74.367096
g5s4e3n466u72505q365t91i366a2n6i3e5um,"Orlando, FL",US,0.3333333333333333,US8506965,28.5421218,-81.379045
g5s4e3n466u72505q365t91i366a2n6i3e5um,"San Diego, CA",US,0.3333333333333333,US8506965,32.7174202,-117.162772
g5s4e3n466u72505q365t91i366a2n6i3e5um,"Bueuton, CA",US,0.3333333333333333,US8506965,,
172i4c5u6y442a3g3g3v2r2v5526543w1e4x3m31,"Madison, WI",US,1.0,US7994098,43.07469,-89.3841663
3wc4i5d5w4r1z3v4x1a1e4d3a5b5v73x2y5n3u,"Cambridge, MA",US,0.3333333333333333,US8796544,42.3656347,-71.1040018
3wc4i5d5w4r1z3v4x1a1e4d3a5b5v73x2y5n3u,"Somerville, MA",US,0.3333333333333333,US8796544,42.3875968,-71.0994968
3wc4i5d5w4r1z3v4x1a1e4d3a5b5v73x2y5n3u,"Lexington, MA",US,0.3333333333333333,US8796544,42.4473175,-71.2245003
5y122s6z3s5r597242f4eo6q24382k3t1k3a16,Enns,AT,0.1,US8158393,47.5549145,14.2170959
5y122s6z3s5r597242f4eo6q24382k3t1k3a16,Linz,AT,0.1,US8158393,48.3059078,14.286198
5y122s6z3s5r597242f4eo6q24382k3t1k3a16,Wien,AT,0.2,US8158393,48.2083537,16.3725042
5y122s6z3s5r597242f4eo6q24382k3t1k3a16,Graz,AT,0.1,US8158393,47.0708678,15.4382786
5y122s6z3s5r597242f4eo6q24382k3t1k3a16,Sittard,NL,0.2,US8158393,50.9974235,5.8666627
5y122s6z3s5r597242f4eo6q24382k3t1k3a16,Deutschlandsberg,AT,0.1,US8158393,46.8146272,15.2137799
5y122s6z3s5r597242f4eo6q24382k3t1k3a16,Werndorf,AT,0.1,US8158393,46.9247164,15.4909271
5y122s6z3s5r597242f4eo6q24382k3t1k3a16,Innsbruck,AT,0.1,US8158393,47.2654296,11.3927685
1p394c633x4z3015y616t1mw111w6ih3j1f54,"Baltimore, MD",US,0.75,US8616072,39.2908816,-76.610759
1p394c633x4z3015y616t1mw111w6ih3j1f54,"Lutherville, MD",US,0.25,US8616072,39.42363,-76.6209151
5e4s223q6f2bq283v453y652z2mj1u5s3w24,Longmont,,0.5,US7211418,40.1672117,-105.101928
5e4s223q6f2bq283v453y652z2mj1u5s3w24,Boulder,,0.5,US7211418,40.0149856,-105.270545
1m5d5k383k1h4s3q5c6z4b305u2g70r442o5z6w,"Madison, WI",US,1.0,US7820858,43.07469,-89.3841663
1v153t4p642445g5q3m1y81k5v6t193cb1m6d,Auckland,NZ,0.3333333333333333,US7972824,-36.852095,174.7631803
1v153t4p642445g5q3m1y81k5v6t193cb1m6d,Pukekohe,NZ,0.3333333333333333,US7972824,-37.2006384,174.9036875
1v153t4p642445g5q3m1y81k5v6t193cb1m6d,"Arvada, CO",US,0.3333333333333333,US7972824,39.8005505,-105.0811573
445tok1y4b5r344y1e3t351c1p3e1i5m15h1p,"Bethesda, MD",US,1.0,US7544778,38.9812726,-77.1233587
3n6ox26591i5x7391ing3h2ww592f1ps2f,Zwingenberg,DE,0.16666666666666666,US9193961,49.7242,8.5915
3n6ox26591i5x7391ing3h2ww592f1ps2f,Bensheim,DE,0.16666666666666666,US9193961,49.6810158,8.6227577
3n6ox26591i5x7391ing3h2ww592f1ps2f,Greifswald,DE,0.16666666666666666,US9193961,54.095791,13.3815238
3n6ox26591i5x7391ing3h2ww592f1ps2f,Sponholz,DE,0.16666666666666666,US9193961,53.5523168,13.3661725
3n6ox26591i5x7391ing3h2ww592f1ps2f,Rostock,DE,0.16666666666666666,US9193961,54.0886707,12.1400211
3n6ox26591i5x7391ing3h2ww592f1ps2f,Adana,TR,0.16666666666666666,US9193961,36.9863599,35.3252861
4r3g6w523g1r4n4s2x271t2v2bg1lp5k376hl,Norwich,GB,0.2,US8519113,52.6285576,1.2923954
4r3g6w523g1r4n4s2x271t2v2bg1lp5k376hl,Surrey,GB,0.2,US8519113,51.2715316,-0.3414524
4r3g6w523g1r4n4s2x271t2v2bg1lp5k376hl,Malaga,ES,0.2,US8519113,36.7647913,-4.4422005
4r3g6w523g1r4n4s2x271t2v2bg1lp5k376hl,Quebec,CA,0.2,US8519113,52.4760892,-71.8258668
4r3g6w523g1r4n4s2x271t2v2bg1lp5k376hl,Neuville,CA,0.2,US8519113,46.698199,-71.584854
6o2q6m2d3jc612z365g183j3w6k5wsx2e52u,"Oakland, CA",US,0.2,US8114645,37.8044557,-122.271356
6o2q6m2d3jc612z365g183j3w6k5wsx2e52u,"San Francisco, CA",US,0.4,US8114645,37.7879363,-122.4075201
6o2q6m2d3jc612z365g183j3w6k5wsx2e52u,"Berkeley, CA",US,0.2,US8114645,37.8708393,-122.272863
6o2q6m2d3jc612z365g183j3w6k5wsx2e52u,"Ann Arbor, MI",US,0.2,US8114645,42.2813722,-83.7484616
44eo5z23656z5i3qb4l3s5t5m1m5x194q5ru,"Madison, WI",US,1.0,US8021570,43.07469,-89.3841663
5n6m5w5f662o606i5b1u2z3h2g2g632z263p421f,"Cambridge, MA",US,0.5714285714285714,US9381477,42.3656347,-71.1040018
5n6m5w5f662o606i5b1u2z3h2g2g632z263p421f,"Somerville, MA",US,0.14285714285714285,US9381477,42.3875968,-71.0994968
5n6m5w5f662o606i5b1u2z3h2g2g632z263p421f,"Newton, MA",US,0.14285714285714285,US9381477,42.3300435,-71.194862
5n6m5w5f662o606i5b1u2z3h2g2g632z263p421f,"Chestnut Hill, MA",US,0.14285714285714285,US9381477,42.3234553,-71.1639439
655x4o2k11o2j5b63191r1f6661m2u6qe53l,"El Cerrito, CA",US,1.0,US7947478,37.9154056,-122.301411
5i2b8735m1s3o2k4sg39145x2z6c46i2k6022,"New York, NY",US,0.6666666666666666,US9169481,40.7127281,-74.0060152
5i2b8735m1s3o2k4sg39145x2z6c46i2k6022,"Oakland, CA",US,0.3333333333333333,US9169481,37.8044557,-122.271356
6e6j2y724y434q594j6u236w1m5ft4zt1d6r43,"New York, NY",US,0.15384615384615385,US8318156,40.7127281,-74.0060152
6e6j2y724y434q594j6u236w1m5ft4zt1d6r43,"Lexington, KY",US,0.07692307692307693,US8318156,38.0464066,-84.4970393
6e6j2y724y434q594j6u236w1m5ft4zt1d6r43,"Ann Arbor, MI",US,0.6153846153846154,US8318156,42.2813722,-83.7484616
6e6j2y724y434q594j6u236w1m5ft4zt1d6r43,"White Plains, NY",US,0.07692307692307693,US8318156,41.0339862,-73.7629097
6e6j2y724y434q594j6u236w1m5ft4zt1d6r43,"Louisville, KY",US,0.07692307692307693,US8318156,38.2542376,-85.759407
2u1wa1z611636154b35425r35145q3d5z420,Rotselaar/Wezemaal,BE,0.2,US8338435,50.956692,4.7330714
2u1wa1z611636154b35425r35145q3d5z420,Brussel,BE,0.2,US8338435,50.8551025,4.3510915
2u1wa1z611636154b35425r35145q3d5z420,"Saratoga, CA",US,0.2,US8338435,37.2638324,-122.0230146
2u1wa1z611636154b35425r35145q3d5z420,"Newark, CA",US,0.2,US8338435,37.5296593,-122.0402399
2u1wa1z611636154b35425r35145q3d5z420,"Foster City, CA",US,0.2,US8338435,37.5600336,-122.2688522
4s2xi653k2xv5d5q161p2h1q6px3b1a6x4e73,Heverlee,BE,0.2,US8673929,50.8645908,4.6937736
4s2xi653k2xv5d5q161p2h1q6px3b1a6x4e73,RotselaarWezemaal,BE,0.2,US8673929,,
4s2xi653k2xv5d5q161p2h1q6px3b1a6x4e73,Brussel,BE,0.2,US8673929,50.8551025,4.3510915
4s2xi653k2xv5d5q161p2h1q6px3b1a6x4e73,"Saratoga, CA",US,0.2,US8673929,37.2638324,-122.0230146
4s2xi653k2xv5d5q161p2h1q6px3b1a6x4e73,"Newark, CA",US,0.2,US8673929,37.5296593,-122.0402399
6r5n6c5n2j3m5u231c4v2ox5r6n535p6i6k3o1f,Heverlee,BE,0.2,US9259426,50.8645908,4.6937736
6r5n6c5n2j3m5u231c4v2ox5r6n535p6i6k3o1f,Rotselaar/Wezemaal,BE,0.2,US9259426,50.956692,4.7330714
6r5n6c5n2j3m5u231c4v2ox5r6n535p6i6k3o1f,Brussel,BE,0.2,US9259426,50.8551025,4.3510915
6r5n6c5n2j3m5u231c4v2ox5r6n535p6i6k3o1f,"Saratoga, CA",US,0.2,US9259426,37.2638324,-122.0230146
6r5n6c5n2j3m5u231c4v2ox5r6n535p6i6k3o1f,"Newark, CA",US,0.2,US9259426,37.5296593,-122.0402399
3o2f4j5c542k2w3k4m1du56o644fm614m4h5w,Nancy,FR,0.25,US8178749,48.6937223,6.1834097
3o2f4j5c542k2w3k4m1du56o644fm614m4h5w,Vandoeuvre Les Nancy,FR,0.25,US8178749,48.6599676,6.1724618
3o2f4j5c542k2w3k4m1du56o644fm614m4h5w,Amiens,FR,0.25,US8178749,49.8941708,2.2956951
3o2f4j5c542k2w3k4m1du56o644fm614m4h5w,Orthez,FR,0.25,US8178749,43.4874963,-0.7738363
5o66f2n594p4h1wu6q1e673d4y2h2yl6mfh,"Tempe, AZ",US,0.4,US9863938,33.4255117,-111.940016
5o66f2n594p4h1wu6q1e673d4y2h2yl6mfh,"Phoenix, AZ",US,0.2,US9863938,33.4484367,-112.074141
5o66f2n594p4h1wu6q1e673d4y2h2yl6mfh,"Chandler, AZ",US,0.4,US9863938,33.3062031,-111.841185
6f6t3a4m4ygk1f19h04r5i6o2m1qj562w,"Durham, NC",US,0.25,US7598092,35.996653,-78.9018053
6f6t3a4m4ygk1f19h04r5i6o2m1qj562w,"Chapel Hill, NC",US,0.5,US7598092,35.9131542,-79.05578
6f6t3a4m4ygk1f19h04r5i6o2m1qj562w,"Cambridge, MA",US,0.25,US7598092,42.3656347,-71.1040018
3p6f5o191s3t1m3pb4u6ue124720c1w5g3l2,Essex,GB,1.0,US8492370,51.7704679,0.4646698
4u116j6lj1a6et6a574g6l4n1i3y1m6z5e404u,"Pasadena, CA",US,1.0,US8975063,34.1476507,-118.144155
q6c5p194q4c3t2b305d4w406y3ra1wf5w616,"Danville, CA",US,0.2,US8637531,37.8225892,-122.0008254
q6c5p194q4c3t2b305d4w406y3ra1wf5w616,"Saratoga, CA",US,0.2,US8637531,37.2638324,-122.0230146
q6c5p194q4c3t2b305d4w406y3ra1wf5w616,"Newark, CA",US,0.2,US8637531,37.5296593,-122.0402399
q6c5p194q4c3t2b305d4w406y3ra1wf5w616,Rotselaar/Wexemaal,BE,0.2,US8637531,,
q6c5p194q4c3t2b305d4w406y3ra1wf5w616,Brugge,BE,0.2,US8637531,51.2085526,3.226772
114i5w4u3b6a416n4t160574h3l2y2j4i04n4f,"Chestnut Hill, MA",US,0.3333333333333333,US8357517,42.3234553,-71.1639439
114i5w4u3b6a416n4t160574h3l2y2j4i04n4f,"Boston, MA",US,0.3333333333333333,US8357517,42.3588336,-71.0578303
114i5w4u3b6a416n4t160574h3l2y2j4i04n4f,"Cambridge, MA",US,0.3333333333333333,US8357517,42.3656347,-71.1040018
681ry316i3b1t1z4sr2656mm5w6w5o4u3m5l,"Stanford, CA",US,0.5,US7871794,37.4265407,-122.1703055
681ry316i3b1t1z4sr2656mm5w6w5o4u3m5l,"Menlo Park, CA",US,0.5,US7871794,37.4519671,-122.177992
161y6v01d5c4h2ct5722594k2t4c63tz6d63,Tilburg,NL,1.0,US8101205,51.5856185,5.0660616
526b4r59t3h6a3o664c6z23a5w291v3y286h6p,"Hopkinton, MA",US,0.5,US8236330,42.2288875,-71.5196439
526b4r59t3h6a3o664c6z23a5w291v3y286h6p,"Woburn, MA",US,0.5,US8236330,42.4792618,-71.1522766
173c6h335i1w603r4a125m193r5j1q236z3e276g,"Newton, MA",US,0.3333333333333333,US8975073,42.3300435,-71.194862
173c6h335i1w603r4a125m193r5j1q236z3e276g,"Boston, MA",US,0.3333333333333333,US8975073,42.3588336,-71.0578303
173c6h335i1w603r4a125m193r5j1q236z3e276g,"Concord, MA",US,0.3333333333333333,US8975073,42.4605189,-71.3488963
391768224043j4t5k1k6455r4x3f38li4k6w,Auckland,NZ,0.8,US8293509,-36.852095,174.7631803
391768224043j4t5k1k6455r4x3f38li4k6w,Pukekohe,NZ,0.2,US8293509,-37.2006384,174.9036875
3r6k1xi2772g726d5e2e606t6u5od4fe4e41,Kanagawa,JP,1.0,US8461414,35.4342935,139.374753
2b2413571i2b5l2v134l6q386m1q3l194qxc31,"San Diego, CA",US,0.16666666666666666,US9333179,32.7174202,-117.162772
2b2413571i2b5l2v134l6q386m1q3l194qxc31,"Cambridge, MA",US,0.16666666666666666,US9333179,42.3656347,-71.1040018
2b2413571i2b5l2v134l6q386m1q3l194qxc31,Waterloo,CA,0.16666666666666666,US9333179,43.4652699,-80.5222961
2b2413571i2b5l2v134l6q386m1q3l194qxc31,"GREENVILLE, SC",US,0.16666666666666666,US9333179,34.851354,-82.3984882
2b2413571i2b5l2v134l6q386m1q3l194qxc31,"Newton, MA",US,0.16666666666666666,US9333179,42.3300435,-71.194862
2b2413571i2b5l2v134l6q386m1q3l194qxc31,"Chestnut Hill, MA",US,0.16666666666666666,US9333179,42.3234553,-71.1639439
283n5y722vs13115j5i134e1l5n3bw3y71p6x,"Lexington, MA",US,0.3333333333333333,US8575663,42.4473175,-71.2245003
283n5y722vs13115j5i134e1l5n3bw3y71p6x,"Cambridge, MA",US,0.3333333333333333,US8575663,42.3656347,-71.1040018
283n5y722vs13115j5i134e1l5n3bw3y71p6x,"Dorchester, MA",US,0.3333333333333333,US8575663,42.2973205,-71.0744952
1q2w465s32v101hn3ad3t1752s641j44481b,"San Francisco, CA",US,0.25,US8697388,37.7879363,-122.4075201
1q2w465s32v101hn3ad3t1752s641j44481b,"Stanford, CA",US,0.25,US8697388,37.4265407,-122.1703055
1q2w465s32v101hn3ad3t1752s641j44481b,"San Ramon, CA",US,0.25,US8697388,37.7648021,-121.9544387
1q2w465s32v101hn3ad3t1752s641j44481b,"Berkeley, CA",US,0.25,US8697388,37.8708393,-122.272863
592i271d3b1f4e325g5484xy3p69732iq9i,"Germantown, MD",US,0.2857142857142857,US9481880,39.1712341,-77.2655648
592i271d3b1f4e325g5484xy3p69732iq9i,"La Jolla, CA",US,0.2857142857142857,US9481880,32.8458529,-117.2575702
592i271d3b1f4e325g5484xy3p69732iq9i,"Gaithersburg, MD",US,0.14285714285714285,US9481880,39.1399187,-77.1929215
592i271d3b1f4e325g5484xy3p69732iq9i,"Sykesville, MD",US,0.14285714285714285,US9481880,39.365992,-76.9688737
592i271d3b1f4e325g5484xy3p69732iq9i,"Boyds, MD",US,0.14285714285714285,US9481880,39.1840886,-77.3122325
4t4l6k6v3j2o2d3v1y1s3e69466hg6pb38415d,"Seattle, WA",US,1.0,US8030287,47.6038321,-122.330062
l4y5q316w6u5b32i4i6744693r1t5ny586629,Brussels,BE,0.25,US8232278,50.8467372,4.352493
l4y5q316w6u5b32i4i6744693r1t5ny586629,Rotselaar/Wezemaal,BE,0.25,US8232278,50.956692,4.7330714
l4y5q316w6u5b32i4i6744693r1t5ny586629,"Los Altos, CA",US,0.25,US8232278,37.3790629,-122.116578
l4y5q316w6u5b32i4i6744693r1t5ny586629,"Saratoga, CA",US,0.25,US8232278,37.2638324,-122.0230146
2m5959306lh6872355k68312r2u6ktfw436n,GRAZ,AT,0.16666666666666666,US9309503,47.0708678,15.4382786
2m5959306lh6872355k68312r2u6ktfw436n,Graz,AT,0.16666666666666666,US9309503,47.0708678,15.4382786
2m5959306lh6872355k68312r2u6ktfw436n,Deutschlandsberg,AT,0.16666666666666666,US9309503,46.8146272,15.2137799
2m5959306lh6872355k68312r2u6ktfw436n,Nedjelja,HR,0.16666666666666666,US9309503,45.7968126,15.776914
2m5959306lh6872355k68312r2u6ktfw436n,Aachen,DE,0.16666666666666666,US9309503,50.776351,6.083862
2m5959306lh6872355k68312r2u6ktfw436n,Leiden,NL,0.16666666666666666,US9309503,52.1594747,4.4908843
476e5iun4z3q1i6o4u4f2m1d404816v2a284z,"New York, NY",US,0.5,US8709730,40.7127281,-74.0060152
476e5iun4z3q1i6o4u4f2m1d404816v2a284z,"Clayton, MO",US,0.25,US8709730,38.6504352,-90.3362473
476e5iun4z3q1i6o4u4f2m1d404816v2a284z,"University City, MO",US,0.25,US8709730,38.6569083,-90.3103443
606n1m411l3m1e725w245i5r2z5s492i19412l3e,"Del Mar, CA",US,0.16666666666666666,US8945602,32.9594891,-117.2653146
606n1m411l3m1e725w245i5r2z5s492i19412l3e,"La Jolla, CA",US,0.16666666666666666,US8945602,32.8458529,-117.2575702
606n1m411l3m1e725w245i5r2z5s492i19412l3e,"San Diego, CA",US,0.3333333333333333,US8945602,32.7174202,-117.162772
606n1m411l3m1e725w245i5r2z5s492i19412l3e,Las Matelles,FR,0.16666666666666666,US8945602,,
606n1m411l3m1e725w245i5r2z5s492i19412l3e,"Irvine, CA",US,0.16666666666666666,US8945602,33.6856969,-117.825981
av6d633c544e546k1i4312366r1c1d2s136v2n,Vancouver,CA,1.0,US8574546,49.2608724,-123.113952
5323631e4y6f6t365k2c1s4i196n296084v1tt,"Redwood City, CA",US,0.5,US8323930,37.4863239,-122.232523
5323631e4y6f6t365k2c1s4i196n296084v1tt,"Los Altos, CA",US,0.5,US8323930,37.3790629,-122.116578
4c1i18l5q5k5re93t14553js61185lg1vi,"Winchester, MA",US,0.5,US9267118,42.4523178,-71.1369982
4c1i18l5q5k5re93t14553js61185lg1vi,"Cambridge, MA",US,0.5,US9267118,42.3656347,-71.1040018
3p6g3e3h4w2d3iz30q5xg6n4dn4f276d2g2u,Daejeon,KR,1.0,US8420357,36.3497007,127.3849016
2g3l4h246r321b1u192k296h301r4u6441566050,"Cambridge, MA",US,0.3333333333333333,US8685323,42.3656347,-71.1040018
2g3l4h246r321b1u192k296h301r4u6441566050,"Lexington, MA",US,0.3333333333333333,US8685323,42.4473175,-71.2245003
2g3l4h246r321b1u192k296h301r4u6441566050,Gyeonggi-do,KR,0.16666666666666666,US8685323,37.2884675,127.0535231
2g3l4h246r321b1u192k296h301r4u6441566050,"Bolton, MA",US,0.16666666666666666,US8685323,42.4342336,-71.6097744
68613f3l533p6d1f4u0o4u4b351e2q1m8242z,"Pasadena, CA",US,0.3333333333333333,US9090885,34.1476507,-118.144155
68613f3l533p6d1f4u0o4u4b351e2q1m8242z,"Chicago, IL",US,0.6666666666666666,US9090885,41.8755616,-87.6244212
1c3zf2z2wj1l241aa4q6u2m4b2b1d86x5f13,Cambridgeshire,GB,1.0,US8828210,52.333333,0.083333
6i6i6r6b3x3j28583s593c3a6o1y5k2m6q4m2h4i,"Concord, MA",US,0.3333333333333333,US9599891,42.4605189,-71.3488963
6i6i6r6b3x3j28583s593c3a6o1y5k2m6q4m2h4i,"Lexington, MA",US,0.3333333333333333,US9599891,42.4473175,-71.2245003
6i6i6r6b3x3j28583s593c3a6o1y5k2m6q4m2h4i,"Cambridge, MA",US,0.3333333333333333,US9599891,42.3656347,-71.1040018
6n382h2n134c3m71s4y3ay3n293g5c3w70396y,Mount Albert Auckland,NZ,0.2,US8222013,-36.8817009,174.7840599
6n382h2n134c3m71s4y3ay3n293g5c3w70396y,Pukekohe,NZ,0.2,US8222013,-37.2006384,174.9036875
6n382h2n134c3m71s4y3ay3n293g5c3w70396y,Auckland,NZ,0.6,US8222013,-36.852095,174.7631803
2a546u326h0d324561tu2t2g1i47g3v4a6d,Kanagawa,JP,0.7142857142857143,US8859852,35.4342935,139.374753
2a546u326h0d324561tu2t2g1i47g3v4a6d,Ibaraki,JP,0.2857142857142857,US8859852,36.2869536,140.4703384
t6xi22i72332pz4m3w62520656o175x3540,"Oakland, CA",US,1.0,US9657279,37.8044557,-122.271356
2kc69605y4w5z662e601g21536x484n5v6z4d73,"ATHENS, GA",US,1.0,US9249440,33.9597677,-83.376398
5m2f1730133ba411703d2283o144d2o6c1o1u,Amsterdam,NL,1.0,US9228210,52.3730796,4.8924534
731c41381x61s6162c5kn5d1a5v6u5t2f330,"Cambridge, MA",US,0.5,US9068168,42.3656347,-71.1040018
731c41381x61s6162c5kn5d1a5v6u5t2f330,"Waltham, MA",US,0.25,US9068168,42.3762385,-71.2355644
731c41381x61s6162c5kn5d1a5v6u5t2f330,"Pasadena, CA",US,0.25,US9068168,34.1476507,-118.144155
26662f2475q64g27532h524d1i1x1z1i5cb6m,Siena,IT,0.6,US9468673,43.1672059,11.467561
26662f2475q64g27532h524d1i1x1z1i5cb6m,Poggibonsi,IT,0.2,US9468673,43.4677215,11.148762
26662f2475q64g27532h524d1i1x1z1i5cb6m,Castelnuovo Berardenga,IT,0.2,US9468673,43.3455237,11.5018883
o6n1f1c23515d601j3f5r631mj1i5kb2pg3q,"Acton, MA",US,0.25,US9952148,42.4850931,-71.43284
o6n1f1c23515d601j3f5r631mj1i5kb2pg3q,"Medford, MA",US,0.25,US9952148,42.4184296,-71.1061639
o6n1f1c23515d601j3f5r631mj1i5kb2pg3q,"Bradford, MA",US,0.25,US9952148,42.7652102,-71.0760878
o6n1f1c23515d601j3f5r631mj1i5kb2pg3q,"Concord, MA",US,0.25,US9952148,42.4605189,-71.3488963
156y465cm5t5x3873q72dk4h1j5n2jsk21,Saitama,JP,0.75,US8187825,35.9754168,139.4160114
156y465cm5t5x3873q72dk4h1j5n2jsk21,Tokyo,JP,0.25,US8187825,35.6768601,139.7638947
5h5es5j2a6j1u692u151q1p2e172l2qc2d4w6z,"Elmhurst, NY",US,0.5,US8871899,40.7365804,-73.8783932
5h5es5j2a6j1u692u151q1p2e172l2qc2d4w6z,"White Plains, NY",US,0.5,US8871899,41.0339862,-73.7629097
2e71215g5ic6712k4p2o1l5v47o6m6r726k3c,"Baltimore, MD",US,1.0,US8703073,39.2908816,-76.610759
5b532c3t5k6o4k3r4z506c3h3r3k111i654p392f,"Parnell, Aucland",NZ,0.1111111111111111,US8119378,-36.8554763,174.7805576
5b532c3t5k6o4k3r4z506c3h3r3k111i654p392f,Auckland,NZ,0.8888888888888888,US8119378,-36.852095,174.7631803
216q1l6z422y625e1k6w50359y3yvb4i4n2d,Sanit Beauzire,FR,0.3333333333333333,US8852886,,
216q1l6z422y625e1k6w50359y3yvb4i4n2d,Groningen,NL,0.3333333333333333,US8852886,53.2190652,6.5680077
216q1l6z422y625e1k6w50359y3yvb4i4n2d,Harkstede,NL,0.3333333333333333,US8852886,53.2137257,6.7003533
52e732v344v2y5v1e5l575u404j2y521m5g5o67,"Somerville, MA",US,0.5,US8802027,42.3875968,-71.0994968
52e732v344v2y5v1e5l575u404j2y521m5g5o67,Frankfurt,DE,0.25,US8802027,50.1106444,8.6820917
52e732v344v2y5v1e5l575u404j2y521m5g5o67,"Bolton, MA",US,0.25,US8802027,42.4342336,-71.6097744
v53a4b1g40w45263k466hr5x6u4l73201s6y,"Oakland, CA",US,0.3333333333333333,US8569023,37.8044557,-122.271356
v53a4b1g40w45263k466hr5x6u4l73201s6y,"San Francisco, CA",US,0.3333333333333333,US8569023,37.7879363,-122.4075201
v53a4b1g40w45263k466hr5x6u4l73201s6y,"Berkeley, CA",US,0.3333333333333333,US8569023,37.8708393,-122.272863
3l2t6o6v6q65145p6k5l4o646v3w1u1f4k4r2n52,"Washington, DC",US,0.25,US9068282,38.8950982,-77.0363849
3l2t6o6v6q65145p6k5l4o646v3w1u1f4k4r2n52,"Medford, MA",US,0.25,US9068282,42.4184296,-71.1061639
3l2t6o6v6q65145p6k5l4o646v3w1u1f4k4r2n52,"New York, NY",US,0.25,US9068282,40.7127281,-74.0060152
3l2t6o6v6q65145p6k5l4o646v3w1u1f4k4r2n52,"Concord, MA",US,0.25,US9068282,42.4605189,-71.3488963
186w1628e26471h3q464xy434g2a6c73403ht,"New YORK, NY",US,0.25,US8629283,40.7127281,-74.0060152
186w1628e26471h3q464xy434g2a6c73403ht,"New York, NY",US,0.5,US8629283,40.7127281,-74.0060152
186w1628e26471h3q464xy434g2a6c73403ht,"Leonia, NJ",US,0.25,US8629283,40.8617353,-73.9880495
2h5n4261p32i5k1v2s1y572l1p4o2et2m4n6k,"Portland, OR",US,0.5,US9040073,45.5202471,-122.674194
2h5n4261p32i5k1v2s1y572l1p4o2et2m4n6k,"Concord, MA",US,0.5,US9040073,42.4605189,-71.3488963
4352202e5i5d1w5422616i2d6y26j1m71246w3t,"Malvern, PA",US,0.5,US9790550,40.036202,-75.5138959
4352202e5i5d1w5422616i2d6y26j1m71246w3t,"Philadelphia, PA",US,0.5,US9790550,39.9527237,-75.1635262
47173r1p3b5l2t2n182y1u2m2h641s5i03x40,"Chicago, IL",US,0.75,US8622987,41.8755616,-87.6244212
47173r1p3b5l2t2n182y1u2m2h641s5i03x40,"Cambridge, MA",US,0.25,US8622987,42.3656347,-71.1040018
t5l5p6v6i1f1t63c194r4s5vj1n2d1t2u5x25,"Gainesville, FL",US,1.0,US8586303,29.6519684,-82.3249846
352l54433x5a3t656052576w2y5f4vx1u32o3,Sceaux,FR,1.0,US9909146,47.5147285,4.0218449
6s395e295xs46a6r1q3uh2f5d10363m50481t,"Cambridge, MA",US,0.1111111111111111,US8748111,42.3656347,-71.1040018
6s395e295xs46a6r1q3uh2f5d10363m50481t,"San Francisco, CA",US,0.1111111111111111,US8748111,37.7879363,-122.4075201
6s395e295xs46a6r1q3uh2f5d10363m50481t,Tyreso,SE,0.1111111111111111,US8748111,59.216667,18.333333
6s395e295xs46a6r1q3uh2f5d10363m50481t,Lexmond,NL,0.1111111111111111,US8748111,51.9631624,5.0364321
6s395e295xs46a6r1q3uh2f5d10363m50481t,Kyoto-shi,JP,0.1111111111111111,US8748111,35.0115754,135.7681441
6s395e295xs46a6r1q3uh2f5d10363m50481t,Osaka,JP,0.1111111111111111,US8748111,34.6937569,135.5014539
6s395e295xs46a6r1q3uh2f5d10363m50481t,Ohtsu-shi,JP,0.1111111111111111,US8748111,34.1508648,134.5931441
6s395e295xs46a6r1q3uh2f5d10363m50481t,Kakogawa-shi,JP,0.1111111111111111,US8748111,34.7569826,134.8412247
6s395e295xs46a6r1q3uh2f5d10363m50481t,"Lexington, MA",US,0.1111111111111111,US8748111,42.4473175,-71.2245003
611i323a2r3m4h4a3z6t6d6um2g401qlb4lp,"Baltimore, MD",US,1.0,US8771679,39.2908816,-76.610759
52u455151324mf52372w24251f1o6w6s332p3f,"Gainesville, FL",US,1.0,US8871469,29.6519684,-82.3249846
3c20i2k2y2a6k5130g6d74a2q5ib9524h6u,Darmstadt,DE,0.25,US8617854,49.872775,8.651177
3c20i2k2y2a6k5130g6d74a2q5ib9524h6u,Limburgerhof,DE,0.5,US8617854,49.4226572,8.3933508
3c20i2k2y2a6k5130g6d74a2q5ib9524h6u,Fussgoenheim,DE,0.25,US8617854,49.4601777,8.2928057
6q6m2jw3k3c52a2v5k675l4s3ahj1o393h5v,"Tempe, AZ",US,0.5,US8440811,33.4255117,-111.940016
6q6m2jw3k3c52a2v5k675l4s3ahj1o393h5v,"Chandler, AZ",US,0.5,US8440811,33.3062031,-111.841185
38524i5l4v6v3u354462115z60721e513n4mv70,"Emeryville, CA",US,0.3333333333333333,US9745587,37.8314089,-122.2865266
38524i5l4v6v3u354462115z60721e513n4mv70,"San Francisco, CA",US,0.6666666666666666,US9745587,37.7879363,-122.4075201
1m1c72453w6f1g5w2x6j6vwr342s2f5uw201r,"Madison, WI",US,0.6666666666666666,US8642536,43.07469,-89.3841663
1m1c72453w6f1g5w2x6j6vwr342s2f5uw201r,"Marshall, MN",US,0.3333333333333333,US8642536,48.3605336,-96.381968
33551b1844652w443v6i5z5y2l44n3k4p1wsr,Zurich,CH,1.0,US8647641,47.3744489,8.5410422
73p5928h524u286r1713p5olj28584b5xd,Prattein,CH,0.5,US8642280,,
73p5928h524u286r1713p5olj28584b5xd,Kussnacht,SE,0.5,US8642280,,
70wc3a1c412f714u6m303i106a6y1ax66y3d,Auckland,NZ,1.0,US8354269,-36.852095,174.7631803
64z315t4w1j2p5a60484z512l3y2p5n465j34f,Heidelberg,DE,0.3333333333333333,US8822662,49.4093582,8.694724
64z315t4w1j2p5a60484z512l3y2p5n465j34f,Limburgerhof,DE,0.3333333333333333,US8822662,49.4226572,8.3933508
64z315t4w1j2p5a60484z512l3y2p5n465j34f,Hertfordshire,GB,0.3333333333333333,US8822662,51.8400523,-0.0978552
3q6r1m2h4r1563693o3c3x3j1a2x2e1p252a1e3p,Worms,DE,0.3333333333333333,US8679799,49.6302618,8.3620898
3q6r1m2h4r1563693o3c3x3j1a2x2e1p252a1e3p,Gruenstadt,DE,0.16666666666666666,US8679799,49.5653661,8.1634571
3q6r1m2h4r1563693o3c3x3j1a2x2e1p252a1e3p,Ulm,DE,0.3333333333333333,US8679799,48.3984968,9.9912458
3q6r1m2h4r1563693o3c3x3j1a2x2e1p252a1e3p,Biberach,DE,0.16666666666666666,US8679799,48.0984413,9.7899938
365x3v5x55j5k1j2z2q2y1v5v385f59ni3x1l,"Seattle, WA",US,1.0,US8688427,47.6038321,-122.330062
3q583i5v5h5t5v3v132f6r1o2o2m2ye2d5j5l14,Daejeon,KR,0.8333333333333334,US8685701,36.3497007,127.3849016
3q583i5v5h5t5v3v132f6r1o2o2m2ye2d5j5l14,Daejon,KR,0.16666666666666666,US8685701,36.3497007,127.3849016
615o3s3h3u593w5g4o15jw3d674y5t2o6r5z5i,Auckland,NZ,1.0,US9624512,-36.852095,174.7631803
6df1z3f6i6s6m4or626o5r2t703b2q3j6d3s3r,"Cambridge, MA",US,0.5,US8285523,42.3656347,-71.1040018
6df1z3f6i6s6m4or626o5r2t703b2q3j6d3s3r,"Arlington, MA",US,0.5,US8285523,42.4153739,-71.1564428
5ii656r2iw37234e1r5j3i255840n136f2x,"Media, PA",US,1.0,US8846619,39.9167783,-75.387693
v5h5u6jw4r3s1u6x3w2o53365w1z651hz1i4t,Oxford,GB,0.75,US9732381,51.7520131,-1.2578499
v5h5u6jw4r3s1u6x3w2o53365w1z651hz1i4t,Heverlee,BE,0.25,US9732381,50.8645908,4.6937736
5w2e1n3g145b4d3cg25d706u2exs3n65d3u,EINDHOVEN,NL,1.0,US9410948,51.4485569,5.4501225
3n6p5k69e585z2az4i4y3yt582v6n261h1g1w,"New York, NY",US,0.75,US9051359,40.7127281,-74.0060152
3n6p5k69e585z2az4i4y3yt582v6n261h1g1w,"Leonia, NJ",US,0.25,US9051359,40.8617353,-73.9880495
6q4j1m5r3t5726rai2c3v2e63m4s364fi1g,"La Canada, CA",US,0.5,US9249401,33.7301661,-117.7638553
6q4j1m5r3t5726rai2c3v2e63m4s364fi1g,"Pasadena, CA",US,0.5,US9249401,34.1476507,-118.144155
x603wx40w2e2221q1p6o5u6584s1v6a2x4j,Freigericht-Horbach,DE,0.09090909090909091,US9453210,50.1398395,9.1618429
x603wx40w2e2221q1p6o5u6584s1v6a2x4j,Coesfeld,DE,0.09090909090909091,US9453210,51.9458943,7.1691108
x603wx40w2e2221q1p6o5u6584s1v6a2x4j,Muenster,DE,0.09090909090909091,US9453210,51.9625101,7.6251879
x603wx40w2e2221q1p6o5u6584s1v6a2x4j,Rodgau,DE,0.09090909090909091,US9453210,50.0176771,8.8853392
x603wx40w2e2221q1p6o5u6584s1v6a2x4j,Essen,DE,0.09090909090909091,US9453210,51.4582235,7.0158171
x603wx40w2e2221q1p6o5u6584s1v6a2x4j,Nottuln/Schapdetten,DE,0.09090909090909091,US9453210,51.9435992,7.4054632
x603wx40w2e2221q1p6o5u6584s1v6a2x4j,Ulm,DE,0.18181818181818182,US9453210,48.3984968,9.9912458
x603wx40w2e2221q1p6o5u6584s1v6a2x4j,Rostock,DE,0.18181818181818182,US9453210,54.0886707,12.1400211
x603wx40w2e2221q1p6o5u6584s1v6a2x4j,Kritzmow,DE,0.09090909090909091,US9453210,54.0520394,12.052726
2i0692d6r4q2n4j2l1z4a4t623d1o5xu173g4o,Graz,AT,0.8333333333333334,US8921080,47.0708678,15.4382786
2i0692d6r4q2n4j2l1z4a4t623d1o5xu173g4o,Deutschlandsberg,AT,0.16666666666666666,US8921080,46.8146272,15.2137799
5u2230474p14y3p4u5i2w2r1w3sy2f114n5b2e,"NEW YORK, NY",US,0.6666666666666666,US8673314,40.7127281,-74.0060152
5u2230474p14y3p4u5i2w2r1w3sy2f114n5b2e,"LEONIA, NJ",US,0.3333333333333333,US8673314,40.8617353,-73.9880495
2n55y193y5z1z5xc1s2e3p2a2d586r1n6a4o50,Darmstadt,DE,0.3333333333333333,US8759043,49.872775,8.651177
2n55y193y5z1z5xc1s2e3p2a2d586r1n6a4o50,Ludwigshafen,DE,0.3333333333333333,US8759043,49.4704113,8.4381568
2n55y193y5z1z5xc1s2e3p2a2d586r1n6a4o50,Fussgonheim,DE,0.3333333333333333,US8759043,49.4601777,8.2928057
g5p56433o3ec5ao1n4sa1x2j6x611t5t1d22,Puettlingen,DE,0.2,US9187785,49.287307,6.8827786
g5p56433o3ec5ao1n4sa1x2j6x611t5t1d22,Huetschenhausen,DE,0.2,US9187785,49.4210426,7.4809172
g5p56433o3ec5ao1n4sa1x2j6x611t5t1d22,Heidelberg,DE,0.2,US9187785,49.4093582,8.694724
g5p56433o3ec5ao1n4sa1x2j6x611t5t1d22,Mannheim,DE,0.2,US9187785,49.4892913,8.4673098
g5p56433o3ec5ao1n4sa1x2j6x611t5t1d22,Weinheim,DE,0.2,US9187785,49.5462349,8.6717458
5327153i3r173n1k5f2l6q18674636gj2l5w,Hertfordshire,GB,0.3333333333333333,US8993841,51.8400523,-0.0978552
5327153i3r173n1k5f2l6q18674636gj2l5w,St. Albans,GB,0.6666666666666666,US8993841,51.753051,-0.3379675
72502g3k76u3n4v653a722q421f655l02p2e,Rijswijk,NL,0.16666666666666666,US8912329,52.0373934,4.3225028
72502g3k76u3n4v653a722q421f655l02p2e,Freiburg,DE,0.16666666666666666,US8912329,47.9960901,7.8494005
72502g3k76u3n4v653a722q421f655l02p2e,Binningen,CH,0.16666666666666666,US8912329,47.53656,7.570077
72502g3k76u3n4v653a722q421f655l02p2e,Magenwil,CH,0.16666666666666666,US8912329,47.4122258,8.2301927
72502g3k76u3n4v653a722q421f655l02p2e,Bettingen,CH,0.16666666666666666,US8912329,47.5714149,7.6639831
72502g3k76u3n4v653a722q421f655l02p2e,Bottmingen,CH,0.16666666666666666,US8912329,47.5234501,7.5748727
4m1b4c593q25245t7301j1r2l2p6t72175j226f,Dordrecht,NL,0.16666666666666666,US9551015,51.7689546,4.6867891
4m1b4c593q25245t7301j1r2l2p6t72175j226f,'S Gravenmoer,NL,0.16666666666666666,US9551015,51.6578881,4.9407124
4m1b4c593q25245t7301j1r2l2p6t72175j226f,Maassluis,NL,0.16666666666666666,US9551015,51.9219917,4.2541194
4m1b4c593q25245t7301j1r2l2p6t72175j226f,Delft,NL,0.16666666666666666,US9551015,51.9994572,4.3627245
4m1b4c593q25245t7301j1r2l2p6t72175j226f,Leipzig,DE,0.16666666666666666,US9551015,51.3406321,12.3747329
4m1b4c593q25245t7301j1r2l2p6t72175j226f,Breda,NL,0.16666666666666666,US9551015,51.5887845,4.7760237
5q5hc3a662d4w0q252mj2ak2y5pd2x3n19,"Stanford, CA",US,1.0,US9422232,37.4265407,-122.1703055
z22l116z2k5x2o2t5a5z6666i1q3w931141a,"Carlsbad, CA",US,1.0,US8093037,33.1580933,-117.3505966
5e2yk3ae292k146i4c1k1t3a446ez3s2p6r1v,Daejeon,KR,1.0,US9322004,36.3497007,127.3849016
nw1u3p6z3j234o6t1f29j5s536o462o5z5a1k,"San Francisco, CA",US,1.0,US9040266,37.7879363,-122.4075201
4e5d15503146a6m66393jx4j1j2q576o1v5b2m,"New York, NY",US,0.6666666666666666,US9217157,40.7127281,-74.0060152
4e5d15503146a6m66393jx4j1j2q576o1v5b2m,"Loonta, NJ",US,0.3333333333333333,US9217157,,
5d694d1l1o6m695u2u1y3u474i3nnta2c5q2b,"New York, NY",US,0.6666666666666666,US8828406,40.7127281,-74.0060152
5d694d1l1o6m695u2u1y3u474i3nnta2c5q2b,"Leonia, NJ",US,0.3333333333333333,US8828406,40.8617353,-73.9880495
685672703v4g1g2295z706l4j286w2535555b10,"Wakefield, MA",US,0.125,US9142787,42.506484,-71.0728306
685672703v4g1g2295z706l4j286w2535555b10,"Concord, MA",US,0.125,US9142787,42.4605189,-71.3488963
685672703v4g1g2295z706l4j286w2535555b10,"Boston, MA",US,0.125,US9142787,42.3588336,-71.0578303
685672703v4g1g2295z706l4j286w2535555b10,Bologna,IT,0.5,US9142787,44.4938203,11.3426327
685672703v4g1g2295z706l4j286w2535555b10,Padova,IT,0.125,US9142787,45.391408,11.8058487
6w23511n681g1162133l6h50541h481p82s6o5g,Gyeonggi-do,KR,0.1,US8685684,37.2884675,127.0535231
6w23511n681g1162133l6h50541h481p82s6o5g,Daejeon,KR,0.3,US8685684,36.3497007,127.3849016
6w23511n681g1162133l6h50541h481p82s6o5g,Seoul,KR,0.1,US8685684,37.5666791,126.9782914
6w23511n681g1162133l6h50541h481p82s6o5g,Jeonbuk,KR,0.4,US8685684,35.8198999,127.109
6w23511n681g1162133l6h50541h481p82s6o5g,Busan,KR,0.1,US8685684,35.1799528,129.0752365
1l6t4l28202q463i633c5s3c6g5j3a4mi2i1118,"San Diego, CA",US,1.0,US9889182,32.7174202,-117.162772
oz541d6b43103e385m34636u22426r1ig6i25,Daejeon,KR,0.8,US8765446,36.3497007,127.3849016
oz541d6b43103e385m34636u22426r1ig6i25,Gangwon-do,KR,0.2,US8765446,37.7725252,128.3820739
4187160gt313d6qs72m5c1fy3n5c2x33,Nagoya-shi,JP,1.0,US8822696,35.1851045,136.8998438
4fp1t1p1a6o4y6t2tj3u5a44w516a722c2t1u,"Madison, WI",US,0.6666666666666666,US8664356,43.07469,-89.3841663
4fp1t1p1a6o4y6t2tj3u5a44w516a722c2t1u,"Blue Bell, PA",US,0.3333333333333333,US8664356,40.147809,-75.272781
3j4n2f3yq1o4c26w2l33402p6j1t511d3m3cr,Prades-Le-Lez,FR,0.25,US8796415,43.6978777,3.862452
3j4n2f3yq1o4c26w2l33402p6j1t511d3m3cr,Montpellier,FR,0.75,US8796415,43.6112422,3.8767337
1o6n303b1n4hg6v1hw6p3w32t4v4m3b4o3t6p,Daejeon,KR,0.5,US8679804,36.3497007,127.3849016
1o6n303b1n4hg6v1hw6p3w32t4v4m3b4o3t6p,Gyeongsangnam-do,KR,0.5,US8679804,35.3878276,128.3662341
m19391r3k3s2w700706d4d73d6h6g1b3t283j,"Bainbridge Island, WA",US,1.0,US8802374,47.6515096,-122.5246791
2c406p26v5h5h1e70424e123be34t6l5y6i3x,"New York, NY",US,0.2857142857142857,US9238815,40.7127281,-74.0060152
2c406p26v5h5h1e70424e123be34t6l5y6i3x,"Leonia, NJ",US,0.14285714285714285,US9238815,40.8617353,-73.9880495
2c406p26v5h5h1e70424e123be34t6l5y6i3x,Zurich,CH,0.14285714285714285,US9238815,47.3744489,8.5410422
2c406p26v5h5h1e70424e123be34t6l5y6i3x,"San Diego, CA",US,0.2857142857142857,US9238815,32.7174202,-117.162772
2c406p26v5h5h1e70424e123be34t6l5y6i3x,"La Jolla, CA",US,0.14285714285714285,US9238815,32.8458529,-117.2575702
6g5l133y1q5o3j6d3g4p1xx2je6k3q684o4r5l,"La Jolla, CA",US,0.6666666666666666,US8912136,32.8458529,-117.2575702
6g5l133y1q5o3j6d3g4p1xx2je6k3q684o4r5l,"Goleta, CA",US,0.3333333333333333,US8912136,34.4358295,-119.8276389
1c311s5d5h4zha11441v683j2h553p70455gz,"Stanford, CA",US,1.0,US9416155,37.4265407,-122.1703055
1v533n5x2e572l2n206w4g113h5k5w1w192y5x3o,"Newton, MA",US,0.5,US9217144,42.3300435,-71.194862
1v533n5x2e572l2n206w4g113h5k5w1w192y5x3o,"Brighton, MA",US,0.5,US9217144,42.3491615,-71.1533859
4b54r5ng241y6yl1i6h4ff683c4c4l503r6q,Tokyo,JP,0.4,US9476834,35.6768601,139.7638947
4b54r5ng241y6yl1i6h4ff683c4c4l503r6q,"Berkeley, CA",US,0.2,US9476834,37.8708393,-122.272863
4b54r5ng241y6yl1i6h4ff683c4c4l503r6q,Kyoto,JP,0.2,US9476834,35.0115754,135.7681441
4b54r5ng241y6yl1i6h4ff683c4c4l503r6q,Gifu,JP,0.2,US9476834,35.4230949,136.7627526
182nu2d513x2d4tx66ca601y5i685c5p3u,Cambridge,GB,1.0,US9119853,52.1975846,0.1391537
3q1x2k2r1jog1535173g6c6z604d5j476d56z,Tokyo,JP,1.0,US8772259,35.6768601,139.7638947
5z2css3x632c6k4x61287181v1x3i6z305x4v,"South San Francisco, CA",US,1.0,US8859259,37.6535403,-122.4168664
6914y4w266jil1565w136b1t165qf496h1h,Seeheim-Jugenheim,DE,0.5,US8993743,49.7598,8.6632
6914y4w266jil1565w136b1t165qf496h1h,Biblis,DE,0.25,US8993743,49.6927,8.4217
6914y4w266jil1565w136b1t165qf496h1h,Bensheim,DE,0.25,US8993743,49.6810158,8.6227577
4vl5rf4w3d5l182m253u1p4l194h5xqy1t,"Winchester, MA",US,0.5,US8765404,42.4523178,-71.1369982
4vl5rf4w3d5l182m253u1p4l194h5xqy1t,"Boston, MA",US,0.5,US8765404,42.3588336,-71.0578303
2m5qn3t1o1354a4u122b1cg1z322s3h2q2sq,"Haga-gun, Tochigi",JP,0.3333333333333333,US9169458,36.5102425,140.126863
2m5qn3t1o1354a4u122b1cg1z322s3h2q2sq,Haga-gun,JP,0.6666666666666666,US9169458,36.5102425,140.126863
16g692t6q6x5t46443r3e1w3c2x5b19504lp1h,"Ithaca, NY",US,1.0,US8603797,42.4374175,-76.5483724
5o6a13q351b5h1ng1d4315u3e3p5h251o5j5g,"Madison, WI",US,0.4,US9044392,43.07469,-89.3841663
5o6a13q351b5h1ng1d4315u3e3p5h251o5j5g,"San Marcos, CA",US,0.2,US9044392,33.1352995,-117.1743395
5o6a13q351b5h1ng1d4315u3e3p5h251o5j5g,"Palo Alto, CA",US,0.2,US9044392,37.4443293,-122.1598465
5o6a13q351b5h1ng1d4315u3e3p5h251o5j5g,"Palos Park, IL",US,0.2,US9044392,41.6673636,-87.8304952
x3n23a6h5e3q6e3n6jb3q6p122u1n63515u2p,Tokyo,JP,0.75,US9481882,35.6768601,139.7638947
x3n23a6h5e3q6e3n6jb3q6p122u1n63515u2p,Gyeongsangbuk-do,KR,0.25,US9481882,36.5754,128.5058
6m2x5639152cn5r4g4b5h494e4q4t1i2hv3q4m,"Westland, MI",US,0.5,US9006415,42.3238056,-83.4005321
6m2x5639152cn5r4g4b5h494e4q4t1i2hv3q4m,"Lexington, MA",US,0.5,US9006415,42.4473175,-71.2245003
51613d4h5n5v4o6x6m125q4d5v4f3l3522f3t4e,"Concord, MA",US,0.14285714285714285,US9603243,42.4605189,-71.3488963
51613d4h5n5v4o6x6m125q4d5v4f3l3522f3t4e,"Wakefield, MA",US,0.14285714285714285,US9603243,42.506484,-71.0728306
51613d4h5n5v4o6x6m125q4d5v4f3l3522f3t4e,"Medford, MA",US,0.2857142857142857,US9603243,42.4184296,-71.1061639
51613d4h5n5v4o6x6m125q4d5v4f3l3522f3t4e,"Newton, MA",US,0.14285714285714285,US9603243,42.3300435,-71.194862
51613d4h5n5v4o6x6m125q4d5v4f3l3522f3t4e,"Jamaica Plain, MA",US,0.14285714285714285,US9603243,42.3116046,-71.1143838
51613d4h5n5v4o6x6m125q4d5v4f3l3522f3t4e,"Somerville, MA",US,0.14285714285714285,US9603243,42.3875968,-71.0994968
5m542666625v565h6k3v3i1x6r68a43i2g1h1f,"Philadelphia, PA",US,0.5,US9782454,39.9527237,-75.1635262
5m542666625v565h6k3v3i1x6r68a43i2g1h1f,"Madison, WI",US,0.5,US9782454,43.07469,-89.3841663
4d4u1l63534m2f4d5a6k1m2az1o6i31304b4m4j,"Los Angeles, CA",US,0.5,US9200288,34.0536909,-118.242766
4d4u1l63534m2f4d5a6k1m2az1o6i31304b4m4j,"Bogart, GA",US,0.5,US9200288,33.949281,-83.534608
3k2t1f4sf3c1q5i2r4l164k5041681w6ymp16,"Richmond, CA",US,0.5,US8735132,37.9357576,-122.347748
3k2t1f4sf3c1q5i2r4l164k5041681w6ymp16,"Winchester, MA",US,0.5,US8735132,42.4523178,-71.1369982
655x5t64f5u5r1k2g3175i3u1r1bw84yl27,Leuven,BE,1.0,US9193741,50.879202,4.7011675
1x31685l5a2f6h5s142k32i646d5n3p63625p4i,"New York, NY",US,0.75,US9096585,40.7127281,-74.0060152
1x31685l5a2f6h5s142k32i646d5n3p63625p4i,"Leonia, NJ",US,0.25,US9096585,40.8617353,-73.9880495
1x314n176l1q321s1o1m64112y3k4i701506p2k,"ENGLEWOOD, CO",US,0.2,US9249420,39.6482059,-104.9879641
1x314n176l1q321s1o1m64112y3k4i701506p2k,"Englewood, CO",US,0.2,US9249420,39.6482059,-104.9879641
1x314n176l1q321s1o1m64112y3k4i701506p2k,"Broomfield, CO",US,0.2,US9249420,39.9403995,-105.05208
1x314n176l1q321s1o1m64112y3k4i701506p2k,Blanden,BE,0.2,US9249420,50.8278376,4.7181551
1x314n176l1q321s1o1m64112y3k4i701506p2k,Copenhagen NV,DK,0.2,US9249420,,
3j29693c296w1p5l3h6x5p4o49345j2j6j4b1g1u,"MIDDLETOWN, DE",US,0.3333333333333333,US8409834,39.4497639,-75.7166345
3j29693c296w1p5l3h6x5p4o49345j2j6j4b1g1u,"CHADDS FORD, PA",US,0.3333333333333333,US8409834,39.872027,-75.5914213
3j29693c296w1p5l3h6x5p4o49345j2j6j4b1g1u,"OAKLYN, NJ",US,0.3333333333333333,US8409834,39.9009465,-75.0846179
612d33114y5n6h6z474oj2t6my2s294u403m9,Beijing,CN,1.0,US9206405,39.9057136,116.3912972
2q1b6r5y5x19275l1s3q6z231g3t2u24q5h3r,"Cambridge, Cambridgeshire",GB,0.14285714285714285,US9490111,52.1975846,0.1391537
2q1b6r5y5x19275l1s3q6z231g3t2u24q5h3r,Cambridgeshire,GB,0.42857142857142855,US9490111,52.333333,0.083333
2q1b6r5y5x19275l1s3q6z231g3t2u24q5h3r,Brugg,CH,0.14285714285714285,US9490111,47.4824633,8.2085662
2q1b6r5y5x19275l1s3q6z231g3t2u24q5h3r,Oxfordshire,GB,0.2857142857142857,US9490111,51.833333,-1.25
85h2yd6i5e561l462n5d4y6g24138624w6y63,Sakura-shi,JP,0.4,US9399789,35.7234619,140.2240158
85h2yd6i5e561l462n5d4y6g24138624w6y63,Bunkyo-ku,JP,0.6,US9399789,35.7080255,139.7523066
253q3y44n4a1c67d5z6u4l2y1u3i2j5k6b5z1b,"La Jolla, CA",US,0.6666666666666666,US9007593,32.8458529,-117.2575702
253q3y44n4a1c67d5z6u4l2y1u3i2j5k6b5z1b,"San Diego, CA",US,0.3333333333333333,US9007593,32.7174202,-117.162772
412q2j1j6lk3a2436c6x63j223l717g6j62,"Swartz Creek, MI",US,0.25,US9441235,42.9572508,-83.8305144
412q2j1j6lk3a2436c6x63j223l717g6j62,"Madison, WI",US,0.25,US9441235,43.07469,-89.3841663
412q2j1j6lk3a2436c6x63j223l717g6j62,"Lansing, MI",US,0.25,US9441235,42.7338254,-84.5546295
412q2j1j6lk3a2436c6x63j223l717g6j62,Vancouver,CA,0.25,US9441235,49.2608724,-123.113952
1e3x1b296f1b6h3j4t4z46tn3u3k2qe61g3n,Seehausen,DE,0.3333333333333333,US8877464,52.8891841,11.7520832
1e3x1b296f1b6h3j4t4z46tn3u3k2qe61g3n,Iffeldorf,DE,0.6666666666666666,US8877464,47.7727437,11.3200473
396q4q5s6j4m6c4z2o3r6393m1s256b583092,Cambridge,GB,1.0,US9422067,52.1975846,0.1391537
2g4s26h3s2o9v483e6x2o4k205t6z4v593n23,"Richland, WA",US,0.5,US8518690,46.2804298,-119.275205
2g4s26h3s2o9v483e6x2o4k205t6z4v593n23,"Kennewick, WA",US,0.5,US8518690,46.2087066,-119.119919
4t3n5j2e4k483kan6u5v4h19733b12593a5i3m,Tokyo,JP,1.0,US9701993,35.6768601,139.7638947
5c1r2b32183r1i243aup101q2w3y1j1l5o5718,"Bolton, MA",US,0.16666666666666666,US9695390,42.4342336,-71.6097744
5c1r2b32183r1i243aup101q2w3y1j1l5o5718,Augsburg,DE,0.3333333333333333,US9695390,48.3690341,10.8979522
5c1r2b32183r1i243aup101q2w3y1j1l5o5718,Munich,DE,0.16666666666666666,US9695390,48.1371079,11.5753822
5c1r2b32183r1i243aup101q2w3y1j1l5o5718,"Richmond, CA",US,0.16666666666666666,US9695390,37.9357576,-122.347748
5c1r2b32183r1i243aup101q2w3y1j1l5o5718,"San Francisco, CA",US,0.16666666666666666,US9695390,37.7879363,-122.4075201
573m542a2d40vm4ut2a6h1v5m33r6l25575p,Saint-Clément,FR,0.5,US9580755,49.7765278,4.0716276
573m542a2d40vm4ut2a6h1v5m33r6l25575p,Les Matelles,FR,0.5,US9580755,43.7307496,3.8097343
596o35w1267473z3s6h176h3y1i314x1n1c4t5m,New Delhi,IN,1.0,US9322008,28.6138954,77.2090057
4n2h42o6c702h103k73c1q2e3e3l4o4l6j4368,Tianjin,CN,0.25,US9187772,39.3032619,117.4163641
4n2h42o6c702h103k73c1q2e3e3l4o4l6j4368,"Gainesville, FL",US,0.75,US9187772,29.6519684,-82.3249846
2rjvn662r3k1x34603w1o15301l3z5u1m1z56,"Concord, MA",US,0.5,US9566365,42.4605189,-71.3488963
2rjvn662r3k1x34603w1o15301l3z5u1m1z56,"Melrose, MA",US,0.5,US9566365,42.4564323,-71.064182
5i1y2j6z4c4e3x1ld4r4d5d4s5h56kp601r6j,"Lexington, MA",US,0.3333333333333333,US9517357,42.4473175,-71.2245003
5i1y2j6z4c4e3x1ld4r4d5d4s5h56kp601r6j,"Concord, MA",US,0.3333333333333333,US9517357,42.4605189,-71.3488963
5i1y2j6z4c4e3x1ld4r4d5d4s5h56kp601r6j,"Medford, MA",US,0.3333333333333333,US9517357,42.4184296,-71.1061639
5o16r693f2x725kb2kc2s6q422a5x2d485h60,"Newark, DE",US,1.0,US8759070,39.6828358,-75.7515682
192985gs691t3u4zj6w6m533g3w1y5r6q533y,Essex,GB,0.5,US9375896,51.7704679,0.4646698
192985gs691t3u4zj6w6m533g3w1y5r6q533y,"Charlotte, NC",US,0.5,US9375896,35.2272086,-80.8430827
625v5jk3d2d6n2k2v8x4hj2y236z6g58543f,"La Jolla, CA",US,0.3333333333333333,US9187524,32.8458529,-117.2575702
625v5jk3d2d6n2k2v8x4hj2y236z6g58543f,"San Diego, CA",US,0.6666666666666666,US9187524,32.7174202,-117.162772
3g4x1c5g5r625a192ch131k1m2x4c1b6clgp,"Davis, CA",US,0.2,US9023627,38.5435526,-121.739005
3g4x1c5g5r625a192ch131k1m2x4c1b6clgp,"Seattle, WA",US,0.6,US9023627,47.6038321,-122.330062
3g4x1c5g5r625a192ch131k1m2x4c1b6clgp,"Bellevue, WA",US,0.2,US9023627,47.6144219,-122.192337
1t0306s2w4x4g675l28711w5z3l2d4v6n204x6w,Gollion,CH,0.25,US10023657,46.5852339,6.5088361
1t0306s2w4x4g675l28711w5z3l2d4v6n204x6w,Peillonnex,FR,0.25,US10023657,46.1314529,6.3756187
1t0306s2w4x4g675l28711w5z3l2d4v6n204x6w,Les Hopitaux Vieux,FR,0.25,US10023657,46.7894082,6.3674648
1t0306s2w4x4g675l28711w5z3l2d4v6n204x6w,Epalinges,CH,0.25,US10023657,46.547327,6.6726245
683y412l5nh4j3702w4g364w2n5l6gf6k50,"Lexington, MA",US,0.3333333333333333,US9761789,42.4473175,-71.2245003
683y412l5nh4j3702w4g364w2n5l6gf6k50,"Concord, MA",US,0.3333333333333333,US9761789,42.4605189,-71.3488963
683y412l5nh4j3702w4g364w2n5l6gf6k50,"Medford, MA",US,0.3333333333333333,US9761789,42.4184296,-71.1061639
6q2pf2am3m4a5k5uu2o5q6c5z2n17474c5x44,"Brookline, MA",US,0.5,US9902950,42.332918,-71.1187829
6q2pf2am3m4a5k5uu2o5q6c5z2n17474c5x44,"Medford, MA",US,0.5,US9902950,42.4184296,-71.1061639
1ti6u263t1k163148v3o1wx5o676f5q2l4x3y,Culemborg,NL,0.2,US9034608,51.9493315,5.2092152
1ti6u263t1k163148v3o1wx5o676f5q2l4x3y,Delft,NL,0.2,US9034608,51.9994572,4.3627245
1ti6u263t1k163148v3o1wx5o676f5q2l4x3y,Schipluiden,NL,0.2,US9034608,51.9774012,4.3156816
1ti6u263t1k163148v3o1wx5o676f5q2l4x3y,Dordrecht,NL,0.2,US9034608,51.7689546,4.6867891
1ti6u263t1k163148v3o1wx5o676f5q2l4x3y,Amsterdam,NL,0.2,US9034608,52.3730796,4.8924534
6w6u5b664r2k5r6d595m2k325s6c2xuh57151q,Barcelona,ES,1.0,US9096682,41.3825802,2.177073
1m64261e6h3ng2u6e461f1i4l4s6v3h4l3b5u2i,"Philadelphia, PA",US,0.5,US9612240,39.9527237,-75.1635262
1m64261e6h3ng2u6e461f1i4l4s6v3h4l3b5u2i,"Ardmore, PA",US,0.16666666666666666,US9612240,40.004128,-75.2882893
1m64261e6h3ng2u6e461f1i4l4s6v3h4l3b5u2i,"Urbana, IL",US,0.16666666666666666,US9612240,40.1117174,-88.207301
1m64261e6h3ng2u6e461f1i4l4s6v3h4l3b5u2i,"Champaign, IL",US,0.16666666666666666,US9612240,40.1164841,-88.2430932
w1t5e236b69t5f6y4s2b2m1w6y1p614f3b4y5k,"San Francisco, CA",US,0.25,US9856461,37.7879363,-122.4075201
w1t5e236b69t5f6y4s2b2m1w6y1p614f3b4y5k,"Oakland, CA",US,0.25,US9856461,37.8044557,-122.271356
w1t5e236b69t5f6y4s2b2m1w6y1p614f3b4y5k,"Berkeley, CA",US,0.5,US9856461,37.8708393,-122.272863
632p1k565u213l58581e1f4112671u496h222h,"Ithaca, NY",US,0.5,US9265842,42.4374175,-76.5483724
632p1k565u213l58581e1f4112671u496h222h,"Syracuse, NY",US,0.5,US9265842,43.0481221,-76.1474244
3o4q1r4h3nf3b552c2g425e6r11481b1s1t3m,"Salt Lake City, UT",US,0.5,US9751847,40.7596198,-111.886797
3o4q1r4h3nf3b552c2g425e6r11481b1s1t3m,"Salt lake City, UT",US,0.16666666666666666,US9751847,40.7596198,-111.886797
3o4q1r4h3nf3b552c2g425e6r11481b1s1t3m,Manila,PH,0.16666666666666666,US9751847,14.5904492,120.9803621
3o4q1r4h3nf3b552c2g425e6r11481b1s1t3m,Quezon City,PH,0.16666666666666666,US9751847,14.6510546,121.0486254
3d2q5s5d2i3g574z2w3y5e6z5v291f1968442c5i,Tecklenburg,DE,0.2,US8981070,52.2202557,7.8134148
3d2q5s5d2i3g574z2w3y5e6z5v291f1968442c5i,Muenster,DE,0.2,US8981070,51.9625101,7.6251879
3d2q5s5d2i3g574z2w3y5e6z5v291f1968442c5i,Paehl,DE,0.2,US8981070,47.9056634,11.1751031
3d2q5s5d2i3g574z2w3y5e6z5v291f1968442c5i,Hohenpeissenberg,DE,0.2,US8981070,47.7941442,11.0057418
3d2q5s5d2i3g574z2w3y5e6z5v291f1968442c5i,Osnabrueck,DE,0.2,US8981070,52.2719595,8.047635
2g5g4e2725424a323d2t5c7345i6ar3c4b1o53,"Roselle, IL",US,0.6666666666666666,US8809015,41.9852583,-88.0799571
2g5g4e2725424a323d2t5c7345i6ar3c4b1o53,Auckland,NZ,0.3333333333333333,US8809015,-36.852095,174.7631803
46s6g3f62513jh3i2i64434v6z648553f4f39,"Overland Park, KS",US,0.5,US9284602,38.9742502,-94.6851702
46s6g3f62513jh3i2i64434v6z648553f4f39,"Brookline, MA",US,0.5,US9284602,42.332918,-71.1187829
3w293q6f3o3c375w5u4r3y5z3s574i3s1n6q3p2h,"San Diego, CA",US,1.0,US9080199,32.7174202,-117.162772
i64713s66322b6j5s6t352z1k1619714rk365p,"Cambridge, MA",US,0.6,US10024796,42.3656347,-71.1040018
i64713s66322b6j5s6t352z1k1619714rk365p,"Boston, MA",US,0.2,US10024796,42.3588336,-71.0578303
i64713s66322b6j5s6t352z1k1619714rk365p,"Brookline, MA",US,0.2,US10024796,42.332918,-71.1187829
1n6xp4w711v383w401i631b2v1r6s6u5r4o6k,"San Francisco, CA",US,0.2857142857142857,US9334514,37.7879363,-122.4075201
1n6xp4w711v383w401i631b2v1r6s6u5r4o6k,"Berkeley, CA",US,0.42857142857142855,US9334514,37.8708393,-122.272863
1n6xp4w711v383w401i631b2v1r6s6u5r4o6k,"Oakland, CA",US,0.14285714285714285,US9334514,37.8044557,-122.271356
1n6xp4w711v383w401i631b2v1r6s6u5r4o6k,Trondheim,NO,0.14285714285714285,US9334514,63.4304475,10.3952118
3v3c1i223u1x2q5k1o3i3a2w422t48635w516v15,Braunschweig,DE,0.6,US9453203,52.2646577,10.5236066
3v3c1i223u1x2q5k1o3i3a2w422t48635w516v15,Wolfenbuttel,DE,0.2,US9453203,52.1625283,10.5348215
3v3c1i223u1x2q5k1o3i3a2w422t48635w516v15,Vechelde,DE,0.2,US9453203,52.2608949,10.3694118
3r3w4f5t2526484l3v5tb455y5h471v91d504s,Chiba-shi,JP,1.0,US9315816,35.6070629,140.1062653
m6s1g5r39zx4i5832m5kc31d2m17513x26,"Baltimore, MD",US,0.5,US9375873,39.2908816,-76.610759
m6s1g5r39zx4i5832m5kc31d2m17513x26,"Clarksville, MD",US,0.5,US9375873,39.2065447,-76.9429182
2z2o633b226e45w5x5x66d4a416m5w2i543b6a,"Los Angeles, CA",US,0.5,US9284566,34.0536909,-118.242766
2z2o633b226e45w5x5x66d4a416m5w2i543b6a,Sungnam-si,KR,0.25,US9284566,35.1349744,129.0584805
2z2o633b226e45w5x5x66d4a416m5w2i543b6a,"Bogart, GA",US,0.25,US9284566,33.949281,-83.534608
6sc3u3m5l275sw665k395d3y4n2l1j6c1y2re,"Durham, NC",US,0.4,US9714427,35.996653,-78.9018053
6sc3u3m5l275sw665k395d3y4n2l1j6c1y2re,"Chapel Hill, NC",US,0.2,US9714427,35.9131542,-79.05578
6sc3u3m5l275sw665k395d3y4n2l1j6c1y2re,"North Billerica, MA",US,0.2,US9714427,42.5852621,-71.2877645
6sc3u3m5l275sw665k395d3y4n2l1j6c1y2re,Kaohsiung,TW,0.2,US9714427,22.6203348,120.3120375
321z1m1u391t2q25574656s1a423a466l6f3a39,"Goleta, CA",US,0.2,US9828628,34.4358295,-119.8276389
321z1m1u391t2q25574656s1a423a466l6f3a39,Rome,IT,0.2,US9828628,41.8933203,12.4829321
321z1m1u391t2q25574656s1a423a466l6f3a39,"Santa Barbara, CA",US,0.6,US9828628,34.4221319,-119.702667
2z1v2h514f422n2b6j2r1o6d112a068422a4y57,"San Francisco, CA",US,0.75,US9951345,37.7879363,-122.4075201
2z1v2h514f422n2b6j2r1o6d112a068422a4y57,"Berkeley, CA",US,0.25,US9951345,37.8708393,-122.272863
6e364c3o2f2y2j4f4g38195ir4w2z5b49256j6e,"Okemos, MI",US,0.5714285714285714,US9816065,42.7221021,-84.4275259
6e364c3o2f2y2j4f4g38195ir4w2z5b49256j6e,"East Lansing, MI",US,0.14285714285714285,US9816065,42.7320307,-84.4721678
6e364c3o2f2y2j4f4g38195ir4w2z5b49256j6e,"Olalla, WA",US,0.14285714285714285,US9816065,47.4305404,-122.5429467
6e364c3o2f2y2j4f4g38195ir4w2z5b49256j6e,"Huntsville, AL",US,0.14285714285714285,US9816065,34.729847,-86.5859011
4l6v351q71143y455e4f6ta3c1s154c28211b3a,Osaka-shi,JP,0.5714285714285714,US9753040,34.6937569,135.5014539
4l6v351q71143y455e4f6ta3c1s154c28211b3a,Tokyo,JP,0.42857142857142855,US9753040,35.6768601,139.7638947
d235w3l4j462x1uf6d4y684d5p2o3l302s681w,"Washington, DC",US,0.14285714285714285,US8858883,38.8950982,-77.0363849
d235w3l4j462x1uf6d4y684d5p2o3l302s681w,"Silver Spring, MD",US,0.2857142857142857,US8858883,38.9997621,-77.0240371
d235w3l4j462x1uf6d4y684d5p2o3l302s681w,"College Park, MD",US,0.14285714285714285,US8858883,38.980666,-76.9369189
d235w3l4j462x1uf6d4y684d5p2o3l302s681w,"Derby, KS",US,0.14285714285714285,US8858883,37.5455735,-97.2689331
d235w3l4j462x1uf6d4y684d5p2o3l302s681w,"Chantilly, VA",US,0.14285714285714285,US8858883,38.885219,-77.4486772
d235w3l4j462x1uf6d4y684d5p2o3l302s681w,"Hunt Valley, MD",US,0.14285714285714285,US8858883,39.4962709,-76.6542571
v6a4h6s6f1o2k2f4k1s2a3m537306i441270v,S. Cesarea Terme,IT,0.2,US8741384,40.036323,18.456834
v6a4h6s6f1o2k2f4k1s2a3m537306i441270v,Lecce,IT,0.6,US8741384,40.1522173,18.2260628
v6a4h6s6f1o2k2f4k1s2a3m537306i441270v,Arnesano (Lecce),IT,0.2,US8741384,40.3351996,18.0916278
1q1v2n1v3j276o6h72x6d601w2l1q2t4r6n3y28,"Newton, MA",US,0.3333333333333333,US9295965,42.3300435,-71.194862
1q1v2n1v3j276o6h72x6d601w2l1q2t4r6n3y28,"Arlington, MA",US,0.3333333333333333,US9295965,42.4153739,-71.1564428
1q1v2n1v3j276o6h72x6d601w2l1q2t4r6n3y28,"Boston, MA",US,0.16666666666666666,US9295965,42.3588336,-71.0578303
1q1v2n1v3j276o6h72x6d601w2l1q2t4r6n3y28,"Framingham, MA",US,0.16666666666666666,US9295965,42.2773177,-71.4165905
1f6m3d3s4z342910234f2e5n4v2h17z3b73lc,"Merion Station, PA",US,0.2,US8906682,39.9981758,-75.2513256
1f6m3d3s4z342910234f2e5n4v2h17z3b73lc,"Cherry Hill, NJ",US,0.4,US8906682,39.9348351,-75.0307264
1f6m3d3s4z342910234f2e5n4v2h17z3b73lc,"Springfield, PA",US,0.2,US8906682,39.9306677,-75.3201879
1f6m3d3s4z342910234f2e5n4v2h17z3b73lc,"Philadelphia, PA",US,0.2,US8906682,39.9527237,-75.1635262
392k496n706t65hu6wh354l1z64725v1e2c5h,Cambridge,GB,0.6,US9271977,52.1975846,0.1391537
392k496n706t65hu6wh354l1z64725v1e2c5h,"Cambridge, Cambridgeshire",GB,0.4,US9271977,52.1975846,0.1391537
m96023y1t5o442r5h2g5b2cdc18r534my,"Cambridge, MA",US,0.3333333333333333,US9163281,42.3656347,-71.1040018
m96023y1t5o442r5h2g5b2cdc18r534my,"Brookline, MA",US,0.6666666666666666,US9163281,42.332918,-71.1187829
235v4hk2f3hu642k1r6bq5a2uz6i5n132j6c,"South San Francisco, CA",US,0.8571428571428571,US8530221,37.6535403,-122.4168664
235v4hk2f3hu642k1r6bq5a2uz6i5n132j6c,"San Francisco, CA",US,0.14285714285714285,US8530221,37.7879363,-122.4075201
6h2m1t5d3l55302h201g5tg40706wrb6e726d,Echt,NL,1.0,US8865900,51.1073016,5.8719765
2d4i1f3q15k3i1x2nn224c281d42k3s2w1y,Montreal,CA,0.42857142857142855,US9018395,45.5031824,-73.5698065
2d4i1f3q15k3i1x2nn224c281d42k3s2w1y,Kirkland,CA,0.14285714285714285,US9018395,45.4529194,-73.8647559
2d4i1f3q15k3i1x2nn224c281d42k3s2w1y,Saint-Lambert,CA,0.14285714285714285,US9018395,45.5016203,-73.5102981
2d4i1f3q15k3i1x2nn224c281d42k3s2w1y,Pincourt,CA,0.14285714285714285,US9018395,45.371202,-73.986053
2d4i1f3q15k3i1x2nn224c281d42k3s2w1y,St-Laurent,CA,0.14285714285714285,US9018395,45.5088774,-73.6875187
j6a8411v334t1a4tt381b4f2x5e2h1m2q3u,Oxford,GB,1.0,US9751915,51.7520131,-1.2578499
4q6m331w57dg4c6h1r5u513w6g48403xk5o42,Ulsan,KR,1.0,US8871480,35.5391697,129.3119136
4m4w1rk222u5d18675h1b17502d048c6dx13,"Houston, TX",US,0.75,US9416364,29.7589382,-95.3676974
4m4w1rk222u5d18675h1b17502d048c6dx13,"Wilmington, DE",US,0.25,US9416364,39.7459468,-75.546589
422n734j6x2g66l5g4w462u344o73t6k1b495f,"Cold Spring Harbor, NY",US,0.25,US8987412,40.8601065,-73.4529025
422n734j6x2g66l5g4w462u344o73t6k1b495f,"Miller Place, NY",US,0.25,US8987412,40.9598212,-72.9962148
422n734j6x2g66l5g4w462u344o73t6k1b495f,"New York, NY",US,0.5,US8987412,40.7127281,-74.0060152
6y596t5x5u3z6u42m684k5q2755542d5v1f5n,"Tempe, AZ",US,0.5,US9150884,33.4255117,-111.940016
6y596t5x5u3z6u42m684k5q2755542d5v1f5n,"Mesa, AZ",US,0.5,US9150884,33.4151005,-111.831455
1m612v1q7034l716j1hi636q6d2y3w6a5q3b6l,Guelph,CA,0.16666666666666666,US9821054,43.5460516,-80.2493276
1m612v1q7034l716j1hi636q6d2y3w6a5q3b6l,Brantford,CA,0.16666666666666666,US9821054,43.1408157,-80.2631733
1m612v1q7034l716j1hi636q6d2y3w6a5q3b6l,Hamilton,CA,0.16666666666666666,US9821054,43.2560802,-79.8728583
1m612v1q7034l716j1hi636q6d2y3w6a5q3b6l,Ottawa,CA,0.5,US9821054,45.4208777,-75.6901106
4r1d17121j3oi029h1y3a2b1y1n40482m1n2i,Frederiksberg C,DK,0.25,US9187547,55.6832509,12.5503857
4r1d17121j3oi029h1y3a2b1y1n40482m1n2i,Bagsvaerd,DK,0.25,US9187547,55.7583936,12.4573112
4r1d17121j3oi029h1y3a2b1y1n40482m1n2i,Herlev,DK,0.25,US9187547,55.7337528,12.4294486
4r1d17121j3oi029h1y3a2b1y1n40482m1n2i,Copenhagen N,DK,0.25,US9187547,55.6867243,12.5700724
2xn4y5o3w3e24325c5w1t4d34b553q1sd584o,Daejeon,KR,1.0,US8883463,36.3497007,127.3849016
5f3b2zp3vw1of3k05n51do4bb3q4q357,"Los Angeles, CA",US,0.3333333333333333,US9206443,34.0536909,-118.242766
5f3b2zp3vw1of3k05n51do4bb3q4q357,Sungnam-Si,KR,0.3333333333333333,US9206443,35.1349744,129.0584805
5f3b2zp3vw1of3k05n51do4bb3q4q357,"Culver City, CA",US,0.3333333333333333,US9206443,34.0211224,-118.396466
5k2x5d1n4u3f136g2g5w1a3k49602wu5u665w56,Saint Genis Laval,FR,0.16666666666666666,US9327242,45.6950021,4.7928827
5k2x5d1n4u3f136g2g5w1a3k49602wu5u665w56,Paris,FR,0.8333333333333334,US9327242,48.8534951,2.3483915
5oy6j6n4r3c701g1c435j1e205w16411y4m5y3m,Cambridge,GB,1.0,US9090657,52.1975846,0.1391537
6v26171q1j6q2s3p6w4j663kf1za2a2r6q1023,Auckland,NZ,1.0,US8673603,-36.852095,174.7631803
431u3v674h12l1s66v4h2135695r1i4258682k,"San Francisco, CA",US,0.2,US9861979,37.7879363,-122.4075201
431u3v674h12l1s66v4h2135695r1i4258682k,"Watertown, MA",US,0.2,US9861979,42.3652576,-71.1843234
431u3v674h12l1s66v4h2135695r1i4258682k,"Cambridge, MA",US,0.4,US9861979,42.3656347,-71.1040018
431u3v674h12l1s66v4h2135695r1i4258682k,"Boston, MA",US,0.2,US9861979,42.3588336,-71.0578303
1n5hi5i2m69415r5n96z6x215j1v551p43i1f,Mannheim,DE,0.16666666666666666,US9937278,49.4892913,8.4673098
1n5hi5i2m69415r5n96z6x215j1v551p43i1f,Teningen,DE,0.16666666666666666,US9937278,48.1270117,7.8101648
1n5hi5i2m69415r5n96z6x215j1v551p43i1f,Freiburg,DE,0.5,US9937278,47.9960901,7.8494005
1n5hi5i2m69415r5n96z6x215j1v551p43i1f,Ettlingen,DE,0.16666666666666666,US9937278,48.9414188,8.4076347
536g15c6y435a1t1r3qb6c65l181a1t4m5w6x,Stockdorf,DE,0.2,US9063149,48.0926483,11.4045794
536g15c6y435a1t1r3qb6c65l181a1t4m5w6x,Weißkirchen,AT,0.2,US9063149,47.1569227,14.7334934
536g15c6y435a1t1r3qb6c65l181a1t4m5w6x,Stocksund,SE,0.2,US9063149,59.3845769,18.0571915
536g15c6y435a1t1r3qb6c65l181a1t4m5w6x,Stockholm,SE,0.2,US9063149,59.3251172,18.0710935
536g15c6y435a1t1r3qb6c65l181a1t4m5w6x,Wien,AT,0.2,US9063149,48.2083537,16.3725042
c5r1h1m115b556kv4y624m3z4g3f336ro3812,Edinburgh,GB,1.0,US9549997,55.9533456,-3.1883749
1e6po2n6z1l434n4q6v3r3t627221o3m206s48,"San Diego, CA",US,1.0,US8980579,32.7174202,-117.162772
133r104z594659154l1v5l381rx5f11481j725i,Berlin,DE,0.5,US9540697,52.5173885,13.3951309
133r104z594659154l1v5l381rx5f11481j725i,Hamburg,DE,0.3333333333333333,US9540697,53.5501721,10.0013165
133r104z594659154l1v5l381rx5f11481j725i,Limburgerhof,DE,0.16666666666666666,US9540697,49.4226572,8.3933508
1j6f4u2px6v1p174b6l6q3bu4203u6l52152h,"Danville, CA",US,0.14285714285714285,US9193956,37.8225892,-122.0008254
1j6f4u2px6v1p174b6l6q3bu4203u6l52152h,"San Francisco, CA",US,0.2857142857142857,US9193956,37.7879363,-122.4075201
1j6f4u2px6v1p174b6l6q3bu4203u6l52152h,"Berkeley, CA",US,0.42857142857142855,US9193956,37.8708393,-122.272863
1j6f4u2px6v1p174b6l6q3bu4203u6l52152h,"El Cerrito, CA",US,0.14285714285714285,US9193956,37.9154056,-122.301411
2l2y601l553o3d2l25sr552s132l3i3m3we3j,"Baltimore, MD",US,0.6,US9717484,39.2908816,-76.610759
2l2y601l553o3d2l25sr552s132l3i3m3we3j,"Catonsville, MD",US,0.2,US9717484,39.2609922,-76.7455478
2l2y601l553o3d2l25sr552s132l3i3m3we3j,"Towson, MD",US,0.2,US9717484,39.3964591,-76.6148148
52174f5z522w1916a3u71g1g64g5f326o27b,Hiroshima,JP,0.4,US9181557,34.3917241,132.4517589
52174f5z522w1916a3u71g1g64g5f326o27b,Gifu,JP,0.2,US9181557,35.4230949,136.7627526
52174f5z522w1916a3u71g1g64g5f326o27b,Chiba,JP,0.2,US9181557,35.549399,140.2647303
52174f5z522w1916a3u71g1g64g5f326o27b,Tokyo,JP,0.2,US9181557,35.6768601,139.7638947
405z1z656m2l6o1b35d5d3s3a3z733713l165d,Ottawa,CA,1.0,US9364532,45.4208777,-75.6901106
4d3t2l4l3m2k3r2p465q4ex5rx3n5t1c532i2i,Chiba,JP,0.5,US9562220,35.549399,140.2647303
4d3t2l4l3m2k3r2p465q4ex5rx3n5t1c532i2i,Ishikawa,JP,0.25,US9562220,36.9890574,136.8162839
4d3t2l4l3m2k3r2p465q4ex5rx3n5t1c532i2i,Kanagawa,JP,0.25,US9562220,35.4342935,139.374753
734q3v5f143w6p575c6573303pv111i493h51,"Lexington, MA",US,0.2,US9595685,42.4473175,-71.2245003
734q3v5f143w6p575c6573303pv111i493h51,"Somerville, MA",US,0.2,US9595685,42.3875968,-71.0994968
734q3v5f143w6p575c6573303pv111i493h51,"Cambridge, MA",US,0.2,US9595685,42.3656347,-71.1040018
734q3v5f143w6p575c6573303pv111i493h51,"Needham, MA",US,0.2,US9595685,42.2802645,-71.2360624
734q3v5f143w6p575c6573303pv111i493h51,"Stoneham, MA",US,0.2,US9595685,42.4802635,-71.0993581
y1i3c714v481tc1z5x5h83t3574j3x1ib6d,Campinas,BR,0.3333333333333333,US9353386,-22.9056391,-47.059564
y1i3c714v481tc1z5x5h83t3574j3x1ib6d,Seeheim-Jugenheim,DE,0.3333333333333333,US9353386,49.7598,8.6632
y1i3c714v481tc1z5x5h83t3574j3x1ib6d,Bensheim-Auerbach,DE,0.3333333333333333,US9353386,49.7016019,8.6132493
28634b4c3119486rsu1g6k45161j124d5e3863,"Newton, MA",US,0.5,US9133245,42.3300435,-71.194862
28634b4c3119486rsu1g6k45161j124d5e3863,"Brighton, MA",US,0.5,US9133245,42.3491615,-71.1533859
265m2r4n184v1a4g4a3k693c6n1p3v6a4ug3m4x,"Longmont, CO",US,0.5,US8927789,40.1672117,-105.101928
265m2r4n184v1a4g4a3k693c6n1p3v6a4ug3m4x,"Golden, CO",US,0.5,US8927789,39.7546349,-105.22058
3b5w5x2j5u50m5g2s6a6e653h4v6q21716l322z,Blanden,BE,0.25,US9862957,50.8278376,4.7181551
3b5w5x2j5u50m5g2s6a6e653h4v6q21716l322z,Brussel,BE,0.25,US9862957,50.8551025,4.3510915
3b5w5x2j5u50m5g2s6a6e653h4v6q21716l322z,Putte,BE,0.25,US9862957,51.0570823,4.6310473
3b5w5x2j5u50m5g2s6a6e653h4v6q21716l322z,Zichem,BE,0.25,US9862957,51.0014178,4.9856978
j4l1k294a2tx4tck1bs251c2u3q2o6z71,Geneva 8,CH,0.3333333333333333,US9745602,46.2038206,6.1059935
j4l1k294a2tx4tck1bs251c2u3q2o6z71,Gothenburg,SE,0.16666666666666666,US9745602,57.7072326,11.9670171
j4l1k294a2tx4tck1bs251c2u3q2o6z71,Goteborg,SE,0.16666666666666666,US9745602,57.7072326,11.9670171
j4l1k294a2tx4tck1bs251c2u3q2o6z71,Göteborg,SE,0.16666666666666666,US9745602,57.7072326,11.9670171
j4l1k294a2tx4tck1bs251c2u3q2o6z71,Cavenago Bza (Milan),IT,0.16666666666666666,US9745602,,
384w61o3z506t2w4v734x4w72u38j2p323g32,Dublin,IE,0.75,US9421555,53.3493795,-6.2605593
384w61o3z506t2w4v734x4w72u38j2p323g32,Loughborough,GB,0.25,US9421555,52.7723859,-1.2077985
3x4x504fh613t2x512e3o2i356m1d5u563r5p1g,"Carlsbad, CA",US,1.0,US9738913,33.1580933,-117.3505966
2c402734q405k5l4my4h2w6334r1e5m6h39,"Malvern, PA",US,0.5,US9884057,40.036202,-75.5138959
2c402734q405k5l4my4h2w6334r1e5m6h39,"Philadelphia, PA",US,0.5,US9884057,39.9527237,-75.1635262
5k65421p601m5m4g2k4f4q6b1n6r491g3b1z3a21,"Hillsboro, OR",US,0.5,US9920438,45.5228939,-122.989827
5k65421p601m5m4g2k4f4q6b1n6r491g3b1z3a21,"Newton, MA",US,0.5,US9920438,42.3300435,-71.194862
6e69392w34z6w6j915c242k4r1jz5oa715e,Mouscron,BE,1.0,US9249430,50.7436672,3.2142729
6w5l4a4z2o296u5z4f601v5p6r3n5v5yg584qp,"Guilford, CT",US,0.3333333333333333,US9464288,41.2827593,-72.6816365
6w5l4a4z2o296u5z4f601v5p6r3n5v5yg584qp,"New Haven, CT",US,0.3333333333333333,US9464288,41.3082138,-72.9250518
6w5l4a4z2o296u5z4f601v5p6r3n5v5yg584qp,"Scotch Plains, NJ",US,0.3333333333333333,US9464288,40.65538,-74.3898732
p6h18353u575d3s2b1u6y4k4k4m4072t63w1a,"Boston, MA",US,0.125,US9593160,42.3588336,-71.0578303
p6h18353u575d3s2b1u6y4k4k4m4072t63w1a,"Lexington, MA",US,0.25,US9593160,42.4473175,-71.2245003
p6h18353u575d3s2b1u6y4k4k4m4072t63w1a,"Cambridge, MA",US,0.25,US9593160,42.3656347,-71.1040018
p6h18353u575d3s2b1u6y4k4k4m4072t63w1a,"West Newton, MA",US,0.125,US9593160,42.3494414,-71.2262274
p6h18353u575d3s2b1u6y4k4k4m4072t63w1a,"Framingham, MA",US,0.125,US9593160,42.2773177,-71.4165905
p6h18353u575d3s2b1u6y4k4k4m4072t63w1a,"Melrose, MA",US,0.125,US9593160,42.4564323,-71.064182
4n2s194hfo3c1eu5v4v6i232d1k685z375n33,Cambridge,GB,0.16666666666666666,US9957560,52.1975846,0.1391537
4n2s194hfo3c1eu5v4v6i232d1k685z375n33,Oxford,GB,0.8333333333333334,US9957560,51.7520131,-1.2578499
284s176g3yd4n5u604i5i5t5j672y4g6z501041,Gan Yavne,IL,0.3333333333333333,US9816077,31.787109,34.7096635
284s176g3yd4n5u604i5i5t5j672y4g6z501041,Ramat Hasharon,IL,0.3333333333333333,US9816077,32.1431276,34.8380853
284s176g3yd4n5u604i5i5t5j672y4g6z501041,Tel-Aviv,IL,0.3333333333333333,US9816077,32.0852997,34.7818064
6m1nkm2t1m3j5832346e2o513z305m1z2e1h6q,Seoul,KR,1.0,US9340826,37.5666791,126.9782914
1b4f395y6d122mt5v1fg4f47725q3d712i323c,Brookfield,AU,0.5,US9580481,-27.488929,152.907882
1b4f395y6d122mt5v1fg4f47725q3d712i323c,South Brisbane,AU,0.5,US9580481,-27.479264,153.0200774
t1v4f4b196i6j3v58532y45t6v5w5w1j4grv,"Ithaca, NY",US,0.5,US9650652,42.4374175,-76.5483724
t1v4f4b196i6j3v58532y45t6v5w5w1j4grv,Aachen,DE,0.5,US9650652,50.776351,6.083862
4f3s4b456y202a3x3u5x6h4r5o556h386c515u45,"Seattle, WA",US,0.6666666666666666,US9289473,47.6038321,-122.330062
4f3s4b456y202a3x3u5x6h4r5o556h386c515u45,"Bothell, WA",US,0.16666666666666666,US9289473,47.7623204,-122.2054035
4f3s4b456y202a3x3u5x6h4r5o556h386c515u45,"Camas, WA",US,0.16666666666666666,US9289473,45.5863014,-122.403277
6e1e73f2f4527l1v6l2xbt3s142g1x704yl,Oxford,GB,1.0,US9963518,51.7520131,-1.2578499
3y1g291k4273356z595f3t71c234d6q5g425e5d,"Pohang-si, Gyeongsangbuk-do",KR,0.25,US9919932,36.0189315,129.3429384
3y1g291k4273356z595f3t71c234d6q5g425e5d,Seoul,KR,0.5,US9919932,37.5666791,126.9782914
3y1g291k4273356z595f3t71c234d6q5g425e5d,"Anyang-si, Gyeonggi-do",KR,0.25,US9919932,37.3938528,126.9570605
2cv12585ch641d3n4q1b1m3r3x281l2m6a322g,"Albany, CA",US,0.5,US9540652,37.8871621,-122.298351
2cv12585ch641d3n4q1b1m3r3x281l2m6a322g,"Berkeley, CA",US,0.5,US9540652,37.8708393,-122.272863
34642p3w1542d5s5a2z2o60i391n2n4k5m1l3p,"94608, CA",US,0.5,US9631210,37.836577,-122.2860266
34642p3w1542d5s5a2z2o60i391n2n4k5m1l3p,"Emeryville, CA",US,0.5,US9631210,37.8314089,-122.2865266
3341282g2q1p393s622x3wc61321c6ey6j1c3g,"Washington, DE",US,0.3333333333333333,US9176143,38.8950982,-77.0363849
3341282g2q1p393s622x3wc61321c6ey6j1c3g,"Washington, DC",US,0.6666666666666666,US9176143,38.8950982,-77.0363849
6y6b3c5u4k413f3g2x1f2w635f5z94h473b505q,"Berkeley, CA",US,0.3333333333333333,US9593338,37.8708393,-122.272863
6y6b3c5u4k413f3g2x1f2w635f5z94h473b505q,"San Francisco, CA",US,0.3333333333333333,US9593338,37.7879363,-122.4075201
6y6b3c5u4k413f3g2x1f2w635f5z94h473b505q,"El Cerrito, CA",US,0.3333333333333333,US9593338,37.9154056,-122.301411
4i6x306w4gd2s5v3f81z1k5d1g2b3kl634g20,"Chandler, AZ",US,0.6666666666666666,US9202867,33.3062031,-111.841185
4i6x306w4gd2s5v3f81z1k5d1g2b3kl634g20,"Tempe, AZ",US,0.3333333333333333,US9202867,33.4255117,-111.940016
1v5v522q606h5l6t172a3cm6y6k631h1a5s4756,"Swartz Creek, MI",US,0.25,US9493783,42.9572508,-83.8305144
1v5v522q606h5l6t172a3cm6y6k631h1a5s4756,"Madison, WI",US,0.25,US9493783,43.07469,-89.3841663
1v5v522q606h5l6t172a3cm6y6k631h1a5s4756,"Lansing, MI",US,0.25,US9493783,42.7338254,-84.5546295
1v5v522q606h5l6t172a3cm6y6k631h1a5s4756,Vancouver,CA,0.25,US9493783,49.2608724,-123.113952
241c62194b276l68j5q345v572of34t233q3j,"San Diego, CA",US,1.0,US8688388,32.7174202,-117.162772
3y1z5x6u4o3nl5l1583f1d2s20596j4g3h4j3r,"Tottori-shi, Tottori",JP,0.09090909090909091,US9420769,35.4943948,134.2219282
3y1z5x6u4o3nl5l1583f1d2s20596j4g3h4j3r,Tottori-shi,JP,0.09090909090909091,US9420769,35.4943948,134.2219282
3y1z5x6u4o3nl5l1583f1d2s20596j4g3h4j3r,"Higashihiroshima-shi, Hiroshima",JP,0.36363636363636365,US9420769,34.4272126,132.7416231
3y1z5x6u4o3nl5l1583f1d2s20596j4g3h4j3r,"Chuo-ku, Tokyo",JP,0.36363636363636365,US9420769,35.6706436,139.7719923
3y1z5x6u4o3nl5l1583f1d2s20596j4g3h4j3r,Chuo-ku,JP,0.09090909090909091,US9420769,32.8031228,130.7079265
6c3m6h4w351z67b6418572r6u2h1339h2z2r,Mouscron,BE,1.0,US9169496,50.7436672,3.2142729
324w1v5o631g3d2n5s17553x4z45544e67dw4y,Oxford,GB,1.0,US9758823,51.7520131,-1.2578499
1o6h1384p5l113t6b1b3f53112u6r44122m2z4q,Sapporo-shi,JP,0.3333333333333333,US9434965,43.061936,141.3542924
1o6h1384p5l113t6b1b3f53112u6r44122m2z4q,"Sapporo-shi, Hokkaido",JP,0.3333333333333333,US9434965,43.061936,141.3542924
1o6h1384p5l113t6b1b3f53112u6r44122m2z4q,"Kawasaki-shi, Kanagawa",JP,0.3333333333333333,US9434965,35.5306639,139.7037668
145n735v3om5f6x5yp421d2h4b2o2jd6s6x2d,"Redwood City, CA",US,0.25,US9657317,37.4863239,-122.232523
145n735v3om5f6x5yp421d2h4b2o2jd6s6x2d,"Menlo Park, CA",US,0.5,US9657317,37.4519671,-122.177992
145n735v3om5f6x5yp421d2h4b2o2jd6s6x2d,"Randolph, MA",US,0.25,US9657317,42.1626018,-71.0413386
i2c2z4d4u6l4j1o2gz6w516f404c3e71391uf,"Madison, WI",US,0.3333333333333333,US9340791,43.07469,-89.3841663
i2c2z4d4u6l4j1o2gz6w516f404c3e71391uf,Szeged,HU,0.6666666666666666,US9340791,46.2546312,20.1486016
6g6g2s1z6o6t174c5xi3uh5i725iz143d6c2y,Cambridge,GB,1.0,US9504728,52.1975846,0.1391537
1uf3m3g2d2x271x4h655249u50612e1k3565h,"Berkeley, CA",US,0.5,US9556458,37.8708393,-122.272863
1uf3m3g2d2x271x4h655249u50612e1k3565h,"Emeryville, CA",US,0.5,US9556458,37.8314089,-122.2865266
406a49m2bp3j2a39o23442ub2a4e65t2p6h,"San Diego, CA",US,0.5,US9600627,32.7174202,-117.162772
406a49m2bp3j2a39o23442ub2a4e65t2p6h,"Solana Beach, CA",US,0.5,US9600627,32.9919141,-117.2678124
5n3w346g1x1t6u46k3a5y2h45215c5c6tv5q4f,"Benica, CA",US,0.3333333333333333,US10058514,34.4241384,-117.2271494
5n3w346g1x1t6u46k3a5y2h45215c5c6tv5q4f,Randwick,AU,0.3333333333333333,US10058514,-33.9458375,151.2431948
5n3w346g1x1t6u46k3a5y2h45215c5c6tv5q4f,"Concord, MA",US,0.3333333333333333,US10058514,42.4605189,-71.3488963
6n121g51561a6p6y526y45ikv4t23731am13,"Somerville, MA",US,0.2,US9931434,42.3875968,-71.0994968
6n121g51561a6p6y526y45ikv4t23731am13,"Canonsburg, PA",US,0.2,US9931434,40.2588173,-80.1867206
6n121g51561a6p6y526y45ikv4t23731am13,"Pittsburgh, PA",US,0.2,US9931434,40.4406968,-80.0025666
6n121g51561a6p6y526y45ikv4t23731am13,"Concord, MA",US,0.2,US9931434,42.4605189,-71.3488963
6n121g51561a6p6y526y45ikv4t23731am13,"Winston-Salem, NC",US,0.2,US9931434,36.0998131,-80.2440518
3h476o2l393mu6w3r5r6a162a4r483x84p33t,"Wilmington, MA",US,0.2,US9492504,42.5464828,-71.1736669
3h476o2l393mu6w3r5r6a162a4r483x84p33t,"Medford, MA",US,0.2,US9492504,42.4184296,-71.1061639
3h476o2l393mu6w3r5r6a162a4r483x84p33t,Beijing,CN,0.2,US9492504,39.9057136,116.3912972
3h476o2l393mu6w3r5r6a162a4r483x84p33t,"Somerville, MA",US,0.2,US9492504,42.3875968,-71.0994968
3h476o2l393mu6w3r5r6a162a4r483x84p33t,"Concord, MA",US,0.2,US9492504,42.4605189,-71.3488963
3v733193h3n556f1z3l1u514t4r483o1l2o2c37,"Boston, MA",US,0.3333333333333333,US9606108,42.3588336,-71.0578303
3v733193h3n556f1z3l1u514t4r483o1l2o2c37,"Brookline, MA",US,0.16666666666666666,US9606108,42.332918,-71.1187829
3v733193h3n556f1z3l1u514t4r483o1l2o2c37,"Bolton, MA",US,0.16666666666666666,US9606108,42.4342336,-71.6097744
3v733193h3n556f1z3l1u514t4r483o1l2o2c37,"Sharon, MA",US,0.16666666666666666,US9606108,42.1237328,-71.1787282
3v733193h3n556f1z3l1u514t4r483o1l2o2c37,"Belmont, MA",US,0.16666666666666666,US9606108,42.3959296,-71.1786655
4t6v1t2p6c2265462j3if6t4g6a1x6y2h34q2s,"Gaithersburg, MD",US,0.16666666666666666,US9631192,39.1399187,-77.1929215
4t6v1t2p6c2265462j3if6t4g6a1x6y2h34q2s,"Frederick, MD",US,0.5,US9631192,39.415779,-77.4127562
4t6v1t2p6c2265462j3if6t4g6a1x6y2h34q2s,"Goleta, CA",US,0.16666666666666666,US9631192,34.4358295,-119.8276389
4t6v1t2p6c2265462j3if6t4g6a1x6y2h34q2s,"Elliott City, MD",US,0.16666666666666666,US9631192,39.6621151,-77.696038
2f726z6d1q4ks5q1j1m474n5u1u213772351u3s,"Downingtown, PA",US,0.3333333333333333,US9644179,40.0064958,-75.7032742
2f726z6d1q4ks5q1j1m474n5u1u213772351u3s,"Bethesda, MD",US,0.3333333333333333,US9644179,38.9812726,-77.1233587
2f726z6d1q4ks5q1j1m474n5u1u213772351u3s,"Washington, DC",US,0.3333333333333333,US9644179,38.8950982,-77.0363849
w2f3p6d5y4d2b3b1c13zw3x5se6s2f2q6n1j,Saskatoon,CA,1.0,US9394561,52.131802,-106.660767
115s3g6u132ot226r1512s4u5ys282263345p,Nordkirchen,DE,0.125,US9217154,51.7380176,7.5251792
115s3g6u132ot226r1512s4u5ys282263345p,Haan,DE,0.125,US9217154,51.1954956,7.0085328
115s3g6u132ot226r1512s4u5ys282263345p,Wuppertal,DE,0.25,US9217154,51.264018,7.1780374
115s3g6u132ot226r1512s4u5ys282263345p,Remscheid,DE,0.125,US9217154,51.1798706,7.1943544
115s3g6u132ot226r1512s4u5ys282263345p,Bielefeld,DE,0.25,US9217154,52.0191005,8.531007
115s3g6u132ot226r1512s4u5ys282263345p,"Davis, CA",US,0.125,US9217154,38.5435526,-121.739005
u6c6j6ne2n2x4e6g625qf542j1q3j2f3d6z,"San Francisco, CA",US,0.2,US9884832,37.7879363,-122.4075201
u6c6j6ne2n2x4e6g625qf542j1q3j2f3d6z,"Eagleville, PA",US,0.2,US9884832,40.160085,-75.4106722
u6c6j6ne2n2x4e6g625qf542j1q3j2f3d6z,"Philadelphia, PA",US,0.2,US9884832,39.9527237,-75.1635262
u6c6j6ne2n2x4e6g625qf542j1q3j2f3d6z,"Bryn Mawr, PA",US,0.2,US9884832,40.0238245,-75.3173407
u6c6j6ne2n2x4e6g625qf542j1q3j2f3d6z,"Burlington, NJ",US,0.2,US9884832,39.9325409,-74.7226665
565335n694j6v4l2p3t6m5g56j550v625ks,"Cambridge, MA",US,0.25,US9857356,42.3656347,-71.1040018
565335n694j6v4l2p3t6m5g56j550v625ks,"Irvine, CA",US,0.125,US9857356,33.6856969,-117.825981
565335n694j6v4l2p3t6m5g56j550v625ks,"Minneapolis, MN",US,0.125,US9857356,44.9772995,-93.2654692
565335n694j6v4l2p3t6m5g56j550v625ks,"Pittsburgh, PA",US,0.125,US9857356,40.4406968,-80.0025666
565335n694j6v4l2p3t6m5g56j550v625ks,"Miami Beach, FL",US,0.125,US9857356,25.7929198,-80.1353006
565335n694j6v4l2p3t6m5g56j550v625ks,"Culver City, CA",US,0.125,US9857356,34.0211224,-118.396466
565335n694j6v4l2p3t6m5g56j550v625ks,"Boston, MA",US,0.125,US9857356,42.3588336,-71.0578303
1q14sfk1m5a5h44z5y4n2d3i3l252l651u17,"Champaign, IL",US,0.16666666666666666,US9691873,40.1164841,-88.2430932
1q14sfk1m5a5h44z5y4n2d3i3l252l651u17,"Wakefield, MA",US,0.16666666666666666,US9691873,42.506484,-71.0728306
1q14sfk1m5a5h44z5y4n2d3i3l252l651u17,"Urbana, IL",US,0.3333333333333333,US9691873,40.1117174,-88.207301
1q14sfk1m5a5h44z5y4n2d3i3l252l651u17,"Medford, MA",US,0.16666666666666666,US9691873,42.4184296,-71.1061639
1q14sfk1m5a5h44z5y4n2d3i3l252l651u17,"Concord, MA",US,0.16666666666666666,US9691873,42.4605189,-71.3488963
60191bt2o105i1x6i4i684j4qp3ny3b2w2u1a,Sao Paulo,BR,0.6,US9518273,-23.5506507,-46.6333824
60191bt2o105i1x6i4i684j4qp3ny3b2w2u1a,São Paulo - SP,BR,0.4,US9518273,-23.5510339,-46.6379595
2jn3z2c6t3y2a3h103o326e2j1i246si473z3y,"Pittsboro, NC",US,0.09090909090909091,US9683248,35.7201229,-79.1771539
2jn3z2c6t3y2a3h103o326e2j1i246si473z3y,"Golden, CO",US,0.2727272727272727,US9683248,39.7546349,-105.22058
2jn3z2c6t3y2a3h103o326e2j1i246si473z3y,"Littleton, CO",US,0.09090909090909091,US9683248,39.613321,-105.016649
2jn3z2c6t3y2a3h103o326e2j1i246si473z3y,"Berthoud, CO",US,0.09090909090909091,US9683248,40.329325,-105.1258685
2jn3z2c6t3y2a3h103o326e2j1i246si473z3y,"Denver, CO",US,0.09090909090909091,US9683248,39.7392364,-104.984862
2jn3z2c6t3y2a3h103o326e2j1i246si473z3y,"Boulder, CO",US,0.09090909090909091,US9683248,40.0149856,-105.270545
2jn3z2c6t3y2a3h103o326e2j1i246si473z3y,"Berthod, CO",US,0.09090909090909091,US9683248,39.5248525,-107.3243305
2jn3z2c6t3y2a3h103o326e2j1i246si473z3y,"Lakewood, CO",US,0.18181818181818182,US9683248,39.7085736,-105.0846694
5e6o2m3c142p646r1y6y2j5v122b3m165h39325q,Cambridge,GB,1.0,US9382266,52.1975846,0.1391537
9473x1j406g1q6ub3f6p3y11412r2c50325p71,Wolfenbuettel,DE,0.3333333333333333,US9644220,52.1625283,10.5348215
9473x1j406g1q6ub3f6p3y11412r2c50325p71,Braunschweig,DE,0.6666666666666666,US9644220,52.2646577,10.5236066
6r3k536p1q1y2i6k4j6u6ek6ts132n735o6s58,"Salt Lake City, UT",US,0.3333333333333333,US8785376,40.7596198,-111.886797
6r3k536p1q1y2i6k4j6u6ek6ts132n735o6s58,"Blacksburg, VA",US,0.3333333333333333,US8785376,37.2296566,-80.4136767
6r3k536p1q1y2i6k4j6u6ek6ts132n735o6s58,"Chapel Hill, NC",US,0.3333333333333333,US8785376,35.9131542,-79.05578
351kl63ky4k1z346h3e4m15p5l2q61633d4p,"Carlsbad, CA",US,0.4,US9465519,33.1580933,-117.3505966
351kl63ky4k1z346h3e4m15p5l2q61633d4p,Johor Bahru,MY,0.2,US9465519,1.4581986,103.7649059
351kl63ky4k1z346h3e4m15p5l2q61633d4p,"Oceanside, CA",US,0.2,US9465519,33.1958696,-117.379483
351kl63ky4k1z346h3e4m15p5l2q61633d4p,Singapore,SG,0.2,US9465519,1.2899175,103.8519072
1h5x2w04ri4k1a5z6t5h1d1t3z3t62885h6l,WAGENINGEN,NL,0.5,US9885026,51.9685817,5.6682981
1h5x2w04ri4k1a5z6t5h1d1t3z3t62885h6l,RENKUM,NL,0.5,US9885026,51.991685,5.7916923
4o5r514k2e6b1s6282701k5r3a6v2g2o56l1x,Oxford,GB,1.0,US9617591,51.7520131,-1.2578499
mwp1g1c3q4t493nj3w6p5r5p413wy5rr69,Rechovot,IL,0.16666666666666666,US9536737,31.8952532,34.8105616
mwp1g1c3q4t493nj3w6p5r5p413wy5rr69,Kiryat-Ekron,IL,0.16666666666666666,US9536737,31.8607858,34.823337
mwp1g1c3q4t493nj3w6p5r5p413wy5rr69,RaAnana,IL,0.16666666666666666,US9536737,32.1860244,34.8678359
mwp1g1c3q4t493nj3w6p5r5p413wy5rr69,Jerusalem,IL,0.16666666666666666,US9536737,31.7788472,35.2257856
mwp1g1c3q4t493nj3w6p5r5p413wy5rr69,Vaughan,CA,0.16666666666666666,US9536737,43.7941544,-79.5268023
mwp1g1c3q4t493nj3w6p5r5p413wy5rr69,Ramat-Hasharon,IL,0.16666666666666666,US9536737,32.1431276,34.8380853
4h5b1165564a53546i416285t75r2a6y365v6j,Gothenburg,SE,0.2,US9670494,57.7072326,11.9670171
4h5b1165564a53546i416285t75r2a6y365v6j,Goteborg,SE,0.2,US9670494,57.7072326,11.9670171
4h5b1165564a53546i416285t75r2a6y365v6j,GÖTHENBURG,SE,0.2,US9670494,57.7072326,11.9670171
4h5b1165564a53546i416285t75r2a6y365v6j,Geneva,CH,0.4,US9670494,46.2017559,6.1466014
385r1y653z33u3s1j3j4e4p3h633t694k4h2z4u,Cambridgeshire,GB,0.3333333333333333,US9968690,52.333333,0.083333
385r1y653z33u3s1j3j4e4p3h633t694k4h2z4u,"Raleigh, NC",US,0.3333333333333333,US9968690,35.7803977,-78.6390989
385r1y653z33u3s1j3j4e4p3h633t694k4h2z4u,Cambridge,GB,0.3333333333333333,US9968690,52.1975846,0.1391537
24112l2j354q2j4a6m18572c4s4e3g1i5s6z1z69,Vancouver,CA,0.6,US9550815,49.2608724,-123.113952
24112l2j354q2j4a6m18572c4s4e3g1i5s6z1z69,Courtenay,CA,0.2,US9550815,49.6894061,-124.9954959
24112l2j354q2j4a6m18572c4s4e3g1i5s6z1z69,"Walnut Creek, CA",US,0.2,US9550815,37.9020731,-122.0618702
42oe3a6f474r6n1g631s6b5tu5s1p2ao6q2k,Ramat Hashavim,IL,0.3333333333333333,US9371520,,
42oe3a6f474r6n1g631s6b5tu5s1p2ao6q2k,Rehovot,IL,0.6666666666666666,US9371520,31.8952532,34.8105616
374d2e12t6c4m3m3g727716zx1712dk6i3c,Auckland,NZ,1.0,US9057071,-36.852095,174.7631803
2b64r50563b533n201x3l495l551245r6t6t1p,"San Francisco, CA",US,0.5,US9475013,37.7879363,-122.4075201
2b64r50563b533n201x3l495l551245r6t6t1p,"Bolton, MA",US,0.5,US9475013,42.4342336,-71.6097744
1u393i3y4t32715h611u691g3q2l6g6pl5g596e,"Madison, WI",US,1.0,US9873900,43.07469,-89.3841663
d3r1g8193li6lj1tv6z6638324v5e22k,"Fairfield, CT",US,0.3333333333333333,US9745601,41.1412078,-73.2637258
d3r1g8193li6lj1tv6z6638324v5e22k,"Tenafly, NJ",US,0.3333333333333333,US9745601,40.9253766,-73.9629154
d3r1g8193li6lj1tv6z6638324v5e22k,"Pawling, NY",US,0.3333333333333333,US9745601,41.5618381,-73.6026148
3p5ml1b4m2a51kcz3c1d6g2n2c2d44c5zu,"Merion Station, PA",US,0.25,US9714278,39.9981758,-75.2513256
3p5ml1b4m2a51kcz3c1d6g2n2c2d44c5zu,"Philadelphia, PA",US,0.25,US9714278,39.9527237,-75.1635262
3p5ml1b4m2a51kcz3c1d6g2n2c2d44c5zu,"Cherry Hill, NJ",US,0.25,US9714278,39.9348351,-75.0307264
3p5ml1b4m2a51kcz3c1d6g2n2c2d44c5zu,"Narberth, PA",US,0.25,US9714278,40.0084456,-75.26046
5n4k2bk35425d3e1hz6o6g2b5a14l2a5u584l,Saitama,JP,1.0,US9598713,35.9754168,139.4160114
2t2g1f38301i0y5x4p1w5x514f271t2c175r3h,"Del Mar, CA",US,0.25,US9605313,32.9594891,-117.2653146
2t2g1f38301i0y5x4p1w5x514f271t2c175r3h,"San Diego, CA",US,0.75,US9605313,32.7174202,-117.162772
4k413x6w5m72292m131y3d3p6o1f4r5n313o346t,"Concord, MA",US,0.25,US9554989,42.4605189,-71.3488963
4k413x6w5m72292m131y3d3p6o1f4r5n313o346t,"Medford, MA",US,0.25,US9554989,42.4184296,-71.1061639
4k413x6w5m72292m131y3d3p6o1f4r5n313o346t,"Peabody, MA",US,0.25,US9554989,42.5278731,-70.9286609
4k413x6w5m72292m131y3d3p6o1f4r5n313o346t,"Winchester, MA",US,0.25,US9554989,42.4523178,-71.1369982
371t4c4t6547g3s3iy6c5v5x5662f38481n54,Montpellier,FR,0.25,US9694074,43.6112422,3.8767337
371t4c4t6547g3s3iy6c5v5x5662f38481n54,Palavas-Les-Flots,FR,0.125,US9694074,43.5278137,3.9315347
371t4c4t6547g3s3iy6c5v5x5662f38481n54,"m/c La Jolla, CA",US,0.125,US9694074,,
371t4c4t6547g3s3iy6c5v5x5662f38481n54,Prades-Le-Lez,FR,0.125,US9694074,43.6978777,3.862452
371t4c4t6547g3s3iy6c5v5x5662f38481n54,Castelnau-Le-Lez,FR,0.125,US9694074,43.6393171,3.9133311
371t4c4t6547g3s3iy6c5v5x5662f38481n54,Ceyras,FR,0.125,US9694074,43.6446,3.45651
371t4c4t6547g3s3iy6c5v5x5662f38481n54,Saint-Gely Du Fesc,FR,0.125,US9694074,43.6913873,3.803981
13585h7631td1y2zj182i212u4r6i4f2p6r21,Barcelona,ES,0.16666666666666666,US9376328,41.3825802,2.177073
13585h7631td1y2zj182i212u4r6i4f2p6r21,Sigmaringen,DE,0.16666666666666666,US9376328,48.0869139,9.2165039
13585h7631td1y2zj182i212u4r6i4f2p6r21,CASTELLANA-GROTTE (Bari),IT,0.16666666666666666,US9376328,40.886431,17.165495
13585h7631td1y2zj182i212u4r6i4f2p6r21,Genova,IT,0.3333333333333333,US9376328,44.40726,8.9338624
13585h7631td1y2zj182i212u4r6i4f2p6r21,CERANESI (Genova),IT,0.16666666666666666,US9376328,44.5112695,8.8789407
4o5496yo4d464v96f6z481n445n2d5k37z2y,"South San Francisco, CA",US,1.0,US9340801,37.6535403,-122.4168664
104e3363yl6h5u265r2i7122f34557048g2q,Auckland,NZ,0.75,US9550979,-36.852095,174.7631803
104e3363yl6h5u265r2i7122f34557048g2q,"Roselle, IL",US,0.25,US9550979,41.9852583,-88.0799571
501i412h582i271c5c4v5u3y202n6j5p5n86g6y,Utsunomiya-shi,JP,0.4,US9650623,36.5549677,139.8828776
501i412h582i271c5c4v5u3y202n6j5p5n86g6y,Wakayama-shi,JP,0.4,US9650623,34.2342931,135.1783549
501i412h582i271c5c4v5u3y202n6j5p5n86g6y,"Haga-gun, Tochigi",JP,0.2,US9650623,36.5102425,140.126863
4kj4h6q51h2g2t3r192m6y111muzy6b5630,"South San Francisco, CA",US,0.5,US9683247,37.6535403,-122.4168664
4kj4h6q51h2g2t3r192m6y111muzy6b5630,"South San Francsico, CA",US,0.5,US9683247,,
u5f4f4lb4d1q2s1b5yd4f4u2j1m2d16346c33,"Altadena, CA",US,0.3333333333333333,US9808798,34.1928193,-118.1374663
u5f4f4lb4d1q2s1b5yd4f4u2j1m2d16346c33,"Chicago, IL",US,0.3333333333333333,US9808798,41.8755616,-87.6244212
u5f4f4lb4d1q2s1b5yd4f4u2j1m2d16346c33,"Pasadena, CA",US,0.3333333333333333,US9808798,34.1476507,-118.144155
593z6622c32171k491z4q1g4r4e3p3a473d1b1,"Lexington, MA",US,0.125,US9638717,42.4473175,-71.2245003
593z6622c32171k491z4q1g4r4e3p3a473d1b1,"Cambridge, MA",US,0.25,US9638717,42.3656347,-71.1040018
593z6622c32171k491z4q1g4r4e3p3a473d1b1,Ulm,DE,0.125,US9638717,48.3984968,9.9912458
593z6622c32171k491z4q1g4r4e3p3a473d1b1,"Somerville, MA",US,0.25,US9638717,42.3875968,-71.0994968
593z6622c32171k491z4q1g4r4e3p3a473d1b1,"Chicago, IL",US,0.125,US9638717,41.8755616,-87.6244212
593z6622c32171k491z4q1g4r4e3p3a473d1b1,"Needham, MA",US,0.125,US9638717,42.2802645,-71.2360624
2s384t563f3848s211r2h3n2a3o3z3a3e1915f,"Mechanicsville, VA",US,0.6666666666666666,US9060914,37.627722,-77.3538176
2s384t563f3848s211r2h3n2a3o3z3a3e1915f,"Bel Air, MD",US,0.3333333333333333,US9060914,39.5797515,-78.8531894
l223d1w4m14z3x434n6kdx512p2n3k3j3w2i,"Berkeley, CA",US,0.5,US10000772,37.8708393,-122.272863
l223d1w4m14z3x434n6kdx512p2n3k3j3w2i,Braunschweig,DE,0.25,US10000772,52.2646577,10.5236066
l223d1w4m14z3x434n6kdx512p2n3k3j3w2i,Vienna,AT,0.25,US10000772,48.2083537,16.3725042
4ms3f02d5p40526b38672in3j6m164m65641a,Auckland,NZ,1.0,US9994878,-36.852095,174.7631803
66g65bhj5w6i52q4j151j3d384r3p5u1q3,"Brookline, MA",US,0.3333333333333333,US9914967,42.332918,-71.1187829
66g65bhj5w6i52q4j151j3d384r3p5u1q3,"Carlisle, MA",US,0.3333333333333333,US9914967,42.5292605,-71.3495035
66g65bhj5w6i52q4j151j3d384r3p5u1q3,"Natick, MA",US,0.3333333333333333,US9914967,42.2836393,-71.346996
2u5x23686k3t518h94x4d65572k635b114y67,Auckland,NZ,1.0,US9890384,-36.852095,174.7631803
2b734i2t3d601m5q305e5v73x16475o4v3p1f56,Auckland,NZ,1.0,US9347076,-36.852095,174.7631803
1c2g3z94o3z3j682n5i4x5f271c133p2w6s131n,"Davis, CA",US,1.0,US9701948,38.5435526,-121.739005
i1p5x5m2p30226x6u685b1g2z2n4l4j344b6oa,"Cambridge, MA",US,0.5,US9805841,42.3656347,-71.1040018
i1p5x5m2p30226x6u685b1g2z2n4l4j344b6oa,"Lexington, MA",US,0.25,US9805841,42.4473175,-71.2245003
i1p5x5m2p30226x6u685b1g2z2n4l4j344b6oa,"Newton, MA",US,0.25,US9805841,42.3300435,-71.194862
4a5p2b5ko4f4d145p2u395pm383p3m38283a19,"Merion Station, PA",US,0.3333333333333333,US9572836,39.9981758,-75.2513256
4a5p2b5ko4f4d145p2u395pm383p3m38283a19,"Cherry Hill, NJ",US,0.3333333333333333,US9572836,39.9348351,-75.0307264
4a5p2b5ko4f4d145p2u395pm383p3m38283a19,"Philadelphia, PA",US,0.3333333333333333,US9572836,39.9527237,-75.1635262
1e4i4d6z3s642wz656n2l136w331j462b32534a,"Brookline, MA",US,1.0,US9384320,42.332918,-71.1187829
2h3o4a2q203y3k496r183d5575z1f4j3x5f6r66,Bonn,DE,0.6666666666666666,US9910045,50.7352621,7.1024635
2h3o4a2q203y3k496r183d5575z1f4j3x5f6r66,Eindhoven,NL,0.3333333333333333,US9910045,51.4485569,5.4501225
4g6g266n494g2j51325n3a6j6o4al6l4v3i2s22,Duesseldorf,DE,0.25,US9644226,51.2254018,6.7763137
4g6g266n494g2j51325n3a6j6o4al6l4v3i2s22,Eschweiler,DE,0.25,US9644226,50.8175029,6.2630894
4g6g266n494g2j51325n3a6j6o4al6l4v3i2s22,Juelich,DE,0.5,US9644226,50.9220931,6.3611015
2c203k4x63473m3w2o664822a6r1s1396a5e,Auckland,NZ,1.0,US9284564,-36.852095,174.7631803
6z3463u411g6n6u4y3u33mc245h3c4w4p1w,"Athens, GA",US,0.6666666666666666,US9587256,33.9597677,-83.376398
6z3463u411g6n6u4y3u33mc245h3c4w4p1w,"Cary, NC",US,0.16666666666666666,US9587256,35.7882893,-78.7812081
6z3463u411g6n6u4y3u33mc245h3c4w4p1w,"Durham, NC",US,0.16666666666666666,US9587256,35.996653,-78.9018053
3lw31e6j1z23z36538131r3c43u586l3870,"Lexington, MA",US,0.3333333333333333,US9541522,42.4473175,-71.2245003
3lw31e6j1z23z36538131r3c43u586l3870,"Cambridge, MA",US,0.3333333333333333,US9541522,42.3656347,-71.1040018
3lw31e6j1z23z36538131r3c43u586l3870,"Somerville, MA",US,0.3333333333333333,US9541522,42.3875968,-71.0994968
6gx2z2w3e1gh34s3y5q326w2w2w6d2g1o6uk,Echt,NL,1.0,US9951339,51.1073016,5.8719765
4i317025m1g4p13o3c3c4e12e33w21k7151,Harpenden,GB,1.0,US10017796,51.8145103,-0.3549311
152cs562g6s5c3r47394v543n62605s1o03b5d,"Merion Station, PA",US,0.2,US9365641,39.9981758,-75.2513256
152cs562g6s5c3r47394v543n62605s1o03b5d,"Bryn Mawr, PA",US,0.2,US9365641,40.0238245,-75.3173407
152cs562g6s5c3r47394v543n62605s1o03b5d,"Philadelphia, PA",US,0.4,US9365641,39.9527237,-75.1635262
152cs562g6s5c3r47394v543n62605s1o03b5d,"Penn Valley, PA",US,0.2,US9365641,40.0184454,-75.2612932
5b6j3i371s3k2g5m1k132h1d514129371n2305q,"Los Angeles, CA",US,0.2,US8993262,34.0536909,-118.242766
5b6j3i371s3k2g5m1k132h1d514129371n2305q,"Durham, NC",US,0.2,US8993262,35.996653,-78.9018053
5b6j3i371s3k2g5m1k132h1d514129371n2305q,"La Canada, CA",US,0.2,US8993262,33.7301661,-117.7638553
5b6j3i371s3k2g5m1k132h1d514129371n2305q,"San Jose, CA",US,0.2,US8993262,37.3361663,-121.890591
5b6j3i371s3k2g5m1k132h1d514129371n2305q,"Chicago, IL",US,0.2,US8993262,41.8755616,-87.6244212
p3k63l1w2j3n4q3x4l491h5c3j6a3v1613e36,Oxford,GB,1.0,US9823235,51.7520131,-1.2578499
1i4v1p4c3t4g35wn692w4q335s1n2ig2a75n,"Brookline, MA",US,0.16666666666666666,US9975916,42.332918,-71.1187829
1i4v1p4c3t4g35wn692w4q335s1n2ig2a75n,"Cambridge, MA",US,0.5,US9975916,42.3656347,-71.1040018
1i4v1p4c3t4g35wn692w4q335s1n2ig2a75n,"Boston, MA",US,0.16666666666666666,US9975916,42.3588336,-71.0578303
1i4v1p4c3t4g35wn692w4q335s1n2ig2a75n,"Atlanta, GA",US,0.16666666666666666,US9975916,33.7544657,-84.3898151
4n4z353m2h1yv38442c5f6r623p715m49183h4r,Gyeonggi-do,KR,0.6666666666666666,US9777301,37.2884675,127.0535231
4n4z353m2h1yv38442c5f6r623p715m49183h4r,Seoul,KR,0.3333333333333333,US9777301,37.5666791,126.9782914
5y3o5f3x6z25522a3j3t5n622h285s473t402w1d,"Winchester, MA",US,0.5,US9611487,42.4523178,-71.1369982
5y3o5f3x6z25522a3j3t5n622h285s473t402w1d,"Menlo Park, CA",US,0.5,US9611487,37.4519671,-122.177992
556z531c1j3v1gg4s39zn595g6d1b3c265ba,"South San Francisco, CA",US,1.0,US9683219,37.6535403,-122.4168664
1j6n59y95d4h195l3s1y2z586t4d5mj5k4v5n,"Cambridge, MA",US,0.42857142857142855,US10030231,42.3656347,-71.1040018
1j6n59y95d4h195l3s1y2z586t4d5mj5k4v5n,"La Jolla, CA",US,0.5714285714285714,US10030231,32.8458529,-117.2575702
393b1i3f1vcv526e5hj65z3k67443b5zw1v,"Silver Spring, MD",US,0.2857142857142857,US9957486,38.9997621,-77.0240371
393b1i3f1vcv526e5hj65z3k67443b5zw1v,"Bethesda, MD",US,0.2857142857142857,US9957486,38.9812726,-77.1233587
393b1i3f1vcv526e5hj65z3k67443b5zw1v,"Lexington, MA",US,0.14285714285714285,US9957486,42.4473175,-71.2245003
393b1i3f1vcv526e5hj65z3k67443b5zw1v,"Kings Point, NY",US,0.14285714285714285,US9957486,40.8197813,-73.7351337
393b1i3f1vcv526e5hj65z3k67443b5zw1v,"E. Setauket, NY",US,0.14285714285714285,US9957486,40.919085,-73.0963408
5r5o5b4c2m13371d4k4d343d1r3c156s704f4h2h,Shanghai,CN,1.0,US9976167,31.2312707,121.4700152
b1y443u6b724o4k4o132k3t5m5b1f2423d1f20,Tokyo,JP,0.5,US9540650,35.6768601,139.7638947
b1y443u6b724o4k4o132k3t5m5b1f2423d1f20,Saitama,JP,0.5,US9540650,35.9754168,139.4160114
3f272604445712o203m4h2w5d684x2r93u572c,Berlin,DE,0.7,US8846369,52.5173885,13.3951309
3f272604445712o203m4h2w5d684x2r93u572c,Kleinmachnow,DE,0.1,US8846369,52.4064167,13.2236601
3f272604445712o203m4h2w5d684x2r93u572c,"San Diego, CA",US,0.1,US8846369,32.7174202,-117.162772
3f272604445712o203m4h2w5d684x2r93u572c,"Fort Myers, FL",US,0.1,US8846369,26.640628,-81.8723084
3y93q6k96p415e1a2j1s5l196a303b2x5q4z4b,Seoul,KR,0.75,US10036007,37.5666791,126.9782914
3y93q6k96p415e1a2j1s5l196a303b2x5q4z4b,"Pocheon-si, Gyeonggi-do",KR,0.25,US10036007,37.8948267,127.2007295
68655md4z3t3z1l1g5k404sd1q4m1f715q4h3t,"Carlsbad, CA",US,1.0,US9850493,33.1580933,-117.3505966
3d416qy1rn48we5ez4d1n6qd4665ue40,Portola Valley,,0.25,US6936728,37.3736298,-122.219047
3d416qy1rn48we5ez4d1n6qd4665ue40,Burlingame,,0.25,US6936728,37.5780965,-122.3473099
3d416qy1rn48we5ez4d1n6qd4665ue40,Weston,AU,0.25,US6936728,-35.3324882,149.0587356
3d416qy1rn48we5ez4d1n6qd4665ue40,Manchester,,0.25,US6936728,53.4424618,-2.2324547
w6l4u6sae4a602v693w24c571d1k1c1a146a,Mannheim,DE,0.3333333333333333,US6586211,49.4892913,8.4673098
w6l4u6sae4a602v693w24c571d1k1c1a146a,Weinheim,DE,0.3333333333333333,US6586211,49.5462349,8.6717458
w6l4u6sae4a602v693w24c571d1k1c1a146a,Schriesheim,DE,0.3333333333333333,US6586211,49.4751705,8.6611149
3vk2ac5a2d2u43655pi5o3b5m4p6sq2p1fe,"Hamilton, MA",US,0.25,US6858775,42.6362052,-70.8431049
3vk2ac5a2d2u43655pi5o3b5m4p6sq2p1fe,"Somerville, MA",US,0.25,US6858775,42.3875968,-71.0994968
3vk2ac5a2d2u43655pi5o3b5m4p6sq2p1fe,"Beverly, MA",US,0.25,US6858775,42.5489744,-70.8781883
3vk2ac5a2d2u43655pi5o3b5m4p6sq2p1fe,"Manchester, MA",US,0.125,US6858775,42.5751314,-70.7725506
3vk2ac5a2d2u43655pi5o3b5m4p6sq2p1fe,"Boston, MA",US,0.125,US6858775,42.3588336,-71.0578303
2o3t2e5a5n2ps4s2c401o172c01u5bf4vn72,Paris,FR,0.16666666666666666,US7524646,48.8534951,2.3483915
2o3t2e5a5n2ps4s2c401o172c01u5bf4vn72,"San Diego, CA",US,0.16666666666666666,US7524646,32.7174202,-117.162772
2o3t2e5a5n2ps4s2c401o172c01u5bf4vn72,"Baltimore, MD",US,0.16666666666666666,US7524646,39.2908816,-76.610759
2o3t2e5a5n2ps4s2c401o172c01u5bf4vn72,"La Jolla, CA",US,0.3333333333333333,US7524646,32.8458529,-117.2575702
2o3t2e5a5n2ps4s2c401o172c01u5bf4vn72,Etiolles,FR,0.16666666666666666,US7524646,48.6380667,2.4775273
r5wz4w1n1k4962o6g1v1d18c6s49rk4d5i,Pasadena,,0.3333333333333333,US7446179,34.1476507,-118.144155
r5wz4w1n1k4962o6g1v1d18c6s49rk4d5i,San Marino,,0.6666666666666666,US7446179,43.9458623,12.458306
572m6z96l262p32335m4i70414o2f38355a6kn,"Potomac, MD",US,0.6666666666666666,US7723111,39.0180508,-77.1956331
572m6z96l262p32335m4i70414o2f38355a6kn,"Rockville, MD",US,0.3333333333333333,US7723111,39.0817985,-77.1516844
5424n39123d24225f2m2l1l1v4x1n6r196s559,"Piedmont, CA",US,1.0,US7674769,37.8243715,-122.231635
4868431f5yo1t1f3d534t5f1s721z3o214t4t5g,"Silver Spring, MD",US,0.3333333333333333,US8034334,38.9997621,-77.0240371
4868431f5yo1t1f3d534t5f1s721z3o214t4t5g,"Potomac, MD",US,0.3333333333333333,US8034334,39.0180508,-77.1956331
4868431f5yo1t1f3d534t5f1s721z3o214t4t5g,"Bethesda, MD",US,0.3333333333333333,US8034334,38.9812726,-77.1233587
5l2h4j31g2g1y5p73l03e281d29n2y404na,Riom,FR,0.4,US7745195,45.893012,3.1140583
5l2h4j31g2g1y5p73l03e281d29n2y404na,Fourquevaux,FR,0.2,US7745195,43.5065074,1.6171232
5l2h4j31g2g1y5p73l03e281d29n2y404na,Deyme,FR,0.2,US7745195,43.478179,1.5264609
5l2h4j31g2g1y5p73l03e281d29n2y404na,Mulhouse,FR,0.2,US7745195,47.7467233,7.3389937
1b4z372oik4b4b733o1667v164t4by152ba,Paris,FR,1.0,US7892838,48.8534951,2.3483915
3lt2z4t412s4c2w4z404u1v5h5x6d5e5z4o58j,Ontario,CA,0.5,US7745607,50.000678,-86.000977
3lt2z4t412s4c2w4z404u1v5h5x6d5e5z4o58j,Hamilton,CA,0.5,US7745607,43.2560802,-79.8728583
2nm2g4v1i20l4r6l6d4c2x1s6jn6581t1454,Santa Fe,,0.5,US7955821,-30.3154739,-61.1645076
2nm2g4v1i20l4r6l6d4c2x1s6jn6581t1454,Los Alamos,,0.5,US7955821,35.88137,-106.298959
3l546n5n3u1l49595m2o5g5a1i3q3x1ql1h6t5g,Tokyo,JP,1.0,US7807351,35.6768601,139.7638947
5a1v6ee1g52a19465b5z2cg3b5u235a4j5c1m,San Mateo,,0.5,US7294483,37.496904,-122.3330573
5a1v6ee1g52a19465b5z2cg3b5u235a4j5c1m,Menlo Park,,0.5,US7294483,37.4519671,-122.177992
131r2l1i2176e6169585n1xh342i5x57h3z3u,"Columbia, MD",US,0.3333333333333333,US7998736,39.1938429,-76.8646092
131r2l1i2176e6169585n1xh342i5x57h3z3u,"Potomac, MD",US,0.3333333333333333,US7998736,39.0180508,-77.1956331
131r2l1i2176e6169585n1xh342i5x57h3z3u,"Washington, DC",US,0.3333333333333333,US7998736,38.8950982,-77.0363849
4j3a6c3g20505t4e14431ms1j02n1n2l6y1f64,Santa Fe,,0.5,US7585636,-30.3154739,-61.1645076
4j3a6c3g20505t4e14431ms1j02n1n2l6y1f64,Los Alamos,,0.5,US7585636,35.88137,-106.298959
3a1r2h5cz2z154e202x2o691k1o17585g3d144p,Berkshire,GB,1.0,US9394357,51.4534889,-1.031873
6z5n3c1j4k4532471j6b386m5i5w5g2y136n10,Durham,,0.9090909090909091,US7550578,54.666667,-1.75
6z5n3c1j4k4532471j6b386m5i5w5g2y136n10,Del Mar,,0.09090909090909091,US7550578,32.9594891,-117.2653146
2t65y6hx6x5h94s1g1i5kg4u6t1t3k2v24,"Philadelphia, PA",US,0.3333333333333333,US7470532,39.9527237,-75.1635262
2t65y6hx6x5h94s1g1i5kg4u6t1t3k2v24,"Chadds Ford, PA",US,0.3333333333333333,US7470532,39.872027,-75.5914213
2t65y6hx6x5h94s1g1i5kg4u6t1t3k2v24,"West Chester, PA",US,0.3333333333333333,US7470532,39.9597389,-75.6044609
x3q5k5d6s3p2z3d6po3q3j6s69gg2k6k5y2l,Villecresnes,FR,0.2,US8497349,48.7208822,2.5327265
x3q5k5d6s3p2z3d6po3q3j6s69gg2k6k5y2l,Bourg La Reine,FR,0.2,US8497349,48.7795178,2.316085
x3q5k5d6s3p2z3d6po3q3j6s69gg2k6k5y2l,Strasbourg,FR,0.2,US8497349,48.584614,7.7507127
x3q5k5d6s3p2z3d6po3q3j6s69gg2k6k5y2l,Wolfisheim,FR,0.2,US8497349,48.5875517,7.6672188
x3q5k5d6s3p2z3d6po3q3j6s69gg2k6k5y2l,Le Kremlin Bicetre,FR,0.2,US8497349,48.8125893,2.3570028
6m661c6x2h1t6h3dp4i6w6t134j6l5j6l3o6o2m,Daejeon,KR,1.0,US8242242,36.3497007,127.3849016
4k6o5s1v4h520314h5x4o3k4m5o6y6r23161656,"Hockessin, DE",US,0.5,US7943365,39.7874275,-75.6879987
4k6o5s1v4h520314h5x4o3k4m5o6y6r23161656,"West Chester, PA",US,0.5,US7943365,39.9597389,-75.6044609
5f5u4q61q1o4u1ov442e2h4e1j1m47675w4v2l,"Santa Cruz, CA",US,1.0,US8500982,37.050096,-121.99059
53h1s132r1a513l50r52b4g6l222td5g6i55,Waukee,,0.08333333333333333,US7306946,41.6118485,-93.8845129
53h1s132r1a513l50r52b4g6l222td5g6i55,Oakland,,0.08333333333333333,US7306946,37.8044557,-122.271356
53h1s132r1a513l50r52b4g6l222td5g6i55,Kyiv,UA,0.08333333333333333,US7306946,50.4500336,30.5241361
53h1s132r1a513l50r52b4g6l222td5g6i55,Wilmington,,0.16666666666666666,US7306946,39.7459468,-75.546589
53h1s132r1a513l50r52b4g6l222td5g6i55,Elliott City,,0.08333333333333333,US7306946,38.085945,-83.1273045
53h1s132r1a513l50r52b4g6l222td5g6i55,Clive,,0.08333333333333333,US7306946,41.6096559,-93.7754644
53h1s132r1a513l50r52b4g6l222td5g6i55,Avondale,,0.08333333333333333,US7306946,33.4355977,-112.349602
53h1s132r1a513l50r52b4g6l222td5g6i55,Port Deposit,,0.08333333333333333,US7306946,39.6029087,-76.1132172
53h1s132r1a513l50r52b4g6l222td5g6i55,Des Moines,,0.08333333333333333,US7306946,41.5868654,-93.6249494
53h1s132r1a513l50r52b4g6l222td5g6i55,Richmond,,0.08333333333333333,US7306946,37.5385087,-77.43428
53h1s132r1a513l50r52b4g6l222td5g6i55,Johnston,,0.08333333333333333,US7306946,16.7524461,-169.5107016
m6v3p2n4q5w4t4j4ww6f44o1s6j34653ts3w,Reggio Emilia,IT,0.5,US9528114,44.6086674,10.5940667
m6v3p2n4q5w4t4j4ww6f44o1s6j34653ts3w,"Palo Alto, CA",US,0.5,US9528114,37.4443293,-122.1598465
1f5d46bz504x5m5v346yi14655c3870325642,Blieskastel,DE,0.3333333333333333,US8404462,49.2370918,7.2599036
1f5d46bz504x5m5v346yi14655c3870325642,Ahnatal,DE,0.3333333333333333,US8404462,51.365326,9.4051218
1f5d46bz504x5m5v346yi14655c3870325642,Saarbrucken,DE,0.3333333333333333,US8404462,49.234362,6.996379
1v2lp1d6y13311345s6u5hzh1h3bmm6i1t,Barcelona,ES,0.3333333333333333,US9139841,41.3825802,2.177073
1v2lp1d6y13311345s6u5hzh1h3bmm6i1t,Castelldefels,ES,0.3333333333333333,US9139841,41.2861022,1.9824173
1v2lp1d6y13311345s6u5hzh1h3bmm6i1t,La Canada- Paterna,ES,0.3333333333333333,US9139841,37.5096036,-6.449216
3r355f4m54z3z6e5n2lgv6s5w524o225m6829,"Granger, IA",US,0.1,US7598346,41.7610984,-93.8243925
3r355f4m54z3z6e5n2lgv6s5w524o225m6829,"Des Moines, IA",US,0.2,US7598346,41.5868654,-93.6249494
3r355f4m54z3z6e5n2lgv6s5w524o225m6829,Kyiv,UA,0.1,US7598346,50.4500336,30.5241361
3r355f4m54z3z6e5n2lgv6s5w524o225m6829,"Norwalk, IA",US,0.1,US7598346,41.4755492,-93.6788876
3r355f4m54z3z6e5n2lgv6s5w524o225m6829,"Elliott City, MD",US,0.1,US7598346,39.6621151,-77.696038
3r355f4m54z3z6e5n2lgv6s5w524o225m6829,"Avondale, PA",US,0.1,US7598346,39.823443,-75.783273
3r355f4m54z3z6e5n2lgv6s5w524o225m6829,"Port Deposit, MD",US,0.1,US7598346,39.6029087,-76.1132172
3r355f4m54z3z6e5n2lgv6s5w524o225m6829,"Richmond, CA",US,0.1,US7598346,37.9357576,-122.347748
3r355f4m54z3z6e5n2lgv6s5w524o225m6829,"Johnston, IA",US,0.1,US7598346,41.6731523,-93.6973395
1e4v4t5y625u4i3o581i3p5g4o5w68574p19106m,"Bethesda, MD",US,0.25,US9012240,38.9812726,-77.1233587
1e4v4t5y625u4i3o581i3p5g4o5w68574p19106m,"Fairfax, VA",US,0.25,US9012240,38.8462236,-77.3063733
1e4v4t5y625u4i3o581i3p5g4o5w68574p19106m,"Gainesville, VA",US,0.25,US9012240,38.7927405,-77.6292018
1e4v4t5y625u4i3o581i3p5g4o5w68574p19106m,"Rockville, MD",US,0.25,US9012240,39.0817985,-77.1516844
v3j93x1rq3r2va4j4dd4f6n435bc6q4o3t,Shanghai,CN,1.0,US8962329,31.2312707,121.4700152
2w291g5im3b145f6un73666r15541u4w4y4g,Leuven,BE,0.5,US9562887,50.879202,4.7011675
2w291g5im3b145f6un73666r15541u4w4y4g,Oxford,GB,0.5,US9562887,51.7520131,-1.2578499
3143656s48565q413b734c5r2268z2r4r4u2q15,"WEST CHESTER, PA",US,0.5,US9175318,39.9597389,-75.6044609
3143656s48565q413b734c5r2268z2r4r4u2q15,"Chadds Ford, PA",US,0.5,US9175318,39.872027,-75.5914213
6q213h3j383l165k2zyf5s513c6z3th3b4k40,"Doraville, GA",US,0.25,US8241853,33.8981579,-84.2832564
6q213h3j383l165k2zyf5s513c6z3th3b4k40,"Atlanta, GA",US,0.5,US8241853,33.7544657,-84.3898151
6q213h3j383l165k2zyf5s513c6z3th3b4k40,"Philadelphia, PA",US,0.25,US8241853,39.9527237,-75.1635262
4f38186k466k5z73256p6b4g64u2h4d49185x5q,Piikkio,FI,0.25,US8697403,60.4254332,22.5130886
4f38186k466k5z73256p6b4g64u2h4d49185x5q,Piispanristi,FI,0.25,US8697403,60.4138833,22.3260082
4f38186k466k5z73256p6b4g64u2h4d49185x5q,Helsinki,FI,0.5,US8697403,60.1666204,24.9435408
293b484cs5q2a6z3q6o1p4p46116f6q12h1t4b,Pforzheim,DE,0.16666666666666666,US8986960,48.890934,8.7025509
293b484cs5q2a6z3q6o1p4p46116f6q12h1t4b,Meppen,DE,0.16666666666666666,US8986960,52.6947452,7.2909824
293b484cs5q2a6z3q6o1p4p46116f6q12h1t4b,Nienberge,DE,0.16666666666666666,US8986960,51.9984211,7.5595243
293b484cs5q2a6z3q6o1p4p46116f6q12h1t4b,Altenberge,DE,0.16666666666666666,US8986960,52.0468367,7.4669887
293b484cs5q2a6z3q6o1p4p46116f6q12h1t4b,Munster,DE,0.16666666666666666,US8986960,51.9625101,7.6251879
293b484cs5q2a6z3q6o1p4p46116f6q12h1t4b,Helsinki,FI,0.16666666666666666,US8986960,60.1666204,24.9435408
6ap1b5w4z173g2p4j4mc1dy2b6i3k4b2w1s63,"Madison, WI",US,1.0,US8274059,43.07469,-89.3841663
5m4w5l401x4y45q6y1i6q671q92i2n3v4f6m,Auckland,NZ,1.0,US8906655,-36.852095,174.7631803
2i365k2c03m2x6oh6e6r24461dd306v14343x,"East Hanover, NJ",US,0.3333333333333333,US9821052,40.8200998,-74.3648731
2i365k2c03m2x6oh6e6r24461dd306v14343x,Blainville,CA,0.3333333333333333,US9821052,45.67932,-73.87619
2i365k2c03m2x6oh6e6r24461dd306v14343x,"Somerville, MA",US,0.3333333333333333,US9821052,42.3875968,-71.0994968
1z935516d4r2u1m3c1j295w3w4u694h5z565v4j,Utrect,NL,0.25,US8389269,,
1z935516d4r2u1m3c1j295w3w4u694h5z565v4j,Houten,NL,0.25,US8389269,52.0271433,5.1620637
1z935516d4r2u1m3c1j295w3w4u694h5z565v4j,Dordrecht,NL,0.25,US8389269,51.7689546,4.6867891
1z935516d4r2u1m3c1j295w3w4u694h5z565v4j,Delfgauw,NL,0.25,US8389269,52.0095838,4.3956354
4d3w2m5n294j142s2i4th2a6b505s2uj43552y,Auckland,NZ,1.0,US8377665,-36.852095,174.7631803
024i2b3s5iqi624z1o3r37282b4z19594p30,"Stoughton, WI",US,0.5,US9790543,42.9167389,-89.2178997
024i2b3s5iqi624z1o3r37282b4z19594p30,"Fitchburg, WI",US,0.5,US9790543,43.0020919,-89.423817
165u3ji4r2h6z5km4c2p3p3gr3y1v1n3y48,"Salt Lake City, UT",US,1.0,US9381226,40.7596198,-111.886797
4h5c3i52ym1g4o122d3r4f3qi1jfs3h4k5c,Siena,IT,0.2,US8778358,43.1672059,11.467561
4h5c3i52ym1g4o122d3r4f3qi1jfs3h4k5c,Sienna,IT,0.8,US8778358,43.1672059,11.467561
3l71d5c465y4y3721532t1w402h5y1k3p60434d,"Berkeley, CA",US,0.25,US9410135,37.8708393,-122.272863
3l71d5c465y4y3721532t1w402h5y1k3p60434d,"Albany, CA",US,0.25,US9410135,37.8871621,-122.298351
3l71d5c465y4y3721532t1w402h5y1k3p60434d,"San Francisco, CA",US,0.25,US9410135,37.7879363,-122.4075201
3l71d5c465y4y3721532t1w402h5y1k3p60434d,"Orinda, CA",US,0.25,US9410135,37.8771476,-122.1796888
194g3q2v723t5x2l5ga2x204s5069315w4ul6d,"Brookline, MA",US,0.125,US9382515,42.332918,-71.1187829
194g3q2v723t5x2l5ga2x204s5069315w4ul6d,"Boston, MA",US,0.125,US9382515,42.3588336,-71.0578303
194g3q2v723t5x2l5ga2x204s5069315w4ul6d,"Woodside, CA",US,0.125,US9382515,37.4280637,-122.2507435
194g3q2v723t5x2l5ga2x204s5069315w4ul6d,"Wellesley, MA",US,0.125,US9382515,42.2964859,-71.2925571
194g3q2v723t5x2l5ga2x204s5069315w4ul6d,"Cambridge, MA",US,0.375,US9382515,42.3656347,-71.1040018
194g3q2v723t5x2l5ga2x204s5069315w4ul6d,"Somerville, MA",US,0.125,US9382515,42.3875968,-71.0994968
4x242962q56q622h4f5q5v4g104s1i4i6w967,Tianjin,CN,1.0,US9029285,39.3032619,117.4163641
52t684n1s2m2e4w2j19156o103s4q62455fc6d,Daejeon,KR,1.0,US8524478,36.3497007,127.3849016
192n365r93nw1z49385x6l4z3t6s55421g6m2e,Hockessin,,0.5,US7189559,39.7874275,-75.6879987
192n365r93nw1z49385x6l4z3t6s55421g6m2e,Chadds Ford,,0.5,US7189559,39.872027,-75.5914213
455v5q6f1sd2l25f6i1p5h214347324k1m2k6s,Holzminden,DE,0.36363636363636365,US9359622,51.8989989,9.5741099
455v5q6f1sd2l25f6i1p5h214347324k1m2k6s,Greifswald,,0.09090909090909091,US9359622,54.095791,13.3815238
455v5q6f1sd2l25f6i1p5h214347324k1m2k6s,Griefswald,DE,0.09090909090909091,US9359622,54.095791,13.3815238
455v5q6f1sd2l25f6i1p5h214347324k1m2k6s,Greifswald,DE,0.18181818181818182,US9359622,54.095791,13.3815238
455v5q6f1sd2l25f6i1p5h214347324k1m2k6s,Hannover,DE,0.2727272727272727,US9359622,52.3744779,9.7385532
5me6h314k5x6u5rd2x323p39g6p186q3i3o2s,Singapore,SG,0.3333333333333333,US9822387,1.2899175,103.8519072
5me6h314k5x6u5rd2x323p39g6p186q3i3o2s,Kanagawa,JP,0.05555555555555555,US9822387,35.4342935,139.374753
5me6h314k5x6u5rd2x323p39g6p186q3i3o2s,Chosei-gun,JP,0.05555555555555555,US9822387,35.4000235,140.4808679
5me6h314k5x6u5rd2x323p39g6p186q3i3o2s,Chiba,JP,0.2777777777777778,US9822387,35.549399,140.2647303
5me6h314k5x6u5rd2x323p39g6p186q3i3o2s,Chiba-shi,JP,0.1111111111111111,US9822387,35.6070629,140.1062653
5me6h314k5x6u5rd2x323p39g6p186q3i3o2s,Ibaraki-shi,JP,0.1111111111111111,US9822387,34.8161302,135.5685528
5me6h314k5x6u5rd2x323p39g6p186q3i3o2s,Osaka,JP,0.05555555555555555,US9822387,34.6937569,135.5014539
2w1s3l2e3u3wp1o315oz3m34214r3jm636qg,Kanagawa,JP,1.0,US9857362,35.4342935,139.374753
47402h2z3g5b5wl3f6b215v6i4o681r4gp325s,Kaiserslautern,DE,1.0,US9944966,49.4432174,7.7689951
4b1a732p1k2i6y5c3w2y3m6y67cp3u3o2x663e,"Verona, WI",US,0.2,US8658572,42.9905492,-89.5335575
4b1a732p1k2i6y5c3w2y3m6y67cp3u3o2x663e,"Madison, WI",US,0.2,US8658572,43.07469,-89.3841663
4b1a732p1k2i6y5c3w2y3m6y67cp3u3o2x663e,"Stoughton, WI",US,0.2,US8658572,42.9167389,-89.2178997
4b1a732p1k2i6y5c3w2y3m6y67cp3u3o2x663e,Pleiskirchen,DE,0.2,US8658572,48.3056381,12.5963199
4b1a732p1k2i6y5c3w2y3m6y67cp3u3o2x663e,Waldkraiburg,DE,0.2,US8658572,48.2061851,12.4021839
3r6d6h5e5b1c111m2b461a553j645b486a2f4g,Brookfield,AU,0.5,US9554995,-27.488929,152.907882
3r6d6h5e5b1c111m2b461a553j645b486a2f4g,Forest Lake,AU,0.5,US9554995,-27.6228769,152.9702476
w3p2c5w664m1t6x4q4oi5h85z332y3p6t4z2o,Konstanz,DE,0.5,US9631183,47.659216,9.1750718
w3p2c5w664m1t6x4q4oi5h85z332y3p6t4z2o,Bohringen,DE,0.5,US9631183,47.7530192,8.9364664
3k1m3o5a1a1k45402726dr475z505wo2q1914,St Lucia QLD,AU,1.0,US9791436,-27.4989435,153.0064984
454g5m182h5v241d46d3m726d5z3c2c1h6jb6f,Bristol,GB,1.0,US9562074,51.4538022,-2.5972985
1tq5l31355x282n371g3r5a6v5r136m1r63g6t,"Tiburon, CA",US,0.1,US9732161,37.8775332,-122.460808
1tq5l31355x282n371g3r5a6v5r136m1r63g6t,"Mountain View, CA",US,0.1,US9732161,37.3893889,-122.0832101
1tq5l31355x282n371g3r5a6v5r136m1r63g6t,"South San Francisco, CA",US,0.1,US9732161,37.6535403,-122.4168664
1tq5l31355x282n371g3r5a6v5r136m1r63g6t,"Palo Alto, CA",US,0.1,US9732161,37.4443293,-122.1598465
1tq5l31355x282n371g3r5a6v5r136m1r63g6t,"Foster City, CA",US,0.1,US9732161,37.5600336,-122.2688522
1tq5l31355x282n371g3r5a6v5r136m1r63g6t,"Fremont, CA",US,0.1,US9732161,37.5482697,-121.988571
1tq5l31355x282n371g3r5a6v5r136m1r63g6t,"San Mateo, CA",US,0.1,US9732161,37.496904,-122.3330573
1tq5l31355x282n371g3r5a6v5r136m1r63g6t,"Soquel, CA",US,0.1,US9732161,36.992568,-121.9428597
1tq5l31355x282n371g3r5a6v5r136m1r63g6t,"San Francisco, CA",US,0.1,US9732161,37.7879363,-122.4075201
1tq5l31355x282n371g3r5a6v5r136m1r63g6t,"Emeryville, CA",US,0.1,US9732161,37.8314089,-122.2865266
4n0144o401t1x4t6z4c5s1x6m4f5p5i5yea4f,Gent,BE,0.6666666666666666,US9701992,51.0538286,3.7250121
4n0144o401t1x4t6z4c5s1x6m4f5p5i5yea4f,Bredene,BE,0.3333333333333333,US9701992,51.2389408,2.9724493
61493y3t1d2t81p3s6si59442p3q1x5k6z2c2c,Paris,FR,1.0,US6924126,48.8534951,2.3483915
6h4a1z2g6q2f6w4j1z5y6n5u6x2m5yn5n76i3g,Seoul,KR,1.0,US8652815,37.5666791,126.9782914
5g4q1t3b126i662q5s4f2u7203e4d3c4f3b422f,"Solana Beach, CA",US,0.5,US7067617,32.9919141,-117.2678124
5g4q1t3b126i662q5s4f2u7203e4d3c4f3b422f,Adlikon,CH,0.5,US7067617,47.5825032,8.6912556
5z2f5jy5a521h445o2i1m1oc452q2x6h1n4b6r,Berlin,DE,0.5,US8303625,52.5173885,13.3951309
5z2f5jy5a521h445o2i1m1oc452q2x6h1n4b6r,"Newton, MA",US,0.5,US8303625,42.3300435,-71.194862
352m1b3o6yz263x1p291u5y653z6c4w6y61z4d,"Los Angeles, CA",US,0.3333333333333333,US7208089,34.0536909,-118.242766
352m1b3o6yz263x1p291u5y653z6c4w6y61z4d,"Sherman Oaks, CA",US,0.3333333333333333,US7208089,34.1508718,-118.448986
352m1b3o6yz263x1p291u5y653z6c4w6y61z4d,"River Edge, NJ",US,0.3333333333333333,US7208089,40.9287098,-74.0398622
33536s135a6921l442u3q5r2475p236c3t3u2h,"South Pasadena, CA",US,0.2,US7139665,34.1133062,-118.1478291
33536s135a6921l442u3q5r2475p236c3t3u2h,"Pasadena, CA",US,0.8,US7139665,34.1476507,-118.144155
6f435p3s6k4v2z6r34o4k1v64aq134vwj69,New York,,1.0,US7163794,40.7127281,-74.0060152
3aw5r5z2ay513z6u2v23z4u501rr5b4f4c61,"Baltimore, MD",US,1.0,US8492122,39.2908816,-76.610759
9273h463b106cv3fk3m5ogg3y3k293s3y5j,"La Canada-Flintridge, CA",US,0.16666666666666666,US7514214,34.1998302,-118.2005236
9273h463b106cv3fk3m5ogg3y3k293s3y5j,"Pasadena, CA",US,0.3333333333333333,US7514214,34.1476507,-118.144155
9273h463b106cv3fk3m5ogg3y3k293s3y5j,"San Marino, CA",US,0.16666666666666666,US7514214,34.1215947,-118.105739
9273h463b106cv3fk3m5ogg3y3k293s3y5j,"Los Angeles, CA",US,0.16666666666666666,US7514214,34.0536909,-118.242766
9273h463b106cv3fk3m5ogg3y3k293s3y5j,Pasadena,,0.16666666666666666,US7514214,34.1476507,-118.144155
64631p2u1i2xk6p456bv2wz3u6d1r602t5b6c,"Moraga, CA",US,0.2,US7799553,37.834897,-122.12883
64631p2u1i2xk6p456bv2wz3u6d1r602t5b6c,"Berkeley, CA",US,0.6,US7799553,37.8708393,-122.272863
64631p2u1i2xk6p456bv2wz3u6d1r602t5b6c,"Albany, CA",US,0.2,US7799553,37.8871621,-122.298351
45s5j5d4y3ng34ix41403i2v151c6v2t2p,New York,,0.5,US7598363,40.7127281,-74.0060152
45s5j5d4y3ng34ix41403i2v151c6v2t2p,Brooklyn,,0.25,US7598363,40.6526006,-73.9497211
45s5j5d4y3ng34ix41403i2v151c6v2t2p,Woodside,,0.125,US7598363,37.4280637,-122.2507435
45s5j5d4y3ng34ix41403i2v151c6v2t2p,Pomona,,0.125,US7598363,34.0553813,-117.7517496
6w5h1v1n3m557385n5m6y206u3xl141p444k5d,Arlington Heights,,0.14285714285714285,US7960152,42.0811563,-87.9802164
6w5h1v1n3m557385n5m6y206u3xl141p444k5d,Schaumburg,,0.14285714285714285,US7960152,42.0333608,-88.083406
6w5h1v1n3m557385n5m6y206u3xl141p444k5d,Peoria,,0.5714285714285714,US7960152,40.6938609,-89.5891008
6w5h1v1n3m557385n5m6y206u3xl141p444k5d,Hinsdale,,0.14285714285714285,US7960152,37.813681,-107.3304179
6z5c5a1g5s4f3zs504a4t1311l5u313n16124v,Seattle,,0.14285714285714285,US7699834,47.6038321,-122.330062
6z5c5a1g5s4f3zs504a4t1311l5u313n16124v,Livermore,,0.42857142857142855,US7699834,37.6820583,-121.768053
6z5c5a1g5s4f3zs504a4t1311l5u313n16124v,Bellevue,,0.2857142857142857,US7699834,47.6144219,-122.192337
6z5c5a1g5s4f3zs504a4t1311l5u313n16124v,Newton,,0.14285714285714285,US7699834,30.8118989,-93.740504
2n4q512j442xi35l593q2v712a3me75w676x,"Ann Arbor, MI",US,0.6666666666666666,US7229814,42.2813722,-83.7484616
2n4q512j442xi35l593q2v712a3me75w676x,"Minneapolis, MN",US,0.3333333333333333,US7229814,44.9772995,-93.2654692
521xw1s4n4x5z2b4ep2o11344725yj1x5v64,"Houston, TX",US,0.6666666666666666,US9957157,29.7589382,-95.3676974
521xw1s4n4x5z2b4ep2o11344725yj1x5v64,"Richmond, TX",US,0.16666666666666666,US9957157,29.5821811,-95.7607832
521xw1s4n4x5z2b4ep2o11344725yj1x5v64,"Sugar Land, TX",US,0.16666666666666666,US9957157,29.6196787,-95.6349463
6n31q1d295z4i2sc3l401l38646v4w3a5c334i,Singapore,SG,1.0,US9863941,1.2899175,103.8519072
6j5e245o593s4m3l2o131l5h64u5p234w6c3qr,"Fremont, CA",US,0.2,US7872109,37.5482697,-121.988571
6j5e245o593s4m3l2o131l5h64u5p234w6c3qr,"Sunnyvale, CA",US,0.2,US7872109,37.3688301,-122.036349
6j5e245o593s4m3l2o131l5h64u5p234w6c3qr,"Hayward, CA",US,0.2,US7872109,37.6688205,-122.080796
6j5e245o593s4m3l2o131l5h64u5p234w6c3qr,Cambridge,GB,0.4,US7872109,52.1975846,0.1391537
6d2i4l2f6a3d3g162s3v12365n3b3sy293u6u2p,"South Pasadena, CA",US,0.5,US8318921,34.1133062,-118.1478291
6d2i4l2f6a3d3g162s3v12365n3b3sy293u6u2p,"Pasadena, CA",US,0.5,US8318921,34.1476507,-118.144155
112if164q553q69591p5y3g3z4o5a2h6a55n72,"Moraga, CA",US,0.3333333333333333,US8841116,37.834897,-122.12883
112if164q553q69591p5y3g3z4o5a2h6a55n72,"San Francisco, CA",US,0.3333333333333333,US8841116,37.7879363,-122.4075201
112if164q553q69591p5y3g3z4o5a2h6a55n72,"Berkeley, CA",US,0.3333333333333333,US8841116,37.8708393,-122.272863
2p1f40j5b6y3ld2x5j2k363w5p2g1b6i6l6g5h,Tochigi,JP,0.125,US7875705,36.6782167,139.8096549
2p1f40j5b6y3ld2x5j2k363w5p2g1b6i6l6g5h,Chiba,JP,0.125,US7875705,35.549399,140.2647303
2p1f40j5b6y3ld2x5j2k363w5p2g1b6i6l6g5h,Tokyo,JP,0.75,US7875705,35.6768601,139.7638947
726d1e2u2a4z383t1p4z5tc3km494d57262k34,"Belvidere, IL",US,0.5,US8293508,42.2579991,-88.841734
726d1e2u2a4z383t1p4z5tc3km494d57262k34,"Pleasanton, CA",US,0.5,US8293508,37.6624312,-121.8746789
2o5y1549413a1m26225i6t5h0541d471v5f2653,"Bar Harbor, ME",US,0.25,US7772569,44.3876378,-68.2043361
2o5y1549413a1m26225i6t5h0541d471v5f2653,Rosrath,DE,0.25,US7772569,50.8963758,7.1825445
2o5y1549413a1m26225i6t5h0541d471v5f2653,"Old Town, ME",US,0.25,US7772569,44.9353983,-68.6458909
2o5y1549413a1m26225i6t5h0541d471v5f2653,"Stillwater, ME",US,0.25,US7772569,44.9084022,-68.6864219
3t3v2m5i725q1ni2o3q365s135a2c5s4i5wl3i,"Pasadena, CA",US,1.0,US8497364,34.1476507,-118.144155
4if1s4c394x5e4x1m6k562k2xu633v6w5g6b31,"Potomac, MD",US,0.3333333333333333,US9809824,39.0180508,-77.1956331
4if1s4c394x5e4x1m6k562k2xu633v6w5g6b31,"Silver Spring, MD",US,0.3333333333333333,US9809824,38.9997621,-77.0240371
4if1s4c394x5e4x1m6k562k2xu633v6w5g6b31,"Kensington, MD",US,0.3333333333333333,US9809824,39.0258405,-77.0750246
43l1h3t266mo42712g2xz295t2j5v6p14u1h,"Ventura, CA",US,0.16666666666666666,US7592429,34.4458248,-119.0779359
43l1h3t266mo42712g2xz295t2j5v6p14u1h,Wooburn Green,GB,0.08333333333333333,US7592429,51.5876918,-0.6834251
43l1h3t266mo42712g2xz295t2j5v6p14u1h,"Thousand Oaks, CA",US,0.16666666666666666,US7592429,34.1705609,-118.8375937
43l1h3t266mo42712g2xz295t2j5v6p14u1h,Uxbridge,GB,0.08333333333333333,US7592429,51.5449509,-0.4816672
43l1h3t266mo42712g2xz295t2j5v6p14u1h,"Newbury Park, CA",US,0.08333333333333333,US7592429,34.183671,-118.91183
43l1h3t266mo42712g2xz295t2j5v6p14u1h,"Seattle, WA",US,0.08333333333333333,US7592429,47.6038321,-122.330062
43l1h3t266mo42712g2xz295t2j5v6p14u1h,"Westlake Village, CA",US,0.08333333333333333,US7592429,34.1460234,-118.8061794
43l1h3t266mo42712g2xz295t2j5v6p14u1h,Slough,GB,0.16666666666666666,US7592429,51.5111014,-0.5940682
43l1h3t266mo42712g2xz295t2j5v6p14u1h,"Arlington, MA",US,0.08333333333333333,US7592429,42.4153739,-71.1564428
2r4a312o4u6of114x5x6p1v1r11561q453p2ec,Tokyo,JP,1.0,US8143004,35.6768601,139.7638947
2t1m6w3ny2bb2z1y4v5t1k3f1a5h4q1y299q,Pasadena,,1.0,US7632641,34.1476507,-118.144155
2r6o74o6p2h2h315pu26p636965l571w4i42,"Newton, MA",US,0.5,US8592377,42.3300435,-71.194862
2r6o74o6p2h2h315pu26p636965l571w4i42,"Belmont, MA",US,0.5,US8592377,42.3959296,-71.1786655
3s2xh432q684t92b6x3n3e6i1s471j363e3w13,"Ithaca, NY",US,0.6666666666666666,US8715732,42.4374175,-76.5483724
3s2xh432q684t92b6x3n3e6i1s471j363e3w13,Koganei,JP,0.3333333333333333,US8715732,35.7041083,139.5106759
5o1b5l642i1752l4k1c681t4g4o4b2g4z2k232h,Kfar-Hess,IL,0.25,US9181555,32.2457804,34.9339746
5o1b5l642i1752l4k1c681t4g4o4b2g4z2k232h,Ramat-HaSharon,IL,0.25,US9181555,32.1431276,34.8380853
5o1b5l642i1752l4k1c681t4g4o4b2g4z2k232h,Tel-Aviv,IL,0.25,US9181555,32.0852997,34.7818064
5o1b5l642i1752l4k1c681t4g4o4b2g4z2k232h,Rechovot,IL,0.25,US9181555,31.8952532,34.8105616
6e2wn2l01g4t1n1o4gr1tz6l1k2kau2w62,"Corvallis, OR",US,0.5,US8465965,44.5645659,-123.2620435
6e2wn2l01g4t1n1o4gr1tz6l1k2kau2w62,"Tempe, AZ",US,0.5,US8465965,33.4255117,-111.940016
p291f495y282w1943f6j4o5p6w374y4p2b2q3h,"Moraga, CA",US,0.3333333333333333,US7766033,37.834897,-122.12883
p291f495y282w1943f6j4o5p6w374y4p2b2q3h,"Medford, MA",US,0.3333333333333333,US7766033,42.4184296,-71.1061639
p291f495y282w1943f6j4o5p6w374y4p2b2q3h,"Walnut Creek, CA",US,0.3333333333333333,US7766033,37.9020731,-122.0618702
1a3u4x6h195w2p43361p28562u6g5l8563y5z,"San Francisco, CA",US,0.5,US8454906,37.7879363,-122.4075201
1a3u4x6h195w2p43361p28562u6g5l8563y5z,"Berkeley, CA",US,0.25,US8454906,37.8708393,-122.272863
1a3u4x6h195w2p43361p28562u6g5l8563y5z,"El Cerrito, CA",US,0.25,US8454906,37.9154056,-122.301411
636d4n422a3w67u4w3z2b73306h3j5b52s4a11,"San Diego, CA",US,0.4,US7217557,32.7174202,-117.162772
636d4n422a3w67u4w3z2b73306h3j5b52s4a11,Ville Fontaine,FR,0.2,US7217557,43.5298817,5.4479315
636d4n422a3w67u4w3z2b73306h3j5b52s4a11,"Hayward, CA",US,0.2,US7217557,37.6688205,-122.080796
636d4n422a3w67u4w3z2b73306h3j5b52s4a11,"La Jolla, CA",US,0.2,US7217557,32.8458529,-117.2575702
451cr373k1j3a3q6v59ic6z4a6f2n5f5m166d,"Cambridge, MA",US,1.0,US7767114,42.3656347,-71.1040018
p5j37425c5t1y5kj454z202b5n6b1g4s6o495w,"Chicago, IL",US,1.0,US9885050,41.8755616,-87.6244212
376v3w6q5a1r6a421b2s2i6k1k73q21w5g3n38,Guilford,,0.14285714285714285,US7794931,36.0875688,-79.7888515
376v3w6q5a1r6a421b2s2i6k1k73q21w5g3n38,New Haven,,0.7142857142857143,US7794931,41.3082138,-72.9250518
376v3w6q5a1r6a421b2s2i6k1k73q21w5g3n38,Hopewell,,0.14285714285714285,US7794931,37.3043154,-77.2872001
2tv9222n4g205y541j1a11x455w6422a1q,Deyme,FR,0.25,US9051588,43.478179,1.5264609
2tv9222n4g205y541j1a11x455w6422a1q,Fourquevaux,FR,0.25,US9051588,43.5065074,1.6171232
2tv9222n4g205y541j1a11x455w6422a1q,Montrond Les Bains,FR,0.25,US9051588,45.6433431,4.2299344
2tv9222n4g205y541j1a11x455w6422a1q,Riom,FR,0.25,US9051588,45.893012,3.1140583
5b6s1q4n6j386d6u3i6k6m6d6j6k714n1n2t6z4d,"Davis, CA",US,1.0,US8993839,38.5435526,-121.739005
d1j5v4cl6r712e5p5y2q5t6n4n28475y6y5b3z,Montrond Les Bains,FR,0.25,US8980604,45.6433431,4.2299344
d1j5v4cl6r712e5p5y2q5t6n4n28475y6y5b3z,Pont Du Chateau,FR,0.25,US8980604,45.7971315,3.2492577
d1j5v4cl6r712e5p5y2q5t6n4n28475y6y5b3z,Fourquevaux,FR,0.25,US8980604,43.5065074,1.6171232
d1j5v4cl6r712e5p5y2q5t6n4n28475y6y5b3z,Deyme,FR,0.25,US8980604,43.478179,1.5264609
x63726z3y3x5u5p3rrd3j644b441z12n412y,"Sudbury, MA",US,0.3333333333333333,US9867781,42.3834278,-71.4161725
x63726z3y3x5u5p3rrd3j644b441z12n412y,"Newton, MA",US,0.3333333333333333,US9867781,42.3300435,-71.194862
x63726z3y3x5u5p3rrd3j644b441z12n412y,"Cambridge, MA",US,0.3333333333333333,US9867781,42.3656347,-71.1040018
s3s56g3o396p055p586m5uv2e4k5b1a6k5k,"Lexington, MA",US,0.3333333333333333,US10004826,42.4473175,-71.2245003
s3s56g3o396p055p586m5uv2e4k5b1a6k5k,"Boston, MA",US,0.3333333333333333,US10004826,42.3588336,-71.0578303
s3s56g3o396p055p586m5uv2e4k5b1a6k5k,"Cambridge, MA",US,0.3333333333333333,US10004826,42.3656347,-71.1040018
1867606455y1b2946c4856106e1g15z643s6s,"Middleton, WI",US,0.25,US9040903,43.0962919,-89.5119565
1867606455y1b2946c4856106e1g15z643s6s,"Fitchburg, WI",US,0.25,US9040903,43.0020919,-89.423817
1867606455y1b2946c4856106e1g15z643s6s,"Cambridge, MA",US,0.25,US9040903,42.3656347,-71.1040018
1867606455y1b2946c4856106e1g15z643s6s,"Madison, WI",US,0.25,US9040903,43.07469,-89.3841663
5p4n316c4u3373p5q5c546p6s4k64q1x10z,"BROOKINGS, SD",US,1.0,US8993303,44.311461,-96.79844
225j565r656b15i246v403n92g5u132m6m4x37,"ASTON, PA",US,0.09090909090909091,US9422581,39.8726542,-75.4405473
225j565r656b15i246v403n92g5u132m6m4x37,"Wilmington, DE",US,0.45454545454545453,US9422581,39.7459468,-75.546589
225j565r656b15i246v403n92g5u132m6m4x37,"Hockessin, DE",US,0.09090909090909091,US9422581,39.7874275,-75.6879987
225j565r656b15i246v403n92g5u132m6m4x37,"Ridley Park, PA",US,0.09090909090909091,US9422581,39.8812236,-75.3237993
225j565r656b15i246v403n92g5u132m6m4x37,"Pennington, NJ",US,0.09090909090909091,US9422581,40.3281213,-74.7909992
225j565r656b15i246v403n92g5u132m6m4x37,"Newark, DE",US,0.18181818181818182,US9422581,39.6828358,-75.7515682
1j221m2a6y3j733h6t1vc1eqz4a477512r2p,"Athens, GA",US,1.0,US8809028,33.9597677,-83.376398
3e366m3y6w48t4b4cv1i2y536l22n615r1r4b,Quebec,CA,0.5,US9452210,52.4760892,-71.8258668
3e366m3y6w48t4b4cv1i2y536l22n615r1r4b,St-Augustin-De-Desmaures,CA,0.125,US9452210,46.743354,-71.4569733
3e366m3y6w48t4b4cv1i2y536l22n615r1r4b,St-Nicolas,CA,0.125,US9452210,46.7000531,-71.3965556
3e366m3y6w48t4b4cv1i2y536l22n615r1r4b,Neuville,CA,0.125,US9452210,46.698199,-71.584854
3e366m3y6w48t4b4cv1i2y536l22n615r1r4b,St-Romuald,CA,0.125,US9452210,46.7565684,-71.2378772
4r4d235p49614rj6gj6a5d3i12j6m69484uu,Zoetermeer,NL,0.08333333333333333,US8951764,52.0622531,4.4901218
4r4d235p49614rj6gj6a5d3i12j6m69484uu,"Wilmington, DE",US,0.08333333333333333,US8951764,39.7459468,-75.546589
4r4d235p49614rj6gj6a5d3i12j6m69484uu,"Cupertino, CA",US,0.08333333333333333,US8951764,37.3228934,-122.0322895
4r4d235p49614rj6gj6a5d3i12j6m69484uu,"San Francisco, CA",US,0.08333333333333333,US8951764,37.7879363,-122.4075201
4r4d235p49614rj6gj6a5d3i12j6m69484uu,Shanghai,CN,0.08333333333333333,US8951764,31.2312707,121.4700152
4r4d235p49614rj6gj6a5d3i12j6m69484uu,"North Liberty, IA",US,0.16666666666666666,US8951764,41.7478297,-91.6064397
4r4d235p49614rj6gj6a5d3i12j6m69484uu,Wuxi City,CN,0.16666666666666666,US8951764,31.5776626,120.2952752
4r4d235p49614rj6gj6a5d3i12j6m69484uu,"Pleasanton, CA",US,0.08333333333333333,US8951764,37.6624312,-121.8746789
4r4d235p49614rj6gj6a5d3i12j6m69484uu,"Beloit, WI",US,0.08333333333333333,US8951764,42.5083272,-89.031784
4r4d235p49614rj6gj6a5d3i12j6m69484uu,"Saratoga, CA",US,0.08333333333333333,US8951764,37.2638324,-122.0230146
g3s513d371c351gq325w72j251w284843422p,"Wynnewood, PA",US,0.5,US9556213,40.0028514,-75.2707469
g3s513d371c351gq325w72j251w284843422p,"Philadelphia, PA",US,0.5,US9556213,39.9527237,-75.1635262
5j2d5v285ry7260e411pm2f4h5q4r3j6n515x,"Somerville, MA",US,0.3333333333333333,US9498293,42.3875968,-71.0994968
5j2d5v285ry7260e411pm2f4h5q4r3j6n515x,"Chestnut Hill, MA",US,0.3333333333333333,US9498293,42.3234553,-71.1639439
5j2d5v285ry7260e411pm2f4h5q4r3j6n515x,"Atlanta, GA",US,0.3333333333333333,US9498293,33.7544657,-84.3898151
5c1p6e4b3s2n6ua5a1h33223o304anh2t5v,"Mountain View, CA",US,1.0,US9803239,37.3893889,-122.0832101
xk3g69481w1l302l1z3p5c652k4566x5c3o2,"Altadena, CA",US,0.5,US9803237,34.1928193,-118.1374663
xk3g69481w1l302l1z3p5c652k4566x5c3o2,"Pasadena, CA",US,0.5,US9803237,34.1476507,-118.144155
5j4j224c1kc3f3d1c1c113i76x6s42156h6q40,"Sunnyvale, CA",US,0.3333333333333333,US8476049,37.3688301,-122.036349
5j4j224c1kc3f3d1c1c113i76x6s42156h6q40,"Danville, CA",US,0.3333333333333333,US8476049,37.8225892,-122.0008254
5j4j224c1kc3f3d1c1c113i76x6s42156h6q40,"Cupertino, CA",US,0.3333333333333333,US8476049,37.3228934,-122.0322895
601v523e5u2v2e2a5m3h5sz1s216s5d1o3y67j,Wuxi,CN,1.0,US9109212,31.5776626,120.2952752
5g1w494f62r1c5k7341z1d1e323p15e5g28k,"San Diego, CA",US,0.5,US9677045,32.7174202,-117.162772
5g1w494f62r1c5k7341z1d1e323p15e5g28k,"Bellefonte, PA",US,0.125,US9677045,40.9134862,-77.7737471
5g1w494f62r1c5k7341z1d1e323p15e5g28k,"Encinitas, CA",US,0.125,US9677045,33.0369867,-117.2919818
5g1w494f62r1c5k7341z1d1e323p15e5g28k,"La Mesa, CA",US,0.125,US9677045,32.7678288,-117.0230839
5g1w494f62r1c5k7341z1d1e323p15e5g28k,"Escondido, CA",US,0.125,US9677045,33.1216751,-117.0814849
c49xs973157225b6f2k4c163h685v2n3v2w,"Brookline, MA",US,0.5,US9796748,42.332918,-71.1187829
c49xs973157225b6f2k4c163h685v2n3v2w,"Overland Park, KS",US,0.25,US9796748,38.9742502,-94.6851702
c49xs973157225b6f2k4c163h685v2n3v2w,"Boston, MA",US,0.25,US9796748,42.3588336,-71.0578303
545b3h484d91t5l144q1r52e60281x4r4h5h1k,"Lexington, MA",US,0.16666666666666666,US9457128,42.4473175,-71.2245003
545b3h484d91t5l144q1r52e60281x4r4h5h1k,"Somerville, MA",US,0.16666666666666666,US9457128,42.3875968,-71.0994968
545b3h484d91t5l144q1r52e60281x4r4h5h1k,"Chicago, IL",US,0.16666666666666666,US9457128,41.8755616,-87.6244212
545b3h484d91t5l144q1r52e60281x4r4h5h1k,Rishon le Zion,IL,0.16666666666666666,US9457128,31.7930833,35.2004433
545b3h484d91t5l144q1r52e60281x4r4h5h1k,"Newton, MA",US,0.3333333333333333,US9457128,42.3300435,-71.194862
5o3n4s496b2a75a5l1w2q1gt05jg4668q53,"Cold Spring Harbor, NY",US,0.3333333333333333,US9605026,40.8601065,-73.4529025
5o3n4s496b2a75a5l1w2q1gt05jg4668q53,"Dublin, OH",US,0.3333333333333333,US9605026,40.0996009,-83.1135563
5o3n4s496b2a75a5l1w2q1gt05jg4668q53,"Ann Arbor, MI",US,0.3333333333333333,US9605026,42.2813722,-83.7484616
2o714y163d5s611s1p7f5s2w4yi2211456f38,"Bellefonte, PA",US,0.16666666666666666,US9932611,40.9134862,-77.7737471
2o714y163d5s611s1p7f5s2w4yi2211456f38,"San Diego, CA",US,0.5,US9932611,32.7174202,-117.162772
2o714y163d5s611s1p7f5s2w4yi2211456f38,"Encinitas, CA",US,0.16666666666666666,US9932611,33.0369867,-117.2919818
2o714y163d5s611s1p7f5s2w4yi2211456f38,"Solana Beach, CA",US,0.16666666666666666,US9932611,32.9919141,-117.2678124
1b2e56c3l6o2f1e2z6h4h2e5o531l2x3b5z6b9,"Stanford, CA",US,0.6666666666666666,US9944982,37.4265407,-122.1703055
1b2e56c3l6o2f1e2z6h4h2e5o531l2x3b5z6b9,"Hinsdale, IL",US,0.3333333333333333,US9944982,41.8024604,-87.9299841
60214in4j4z6m4w1u1l2w2j5p6g5v175365661f,"Durham, NC",US,1.0,US9828582,35.996653,-78.9018053
2gmu525j2u4l63h2g4f4p02d2u2v1r3kk,"Nottingham, Nottinghamshire",GB,0.2,US9981068,52.9534193,-1.1496461
2gmu525j2u4l63h2g4f4p02d2u2v1r3kk,Nottingham,GB,0.4,US9981068,52.9534193,-1.1496461
2gmu525j2u4l63h2g4f4p02d2u2v1r3kk,"Cambridge, MA",US,0.4,US9981068,42.3656347,-71.1040018
ny1a2b62h4o3d5t1c5t6r3oz2b1c421f4z58,Gangnam-gu Seoul,KR,0.125,US9605015,37.5177,127.0473
ny1a2b62h4o3d5t1c5t6r3oz2b1c421f4z58,Daejeon,KR,0.125,US9605015,36.3497007,127.3849016
ny1a2b62h4o3d5t1c5t6r3oz2b1c421f4z58,Shanghai,CN,0.5,US9605015,31.2312707,121.4700152
ny1a2b62h4o3d5t1c5t6r3oz2b1c421f4z58,"Ann Arbor, MI",US,0.125,US9605015,42.2813722,-83.7484616
ny1a2b62h4o3d5t1c5t6r3oz2b1c421f4z58,Incheon,KR,0.125,US9605015,37.456,126.7052
356a5h6q6m5661521k5v2i6t5y4k4544j3u283n,Ry,DK,0.14285714285714285,US9567649,56.0883559,9.7718753
356a5h6q6m5661521k5v2i6t5y4k4544j3u283n,Hojbjerg,DK,0.14285714285714285,US9567649,56.1133853,10.206361
356a5h6q6m5661521k5v2i6t5y4k4544j3u283n,Viby J.,DK,0.14285714285714285,US9567649,56.1220185,10.1596948
356a5h6q6m5661521k5v2i6t5y4k4544j3u283n,Aarhus C,DK,0.2857142857142857,US9567649,56.1496278,10.2134046
356a5h6q6m5661521k5v2i6t5y4k4544j3u283n,"Durham, NC",US,0.2857142857142857,US9567649,35.996653,-78.9018053
324r1s104i5p6f3n1j485u1l6o602at404y5514,"Tempe, AZ",US,0.5,US9410970,33.4255117,-111.940016
324r1s104i5p6f3n1j485u1l6o602at404y5514,"Chandler, AZ",US,0.125,US9410970,33.3062031,-111.841185
324r1s104i5p6f3n1j485u1l6o602at404y5514,"Phoenix, AZ",US,0.125,US9410970,33.4484367,-112.074141
324r1s104i5p6f3n1j485u1l6o602at404y5514,"Gilbert, AZ",US,0.125,US9410970,33.3527632,-111.789037
324r1s104i5p6f3n1j485u1l6o602at404y5514,"Mesa, AZ",US,0.125,US9410970,33.4151005,-111.831455
6f25e4jxk552f692b2139166501gq5715,"Brookline, MA",US,0.3333333333333333,US9587252,42.332918,-71.1187829
6f25e4jxk552f692b2139166501gq5715,"Auburndale, MA",US,0.3333333333333333,US9587252,42.3479265,-71.2470737
6f25e4jxk552f692b2139166501gq5715,"Somerville, MA",US,0.3333333333333333,US9587252,42.3875968,-71.0994968
5c1o3a196l48185j381w1f3x2l52t4y5p4n4r1b,"Evanston, IL",US,0.75,US9951392,42.0693991,-87.682932
5c1o3a196l48185j381w1f3x2l52t4y5p4n4r1b,"Wilmette, IL",US,0.25,US9951392,42.076066,-87.7115555
2f1t5xj2z4x263q16405n5je4j4r5351492g28,"New York, NY",US,0.5,US8389282,40.7127281,-74.0060152
2f1t5xj2z4x263q16405n5je4j4r5351492g28,"Boston, MA",US,0.5,US8389282,42.3588336,-71.0578303
714k2z8444e136n4p6d6xa34193r4y22m1u5e,"Bogart, GA",US,0.5,US9663768,33.949281,-83.534608
714k2z8444e136n4p6d6xa34193r4y22m1u5e,"Athens, GA",US,0.5,US9663768,33.9597677,-83.376398
176rs175g634u2i3i381614396e343u6jx2h5w,"Los Angeles, CA",US,1.0,US9873718,34.0536909,-118.242766
6d1bv6k6b2z2r1v23n1l3u1o1i6m1i19193r2z,"San Diego, CA",US,0.75,US10039809,32.7174202,-117.162772
6d1bv6k6b2z2r1v23n1l3u1o1i6m1i19193r2z,"La Jolla, CA",US,0.25,US10039809,32.8458529,-117.2575702
30636b6z3q4l671371633f4a2426r673c4vs1q,"Madison, WI",US,0.4444444444444444,US9902965,43.07469,-89.3841663
30636b6z3q4l671371633f4a2426r673c4vs1q,"Fitchburg, WI",US,0.1111111111111111,US9902965,43.0020919,-89.423817
30636b6z3q4l671371633f4a2426r673c4vs1q,"Verona, WI",US,0.1111111111111111,US9902965,42.9905492,-89.5335575
30636b6z3q4l671371633f4a2426r673c4vs1q,"Mount Horeb, WI",US,0.1111111111111111,US9902965,43.0086183,-89.7384557
30636b6z3q4l671371633f4a2426r673c4vs1q,"Beer Creek, WI",US,0.1111111111111111,US9902965,43.0900403,-87.9694145
30636b6z3q4l671371633f4a2426r673c4vs1q,Szeged,HU,0.1111111111111111,US9902965,46.2546312,20.1486016
45276l29x6m3jb41322m4s4u6i4a3k5d376ru,"Newark, DE",US,0.5555555555555556,US10059920,39.6828358,-75.7515682
45276l29x6m3jb41322m4s4u6i4a3k5d376ru,Larnaca,CY,0.1111111111111111,US10059920,34.9236095,33.6236184
45276l29x6m3jb41322m4s4u6i4a3k5d376ru,"Elkton, MD",US,0.2222222222222222,US10059920,39.6065073,-75.8330934
45276l29x6m3jb41322m4s4u6i4a3k5d376ru,"Baltimore, MD",US,0.1111111111111111,US10059920,39.2908816,-76.610759
11632c3ejt1x6g4u51f4b49z5v6p4m3w3w35,Wuxi,CN,0.7142857142857143,US9914949,31.5776626,120.2952752
11632c3ejt1x6g4u51f4b49z5v6p4m3w3w35,Zurich,CH,0.2857142857142857,US9914949,47.3744489,8.5410422
1z3y3n3t5l3f386p18485ex5y2u2j6o2qp4k67,Cambridge,GB,1.0,US9505773,52.1975846,0.1391537
3a5m5tt51dp43296x1u3k2bn1t53485g3lc,"San Francisco, CA",US,0.6666666666666666,US9587020,37.7879363,-122.4075201
3a5m5tt51dp43296x1u3k2bn1t53485g3lc,"Alameda, CA",US,0.3333333333333333,US9587020,37.6090291,-121.899142
84i2a18226m5p4k362i1m4zl2g6h2t2x2eg6i,"Menlo Park, CA",US,0.2,US6869765,37.4519671,-122.177992
84i2a18226m5p4k362i1m4zl2g6h2t2x2eg6i,"Del Mar, CA",US,0.2,US6869765,32.9594891,-117.2653146
84i2a18226m5p4k362i1m4zl2g6h2t2x2eg6i,"Maynard, MA",US,0.2,US6869765,42.4321064,-71.4539683
84i2a18226m5p4k362i1m4zl2g6h2t2x2eg6i,"Redwood City, CA",US,0.2,US6869765,37.4863239,-122.232523
84i2a18226m5p4k362i1m4zl2g6h2t2x2eg6i,"Palo Alto, CA",US,0.2,US6869765,37.4443293,-122.1598465
3z4o226l51h6a5b584y3q6v3le4k6zh1a3a2z,"Indianapolis, IN",US,0.5,US7015001,39.7683331,-86.1583502
3z4o226l51h6a5b584y3q6v3le4k6zh1a3a2z,"Woodlawn, OH",US,0.125,US7015001,39.2519108,-84.4701407
3z4o226l51h6a5b584y3q6v3le4k6zh1a3a2z,"Carmel, IN",US,0.25,US7015001,39.9784186,-86.1283681
3z4o226l51h6a5b584y3q6v3le4k6zh1a3a2z,"Greenwood, IN",US,0.125,US7015001,39.6136987,-86.1095429
6z6n243t711d34a43104t2i5pz115u1u4e102r,Braunschweig,DE,1.0,US6624310,52.2646577,10.5236066
1h5r1u2a4bo3e1m6p415v2a29205t2f6l6e6j5q,"Chicago, IL",US,0.5,US6764768,41.8755616,-87.6244212
1h5r1u2a4bo3e1m6p415v2a29205t2f6l6e6j5q,"Brookline, MA",US,0.5,US6764768,42.332918,-71.1187829
4e20y2y3h5d4dw6a6v383m4x126a4b3226d6,"Philadelphia, PA",US,0.3333333333333333,US7303894,39.9527237,-75.1635262
4e20y2y3h5d4dw6a6v383m4x126a4b3226d6,"Los Alamos, NM",US,0.3333333333333333,US7303894,35.88137,-106.298959
4e20y2y3h5d4dw6a6v383m4x126a4b3226d6,"Santa Fe, NM",US,0.3333333333333333,US7303894,35.6876096,-105.938456
2f3l1i704a5s6ie3s654h33it5s1e5a1l34b,Siena,IT,0.5,US6841155,43.1672059,11.467561
2f3l1i704a5s6ie3s654h33it5s1e5a1l34b,Castelnuovo Berar,IT,0.5,US6841155,,
3a5o5m3v3q2g5k6f4g4z716u2y02b605m6t3w4x,"Pullman, WA",US,1.0,US6878861,46.7295818,-117.1799363
5f6ba1st2xp4h6v194n6a6prl365a5x702f,Cambridge,,0.6,US6893850,52.1975846,0.1391537
5f6ba1st2xp4h6v194n6a6prl365a5x702f,Troy,,0.2,US6893850,42.7284117,-73.6917878
5f6ba1st2xp4h6v194n6a6prl365a5x702f,Newton,,0.2,US6893850,30.8118989,-93.740504
38385m2h6i1d293o4d2l2h2w3p3q6r315i366m1k,Oakland,,0.2,US6946851,37.8044557,-122.271356
38385m2h6i1d293o4d2l2h2w3p3q6r315i366m1k,Fremont,,0.2,US6946851,37.5482697,-121.988571
38385m2h6i1d293o4d2l2h2w3p3q6r315i366m1k,Livermore,,0.4,US6946851,37.6820583,-121.768053
38385m2h6i1d293o4d2l2h2w3p3q6r315i366m1k,Brentwood,,0.2,US6946851,37.9317766,-121.696026
504i4p1g24pn383o1d62436e585g2q5816231e,Silver Spring,,0.3333333333333333,US6762298,38.9997621,-77.0240371
504i4p1g24pn383o1d62436e585g2q5816231e,Bethesda,,0.6666666666666666,US6762298,38.9812726,-77.1233587
5k6th3n436vr6at5v73625x5i6a182k5p4m23,Rehovot,IL,0.3333333333333333,US6989542,31.8952532,34.8105616
5k6th3n436vr6at5v73625x5i6a182k5p4m23,Tel Aviv,IL,0.3333333333333333,US6989542,32.0852997,34.7818064
5k6th3n436vr6at5v73625x5i6a182k5p4m23,F-La Cell St. Cloud,FR,0.3333333333333333,US6989542,,
622g18l2f4m74v4j57c1e5w1a4w191b653j64,Chapel Hill,,0.5,US6897470,35.9131542,-79.05578
622g18l2f4m74v4j57c1e5w1a4w191b653j64,Raleigh,,0.5,US6897470,35.7803977,-78.6390989
5z5q5u6k5av6f2o2v331z414qo466w5z65yy,"Ashburn, VA",US,0.25,US7035308,39.029784,-77.4744148
5z5q5u6k5av6f2o2v331z414qo466w5z65yy,"Davidsonville, MD",US,0.25,US7035308,38.9228697,-76.6277374
5z5q5u6k5av6f2o2v331z414qo466w5z65yy,"Woodbridge, VA",US,0.25,US7035308,38.636447,-77.2676335
5z5q5u6k5av6f2o2v331z414qo466w5z65yy,"Silver Spring, MD",US,0.25,US7035308,38.9997621,-77.0240371
1e5h3me713l2k2j6l244q34t385g1n201n6272,Maidenhead,GB,0.5,US7052876,51.522743,-0.7197368
1e5h3me713l2k2j6l244q34t385g1n201n6272,Alresford,GB,0.5,US7052876,51.0906159,-1.1614397
4e6j2m74vm31t6w2k1u5g4s593o424v4s2k56,"Fitchburg, WI",US,0.5,US7078679,43.0020919,-89.423817
4e6j2m74vm31t6w2k1u5g4s593o424v4s2k56,"Madison, WI",US,0.5,US7078679,43.07469,-89.3841663
6ni3s2l3i6m5w5d556u382t696b1m4qm272v2s,San Marino,,0.4,US7211795,43.9458623,12.458306
6ni3s2l3i6m5w5d556u382t696b1m4qm272v2s,Pasadena,,0.4,US7211795,34.1476507,-118.144155
6ni3s2l3i6m5w5d556u382t696b1m4qm272v2s,LaCanada,,0.2,US7211795,38.9640927,-94.4823804
5n4y6e6e1bp2i41f5419503k4r6z2i1w5u5a4b,"Bedford, MA",US,0.16666666666666666,US7226442,42.4917301,-71.2817947
5n4y6e6e1bp2i41f5419503k4r6z2i1w5u5a4b,"Belmont, MA",US,0.16666666666666666,US7226442,42.3959296,-71.1786655
5n4y6e6e1bp2i41f5419503k4r6z2i1w5u5a4b,"Andover, MA",US,0.16666666666666666,US7226442,42.65717,-71.1408776
5n4y6e6e1bp2i41f5419503k4r6z2i1w5u5a4b,"Winchester, MA",US,0.16666666666666666,US7226442,42.4523178,-71.1369982
5n4y6e6e1bp2i41f5419503k4r6z2i1w5u5a4b,"Newton, MA",US,0.16666666666666666,US7226442,42.3300435,-71.194862
5n4y6e6e1bp2i41f5419503k4r6z2i1w5u5a4b,"Wellsley Hill, MA",US,0.16666666666666666,US7226442,35.9236124,-84.0272229
13u3t6e6841226y6e5d216d3o56446c684vm3q,Bait Zait,IL,0.14285714285714285,US7230242,,
13u3t6e6841226y6e5d216d3o56446c684vm3q,Aseret,IL,0.14285714285714285,US7230242,31.8247948,34.7455804
13u3t6e6841226y6e5d216d3o56446c684vm3q,Rishon Lezion,IL,0.14285714285714285,US7230242,31.9635712,34.8101149
13u3t6e6841226y6e5d216d3o56446c684vm3q,Oxford,GB,0.14285714285714285,US7230242,51.7520131,-1.2578499
13u3t6e6841226y6e5d216d3o56446c684vm3q,"Pasadena, CA",US,0.14285714285714285,US7230242,34.1476507,-118.144155
13u3t6e6841226y6e5d216d3o56446c684vm3q,Rehovot,IL,0.2857142857142857,US7230242,31.8952532,34.8105616
4z2y3d2114f5j6k4y2e4w5756364s6n4f73l32,Ibaraki,JP,0.25,US7247310,36.2869536,140.4703384
4z2y3d2114f5j6k4y2e4w5756364s6n4f73l32,Guang Shou,CN,0.25,US7247310,22.3677212,113.9475803
4z2y3d2114f5j6k4y2e4w5756364s6n4f73l32,"Ellicot City, MD",US,0.25,US7247310,,
4z2y3d2114f5j6k4y2e4w5756364s6n4f73l32,Ontario,CA,0.25,US7247310,50.000678,-86.000977
3g542m6g3s1s2ht6c6q5q1g25162t64f3t113d,"Chadds Ford, PA",US,0.5,US7264949,39.872027,-75.5914213
3g542m6g3s1s2ht6c6q5q1g25162t64f3t113d,"West Chester, PA",US,0.5,US7264949,39.9597389,-75.6044609
216h1q768x1w3c4a424p4l5g5s5x3y662g6367,"Evanston, IL",US,0.14285714285714285,US7303869,42.0693991,-87.682932
216h1q768x1w3c4a424p4l5g5s5x3y662g6367,"Wilmette, IL",US,0.14285714285714285,US7303869,42.076066,-87.7115555
216h1q768x1w3c4a424p4l5g5s5x3y662g6367,"Madison, WI",US,0.5714285714285714,US7303869,43.07469,-89.3841663
216h1q768x1w3c4a424p4l5g5s5x3y662g6367,"Verona, WI",US,0.14285714285714285,US7303869,42.9905492,-89.5335575
412r685u6v2q565d4g6s1c2o3n6m516q5r3883p,Rehovot,IL,0.5,US7304313,31.8952532,34.8105616
412r685u6v2q565d4g6s1c2o3n6m516q5r3883p,La Celle St. Cloud,FR,0.5,US7304313,48.8478753,2.136145
1l5o33344953k3s3s53w3s441i5r2rt1v1r6p,"Palo Alto, CA",US,0.5,US7309587,37.4443293,-122.1598465
1l5o33344953k3s3s53w3s441i5r2rt1v1r6p,Yokohama-shi,JP,0.5,US7309587,35.4503381,139.6343802
4y1h6l1b5k2z24153u3z3dk5l4065611n491z3v,"Somerville, MA",US,0.3333333333333333,US7354597,42.3875968,-71.0994968
4y1h6l1b5k2z24153u3z3dk5l4065611n491z3v,"Winchester, MA",US,0.3333333333333333,US7354597,42.4523178,-71.1369982
4y1h6l1b5k2z24153u3z3dk5l4065611n491z3v,"Newton, MA",US,0.3333333333333333,US7354597,42.3300435,-71.194862
6j4c5d181c6j4h4l663y2rz2i3c937205q3j5l,Silver Spring,,0.3333333333333333,US7355037,38.9997621,-77.0240371
6j4c5d181c6j4h4l663y2rz2i3c937205q3j5l,Bethesda,,0.3333333333333333,US7355037,38.9812726,-77.1233587
6j4c5d181c6j4h4l663y2rz2i3c937205q3j5l,N. Potomac,,0.3333333333333333,US7355037,39.0985183,-77.2377429
5j325k3w1q5ty6m6y686x04y591j2p2o1o6m2f,Mountain View,,0.09090909090909091,US7405074,37.3893889,-122.0832101
5j325k3w1q5ty6m6y686x04y591j2p2o1o6m2f,Menlo Park,,0.18181818181818182,US7405074,37.4519671,-122.177992
5j325k3w1q5ty6m6y686x04y591j2p2o1o6m2f,Sunnyvale,,0.09090909090909091,US7405074,37.3688301,-122.036349
5j325k3w1q5ty6m6y686x04y591j2p2o1o6m2f,Los Altos,,0.09090909090909091,US7405074,42.7811566,-3.6202096
5j325k3w1q5ty6m6y686x04y591j2p2o1o6m2f,Encinitas,,0.09090909090909091,US7405074,33.0369867,-117.2919818
5j325k3w1q5ty6m6y686x04y591j2p2o1o6m2f,Foster City,,0.09090909090909091,US7405074,37.5600336,-122.2688522
5j325k3w1q5ty6m6y686x04y591j2p2o1o6m2f,Irvine,,0.09090909090909091,US7405074,33.6856969,-117.825981
5j325k3w1q5ty6m6y686x04y591j2p2o1o6m2f,Apex,,0.09090909090909091,US7405074,35.7325352,-78.8505516
5j325k3w1q5ty6m6y686x04y591j2p2o1o6m2f,Clive,,0.09090909090909091,US7405074,41.6096559,-93.7754644
5j325k3w1q5ty6m6y686x04y591j2p2o1o6m2f,Wake Forest,,0.09090909090909091,US7405074,35.9803138,-78.5103731
1x525c503u211e1r69642x104r5c724f4pw5z5n,Den Bosch,NL,0.25,US7419778,51.6889387,5.303116
1x525c503u211e1r69642x104r5c724f4pw5z5n,Retie,BE,0.25,US7419778,51.2675862,5.0843883
1x525c503u211e1r69642x104r5c724f4pw5z5n,Wageningen,NL,0.25,US7419778,51.9685817,5.6682981
1x525c503u211e1r69642x104r5c724f4pw5z5n,RX Den Bosch,NL,0.25,US7419778,,
4568116l4qntt56381s226p4r302s1u232i5u,Rehovot,IL,1.0,US7455989,31.8952532,34.8105616
4r1w166fg6e471b34601v504c3n516b256q2v3d,"Princeton, NJ",US,1.0,US6677434,40.3496953,-74.6597376
3m4p306d45y4r5u4k1d2yhg1k385t70573o6w,Taejon,KR,1.0,US7491528,36.3497007,127.3849016
2ko2232q712e4s3j8474e282h486e6r5n2s3x,Madison,,0.6666666666666666,US7518108,43.07469,-89.3841663
2ko2232q712e4s3j8474e282h486e6r5n2s3x,Fitchburg,,0.3333333333333333,US7518108,42.5838984,-71.8038268
3a1d1a205b2h4f4q70215z253u5f662q3h5n33z,Utrecht,NL,0.3333333333333333,US6923969,52.0907006,5.1215634
3a1d1a205b2h4f4q70215z253u5f662q3h5n33z,Dronten,NL,0.3333333333333333,US6923969,52.5236608,5.7160381
3a1d1a205b2h4f4q70215z253u5f662q3h5n33z,Lelystad,NL,0.3333333333333333,US6923969,52.5150949,5.4768915
3814b2p4g7220h2t5n2x334t1sj3544s4t,Ames,,1.0,US7525016,50.536715,2.4086536
65525v5k1c3n64h40506d4w5q1s5i2y6t4p43b,"Houston, TX",US,0.6,US7544793,29.7589382,-95.3676974
65525v5k1c3n64h40506d4w5q1s5i2y6t4p43b,"Sugar Land, TX",US,0.4,US7544793,29.6196787,-95.6349463
5j386d4k624b201f5y73592pp476x3w215g5mn,"Chicago, IL",US,0.4,US7556925,41.8755616,-87.6244212
5j386d4k624b201f5y73592pp476x3w215g5mn,Rochester,,0.6,US7556925,43.157285,-77.615214
2y4v585d4v1c5l395u1f673i1ls1s6y3h15ry,"Ann Arbor, MI",US,1.0,US7566558,42.2813722,-83.7484616
5l5p2d3e6b521j6yk523x56y632e1d521z5y28,Daejeon,KR,1.0,US7588934,36.3497007,127.3849016
4j6i703582i6o284a2n6m4i3og50f72f101b,"Austin, TX",US,0.6666666666666666,US7592161,30.2711286,-97.7436995
4j6i703582i6o284a2n6m4i3og50f72f101b,"Alhambra, CA",US,0.3333333333333333,US7592161,34.093042,-118.12706
1e345h3c4q6j1l4o6g51201u2u1l3t2r59594y,"Rochester, NY",US,1.0,US7598352,43.157285,-77.615214
6r3xq5y5jy6n2k532v6g54301t2b1i33702u6k,Bristol,GB,0.5,US7601889,51.4538022,-2.5972985
6r3xq5y5jy6n2k532v6g54301t2b1i33702u6k,Bath,GB,0.25,US7601889,51.3813864,-2.3596963
6r3xq5y5jy6n2k532v6g54301t2b1i33702u6k,Svalov,SE,0.25,US7601889,55.9129297,13.1197518
73uc1o6b4q3q124c69g3z192z1g6b2k73136p,"Silver Spring, MD",US,0.5,US7612197,38.9997621,-77.0240371
73uc1o6b4q3q124c69g3z192z1g6b2k73136p,Poznan,PL,0.5,US7612197,52.4082663,16.9335199
593y4ky683k6k2k603m3g1m2g5q2967631w720,"New York, NY",US,0.3333333333333333,US7622567,40.7127281,-74.0060152
593y4ky683k6k2k603m3g1m2g5q2967631w720,"Edison, NJ",US,0.3333333333333333,US7622567,40.5005351,-74.3983939
593y4ky683k6k2k603m3g1m2g5q2967631w720,"Houston, TX",US,0.3333333333333333,US7622567,29.7589382,-95.3676974
46v57719342r1dq5s3p5mpw1y75r5v3s1j,"Fremont, CA",US,0.125,US7648976,37.5482697,-121.988571
46v57719342r1dq5s3p5mpw1y75r5v3s1j,"Newark, CA",US,0.125,US7648976,37.5296593,-122.0402399
46v57719342r1dq5s3p5mpw1y75r5v3s1j,"Foster City, CA",US,0.125,US7648976,37.5600336,-122.2688522
46v57719342r1dq5s3p5mpw1y75r5v3s1j,"Sunnyvale, CA",US,0.125,US7648976,37.3688301,-122.036349
46v57719342r1dq5s3p5mpw1y75r5v3s1j,"Hayward, CA",US,0.125,US7648976,37.6688205,-122.080796
46v57719342r1dq5s3p5mpw1y75r5v3s1j,Chatteris,GB,0.125,US7648976,52.4549017,0.0504338
46v57719342r1dq5s3p5mpw1y75r5v3s1j,Cambridge,GB,0.125,US7648976,52.1975846,0.1391537
46v57719342r1dq5s3p5mpw1y75r5v3s1j,"Lafayette, CA",US,0.125,US7648976,37.8857582,-122.1180201
6614541l3xcx1z2c6d2c5dl55723v3p296t72,Santa Fe,,0.5,US7666606,-30.3154739,-61.1645076
6614541l3xcx1z2c6d2c5dl55723v3p296t72,Los Alamos,,0.5,US7666606,35.88137,-106.298959
3h157283v6ax3t2n1b4y3u1d71aw5b4p133d,Halle/Saale,DE,0.8,US7667092,51.4824354,11.9712985
3h157283v6ax3t2n1b4y3u1d71aw5b4p133d,Moscow,RU,0.2,US7667092,55.625578,37.6063916
p4r4c24393o406x2e6j5u33722i9183wm54t,"Hockessin, DE",US,0.25,US7678560,39.7874275,-75.6879987
p4r4c24393o406x2e6j5u33722i9183wm54t,"Media, PA",US,0.25,US7678560,39.9167783,-75.387693
p4r4c24393o406x2e6j5u33722i9183wm54t,"Chadds Ford, PA",US,0.25,US7678560,39.872027,-75.5914213
p4r4c24393o406x2e6j5u33722i9183wm54t,"West Chester, PA",US,0.25,US7678560,39.9597389,-75.6044609
64t1a2n5n465l6o39a2d6s4f7264w5sn4p6r,"San Francisco, CA",US,0.3333333333333333,US7682837,37.7879363,-122.4075201
64t1a2n5n465l6o39a2d6s4f7264w5sn4p6r,"Stanford, CA",US,0.3333333333333333,US7682837,37.4265407,-122.1703055
64t1a2n5n465l6o39a2d6s4f7264w5sn4p6r,"Palo Alto, CA",US,0.3333333333333333,US7682837,37.4443293,-122.1598465
6j2o62672t06s1b5ku1g63113q36462715f6t,"Hockessin, DE",US,0.25,US7709239,39.7874275,-75.6879987
6j2o62672t06s1b5ku1g63113q36462715f6t,"Drexel Hill, PA",US,0.25,US7709239,39.9483282,-75.3068878
6j2o62672t06s1b5ku1g63113q36462715f6t,"Newark, DE",US,0.25,US7709239,39.6828358,-75.7515682
6j2o62672t06s1b5ku1g63113q36462715f6t,"West Chester, PA",US,0.25,US7709239,39.9597389,-75.6044609
42r4z1m2u382r5gdb496vv2e5m5p6c2f1u4y,"Solana Beach, CA",US,0.3333333333333333,US7011972,32.9919141,-117.2678124
42r4z1m2u382r5gdb496vv2e5m5p6c2f1u4y,Adlikon,CH,0.3333333333333333,US7011972,47.5825032,8.6912556
42r4z1m2u382r5gdb496vv2e5m5p6c2f1u4y,Loerrach,DE,0.3333333333333333,US7011972,47.6120896,7.6607218
4o4t3u2e34d67331dd3f1s495h265l3k66376n,Daejeon,KR,1.0,US7745218,36.3497007,127.3849016
4d3t3r42725b4j24105x5t5a2w60p4w553n4t10,"Hockessin, DE",US,0.3333333333333333,US7772444,39.7874275,-75.6879987
4d3t3r42725b4j24105x5t5a2w60p4w553n4t10,"Chadds Ford, PA",US,0.3333333333333333,US7772444,39.872027,-75.5914213
4d3t3r42725b4j24105x5t5a2w60p4w553n4t10,"West Chester, PA",US,0.3333333333333333,US7772444,39.9597389,-75.6044609
4c1j396w62512p5j596a6c19ysp532w605z39,"Seattle, WA",US,0.8,US7799523,47.6038321,-122.330062
4c1j396w62512p5j596a6c19ysp532w605z39,Poortugaal,NL,0.2,US7799523,51.8577532,4.3914097
3t4y2kk1o3d5j3x33532d145v4i4m1712665k3v,Braunschweig,DE,1.0,US7067544,52.2646577,10.5236066
2w3u203l6d23126t5u5g651e691r5c124b2d5z3q,"California, CA",US,0.5,US8183029,37.8754996,-122.2390685
2w3u203l6d23126t5u5g651e691r5c124b2d5z3q,"Menlo Park, CA",US,0.5,US8183029,37.4519671,-122.177992
5y3w5gm4z2v6p4n1f2o1o136q526k4bi4392n,"Madison, WI",US,0.75,US7884324,43.07469,-89.3841663
5y3w5gm4z2v6p4n1f2o1o136q526k4bi4392n,"Fitchburg, WI",US,0.25,US7884324,43.0020919,-89.423817
1x581132b5r352a6w5m286j3as5r2r5361m,"San Jose, CA",US,1.0,US7759063,37.3361663,-121.890591
485dc374r2b6h6k42144671d4l216j3e252d27,Oxford,GB,1.0,US7939270,51.7520131,-1.2578499
544p462c17202j3l3z2e4a2l2s8593z2s5s1v5u,"Oakland, CA",US,0.6666666666666666,US7935156,37.8044557,-122.271356
544p462c17202j3l3z2e4a2l2s8593z2s5s1v5u,"Petaluma, CA",US,0.3333333333333333,US7935156,38.2325829,-122.636465
1l5n1jl6t4m5e55625y5y867721b3r5a5uy1,Kfar Hess,IL,0.2,US7985573,32.2457804,34.9339746
1l5n1jl6t4m5e55625y5y867721b3r5a5uy1,Tel Aviv,IL,0.4,US7985573,32.0852997,34.7818064
1l5n1jl6t4m5e55625y5y867721b3r5a5uy1,Hadera,IL,0.2,US7985573,32.440742,34.9401053
1l5n1jl6t4m5e55625y5y867721b3r5a5uy1,Rehovot,IL,0.2,US7985573,31.8952532,34.8105616
5269692f2j4k478x3t46544r6ft6e605j4753,"San Mateo, CA",US,0.25,US7989185,37.496904,-122.3330573
5269692f2j4k478x3t46544r6ft6e605j4753,"Ross, CA",US,0.25,US7989185,37.9624239,-122.554977
5269692f2j4k478x3t46544r6ft6e605j4753,"Redwood City, CA",US,0.25,US7989185,37.4863239,-122.232523
5269692f2j4k478x3t46544r6ft6e605j4753,"Palo Alto, CA",US,0.25,US7989185,37.4443293,-122.1598465
4s3ag5ub1m5x2i453c2s5f2k4f4554235z5p45,"Boulder, CO",US,1.0,US7999087,40.0149856,-105.270545
5v12c1n4z5u422z175a3m382b3av582x5u3960,"Kawasaki-shi, Kanagawa",JP,0.3333333333333333,US8017729,35.5306639,139.7037668
5v12c1n4z5u422z175a3m382b3av582x5u3960,Tokyo,JP,0.3333333333333333,US8017729,35.6768601,139.7638947
5v12c1n4z5u422z175a3m382b3av582x5u3960,Nara-shi,JP,0.3333333333333333,US8017729,34.6845445,135.8048359
6q4m1gp7323d4x644l1e1f3t5t612o4ro431f,"Hockessin, DE",US,0.25,US8017838,39.7874275,-75.6879987
6q4m1gp7323d4x644l1e1f3t5t612o4ro431f,"Drexel Hill, PA",US,0.25,US8017838,39.9483282,-75.3068878
6q4m1gp7323d4x644l1e1f3t5t612o4ro431f,"Wilmington, DE",US,0.25,US8017838,39.7459468,-75.546589
6q4m1gp7323d4x644l1e1f3t5t612o4ro431f,"West Chester, PA",US,0.25,US8017838,39.9597389,-75.6044609
2x6o1d2m84m4a3j2y1n1cu3l4d6c3j65q2g2r,"Hockessin, DE",US,0.25,US7695950,39.7874275,-75.6879987
2x6o1d2m84m4a3j2y1n1cu3l4d6c3j65q2g2r,"Media, PA",US,0.25,US7695950,39.9167783,-75.387693
2x6o1d2m84m4a3j2y1n1cu3l4d6c3j65q2g2r,"Chadds Ford, PA",US,0.25,US7695950,39.872027,-75.5914213
2x6o1d2m84m4a3j2y1n1cu3l4d6c3j65q2g2r,"West Chester, PA",US,0.25,US7695950,39.9597389,-75.6044609
341yx671nc6r6e441x2pei2c5z5l2h1u4o1g,Stanford,,0.5,US8057655,37.4265407,-122.1703055
341yx671nc6r6e441x2pei2c5z5l2h1u4o1g,Los Altos,,0.5,US8057655,42.7811566,-3.6202096
143t4i5m5t3f184y6w202r2473652i7211606q6e,Cambridge,GB,0.5,US8084213,52.1975846,0.1391537
143t4i5m5t3f184y6w202r2473652i7211606q6e,Strasbourg,FR,0.5,US8084213,48.584614,7.7507127
6a5e2g2w6a4b45o02w273ef4u153u01vl6j,Efrat,IL,0.5,US8143368,31.2699956,34.7716851
6a5e2g2w6a4b45o02w273ef4u153u01vl6j,"Newton, MA",US,0.5,US8143368,42.3300435,-71.194862
4x5z4r69324z3g1v6c1z5y4vo2a431u1m6z5t4s,"San Diego, CA",US,0.5,US8049486,32.7174202,-117.162772
4x5z4r69324z3g1v6c1z5y4vo2a431u1m6z5t4s,"Chula Vista, CA",US,0.16666666666666666,US8049486,32.6400541,-117.084195
4x5z4r69324z3g1v6c1z5y4vo2a431u1m6z5t4s,Catania,IT,0.3333333333333333,US8049486,37.5023612,15.0873718
4zo5e565213s4a414r6a2s1m4x711b5i6p511j,"Bar Harbor, ME",US,0.3333333333333333,US8217992,44.3876378,-68.2043361
4zo5e565213s4a414r6a2s1m4x711b5i6p511j,"Orrington, ME",US,0.3333333333333333,US8217992,44.7311829,-68.8264258
4zo5e565213s4a414r6a2s1m4x711b5i6p511j,"Stillwater, ME",US,0.3333333333333333,US8217992,44.9084022,-68.6864219
v5e271v6r19g24542a3sx5558662n6n5r1b42,Deyme,FR,1.0,US8236994,43.478179,1.5264609
3y6x2e3pq30sy5r38305p3ps5n47511t2f1m,"Pasadena, CA",US,1.0,US8241854,34.1476507,-118.144155
4n40386v1w3y491p555h135fh1e6n1654o721d,"Carlsbad, CA",US,0.6,US8338091,33.1580933,-117.3505966
4n40386v1w3y491p555h135fh1e6n1654o721d,"San Marcos, CA",US,0.2,US8338091,33.1352995,-117.1743395
4n40386v1w3y491p555h135fh1e6n1654o721d,"Junction City, OR",US,0.2,US8338091,44.2191935,-123.204785
3d4s2m2o383h6d5r6b50592z6ri6k2o6k545k3p,Bayreuth,DE,0.25,US8372436,49.9446345,11.5743543
3d4s2m2o383h6d5r6b50592z6ri6k2o6k545k3p,Frankenthal,DE,0.25,US8372436,49.5353466,8.3541391
3d4s2m2o383h6d5r6b50592z6ri6k2o6k545k3p,Muenchen,DE,0.25,US8372436,48.1371079,11.5753822
3d4s2m2o383h6d5r6b50592z6ri6k2o6k545k3p,"Cincinnati, OH",US,0.25,US8372436,39.1012809,-84.5127405
2y3g135d474t433v4j5z22261lt2m2e4q1s3va,"South Bend, IN",US,0.25,US8394584,41.6833813,-86.2500066
2y3g135d474t433v4j5z22261lt2m2e4q1s3va,"Baltimore, MD",US,0.5,US8394584,39.2908816,-76.610759
2y3g135d474t433v4j5z22261lt2m2e4q1s3va,"Urbana, IL",US,0.25,US8394584,40.1117174,-88.207301
1x1t604w6w31325d1d4y2k383w6c2f23502s4d,Kleinmachnow,DE,0.2,US8404466,52.4064167,13.2236601
1x1t604w6w31325d1d4y2k383w6c2f23502s4d,Fredersdorf,DE,0.2,US8404466,52.5262465,13.7604458
1x1t604w6w31325d1d4y2k383w6c2f23502s4d,Berlin,DE,0.4,US8404466,52.5173885,13.3951309
1x1t604w6w31325d1d4y2k383w6c2f23502s4d,Zeuthen,DE,0.2,US8404466,52.3507952,13.629328
1h5l7675db414a4i6l4r5y5z6m163r1d1f5s1s,Moscow,RU,0.6666666666666666,US8435768,55.625578,37.6063916
1h5l7675db414a4i6l4r5y5z6m163r1d1f5s1s,Moscow region,RU,0.16666666666666666,US8435768,55.8858149,37.4562282
1h5l7675db414a4i6l4r5y5z6m163r1d1f5s1s,Udmurtskaya republic,RU,0.16666666666666666,US8435768,,
g4411354o4sr1s476m3t1w11394i11271n494s,Saitama,JP,1.0,US8445413,35.9754168,139.4160114
6y351p145t2l505v493t5h5q4c191s3f5m4x47,"Emeryville, CA",US,1.0,US8450080,37.8314089,-122.2865266
x4m6a43102d505i4i6n4f24g91435f606u48,"Sunnyvale, CA",US,0.3333333333333333,US8450549,37.3688301,-122.036349
x4m6a43102d505i4i6n4f24g91435f606u48,"San Francisco, CA",US,0.3333333333333333,US8450549,37.7879363,-122.4075201
x4m6a43102d505i4i6n4f24g91435f606u48,"Cupertino, CA",US,0.3333333333333333,US8450549,37.3228934,-122.0322895
3c2u4z2m4g5b35x2d1d2r702s2x1d6z7125bo,Tokyo,JP,1.0,US8455249,35.6768601,139.7638947
2i5b6z31p4e714d6j14726l2o1v1ewm184j44,"Cupertino, CA",US,0.6666666666666666,US8470581,37.3228934,-122.0322895
2i5b6z31p4e714d6j14726l2o1v1ewm184j44,"Stanford, CA",US,0.3333333333333333,US8470581,37.4265407,-122.1703055
46265l6i2q1fr113w1n1w1tk394s5v5l655t6a,"SAN FRANCISCO, CA",US,1.0,US8486865,37.7879363,-122.4075201
a6g3vd5q496z426x3mh5f5j2v221b6r5n576,"La Canada, CA",US,0.5,US8492160,33.7301661,-117.7638553
a6g3vd5q496z426x3mh5f5j2v221b6r5n576,"Oak Ridge, TN",US,0.5,US8492160,36.0103562,-84.2696449
482e3y45p142o1j5d4zl6o4i365n6um4k1o69,"Cupertino, CA",US,0.16666666666666666,US8507235,37.3228934,-122.0322895
482e3y45p142o1j5d4zl6o4i365n6um4k1o69,"Sunnyvale, CA",US,0.16666666666666666,US8507235,37.3688301,-122.036349
482e3y45p142o1j5d4zl6o4i365n6um4k1o69,"San Francisco, CA",US,0.3333333333333333,US8507235,37.7879363,-122.4075201
482e3y45p142o1j5d4zl6o4i365n6um4k1o69,"Redwood City, CA",US,0.16666666666666666,US8507235,37.4863239,-122.232523
482e3y45p142o1j5d4zl6o4i365n6um4k1o69,"Palo Alto, CA",US,0.16666666666666666,US8507235,37.4443293,-122.1598465
4f4i6l2770w2b1b1d6a1a0381y662f272w673q,"Encino, CA",US,0.16666666666666666,US7648823,34.1591324,-118.5016166
4f4i6l2770w2b1b1d6a1a0381y662f272w673q,"Redmond, WA",US,0.16666666666666666,US7648823,47.6694141,-122.1238767
4f4i6l2770w2b1b1d6a1a0381y662f272w673q,"Bellevue, WA",US,0.3333333333333333,US7648823,47.6144219,-122.192337
4f4i6l2770w2b1b1d6a1a0381y662f272w673q,"Newton, MA",US,0.16666666666666666,US7648823,42.3300435,-71.194862
4f4i6l2770w2b1b1d6a1a0381y662f272w673q,"Medina, WA",US,0.16666666666666666,US7648823,47.620548,-122.2264453
4kz2s1u3c564r043202g03y5p5n4p5p6237,"Middleton, WI",US,0.3333333333333333,US8530831,43.0962919,-89.5119565
4kz2s1u3c564r043202g03y5p5n4p5p6237,"Palo Alto, CA",US,0.3333333333333333,US8530831,37.4443293,-122.1598465
4kz2s1u3c564r043202g03y5p5n4p5p6237,"Cambridge, MA",US,0.3333333333333333,US8530831,42.3656347,-71.1040018
5zz5kk6wy536l4r3lh325v11v2j16682y1w,Daejeon,KR,1.0,US8535918,36.3497007,127.3849016
465260426553156n651s2a5m2w4r3kfv3c2i,"Mansfield Center, CT",US,1.0,US8546337,41.759552,-72.1972389
1p1l5s2e5bf2b206o185t61h2m5ig3h6e5j3o,"Madison, WI",US,0.4,US7982070,43.07469,-89.3841663
1p1l5s2e5bf2b206o185t61h2m5ig3h6e5j3o,"Portage, WI",US,0.1,US7982070,44.4604931,-89.5108818
1p1l5s2e5bf2b206o185t61h2m5ig3h6e5j3o,"Middleton, WI",US,0.1,US7982070,43.0962919,-89.5119565
1p1l5s2e5bf2b206o185t61h2m5ig3h6e5j3o,"Winooski, VT",US,0.1,US7982070,44.4910402,-73.1861064
1p1l5s2e5bf2b206o185t61h2m5ig3h6e5j3o,"Woodside, CA",US,0.1,US7982070,37.4280637,-122.2507435
1p1l5s2e5bf2b206o185t61h2m5ig3h6e5j3o,"Somerset, NJ",US,0.1,US7982070,40.5675084,-74.6189556
1p1l5s2e5bf2b206o185t61h2m5ig3h6e5j3o,"Urbana, IL",US,0.1,US7982070,40.1117174,-88.207301
6rh1l3548d3p2u2rh381n6b53n181t3d264h,"Cupertino, CA",US,0.25,US8569026,37.3228934,-122.0322895
6rh1l3548d3p2u2rh381n6b53n181t3d264h,"Sunnyvale, CA",US,0.25,US8569026,37.3688301,-122.036349
6rh1l3548d3p2u2rh381n6b53n181t3d264h,"Palo Alto, CA",US,0.25,US8569026,37.4443293,-122.1598465
6rh1l3548d3p2u2rh381n6b53n181t3d264h,"Belmont, CA",US,0.25,US8569026,37.5164926,-122.2941914
3u2sl3e143i3a1b6q2u1s6l6rh1n4dm5i5a16,"Copley, OH",US,0.1111111111111111,US8569562,41.0989439,-81.6445685
3u2sl3e143i3a1b6q2u1s6l6rh1n4dm5i5a16,"San Mateo, CA",US,0.1111111111111111,US8569562,37.496904,-122.3330573
3u2sl3e143i3a1b6q2u1s6l6rh1n4dm5i5a16,"Sunnyvale, CA",US,0.1111111111111111,US8569562,37.3688301,-122.036349
3u2sl3e143i3a1b6q2u1s6l6rh1n4dm5i5a16,"Overland Park, KS",US,0.2222222222222222,US8569562,38.9742502,-94.6851702
3u2sl3e143i3a1b6q2u1s6l6rh1n4dm5i5a16,"Canal Fulton, OH",US,0.1111111111111111,US8569562,40.8897784,-81.597623
3u2sl3e143i3a1b6q2u1s6l6rh1n4dm5i5a16,"Southington, OH",US,0.1111111111111111,US8569562,41.3084638,-80.9557919
3u2sl3e143i3a1b6q2u1s6l6rh1n4dm5i5a16,"Hudson, OH",US,0.1111111111111111,US8569562,41.240056,-81.440667
3u2sl3e143i3a1b6q2u1s6l6rh1n4dm5i5a16,"Fairway, KS",US,0.1111111111111111,US8569562,39.0222277,-94.6319018
1n154n2i6q2a1d34r501v4u18lk6r576p7123,Basel,CH,1.0,US8575110,47.5581077,7.5878261
3c214u5f1f5y1w1717q1h476s4k39182p1m5r65,Slough,GB,1.0,US8580265,51.5111014,-0.5940682
48412v3j6b492y696k296f3620j3e1r6t51456w,"Madison, WI",US,0.6,US8592216,43.07469,-89.3841663
48412v3j6b492y696k296f3620j3e1r6t51456w,"Woodside, CA",US,0.2,US8592216,37.4280637,-122.2507435
48412v3j6b492y696k296f3620j3e1r6t51456w,"Middleton, WI",US,0.2,US8592216,43.0962919,-89.5119565
254tn53181c671a33u50461j6d2o6s10481v3t,Trappes,FR,0.3333333333333333,US8597931,48.7760957,1.9988356
254tn53181c671a33u50461j6d2o6s10481v3t,Buc,FR,0.3333333333333333,US8597931,43.0375974,2.3403197
254tn53181c671a33u50461j6d2o6s10481v3t,Paris,FR,0.3333333333333333,US8597931,48.8534951,2.3483915
4x4g4y696nf416p4r3e6t5166c1d262a5u3p53,Slough,GB,0.6666666666666666,US8614295,51.5111014,-0.5940682
4x4g4y696nf416p4r3e6t5166c1d262a5u3p53,"Shoreline, WA",US,0.16666666666666666,US8614295,47.7564667,-122.3437497
4x4g4y696nf416p4r3e6t5166c1d262a5u3p53,"San Francisco, CA",US,0.16666666666666666,US8614295,37.7879363,-122.4075201
73713y6l5v1h312548829401y684l4s4l5ky39,"Glendale, OH",US,0.3333333333333333,US8647853,39.2721982,-84.458416
73713y6l5v1h312548829401y684l4s4l5ky39,"Cincinnati, OH",US,0.6666666666666666,US8647853,39.1012809,-84.5127405
3q3j33224a695b5s522p384lz203i1137124c3d,"Pasadena, CA",US,0.5,US8658780,34.1476507,-118.144155
3q3j33224a695b5s522p384lz203i1137124c3d,"Studio City, CA",US,0.5,US8658780,34.1483989,-118.3961877
1g2l464t1o5s5f3z542f35d6g4p4x4ue2a571b,"Chandler, AZ",US,0.25,US8679630,33.3062031,-111.841185
1g2l464t1o5s5f3z542f35d6g4p4x4ue2a571b,"West Lafayette, IN",US,0.75,US8679630,40.4258686,-86.9080655
6a5i1d4s1u416p2p103s5jn5n40546g356c6e1x,"Newton, MA",US,0.3333333333333333,US8691534,42.3300435,-71.194862
6a5i1d4s1u416p2p103s5jn5n40546g356c6e1x,"Durham, NC",US,0.3333333333333333,US8691534,35.996653,-78.9018053
6a5i1d4s1u416p2p103s5jn5n40546g356c6e1x,Kundl,AT,0.3333333333333333,US8691534,47.4691393,11.9845598
6z256bf2x2h5qh1l2f1a3i5sl5r434p6x3h6,"Sunnyvale, CA",US,0.5,US8691541,37.3688301,-122.036349
6z256bf2x2h5qh1l2f1a3i5sl5r434p6x3h6,"Redwood City, CA",US,0.5,US8691541,37.4863239,-122.232523
53223hr214e2523y1o2t16275z256856n2fc,"South Natick, MA",US,0.14285714285714285,US8691555,42.2730236,-71.3161159
53223hr214e2523y1o2t16275z256856n2fc,"Arlington, MA",US,0.14285714285714285,US8691555,42.4153739,-71.1564428
53223hr214e2523y1o2t16275z256856n2fc,"Concord, MA",US,0.14285714285714285,US8691555,42.4605189,-71.3488963
53223hr214e2523y1o2t16275z256856n2fc,"Framingham, MA",US,0.14285714285714285,US8691555,42.2773177,-71.4165905
53223hr214e2523y1o2t16275z256856n2fc,"Medford, MA",US,0.14285714285714285,US8691555,42.4184296,-71.1061639
53223hr214e2523y1o2t16275z256856n2fc,"San Francisco, CA",US,0.14285714285714285,US8691555,37.7879363,-122.4075201
53223hr214e2523y1o2t16275z256856n2fc,"Woburn, MA",US,0.14285714285714285,US8691555,42.4792618,-71.1522766
1k353k6q4a6v6y4357714x64o4i5j38614p73s,Paris,FR,0.6923076923076923,US7842489,48.8534951,2.3483915
1k353k6q4a6v6y4357714x64o4i5j38614p73s,Saint Leu La Foret,FR,0.07692307692307693,US7842489,49.0212001,2.2480799
1k353k6q4a6v6y4357714x64o4i5j38614p73s,Cerny,FR,0.07692307692307693,US7842489,48.4762984,2.3296911
1k353k6q4a6v6y4357714x64o4i5j38614p73s,Bourg La Reine,FR,0.07692307692307693,US7842489,48.7795178,2.316085
1k353k6q4a6v6y4357714x64o4i5j38614p73s,Levallois-Perret,FR,0.07692307692307693,US7842489,48.892956,2.2881683
4e2l6l6z591a46p571t4d2w3q4u6o6nt1h1e5t,"Cambridge, MA",US,0.09090909090909091,US8038659,42.3656347,-71.1040018
4e2l6l6z591a46p571t4d2w3q4u6o6nt1h1e5t,"Redmond, WA",US,0.09090909090909091,US8038659,47.6694141,-122.1238767
4e2l6l6z591a46p571t4d2w3q4u6o6nt1h1e5t,"Livermore, CA",US,0.18181818181818182,US8038659,37.6820583,-121.768053
4e2l6l6z591a46p571t4d2w3q4u6o6nt1h1e5t,"Seattle, WA",US,0.09090909090909091,US8038659,47.6038321,-122.330062
4e2l6l6z591a46p571t4d2w3q4u6o6nt1h1e5t,"Newton, MA",US,0.09090909090909091,US8038659,42.3300435,-71.194862
4e2l6l6z591a46p571t4d2w3q4u6o6nt1h1e5t,"St. Louis, MO",US,0.09090909090909091,US8038659,38.6254063,-90.190009
4e2l6l6z591a46p571t4d2w3q4u6o6nt1h1e5t,"Portsmouth, VA",US,0.09090909090909091,US8038659,36.8320081,-76.297699
4e2l6l6z591a46p571t4d2w3q4u6o6nt1h1e5t,"Phoenix, AZ",US,0.09090909090909091,US8038659,33.4484367,-112.074141
4e2l6l6z591a46p571t4d2w3q4u6o6nt1h1e5t,"North Bend, WA",US,0.09090909090909091,US8038659,47.4957757,-121.784889
4e2l6l6z591a46p571t4d2w3q4u6o6nt1h1e5t,"Bellevue, WA",US,0.09090909090909091,US8038659,47.6144219,-122.192337
86p426u4j3q2u4s3l5p2z6nv165s4i6v3t54,"Oregon, WI",US,0.3333333333333333,US8709393,42.9259657,-89.3842779
86p426u4j3q2u4s3l5p2z6nv165s4i6v3t54,"Davis, CA",US,0.3333333333333333,US8709393,38.5435526,-121.739005
86p426u4j3q2u4s3l5p2z6nv165s4i6v3t54,"Madison, WI",US,0.3333333333333333,US8709393,43.07469,-89.3841663
44hlu443s6m41587646z6r5e6b4gr5a1q1v,"Redwood City, CA",US,0.09090909090909091,US8288148,37.4863239,-122.232523
44hlu443s6m41587646z6r5e6b4gr5a1q1v,"Belmont, CA",US,0.09090909090909091,US8288148,37.5164926,-122.2941914
44hlu443s6m41587646z6r5e6b4gr5a1q1v,"Cupertino, CA",US,0.18181818181818182,US8288148,37.3228934,-122.0322895
44hlu443s6m41587646z6r5e6b4gr5a1q1v,"Burlingame, CA",US,0.09090909090909091,US8288148,37.5780965,-122.3473099
44hlu443s6m41587646z6r5e6b4gr5a1q1v,"Sunnyvale, CA",US,0.09090909090909091,US8288148,37.3688301,-122.036349
44hlu443s6m41587646z6r5e6b4gr5a1q1v,"Copley, OH",US,0.09090909090909091,US8288148,41.0989439,-81.6445685
44hlu443s6m41587646z6r5e6b4gr5a1q1v,"Kent, OH",US,0.09090909090909091,US8288148,41.1513108,-81.3578047
44hlu443s6m41587646z6r5e6b4gr5a1q1v,"Mountain View, CA",US,0.09090909090909091,US8288148,37.3893889,-122.0832101
44hlu443s6m41587646z6r5e6b4gr5a1q1v,"Pleasanton, CA",US,0.09090909090909091,US8288148,37.6624312,-121.8746789
44hlu443s6m41587646z6r5e6b4gr5a1q1v,"Palo Alto, CA",US,0.09090909090909091,US8288148,37.4443293,-122.1598465
6e344a6y5e5g723x272i4n4a3p5x5n4gd6b541r,Gandelu,FR,0.16666666666666666,US7897372,49.0946068,3.1839258
6e344a6y5e5g723x272i4n4a3p5x5n4gd6b541r,Bourg-la-Reine,FR,0.16666666666666666,US7897372,48.7795178,2.316085
6e344a6y5e5g723x272i4n4a3p5x5n4gd6b541r,SAINT-DENIS,FR,0.16666666666666666,US7897372,48.9383732,2.3627508
6e344a6y5e5g723x272i4n4a3p5x5n4gd6b541r,MARSEILLE,FR,0.16666666666666666,US7897372,43.2963986,5.3777888
6e344a6y5e5g723x272i4n4a3p5x5n4gd6b541r,LES LILAS,FR,0.16666666666666666,US7897372,48.8795658,2.415796
6e344a6y5e5g723x272i4n4a3p5x5n4gd6b541r,OBAIN,BE,0.16666666666666666,US7897372,56.4120166,-5.4723731
6f2b4w6j141i3c165j3p6d5k6c4u4a3hw2lmv,"Ithaca, NY",US,1.0,US8722584,42.4374175,-76.5483724
k1d1j68206o1q4l1b5685q4d466vy2e512w2x,"Stanford, CA",US,1.0,US8735096,37.4265407,-122.1703055
y4g4q1i654j6y6x2oq6m2u2w602j1x1y1pij,"South Bend, IN",US,0.2,US8748091,41.6833813,-86.2500066
y4g4q1i654j6y6x2oq6m2u2w602j1x1y1pij,"Baltimore, MD",US,0.2,US8748091,39.2908816,-76.610759
y4g4q1i654j6y6x2oq6m2u2w602j1x1y1pij,"Urbana, IL",US,0.6,US8748091,40.1117174,-88.207301
4p2i3x714i711v495382p4fu2ej271t51581,Riom,FR,0.3333333333333333,US8748136,45.893012,3.1140583
4p2i3x714i711v495382p4fu2ej271t51581,Deyme,FR,0.3333333333333333,US8748136,43.478179,1.5264609
4p2i3x714i711v495382p4fu2ej271t51581,Saint Beauzire,FR,0.3333333333333333,US8748136,45.8516333,3.1790056
5y4r4k26122h5d1xw147367271r3h2x3k6ft23,San Mateo,,0.3333333333333333,US7785785,37.496904,-122.3330573
5y4r4k26122h5d1xw147367271r3h2x3k6ft23,Palo Alto,,0.6666666666666666,US7785785,37.4443293,-122.1598465
24o3x5c4gw1p6q4l3s1f54j6m3p2a31l6lt,"Scottsdale, AZ",US,1.0,US8753840,33.4942189,-111.926018
4a356z5v15721g535p5v5u623c6826z5tx32c,"Ann Arbor, MI",US,0.75,US8765431,42.2813722,-83.7484616
4a356z5v15721g535p5v5u623c6826z5tx32c,"Boston, MA",US,0.25,US8765431,42.3588336,-71.0578303
41484q3jd514h4q3o536ns5d125k683s6l2f,Fontaine sur Saone,FR,0.25,US8765448,45.8377536,4.8454346
41484q3jd514h4q3o536ns5d125k683s6l2f,"Raleigh, NC",US,0.25,US8765448,35.7803977,-78.6390989
41484q3jd514h4q3o536ns5d125k683s6l2f,"Chapel Hill, NC",US,0.25,US8765448,35.9131542,-79.05578
41484q3jd514h4q3o536ns5d125k683s6l2f,Heusden (Destelbergen),BE,0.25,US8765448,51.0286768,3.8003138
19m17185zf452g4r3g3ps532l4o226g3x1q6t,Quebec,CA,1.0,US8771703,52.4760892,-71.8258668
2t62704cr1jke5y33hd2q6sf4u3u2c446b,"Cambridge, MA",US,0.09090909090909091,US8808276,42.3656347,-71.1040018
2t62704cr1jke5y33hd2q6sf4u3u2c446b,"Redmond, WA",US,0.09090909090909091,US8808276,47.6694141,-122.1238767
2t62704cr1jke5y33hd2q6sf4u3u2c446b,"Livermore, CA",US,0.18181818181818182,US8808276,37.6820583,-121.768053
2t62704cr1jke5y33hd2q6sf4u3u2c446b,"Seattle, WA",US,0.09090909090909091,US8808276,47.6038321,-122.330062
2t62704cr1jke5y33hd2q6sf4u3u2c446b,"Newton, MA",US,0.09090909090909091,US8808276,42.3300435,-71.194862
2t62704cr1jke5y33hd2q6sf4u3u2c446b,"St. Louis, MO",US,0.09090909090909091,US8808276,38.6254063,-90.190009
2t62704cr1jke5y33hd2q6sf4u3u2c446b,"Portsmouth, VA",US,0.09090909090909091,US8808276,36.8320081,-76.297699
2t62704cr1jke5y33hd2q6sf4u3u2c446b,"Phoenix, AZ",US,0.09090909090909091,US8808276,33.4484367,-112.074141
2t62704cr1jke5y33hd2q6sf4u3u2c446b,"North Bend, WA",US,0.09090909090909091,US8808276,47.4957757,-121.784889
2t62704cr1jke5y33hd2q6sf4u3u2c446b,"Bellevue, WA",US,0.09090909090909091,US8808276,47.6144219,-122.192337
2h6e4e5y4p2r503x575r4a4s21zc3632p6b58,Oxford,GB,0.75,US8822160,51.7520131,-1.2578499
2h6e4e5y4p2r503x575r4a4s21zc3632p6b58,Oeiras,PT,0.25,US8822160,38.6925777,-9.3123076
3q716x702719442a2b1v2o3p2ld43p2w664v5q,"Palo Alto, CA",US,1.0,US8828688,37.4443293,-122.1598465
4g1f83d4u695v2t3136d712a5gs5v415l194l,"Morrisville, NC",US,0.14285714285714285,US8846414,35.824341,-78.8300321
4g1f83d4u695v2t3136d712a5gs5v415l194l,"Durham, NC",US,0.2857142857142857,US8846414,35.996653,-78.9018053
4g1f83d4u695v2t3136d712a5gs5v415l194l,"San Diego, CA",US,0.5714285714285714,US8846414,32.7174202,-117.162772
45404cd286j2v582g5r562w1r494ul66qg2m,"Del Mar, CA",US,1.0,US8852864,32.9594891,-117.2653146
4r2d142b4d6k4s6u2o105yf3w1c6q1m44291n5n,Consleton,GB,0.2,US8852866,,
4r2d142b4d6k4s6u2o105yf3w1c6q1m44291n5n,London,GB,0.4,US8852866,51.5074456,-0.1277653
4r2d142b4d6k4s6u2o105yf3w1c6q1m44291n5n,Plumstead,GB,0.2,US8852866,51.4804635,0.0924286
4r2d142b4d6k4s6u2o105yf3w1c6q1m44291n5n,Carshalton,GB,0.2,US8852866,51.3657883,-0.1610857
4fp6r6v5n1f4vh6h3i672r3m6x6i1b285q52,"Brookline, MA",US,1.0,US8865404,42.332918,-71.1187829
372a3x5bc1g735855y4v20294y81s2t4u2165,"Menlo Park, CA",US,0.5,US8865441,37.4519671,-122.177992
372a3x5bc1g735855y4v20294y81s2t4u2165,"Stanford, CA",US,0.5,US8865441,37.4265407,-122.1703055
1416l532j1w2yo5f1v354b555o58u614n5b3,"Cupertino, CA",US,0.25,US8865442,37.3228934,-122.0322895
1416l532j1w2yo5f1v354b555o58u614n5b3,"Foster City, CA",US,0.25,US8865442,37.5600336,-122.2688522
1416l532j1w2yo5f1v354b555o58u614n5b3,"San Jose, CA",US,0.25,US8865442,37.3361663,-121.890591
1416l532j1w2yo5f1v354b555o58u614n5b3,"Pacifica, CA",US,0.25,US8865442,37.5980374,-122.4995234
2s5p1k332f1j526s2ed692w6w2u61145f4l6q4p,"Brookline, MA",US,1.0,US8877438,42.332918,-71.1187829
1142h4d3j44el2j36x4d4u1d71y4u3l6112,"San Mateo, CA",US,0.125,US8158430,37.496904,-122.3330573
1142h4d3j44el2j36x4d4u1d71y4u3l6112,"Sunnyvale, CA",US,0.25,US8158430,37.3688301,-122.036349
1142h4d3j44el2j36x4d4u1d71y4u3l6112,"Portola Valley, CA",US,0.125,US8158430,37.3736298,-122.219047
1142h4d3j44el2j36x4d4u1d71y4u3l6112,"San Jose, CA",US,0.25,US8158430,37.3361663,-121.890591
1142h4d3j44el2j36x4d4u1d71y4u3l6112,"San Francisco, CA",US,0.125,US8158430,37.7879363,-122.4075201
1142h4d3j44el2j36x4d4u1d71y4u3l6112,"Palo Alto, CA",US,0.125,US8158430,37.4443293,-122.1598465
m82o1u6s1k1r371e3y3pi6h3t4k633o542j54,"Cambridge, MA",US,1.0,US8891575,42.3656347,-71.1040018
6g6g1434w641w423l275ka2oz194t1i206te,Deyme,FR,0.5,US8900838,43.478179,1.5264609
6g6g1434w641w423l275ka2oz194t1i206te,Gerzat,FR,0.5,US8900838,45.8250404,3.1435185
2i2k6l535568391c50393i6pm3b4v0316c6a3,"Atherton, CA",US,0.16666666666666666,US8906320,37.453773,-122.2058272
2i2k6l535568391c50393i6pm3b4v0316c6a3,"San Diego, CA",US,0.3333333333333333,US8906320,32.7174202,-117.162772
2i2k6l535568391c50393i6pm3b4v0316c6a3,"Belmont, CA",US,0.16666666666666666,US8906320,37.5164926,-122.2941914
2i2k6l535568391c50393i6pm3b4v0316c6a3,"San Francisco, CA",US,0.16666666666666666,US8906320,37.7879363,-122.4075201
2i2k6l535568391c50393i6pm3b4v0316c6a3,"Pleasant Hill, CA",US,0.16666666666666666,US8906320,37.9479786,-122.0607963
b543b164l3d05i4k3v3p6z1e5r1q3p4f1e6f5k,Oxford,GB,1.0,US8906345,51.7520131,-1.2578499
4p5l2b4q1o6x4329642nw275o31a165dx4j4n,"Lexington, MA",US,0.3333333333333333,US8906684,42.4473175,-71.2245003
4p5l2b4q1o6x4329642nw275o31a165dx4j4n,Oceanside,,0.3333333333333333,US8906684,33.1958696,-117.379483
4p5l2b4q1o6x4329642nw275o31a165dx4j4n,La Jolla,,0.3333333333333333,US8906684,32.8458529,-117.2575702
6z49736l1b2d6b3b216h32j2e5j6o3t3p655a2c,"Redwood City, CA",US,0.14285714285714285,US8173410,37.4863239,-122.232523
6z49736l1b2d6b3b216h32j2e5j6o3t3p655a2c,"Belmont, CA",US,0.14285714285714285,US8173410,37.5164926,-122.2941914
6z49736l1b2d6b3b216h32j2e5j6o3t3p655a2c,"Mountain View, CA",US,0.14285714285714285,US8173410,37.3893889,-122.0832101
6z49736l1b2d6b3b216h32j2e5j6o3t3p655a2c,"Palo Alto, CA",US,0.2857142857142857,US8173410,37.4443293,-122.1598465
6z49736l1b2d6b3b216h32j2e5j6o3t3p655a2c,"San Francisco, CA",US,0.14285714285714285,US8173410,37.7879363,-122.4075201
6z49736l1b2d6b3b216h32j2e5j6o3t3p655a2c,"Burlingame, CA",US,0.14285714285714285,US8173410,37.5780965,-122.3473099
5k3r5o6i322h92e2p3n6r4d0412q3d1j5b6yx,SLOUGH,GB,0.5,US8734798,51.5111014,-0.5940682
5k3r5o6i322h92e2p3n6r4d0412q3d1j5b6yx,BRUSSELS,BE,0.5,US8734798,50.8467372,4.352493
1n3e1b1e6tpm506bj3i41p5u1s5t2m6l2ze,Mobara-shi,JP,0.2727272727272727,US8932845,35.4285094,140.2880753
1n3e1b1e6tpm506bj3i41p5u1s5t2m6l2ze,Taito-ku,JP,0.09090909090909091,US8932845,35.7125805,139.7800712
1n3e1b1e6tpm506bj3i41p5u1s5t2m6l2ze,Chiba-shi,JP,0.2727272727272727,US8932845,35.6070629,140.1062653
1n3e1b1e6tpm506bj3i41p5u1s5t2m6l2ze,Yokohama-shi,JP,0.09090909090909091,US8932845,35.4503381,139.6343802
1n3e1b1e6tpm506bj3i41p5u1s5t2m6l2ze,Ibaraki-shi,JP,0.18181818181818182,US8932845,34.8161302,135.5685528
1n3e1b1e6tpm506bj3i41p5u1s5t2m6l2ze,Minoh-shi,JP,0.09090909090909091,US8932845,34.8269554,135.4704617
634d33396h6h6z2l6h5641f1e3p1s6vb2d3h34,"Sunnyvale, CA",US,1.0,US8933282,37.3688301,-122.036349
1c4g496z376t6v5o1r132o4j3u26646g1k491r62,"San Leandro, CA",US,0.16666666666666666,US8940173,37.7249296,-122.1560768
1c4g496z376t6v5o1r132o4j3u26646g1k491r62,"Belmont, CA",US,0.16666666666666666,US8940173,37.5164926,-122.2941914
1c4g496z376t6v5o1r132o4j3u26646g1k491r62,"Oakland, CA",US,0.16666666666666666,US8940173,37.8044557,-122.271356
1c4g496z376t6v5o1r132o4j3u26646g1k491r62,Zurich,CH,0.16666666666666666,US8940173,47.3744489,8.5410422
1c4g496z376t6v5o1r132o4j3u26646g1k491r62,"San Francisco, CA",US,0.16666666666666666,US8940173,37.7879363,-122.4075201
1c4g496z376t6v5o1r132o4j3u26646g1k491r62,"Livermore, CA",US,0.16666666666666666,US8940173,37.6820583,-121.768053
1g4u57k5c552wdi3h4s5e581v1g3m4s3q3z3l,"Carlsbad, CA",US,0.4,US6916632,33.1580933,-117.3505966
1g4u57k5c552wdi3h4s5e581v1g3m4s3q3z3l,"New York, NY",US,0.2,US6916632,40.7127281,-74.0060152
1g4u57k5c552wdi3h4s5e581v1g3m4s3q3z3l,Rixensart,BE,0.2,US6916632,50.7122566,4.5216218
1g4u57k5c552wdi3h4s5e581v1g3m4s3q3z3l,"Encinitas, CA",US,0.2,US6916632,33.0369867,-117.2919818
311j86b526r286u1s635f5k6o5y6z37445k5s3m,"Champaign, IL",US,0.14285714285714285,US8945912,40.1164841,-88.2430932
311j86b526r286u1s635f5k6o5y6z37445k5s3m,"West Lafayette, IN",US,0.14285714285714285,US8945912,40.4258686,-86.9080655
311j86b526r286u1s635f5k6o5y6z37445k5s3m,"Palo Alto, CA",US,0.2857142857142857,US8945912,37.4443293,-122.1598465
311j86b526r286u1s635f5k6o5y6z37445k5s3m,"Savoy, IL",US,0.14285714285714285,US8945912,40.054753,-88.2517165
311j86b526r286u1s635f5k6o5y6z37445k5s3m,"Lafayette, IN",US,0.14285714285714285,US8945912,40.4191229,-86.8919011
311j86b526r286u1s635f5k6o5y6z37445k5s3m,Taichung City,TW,0.14285714285714285,US8945912,24.1586239,120.644867
262n63p546f5yn2s6z41704k351s5x1kk3o,"Gainesville, FL",US,1.0,US8946397,29.6519684,-82.3249846
2c5i6l3bf536o5f24k6a1f1o5f4t46c444o5e,"Boston, MA",US,0.3333333333333333,US8957026,42.3588336,-71.0578303
2c5i6l3bf536o5f24k6a1f1o5f4t46c444o5e,Dortmund,DE,0.3333333333333333,US8957026,51.5142273,7.4652789
2c5i6l3bf536o5f24k6a1f1o5f4t46c444o5e,"Jamaica Plain, MA",US,0.3333333333333333,US8957026,42.3116046,-71.1143838
7wb3d2in2i13r2803g3h1z413y243wm2v,"Brookline, MA",US,0.5,US8962241,42.332918,-71.1187829
7wb3d2in2i13r2803g3h1z413y243wm2v,"Pasadena, CA",US,0.5,US8962241,34.1476507,-118.144155
5ch2j4x1n3u726f581z3h1d6d286a6h1d406uo,"Long Island City, NY",US,0.5,US7960357,40.7455316,-73.9484995
5ch2j4x1n3u726f581z3h1d6d286a6h1d406uo,"Pasadena, CA",US,0.5,US7960357,34.1476507,-118.144155
20402m5a2g6mx5m5td21y2ic5i3d1s6g6327,"San Diego, CA",US,1.0,US8969066,32.7174202,-117.162772
5x235g6431486c6t4b6i6c471q5a2z25i6i3g4a,"Sunnyvale, CA",US,0.16666666666666666,US8975051,37.3688301,-122.036349
5x235g6431486c6t4b6i6c471q5a2z25i6i3g4a,"Redwood City, CA",US,0.16666666666666666,US8975051,37.4863239,-122.232523
5x235g6431486c6t4b6i6c471q5a2z25i6i3g4a,Kokkedal,DK,0.16666666666666666,US8975051,55.9032571,12.5024245
5x235g6431486c6t4b6i6c471q5a2z25i6i3g4a,"Palo Alto, CA",US,0.5,US8975051,37.4443293,-122.1598465
5i521u4139434b24624z4n3v5l4d4p1s401q3o,"Cambridge, MA",US,0.42857142857142855,US8986988,42.3656347,-71.1040018
5i521u4139434b24624z4n3v5l4d4p1s401q3o,"Naperville, IL",US,0.14285714285714285,US8986988,41.7728699,-88.1479278
5i521u4139434b24624z4n3v5l4d4p1s401q3o,"Sudbury, MA",US,0.14285714285714285,US8986988,42.3834278,-71.4161725
5i521u4139434b24624z4n3v5l4d4p1s401q3o,"Brookline, MA",US,0.14285714285714285,US8986988,42.332918,-71.1187829
5i521u4139434b24624z4n3v5l4d4p1s401q3o,"Newton, MA",US,0.14285714285714285,US8986988,42.3300435,-71.194862
48os1t2d6g2y59h5ej6f6f6k35326wt6a5k,"Ann Arbor, MI",US,0.6,US8986997,42.2813722,-83.7484616
48os1t2d6g2y59h5ej6f6f6k35326wt6a5k,Bad Zwesten,DE,0.2,US8986997,51.0408015,9.1624486
48os1t2d6g2y59h5ej6f6f6k35326wt6a5k,Attenkirchen,DE,0.2,US8986997,48.5057366,11.7601946
5o5b5w5m4m425d2g1z5k684ot105214i24566,"Ithaca, NY",US,1.0,US8987173,42.4374175,-76.5483724
758n456rm2jy4k2n5e1a162m5l53p186q13,"Knoxville, TN",US,1.0,US8988061,35.9603948,-83.9210261
3kv74l3e2v6e2o3xl40671z2732231u322r6,"El Cerrito, CA",US,0.6666666666666666,US8993290,37.9154056,-122.301411
3kv74l3e2v6e2o3xl40671z2732231u322r6,"Berkeley, CA",US,0.3333333333333333,US8993290,37.8708393,-122.272863
3p2i1z4x2s3w2i6m466i69411iq2j661w5f37g,"Palo Alto, CA",US,1.0,US8993305,37.4443293,-122.1598465
j611y4c1v52a2r4327o2j1z5zll491x713i,"Ithaca, NY",US,0.75,US8999668,42.4374175,-76.5483724
j611y4c1v52a2r4327o2j1z5zll491x713i,"Slaterville Springs, NY",US,0.25,US8999668,42.3941292,-76.3464488
6z3q3h4u225x1g6x4d48292gk59726u2sk6a52,"Norfolk, VA",US,0.2,US9005604,36.8493695,-76.2899539
6z3q3h4u225x1g6x4d48292gk59726u2sk6a52,"Newport News, VA",US,0.2,US9005604,36.9775016,-76.42977
6z3q3h4u225x1g6x4d48292gk59726u2sk6a52,"White Marsh, VA",US,0.2,US9005604,37.3423646,-76.5213397
6z3q3h4u225x1g6x4d48292gk59726u2sk6a52,"Durham, NC",US,0.4,US9005604,35.996653,-78.9018053
x3u23635b2b1lh3p4a4774h5l2p3f41584p64,"Framingham, MA",US,0.2,US9006487,42.2773177,-71.4165905
x3u23635b2b1lh3p4a4774h5l2p3f41584p64,"Cambridge, MA",US,0.4,US9006487,42.3656347,-71.1040018
x3u23635b2b1lh3p4a4774h5l2p3f41584p64,"Watertown, MA",US,0.2,US9006487,42.3652576,-71.1843234
x3u23635b2b1lh3p4a4774h5l2p3f41584p64,"Newton, MA",US,0.2,US9006487,42.3300435,-71.194862
666d6me352j1f2v5f2y455r6yv3q133h3x2z2u,Vieux Moulin,FR,0.06666666666666667,US9012227,49.3934299,2.9298714
666d6me352j1f2v5f2y455r6yv3q133h3x2z2u,Nandlstadt,DE,0.06666666666666667,US9012227,48.5370361,11.8043442
666d6me352j1f2v5f2y455r6yv3q133h3x2z2u,Muenster,DE,0.06666666666666667,US9012227,51.9625101,7.6251879
666d6me352j1f2v5f2y455r6yv3q133h3x2z2u,Luedinghausen,DE,0.06666666666666667,US9012227,51.7717757,7.444639
666d6me352j1f2v5f2y455r6yv3q133h3x2z2u,Oer-Erkenschwick,DE,0.06666666666666667,US9012227,51.6398512,7.2605914
666d6me352j1f2v5f2y455r6yv3q133h3x2z2u,Dortmund,DE,0.2,US9012227,51.5142273,7.4652789
666d6me352j1f2v5f2y455r6yv3q133h3x2z2u,Koenigswinter,DE,0.06666666666666667,US9012227,50.6739719,7.1930989
666d6me352j1f2v5f2y455r6yv3q133h3x2z2u,Koeln,DE,0.2,US9012227,50.938361,6.959974
666d6me352j1f2v5f2y455r6yv3q133h3x2z2u,Leverkusen,DE,0.06666666666666667,US9012227,51.0324743,6.9881194
666d6me352j1f2v5f2y455r6yv3q133h3x2z2u,Nettetal,DE,0.06666666666666667,US9012227,51.3155092,6.2714171
666d6me352j1f2v5f2y455r6yv3q133h3x2z2u,Essen,DE,0.06666666666666667,US9012227,51.4582235,7.0158171
6w4c19l2a126l5k652n3d3b2d1m642j4k3g5973,"Stoughton, MA",US,0.2,US8137912,42.1252079,-71.1022015
6w4c19l2a126l5k652n3d3b2d1m642j4k3g5973,"Wellesley Hills, MA",US,0.2,US8137912,42.3105491,-71.277031
6w4c19l2a126l5k652n3d3b2d1m642j4k3g5973,"The Sea Ranch, CA",US,0.2,US8137912,38.7149778,-123.455009
6w4c19l2a126l5k652n3d3b2d1m642j4k3g5973,"San Diego, CA",US,0.2,US8137912,32.7174202,-117.162772
6w4c19l2a126l5k652n3d3b2d1m642j4k3g5973,"Palo Alto, CA",US,0.2,US8137912,37.4443293,-122.1598465
4855p6t12070a1n3g114z612d5063s4vc5h,Oxford,GB,0.5,US9023763,51.7520131,-1.2578499
4855p6t12070a1n3g114z612d5063s4vc5h,Harpenden,GB,0.5,US9023763,51.8145103,-0.3549311
6k2s3f2y311i6h5pcx203a365t4694d6t4q,"Getzville, NY",US,0.5,US9029332,43.0243244,-78.7678332
6k2s3f2y311i6h5pcx203a365t4694d6t4q,"Buffalo, NY",US,0.5,US9029332,42.8864163,-78.8781493
o2p3o61515k6sm563x1c6mt383t63312a1q71,"Kaneohe, HI",US,0.25,US9043158,21.418555,-157.804184
o2p3o61515k6sm563x1c6mt383t63312a1q71,"San Diego, CA",US,0.5,US9043158,32.7174202,-117.162772
o2p3o61515k6sm563x1c6mt383t63312a1q71,"Honolulu, HI",US,0.25,US9043158,21.304547,-157.855676
44652s116n6m24713s62w5l2n236t1y5o2p5x17,Paris,FR,0.6666666666666666,US9044492,48.8534951,2.3483915
44652s116n6m24713s62w5l2n236t1y5o2p5x17,Livry Gargan,FR,0.3333333333333333,US9044492,48.917335,2.5298854
1z5z5181g1s311wq3w3r3m1o3a5x315a1w516i,"Cambridge, MA",US,0.3333333333333333,US9057734,42.3656347,-71.1040018
1z5z5181g1s311wq3w3r3m1o3a5x315a1w516i,"Somerville, MA",US,0.3333333333333333,US9057734,42.3875968,-71.0994968
1z5z5181g1s311wq3w3r3m1o3a5x315a1w516i,"Salt Lake City, UT",US,0.3333333333333333,US9057734,40.7596198,-111.886797
4a4f2w3r5q5d4j5gp3uh5w1a3q59n3v501a58,"Redmond, WA",US,0.125,US8167871,47.6694141,-122.1238767
4a4f2w3r5q5d4j5gp3uh5w1a3q59n3v501a58,"Livermore, CA",US,0.125,US8167871,37.6820583,-121.768053
4a4f2w3r5q5d4j5gp3uh5w1a3q59n3v501a58,"Bellevue, WA",US,0.375,US8167871,47.6144219,-122.192337
4a4f2w3r5q5d4j5gp3uh5w1a3q59n3v501a58,"Newton, MA",US,0.125,US8167871,42.3300435,-71.194862
4a4f2w3r5q5d4j5gp3uh5w1a3q59n3v501a58,"St. Louis, MO",US,0.125,US8167871,38.6254063,-90.190009
4a4f2w3r5q5d4j5gp3uh5w1a3q59n3v501a58,"Seattle, WA",US,0.125,US8167871,47.6038321,-122.330062
lv6p4s5e1i6z3k702i3h401hn3d03ww2i5p,"Kaneohe, HI",US,0.3333333333333333,US9064091,21.418555,-157.804184
lv6p4s5e1i6z3k702i3h401hn3d03ww2i5p,"Honolulu, HI",US,0.3333333333333333,US9064091,21.304547,-157.855676
lv6p4s5e1i6z3k702i3h401hn3d03ww2i5p,Tabriz,IR,0.3333333333333333,US9064091,38.0738612,46.2978789
542o47k562w6j2r6dw716k24654u6p5110n,"Washington, DC",US,0.25,US8932560,38.8950982,-77.0363849
542o47k562w6j2r6dw716k24654u6p5110n,"Baltimore, MD",US,0.25,US8932560,39.2908816,-76.610759
542o47k562w6j2r6dw716k24654u6p5110n,"Columbia, MD",US,0.25,US8932560,39.1938429,-76.8646092
542o47k562w6j2r6dw716k24654u6p5110n,"Silver Spring, MD",US,0.25,US8932560,38.9997621,-77.0240371
3y67265o91c4xo4yk5q474k4b244z1b1t4b6m,"Chevy Chase, MD",US,0.25,US9068993,38.9813699,-77.0849245
3y67265o91c4xo4yk5q474k4b244z1b1t4b6m,"Silver Spring, MD",US,0.25,US9068993,38.9997621,-77.0240371
3y67265o91c4xo4yk5q474k4b244z1b1t4b6m,"Catonsville, MD",US,0.25,US9068993,39.2609922,-76.7455478
3y67265o91c4xo4yk5q474k4b244z1b1t4b6m,"Washington, DC",US,0.25,US9068993,38.8950982,-77.0363849
2w3a8b4u4j50573v636x672rq11o2e4u64c,"Cambridge, MA",US,0.6666666666666666,US9074009,42.3656347,-71.1040018
2w3a8b4u4j50573v636x672rq11o2e4u64c,"Newton, MA",US,0.3333333333333333,US9074009,42.3300435,-71.194862
3m2x6k2w514p2n1g94u4w3o1p4o233i601r6s,"Brookline, MA",US,0.6666666666666666,US9074199,42.332918,-71.1187829
3m2x6k2w514p2n1g94u4w3o1p4o233i601r6s,"Dallas, TX",US,0.3333333333333333,US9074199,32.7762719,-96.7968559
714kxt2x3a6s255c431g6n533v6o5r461v5i71,Visp,CH,0.3333333333333333,US9074228,46.2913113,7.8811918
714kxt2x3a6s255c431g6n533v6o5r461v5i71,Greifswald,DE,0.3333333333333333,US9074228,54.095791,13.3815238
714kxt2x3a6s255c431g6n533v6o5r461v5i71,Bandelin,DE,0.3333333333333333,US9074228,53.9638082,13.3738268
253y4wy186hn6n544p732o50406s3u3l581f1e,"Mesa, AZ",US,0.5,US9076972,33.4151005,-111.831455
253y4wy186hn6n544p732o50406s3u3l581f1e,"Apache Junction, AZ",US,0.5,US9076972,33.4150485,-111.549577
4m205k6760565c26w5w6v611he6h432f6ho2s,Daejeon,KR,0.5,US9090928,36.3497007,127.3849016
4m205k6760565c26w5w6v611he6h432f6ho2s,"Guilford, CT",US,0.5,US9090928,41.2827593,-72.6816365
2m73a184v5k1q4q2e4m732ef4c2i6m2r3yi6l,"Berkeley, CA",US,1.0,US9096859,37.8708393,-122.272863
575y6z2i6e2n4o6x1um653w3r575o1g633z6cj,"Lyme, NH",US,0.05555555555555555,US9102955,43.8103534,-72.1551022
575y6z2i6e2n4o6x1um653w3r575o1g633z6cj,"Lebanon, NH",US,0.2777777777777778,US9102955,43.643032,-72.251587
575y6z2i6e2n4o6x1um653w3r575o1g633z6cj,"Grantham, NH",US,0.05555555555555555,US9102955,43.4899555,-72.1370166
575y6z2i6e2n4o6x1um653w3r575o1g633z6cj,"Canaan, NH",US,0.05555555555555555,US9102955,43.6465313,-72.0119915
575y6z2i6e2n4o6x1um653w3r575o1g633z6cj,"Dublin, CA",US,0.05555555555555555,US9102955,37.7021521,-121.9357918
575y6z2i6e2n4o6x1um653w3r575o1g633z6cj,Durbanville,ZA,0.05555555555555555,US9102955,-33.8402778,18.6494444
575y6z2i6e2n4o6x1um653w3r575o1g633z6cj,Helsinki,FI,0.2222222222222222,US9102955,60.1666204,24.9435408
575y6z2i6e2n4o6x1um653w3r575o1g633z6cj,Espoo,FI,0.05555555555555555,US9102955,60.2049651,24.6559808
575y6z2i6e2n4o6x1um653w3r575o1g633z6cj,"Cambridge, MA",US,0.05555555555555555,US9102955,42.3656347,-71.1040018
575y6z2i6e2n4o6x1um653w3r575o1g633z6cj,"Newport, NH",US,0.05555555555555555,US9102955,43.3653447,-72.1974318
575y6z2i6e2n4o6x1um653w3r575o1g633z6cj,Siuntio,FI,0.05555555555555555,US9102955,60.1389621,24.2265355
1j32z5h6p362l1o3f21311o66lu331p3u1f39,Suwon-si,KR,0.4,US9121042,37.2633325,127.0287472
1j32z5h6p362l1o3f21311o66lu331p3u1f39,"Suwon-si, Gyeonggi-do",KR,0.2,US9121042,37.2633325,127.0287472
1j32z5h6p362l1o3f21311o66lu331p3u1f39,Yongin-si,KR,0.2,US9121042,37.2405741,127.1785572
1j32z5h6p362l1o3f21311o66lu331p3u1f39,"Yongin-si, Gyeonggi-do",KR,0.2,US9121042,37.2405741,127.1785572
6u2u6x171x4u3m1p66v4v4t1k6q4t2lay96u,Vic-Le-Comte,FR,0.3333333333333333,US9121043,45.6433495,3.2433311
6u2u6x171x4u3m1p66v4v4t1k6q4t2lay96u,Le Crest,FR,0.3333333333333333,US9121043,45.6868295,3.1277664
6u2u6x171x4u3m1p66v4v4t1k6q4t2lay96u,Deyme,FR,0.3333333333333333,US9121043,43.478179,1.5264609
1z6i5v4m6i6i3w72cz3b1uc8103n4o635t2n,"Cambridge, MA",US,0.6666666666666666,US9121847,42.3656347,-71.1040018
1z6i5v4m6i6i3w72cz3b1uc8103n4o635t2n,"Somerville, MA",US,0.3333333333333333,US9121847,42.3875968,-71.0994968
x1i3ab5he2j4p55q6b1k3q5t4m132vr4kh,"Cambridge, MA",US,0.5,US9125931,42.3656347,-71.1040018
x1i3ab5he2j4p55q6b1k3q5t4m132vr4kh,"Berkeley, CA",US,0.25,US9125931,37.8708393,-122.272863
x1i3ab5he2j4p55q6b1k3q5t4m132vr4kh,"Arlington, MA",US,0.25,US9125931,42.4153739,-71.1564428
2r5m6u2h65r5b2w311624h474z63154w153te,"Chicago, IL",US,1.0,US9127293,41.8755616,-87.6244212
94n194q6m4j6z645r16w53a3p6v204n6y1730,"Yardley, PA",US,0.5,US9133486,40.242506,-74.8389704
94n194q6m4j6z645r16w53a3p6v204n6y1730,"Menlo Park, CA",US,0.5,US9133486,37.4519671,-122.177992
2p1u5s485w585oxh6bf655r1d6k736har27,"San Diego, CA",US,0.14285714285714285,US9140765,32.7174202,-117.162772
2p1u5s485w585oxh6bf655r1d6k736har27,San Giovanni la Punta,IT,0.14285714285714285,US9140765,37.5774071,15.094215
2p1u5s485w585oxh6bf655r1d6k736har27,Aci Catena,IT,0.14285714285714285,US9140765,37.60257,15.1419604
2p1u5s485w585oxh6bf655r1d6k736har27,Ragusa,IT,0.14285714285714285,US9140765,36.9256833,14.7307456
2p1u5s485w585oxh6bf655r1d6k736har27,Siracusa,IT,0.14285714285714285,US9140765,37.0315752,15.2124277
2p1u5s485w585oxh6bf655r1d6k736har27,Coventry,GB,0.2857142857142857,US9140765,52.4081812,-1.510477
4r6n3o2k4265r6ad4j4m73136x4473464u13,"Lexington, MA",US,0.3333333333333333,US9150631,42.4473175,-71.2245003
4r6n3o2k4265r6ad4j4m73136x4473464u13,"Cambridge, MA",US,0.3333333333333333,US9150631,42.3656347,-71.1040018
4r6n3o2k4265r6ad4j4m73136x4473464u13,"Boston, MA",US,0.3333333333333333,US9150631,42.3588336,-71.0578303
1w1o6b2v215z1h6qi6s453yd6v1s4y1da5b3g,Juelich,DE,0.75,US9150827,50.9220931,6.3611015
1w1o6b2v215z1h6qi6s453yd6v1s4y1da5b3g,Oerlinghausen,DE,0.25,US9150827,51.9604088,8.6638732
5v5f54304l6j21t6u6b2x22305t1y4j4t3e3ga,Vienna,AT,1.0,US9150870,48.2083537,16.3725042
s4182c5f2125729546p32t515x1x22152527,"Burlington, MA",US,1.0,US7678894,42.5048167,-71.1956111
644b131s1z0485p3u726hi3l312x4q203o6a2,"Newton, MA",US,0.16666666666666666,US9163330,42.3300435,-71.194862
644b131s1z0485p3u726hi3l312x4q203o6a2,Dortmund,DE,0.16666666666666666,US9163330,51.5142273,7.4652789
644b131s1z0485p3u726hi3l312x4q203o6a2,"La Jolla, CA",US,0.16666666666666666,US9163330,32.8458529,-117.2575702
644b131s1z0485p3u726hi3l312x4q203o6a2,"Jamaica Plain, MA",US,0.16666666666666666,US9163330,42.3116046,-71.1143838
644b131s1z0485p3u726hi3l312x4q203o6a2,"Cambridge, MA",US,0.3333333333333333,US9163330,42.3656347,-71.1040018
47b492w5s3k4q5rwf1z275k5p455657671u2d,"Newark, CA",US,0.2,US9175348,37.5296593,-122.0402399
47b492w5s3k4q5rwf1z275k5p455657671u2d,"Chicago, IL",US,0.6,US9175348,41.8755616,-87.6244212
47b492w5s3k4q5rwf1z275k5p455657671u2d,"Menlo Park, CA",US,0.2,US9175348,37.4519671,-122.177992
5a1rh353c541c5d3q663i413z4323v6ry243v,Gyeongsangbuk-do,KR,0.3333333333333333,US9187537,36.5754,128.5058
5a1rh353c541c5d3q663i413z4323v6ry243v,Seoul,KR,0.6666666666666666,US9187537,37.5666791,126.9782914
5121d4rj3j1u4x5ih3x385h5bm6gk4j555p,"Gainesville, FL",US,1.0,US9187757,29.6519684,-82.3249846
4a2l2n2v6h1p68t4zu56635i4v446j54p6n69,"Cambridge, MA",US,0.25,US9193827,42.3656347,-71.1040018
4a2l2n2v6h1p68t4zu56635i4v446j54p6n69,"Irvine, CA",US,0.25,US9193827,33.6856969,-117.825981
4a2l2n2v6h1p68t4zu56635i4v446j54p6n69,"Newton, MA",US,0.25,US9193827,42.3300435,-71.194862
4a2l2n2v6h1p68t4zu56635i4v446j54p6n69,"Sudbury, MA",US,0.25,US9193827,42.3834278,-71.4161725
4p2f3s3y4105j3i6i5l3t1o5b1c48c16b4k2y,"Newton, MA",US,0.5,US9198568,42.3300435,-71.194862
4p2f3s3y4105j3i6i5l3t1o5b1c48c16b4k2y,"Weston, MA",US,0.25,US9198568,42.3667625,-71.3031132
4p2f3s3y4105j3i6i5l3t1o5b1c48c16b4k2y,"Malden, MA",US,0.25,US9198568,42.4268484,-71.0683741
2vm3j2b4l23353z6v2o5l4f5f1e1w1i69191c66,Muenster,DE,0.18181818181818182,US9200043,51.9625101,7.6251879
2vm3j2b4l23353z6v2o5l4f5f1e1w1i69191c66,Dortmund,DE,0.36363636363636365,US9200043,51.5142273,7.4652789
2vm3j2b4l23353z6v2o5l4f5f1e1w1i69191c66,Marl,DE,0.09090909090909091,US9200043,51.6485843,7.0829054
2vm3j2b4l23353z6v2o5l4f5f1e1w1i69191c66,Herten,DE,0.09090909090909091,US9200043,51.5942009,7.1368071
2vm3j2b4l23353z6v2o5l4f5f1e1w1i69191c66,Kopenhagen N,DK,0.09090909090909091,US9200043,55.6867243,12.5700724
2vm3j2b4l23353z6v2o5l4f5f1e1w1i69191c66,Haltern am See,DE,0.09090909090909091,US9200043,51.7430516,7.187221
2vm3j2b4l23353z6v2o5l4f5f1e1w1i69191c66,Luedinghausen,DE,0.09090909090909091,US9200043,51.7717757,7.444639
252w5c353c1gkt5x155jo4qs2s6m5nq4c70,Beijing,CN,0.8571428571428571,US9200306,39.9057136,116.3912972
252w5c353c1gkt5x155jo4qs2s6m5nq4c70,Tianjin,CN,0.14285714285714285,US9200306,39.3032619,117.4163641
6k53225570341w4q684z2c3x564d1y2c555w3f5i,"Santa Barbara, CA",US,0.3333333333333333,US9200382,34.4221319,-119.702667
6k53225570341w4q684z2c3x564d1y2c555w3f5i,"Goleta, CA",US,0.3333333333333333,US9200382,34.4358295,-119.8276389
6k53225570341w4q684z2c3x564d1y2c555w3f5i,Vancouver,CA,0.3333333333333333,US9200382,49.2608724,-123.113952
1p13t1x6h64v1y5o1j4m666qt3o3u6l204r9,"Lebanon, NH",US,0.37037037037037035,US9206444,43.643032,-72.251587
1p13t1x6h64v1y5o1j4m666qt3o3u6l204r9,"Lyme, NH",US,0.037037037037037035,US9206444,43.8103534,-72.1551022
1p13t1x6h64v1y5o1j4m666qt3o3u6l204r9,"Danbury, NH",US,0.037037037037037035,US9206444,43.526149,-71.862259
1p13t1x6h64v1y5o1j4m666qt3o3u6l204r9,"Hanover, NH",US,0.037037037037037035,US9206444,43.7023545,-72.2892164
1p13t1x6h64v1y5o1j4m666qt3o3u6l204r9,"Rancho Santa Fe, CA",US,0.037037037037037035,US9206444,33.0242314,-117.1979781
1p13t1x6h64v1y5o1j4m666qt3o3u6l204r9,"White River Junction, VT",US,0.07407407407407407,US9206444,43.6505307,-72.3309258
1p13t1x6h64v1y5o1j4m666qt3o3u6l204r9,"Hopkinton, NH",US,0.037037037037037035,US9206444,43.191595,-71.6748735
1p13t1x6h64v1y5o1j4m666qt3o3u6l204r9,"Bradford, VT",US,0.037037037037037035,US9206444,43.9924278,-72.1294525
1p13t1x6h64v1y5o1j4m666qt3o3u6l204r9,"Newport, NH",US,0.037037037037037035,US9206444,43.3653447,-72.1974318
1p13t1x6h64v1y5o1j4m666qt3o3u6l204r9,"South Strafford, VT",US,0.037037037037037035,US9206444,43.8352785,-72.365507
1p13t1x6h64v1y5o1j4m666qt3o3u6l204r9,"Grantham, NH",US,0.037037037037037035,US9206444,43.4899555,-72.1370166
1p13t1x6h64v1y5o1j4m666qt3o3u6l204r9,Vierlanden,ZA,0.037037037037037035,US9206444,-33.8134647,18.6576526
1p13t1x6h64v1y5o1j4m666qt3o3u6l204r9,"Nashua, NH",US,0.037037037037037035,US9206444,42.7656251,-71.4677032
1p13t1x6h64v1y5o1j4m666qt3o3u6l204r9,Courbevoie,FR,0.037037037037037035,US9206444,48.8953328,2.2561602
1p13t1x6h64v1y5o1j4m666qt3o3u6l204r9,"Canaan, NH",US,0.037037037037037035,US9206444,43.6465313,-72.0119915
1p13t1x6h64v1y5o1j4m666qt3o3u6l204r9,"Berkley, CA",US,0.037037037037037035,US9206444,37.8101986,-122.273358
1p13t1x6h64v1y5o1j4m666qt3o3u6l204r9,"West Lebanon, NH",US,0.037037037037037035,US9206444,43.6482811,-72.3102794
3i374d253s2w5q5s6r5x692e4l3w1p3w6e3a6a70,"Chestnut Hill, MA",US,0.07692307692307693,US8790400,42.3234553,-71.1639439
3i374d253s2w5q5s6r5x692e4l3w1p3w6e3a6a70,"Columbia, MO",US,0.07692307692307693,US8790400,38.951883,-92.3337366
3i374d253s2w5q5s6r5x692e4l3w1p3w6e3a6a70,"Bellevue, WA",US,0.15384615384615385,US8790400,47.6144219,-122.192337
3i374d253s2w5q5s6r5x692e4l3w1p3w6e3a6a70,"Redmond, WA",US,0.07692307692307693,US8790400,47.6694141,-122.1238767
3i374d253s2w5q5s6r5x692e4l3w1p3w6e3a6a70,"Newton, MA",US,0.07692307692307693,US8790400,42.3300435,-71.194862
3i374d253s2w5q5s6r5x692e4l3w1p3w6e3a6a70,"St. Louis, MO",US,0.3076923076923077,US8790400,38.6254063,-90.190009
3i374d253s2w5q5s6r5x692e4l3w1p3w6e3a6a70,"Chesapeake, VA",US,0.07692307692307693,US8790400,36.7168315,-76.2494453
3i374d253s2w5q5s6r5x692e4l3w1p3w6e3a6a70,"Phoenix, AZ",US,0.07692307692307693,US8790400,33.4484367,-112.074141
3i374d253s2w5q5s6r5x692e4l3w1p3w6e3a6a70,"Seattle, WA",US,0.07692307692307693,US8790400,47.6038321,-122.330062
44181t615n701835613g392c574u5a5l3m696o5c,"Newton, MA",US,0.5,US9216188,42.3300435,-71.194862
44181t615n701835613g392c574u5a5l3m696o5c,"Weston, MA",US,0.25,US9216188,42.3667625,-71.3031132
44181t615n701835613g392c574u5a5l3m696o5c,"Malden, MA",US,0.25,US9216188,42.4268484,-71.0683741
1p5v3gew6j6h15v4ku5m2q72323p5e705x3i,Milano,IT,0.3333333333333333,US9217129,45.4641943,9.1896346
1p5v3gew6j6h15v4ku5m2q72323p5e705x3i,"Lexington, MA",US,0.3333333333333333,US9217129,42.4473175,-71.2245003
1p5v3gew6j6h15v4ku5m2q72323p5e705x3i,"Newton, MA",US,0.3333333333333333,US9217129,42.3300435,-71.194862
4a5u1b5x2e215u2k2c5g5a6l4l3p5758523p4j42,"Pasadena, CA",US,0.5,US9217151,34.1476507,-118.144155
4a5u1b5x2e215u2k2c5g5a6l4l3p5758523p4j42,"South Pasadena, CA",US,0.5,US9217151,34.1133062,-118.1478291
2f4h4s461u103z55x3v5n03v56l291a5h1r3u,Halle/Saale,DE,1.0,US9228192,51.4824354,11.9712985
5n85q4y1k3x162g675ro716z4g6x713ax58m,"Phoenix, AZ",US,0.25,US9234197,33.4484367,-112.074141
5n85q4y1k3x162g675ro716z4g6x713ax58m,"Tempe, AZ",US,0.25,US9234197,33.4255117,-111.940016
5n85q4y1k3x162g675ro716z4g6x713ax58m,"Glendale, AZ",US,0.25,US9234197,33.5386858,-112.185994
5n85q4y1k3x162g675ro716z4g6x713ax58m,"Mesa, AZ",US,0.25,US9234197,33.4151005,-111.831455
6o3v4b85t41496fz4c423g2ye3w132p58523g,"Cambridge, MA",US,0.2,US9238716,42.3656347,-71.1040018
6o3v4b85t41496fz4c423g2ye3w132p58523g,"Newton, MA",US,0.4,US9238716,42.3300435,-71.194862
6o3v4b85t41496fz4c423g2ye3w132p58523g,"Sudbury, MA",US,0.2,US9238716,42.3834278,-71.4161725
6o3v4b85t41496fz4c423g2ye3w132p58523g,"Somerville, MA",US,0.2,US9238716,42.3875968,-71.0994968
i36d5w491p6cz482l604z5q5m5q4v3j244t2y,"Fort Lee, NJ",US,0.3333333333333333,US9243024,40.8509333,-73.9701382
i36d5w491p6cz482l604z5q5m5q4v3j244t2y,"New York, NY",US,0.3333333333333333,US9243024,40.7127281,-74.0060152
i36d5w491p6cz482l604z5q5m5q4v3j244t2y,"Hackensack, NJ",US,0.3333333333333333,US9243024,40.8870781,-74.0410667
4d6i4w5x4ux3k702j4d6u3i2w3135666t2s4354,Strasbourg,FR,0.125,US9243030,48.584614,7.7507127
4d6i4w5x4ux3k702j4d6u3i2w3135666t2s4354,Wolfisheim,FR,0.125,US9243030,48.5875517,7.6672188
4d6i4w5x4ux3k702j4d6u3i2w3135666t2s4354,Villecresnes,FR,0.125,US9243030,48.7208822,2.5327265
4d6i4w5x4ux3k702j4d6u3i2w3135666t2s4354,Mulhouse,FR,0.125,US9243030,47.7467233,7.3389937
4d6i4w5x4ux3k702j4d6u3i2w3135666t2s4354,Strasbourrg,FR,0.125,US9243030,,
4d6i4w5x4ux3k702j4d6u3i2w3135666t2s4354,Wahlenheim,FR,0.125,US9243030,48.76465,7.6845613
4d6i4w5x4ux3k702j4d6u3i2w3135666t2s4354,IIIkirch Grafenstaden,FR,0.125,US9243030,,
4d6i4w5x4ux3k702j4d6u3i2w3135666t2s4354,El Metn,LB,0.125,US9243030,33.845879,35.6526798
wc4f33d5q445r1r4t705di295kx3q5j3d46,"Rockwood, TN",US,1.0,US9249442,35.8656284,-84.68494
6k1n4aw1s6n6c2p28n4q6v6f1n73k2m4p1322,"Englewood Cliffs, NJ",US,0.14285714285714285,US9250169,40.8853773,-73.9523597
6k1n4aw1s6n6c2p28n4q6v6f1n73k2m4p1322,"New York, NY",US,0.42857142857142855,US9250169,40.7127281,-74.0060152
6k1n4aw1s6n6c2p28n4q6v6f1n73k2m4p1322,"Richmond, VA",US,0.14285714285714285,US9250169,37.5385087,-77.43428
6k1n4aw1s6n6c2p28n4q6v6f1n73k2m4p1322,Suzhou,CN,0.14285714285714285,US9250169,31.311123,120.6212881
6k1n4aw1s6n6c2p28n4q6v6f1n73k2m4p1322,"Fort Lee, NJ",US,0.14285714285714285,US9250169,40.8509333,-73.9701382
4p6y632rv1v8p315k393w564z3b1z6d6b5n3f,Bangalore,IN,1.0,US9250252,12.9767936,77.590082
1432464gg6r2l48521b4w54682c4mb10vs41,"Madison, WI",US,1.0,US9255122,43.07469,-89.3841663
30w32205l4s695f16134q5e1m5b6h3yj6x1d23,"Mountain View, CA",US,0.3333333333333333,US9255255,37.3893889,-122.0832101
30w32205l4s695f16134q5e1m5b6h3yj6x1d23,"Menlo Park, CA",US,0.3333333333333333,US9255255,37.4519671,-122.177992
30w32205l4s695f16134q5e1m5b6h3yj6x1d23,"Palo Alto, CA",US,0.3333333333333333,US9255255,37.4443293,-122.1598465
5zs5n1l1n4j8664y71716p3z5b4z4xz6119j,Zons/Dormagen,DE,0.14285714285714285,US9260706,51.114421,6.7998152
5zs5n1l1n4j8664y71716p3z5b4z4xz6119j,Haan,DE,0.14285714285714285,US9260706,51.1954956,7.0085328
5zs5n1l1n4j8664y71716p3z5b4z4xz6119j,Duesseldorf,DE,0.2857142857142857,US9260706,51.2254018,6.7763137
5zs5n1l1n4j8664y71716p3z5b4z4xz6119j,Erkrath,DE,0.14285714285714285,US9260706,51.2209866,6.9056079
5zs5n1l1n4j8664y71716p3z5b4z4xz6119j,Aachen,DE,0.14285714285714285,US9260706,50.776351,6.083862
5zs5n1l1n4j8664y71716p3z5b4z4xz6119j,Kelmis-Hergenrath,BE,0.14285714285714285,US9260706,50.7066644,6.0307471
2l3k3a1n4x181y6p2q1rz401a61412d4r334m5z,"Cambridge, MA",US,0.35714285714285715,US9261496,42.3656347,-71.1040018
2l3k3a1n4x181y6p2q1rz401a61412d4r334m5z,"Newton, MA",US,0.07142857142857142,US9261496,42.3300435,-71.194862
2l3k3a1n4x181y6p2q1rz401a61412d4r334m5z,"Cleveland, OH",US,0.07142857142857142,US9261496,41.4996574,-81.6936772
2l3k3a1n4x181y6p2q1rz401a61412d4r334m5z,Seoul,KR,0.07142857142857142,US9261496,37.5666791,126.9782914
2l3k3a1n4x181y6p2q1rz401a61412d4r334m5z,"Brookline, MA",US,0.07142857142857142,US9261496,42.332918,-71.1187829
2l3k3a1n4x181y6p2q1rz401a61412d4r334m5z,"Palo Alto, CA",US,0.07142857142857142,US9261496,37.4443293,-122.1598465
2l3k3a1n4x181y6p2q1rz401a61412d4r334m5z,"Salt Lake City, UT",US,0.07142857142857142,US9261496,40.7596198,-111.886797
2l3k3a1n4x181y6p2q1rz401a61412d4r334m5z,Singapore,SG,0.14285714285714285,US9261496,1.2899175,103.8519072
2l3k3a1n4x181y6p2q1rz401a61412d4r334m5z,Lausanne Vaud,CH,0.07142857142857142,US9261496,46.521842,6.6041135
k515a31g624v64k3b1a3s215n3y4e1u49125c,"Brookline, MA",US,0.3333333333333333,US9267135,42.332918,-71.1187829
k515a31g624v64k3b1a3s215n3y4e1u49125c,"Somerville, MA",US,0.3333333333333333,US9267135,42.3875968,-71.0994968
k515a31g624v64k3b1a3s215n3y4e1u49125c,"Cambridge, MA",US,0.3333333333333333,US9267135,42.3656347,-71.1040018
73q3f1e5br4c602f1m1u1v1zg1ma4h6l3w35,Mobara-shi Chiba,JP,0.1,US9267156,35.4285094,140.2880753
73q3f1e5br4c602f1m1u1v1zg1ma4h6l3w35,Yokohama-shi,JP,0.1,US9267156,35.4503381,139.6343802
73q3f1e5br4c602f1m1u1v1zg1ma4h6l3w35,Chiba-shi,JP,0.2,US9267156,35.6070629,140.1062653
73q3f1e5br4c602f1m1u1v1zg1ma4h6l3w35,Taito-ku,JP,0.1,US9267156,35.7125805,139.7800712
73q3f1e5br4c602f1m1u1v1zg1ma4h6l3w35,Mobara-shi,JP,0.2,US9267156,35.4285094,140.2880753
73q3f1e5br4c602f1m1u1v1zg1ma4h6l3w35,Ibaraki-shi,JP,0.2,US9267156,34.8161302,135.5685528
73q3f1e5br4c602f1m1u1v1zg1ma4h6l3w35,Minoh-shi,JP,0.1,US9267156,34.8269554,135.4704617
3m5p3t6c1b436i3z3ig64pk1y3tl4q352o51,Chestnut Hill,,0.3333333333333333,US7723469,42.3234553,-71.1639439
3m5p3t6c1b436i3z3ig64pk1y3tl4q352o51,Weston,,0.3333333333333333,US7723469,51.3471927,-2.9778916
3m5p3t6c1b436i3z3ig64pk1y3tl4q352o51,Newton,,0.3333333333333333,US7723469,30.8118989,-93.740504
4g613b1a3c321i5x5x3v393t1v1o4v605ib5m2y,Suwon,KR,0.14285714285714285,US9274108,37.2633325,127.0287472
4g613b1a3c321i5x5x3v393t1v1o4v605ib5m2y,"Emeryville, CA",US,0.14285714285714285,US9274108,37.8314089,-122.2865266
4g613b1a3c321i5x5x3v393t1v1o4v605ib5m2y,"Watertown, MA",US,0.14285714285714285,US9274108,42.3652576,-71.1843234
4g613b1a3c321i5x5x3v393t1v1o4v605ib5m2y,"Middle Island, NY",US,0.14285714285714285,US9274108,40.879243,-72.9401357
4g613b1a3c321i5x5x3v393t1v1o4v605ib5m2y,"Cambridge, MA",US,0.14285714285714285,US9274108,42.3656347,-71.1040018
4g613b1a3c321i5x5x3v393t1v1o4v605ib5m2y,"Lexington, MA",US,0.14285714285714285,US9274108,42.4473175,-71.2245003
4g613b1a3c321i5x5x3v393t1v1o4v605ib5m2y,"Newton, MA",US,0.14285714285714285,US9274108,42.3300435,-71.194862
1x3qc166s1v2k4n5e1v451wn391z2q281j2c5h,"Tempe, AZ",US,0.16666666666666666,US8436637,33.4255117,-111.940016
1x3qc166s1v2k4n5e1v451wn391z2q281j2c5h,"Boston, MA",US,0.3333333333333333,US8436637,42.3588336,-71.0578303
1x3qc166s1v2k4n5e1v451wn391z2q281j2c5h,Mohall,IN,0.16666666666666666,US8436637,34.0984995,74.8277751
1x3qc166s1v2k4n5e1v451wn391z2q281j2c5h,"San Diego, CA",US,0.16666666666666666,US8436637,32.7174202,-117.162772
1x3qc166s1v2k4n5e1v451wn391z2q281j2c5h,Chennai,IN,0.16666666666666666,US8436637,13.0836939,80.270186
5f2yr4d66435502w2l224212s6tr2i29t1o,"Potomac, MD",US,0.16666666666666666,US9278090,39.0180508,-77.1956331
5f2yr4d66435502w2l224212s6tr2i29t1o,"Bethesda, MD",US,0.3333333333333333,US9278090,38.9812726,-77.1233587
5f2yr4d66435502w2l224212s6tr2i29t1o,"Washington, DC",US,0.16666666666666666,US9278090,38.8950982,-77.0363849
5f2yr4d66435502w2l224212s6tr2i29t1o,"Rockville, MD",US,0.16666666666666666,US9278090,39.0817985,-77.1516844
5f2yr4d66435502w2l224212s6tr2i29t1o,"Damascus, MD",US,0.16666666666666666,US9278090,39.2694729,-77.1968886
s1g1r574z6g1i3x6p431e6t22j4164w3xl6p,"San Francisco, CA",US,0.5,US9284604,37.7879363,-122.4075201
s1g1r574z6g1i3x6p431e6t22j4164w3xl6p,"Cambridge, MA",US,0.5,US9284604,42.3656347,-71.1040018
6k6m61l1n5p5e243o6zak2z1ap6ei25860,"Palo Alto, CA",US,0.5,US9296792,37.4443293,-122.1598465
6k6m61l1n5p5e243o6zak2z1ap6ei25860,"Menlo Park, CA",US,0.5,US9296792,37.4519671,-122.177992
152m6m1a3j4s201e621b1f173i2y1f1zk4fy5d,"GAINESVILLE, FL",US,1.0,US9297041,29.6519684,-82.3249846
3i382r5524i61281w2y483tm6v5h6i1t57314y,Heverlee,BE,0.5,US9301961,50.8645908,4.6937736
3i382r5524i61281w2y483tm6v5h6i1t57314y,Leuven,BE,0.16666666666666666,US9301961,50.879202,4.7011675
3i382r5524i61281w2y483tm6v5h6i1t57314y,Diest,BE,0.16666666666666666,US9301961,50.9844318,5.0504341
3i382r5524i61281w2y483tm6v5h6i1t57314y,Rotselaar,BE,0.16666666666666666,US9301961,50.9514713,4.7094054
2r6f6n1j186v695c54576y2k3v1e6u2l403w4q6f,"Newark, DE",US,0.4,US7851188,39.6828358,-75.7515682
2r6f6n1j186v695c54576y2k3v1e6u2l403w4q6f,"Wilmington, DE",US,0.6,US7851188,39.7459468,-75.546589
511w3l24r69536l3a42d326d3q1f3x686857,"Natick, MA",US,0.125,US9315472,42.2836393,-71.346996
511w3l24r69536l3a42d326d3q1f3x686857,"Cambridge, MA",US,0.5,US9315472,42.3656347,-71.1040018
511w3l24r69536l3a42d326d3q1f3x686857,"Somerville, MA",US,0.125,US9315472,42.3875968,-71.0994968
511w3l24r69536l3a42d326d3q1f3x686857,"Newton, MA",US,0.125,US9315472,42.3300435,-71.194862
511w3l24r69536l3a42d326d3q1f3x686857,"Sudbury, MA",US,0.125,US9315472,42.3834278,-71.4161725
153r5q3y632t4pe5j5k4471344h1t722hp13v,"Charlestown, MA",US,0.5,US9315806,42.3778749,-71.0619957
153r5q3y632t4pe5j5k4471344h1t722hp13v,"Cambridge, MA",US,0.5,US9315806,42.3656347,-71.1040018
3m6i6u1y44528491n6l4k35w2a534k4y1z3yg,"Palo Alto, CA",US,0.5714285714285714,US9315831,37.4443293,-122.1598465
3m6i6u1y44528491n6l4k35w2a534k4y1z3yg,Shanghai,CN,0.07142857142857142,US9315831,31.2312707,121.4700152
3m6i6u1y44528491n6l4k35w2a534k4y1z3yg,Leiden,NL,0.07142857142857142,US9315831,52.1594747,4.4908843
3m6i6u1y44528491n6l4k35w2a534k4y1z3yg,"North Liberty, IA",US,0.07142857142857142,US9315831,41.7478297,-91.6064397
3m6i6u1y44528491n6l4k35w2a534k4y1z3yg,"Castro Valley, CA",US,0.07142857142857142,US9315831,37.713606,-122.0715658
3m6i6u1y44528491n6l4k35w2a534k4y1z3yg,"Beloit, WI",US,0.07142857142857142,US9315831,42.5083272,-89.031784
3m6i6u1y44528491n6l4k35w2a534k4y1z3yg,Wuxi,CN,0.07142857142857142,US9315831,31.5776626,120.2952752
1p3g3y5d4v621w60294j6up4j1033511h2g453v,Trondheim,NO,0.23076923076923078,US9322000,63.4304475,10.3952118
1p3g3y5d4v621w60294j6up4j1033511h2g453v,AV Groningen,NL,0.15384615384615385,US9322000,53.2190652,6.5680077
1p3g3y5d4v621w60294j6up4j1033511h2g453v,Zürich,CH,0.3076923076923077,US9322000,47.3744489,8.5410422
1p3g3y5d4v621w60294j6up4j1033511h2g453v,Bielefeld,DE,0.15384615384615385,US9322000,52.0191005,8.531007
1p3g3y5d4v621w60294j6up4j1033511h2g453v,Balma,FR,0.07692307692307693,US9322000,43.6096587,1.4980089
1p3g3y5d4v621w60294j6up4j1033511h2g453v,Pibrac,FR,0.07692307692307693,US9322000,43.6184665,1.2849684
4b183f4u1p2i6k292v2m5y4l2673f1q300gj,"La Canada, CA",US,0.5,US9322007,33.7301661,-117.7638553
4b183f4u1p2i6k292v2m5y4l2673f1q300gj,"Pasadena, CA",US,0.5,US9322007,34.1476507,-118.144155
1wt396l4c5zp2a4q5n3h6f643q5u6e1217w31,"Ithaca, NY",US,1.0,US9322023,42.4374175,-76.5483724
2h1tn64a1x3419f1i04s523x471b6h1y3g42,"Chestnut Hill, MA",US,0.16666666666666666,US9333163,42.3234553,-71.1639439
2h1tn64a1x3419f1i04s523x471b6h1y3g42,"Brookline, MA",US,0.16666666666666666,US9333163,42.332918,-71.1187829
2h1tn64a1x3419f1i04s523x471b6h1y3g42,"Cambridge, MA",US,0.3333333333333333,US9333163,42.3656347,-71.1040018
2h1tn64a1x3419f1i04s523x471b6h1y3g42,"San Diego, CA",US,0.16666666666666666,US9333163,32.7174202,-117.162772
2h1tn64a1x3419f1i04s523x471b6h1y3g42,"Newton, MA",US,0.16666666666666666,US9333163,42.3300435,-71.194862
6a3g5v5w1cvh45123l2y3n6y3h2e4a6w6r5i3a,"Gainesville, FL",US,1.0,US9334534,29.6519684,-82.3249846
4h302a3i214o3w1a5l0h2o281k282x5a46706l,"Gainesville, FL",US,0.16666666666666666,US7959929,29.6519684,-82.3249846
4h302a3i214o3w1a5l0h2o281k282x5a46706l,"Ithaca, NY",US,0.08333333333333333,US7959929,42.4374175,-76.5483724
4h302a3i214o3w1a5l0h2o281k282x5a46706l,"Atlanta, GA",US,0.3333333333333333,US7959929,33.7544657,-84.3898151
4h302a3i214o3w1a5l0h2o281k282x5a46706l,"Millsboro, DE",US,0.16666666666666666,US7959929,38.5915023,-75.2913018
4h302a3i214o3w1a5l0h2o281k282x5a46706l,Boxmeer,NL,0.08333333333333333,US7959929,51.6486483,5.9450972
4h302a3i214o3w1a5l0h2o281k282x5a46706l,"Desoto, KS",US,0.08333333333333333,US7959929,39.258196,-94.9187943
4h302a3i214o3w1a5l0h2o281k282x5a46706l,"Gainsville, FL",US,0.08333333333333333,US7959929,29.6194176,-82.3601179
4vg5a5q383b2y4j175g6z3w51n5g20425s2h7,Minato-ku,JP,0.6666666666666666,US9346740,35.6580089,139.7515137
4vg5a5q383b2y4j175g6z3w51n5g20425s2h7,Nagoya-shi,JP,0.3333333333333333,US9346740,35.1851045,136.8998438
1b96ip2b5o564k6t656z63s2w2b1cm3b153n,"Bellefonte, PA",US,0.16666666666666666,US9346902,40.9134862,-77.7737471
1b96ip2b5o564k6t656z63s2w2b1cm3b153n,"San Diego, CA",US,0.5,US9346902,32.7174202,-117.162772
1b96ip2b5o564k6t656z63s2w2b1cm3b153n,"Encinitas, CA",US,0.16666666666666666,US9346902,33.0369867,-117.2919818
1b96ip2b5o564k6t656z63s2w2b1cm3b153n,"Solana Beach, CA",US,0.16666666666666666,US9346902,32.9919141,-117.2678124
2m6o33504e4x3y1c3s3m5bb3b6g1o1w3140l6c,"SAN DIEGO, CA",US,0.5,US9353412,32.7174202,-117.162772
2m6o33504e4x3y1c3s3m5bb3b6g1o1w3140l6c,"STANFORD, CA",US,0.16666666666666666,US9353412,37.4265407,-122.1703055
2m6o33504e4x3y1c3s3m5bb3b6g1o1w3140l6c,"CARLSBAD, CA",US,0.3333333333333333,US9353412,33.1580933,-117.3505966
493l6o446o632s5d445y6c5m1n5c495j4s6u652,"Washington, DC",US,0.3333333333333333,US9359447,38.8950982,-77.0363849
493l6o446o632s5d445y6c5m1n5c495j4s6u652,"Potomac, MD",US,0.6666666666666666,US9359447,39.0180508,-77.1956331
535d65i4n713ku113q2g1u2t1wv1b66683k2p,"Skokie, IL",US,0.5,US9365873,42.0262972,-87.7521069
535d65i4n713ku113q2g1u2t1wv1b66683k2p,Nottingham,GB,0.5,US9365873,52.9534193,-1.1496461
2v1w2c4r5bc2b2f6v4a3w4p3a6h3w5t714kyc,"Middleton, WI",US,0.5,US9366678,43.0962919,-89.5119565
2v1w2c4r5bc2b2f6v4a3w4p3a6h3w5t714kyc,"Madison, WI",US,0.5,US9366678,43.07469,-89.3841663
4x45h5a2p5k3y2z1u2t6t5z3a3mk1d676i4p3t,"Brookline, MA",US,0.125,US9370551,42.332918,-71.1187829
4x45h5a2p5k3y2z1u2t6t5z3a3mk1d676i4p3t,"Pittsburgh, PA",US,0.25,US9370551,40.4406968,-80.0025666
4x45h5a2p5k3y2z1u2t6t5z3a3mk1d676i4p3t,"Newton, MA",US,0.125,US9370551,42.3300435,-71.194862
4x45h5a2p5k3y2z1u2t6t5z3a3mk1d676i4p3t,"Cambridge, MA",US,0.25,US9370551,42.3656347,-71.1040018
4x45h5a2p5k3y2z1u2t6t5z3a3mk1d676i4p3t,"Boston, MA",US,0.25,US9370551,42.3588336,-71.0578303
642m6h6x332h4h1z233x6m2p48685g4ed4q6th,"New York, NY",US,0.6666666666666666,US9371366,40.7127281,-74.0060152
642m6h6x332h4h1z233x6m2p48685g4ed4q6th,"Leonia, NJ",US,0.3333333333333333,US9371366,40.8617353,-73.9880495
566i2s2t6463j6lux6e6j3d22ev863l65,"CAMBRIDGE, MA",US,0.6666666666666666,US9371552,42.3656347,-71.1040018
566i2s2t6463j6lux6e6j3d22ev863l65,"BOSTON, MA",US,0.3333333333333333,US9371552,42.3588336,-71.0578303
r5n342y38714yd3n5m42531i2z475d4kr1oq,"Huntington, NY",US,0.3333333333333333,US9376469,40.868154,-73.425676
r5n342y38714yd3n5m42531i2z475d4kr1oq,"New York, NY",US,0.6666666666666666,US9376469,40.7127281,-74.0060152
6z663a515a958632665641855j5l3t6i2sp27,"Atlanta, GA",US,0.5,US9376691,33.7544657,-84.3898151
6z663a515a958632665641855j5l3t6i2sp27,"Berkeley, CA",US,0.5,US9376691,37.8708393,-122.272863
3f5x1j1014693f2u6rk62a4z5l6m193j6q5y5e,"Champaign, IL",US,0.4,US9376713,40.1164841,-88.2430932
3f5x1j1014693f2u6rk62a4z5l6m193j6q5y5e,Taichung,TW,0.2,US9376713,24.163162,120.6478282
3f5x1j1014693f2u6rk62a4z5l6m193j6q5y5e,"Urbana, IL",US,0.4,US9376713,40.1117174,-88.207301
4d585422j633d5q5f5f3w2u5c5g3p1141l2cm,"San Francisco, CA",US,0.6,US8815885,37.7879363,-122.4075201
4d585422j633d5q5f5f3w2u5c5g3p1141l2cm,"Santa Cruz, CA",US,0.2,US8815885,37.050096,-121.99059
4d585422j633d5q5f5f3w2u5c5g3p1141l2cm,"San Bruno, CA",US,0.1,US8815885,37.6248536,-122.4145986
4d585422j633d5q5f5f3w2u5c5g3p1141l2cm,Santiago,CL,0.1,US8815885,-33.4376995,-70.6510671
3h4m1v1j246w3l4i2we6n5z6s271q5q67w33m,"Los Altos, CA",US,0.2857142857142857,US9169467,37.3790629,-122.116578
3h4m1v1j246w3l4i2we6n5z6s271q5q67w33m,"Pennington, NJ",US,0.14285714285714285,US9169467,40.3281213,-74.7909992
3h4m1v1j246w3l4i2we6n5z6s271q5q67w33m,"Wilmington, DE",US,0.2857142857142857,US9169467,39.7459468,-75.546589
3h4m1v1j246w3l4i2we6n5z6s271q5q67w33m,"Ridley Park, PA",US,0.14285714285714285,US9169467,39.8812236,-75.3237993
3h4m1v1j246w3l4i2we6n5z6s271q5q67w33m,"Hockessin, DE",US,0.14285714285714285,US9169467,39.7874275,-75.6879987
3b6c4a12151q2m4k37465x353q4f3t3a4j6eh3k,Slough,GB,1.0,US8691233,51.5111014,-0.5940682
4n4e2y625s6q3s4n1cz2555454y6o2q2h601642,"La Jolla, CA",US,0.6,US9394369,32.8458529,-117.2575702
4n4e2y625s6q3s4n1cz2555454y6o2q2h601642,"Solana Beach, CA",US,0.2,US9394369,32.9919141,-117.2678124
4n4e2y625s6q3s4n1cz2555454y6o2q2h601642,"San Diego, CA",US,0.2,US9394369,32.7174202,-117.162772
1s123v3j3j485t4d3b1f5k726k394g2n1few36,"Thousand Oaks, CA",US,0.3333333333333333,US9399762,34.1705609,-118.8375937
1s123v3j3j485t4d3b1f5k726k394g2n1few36,"Pasadena, CA",US,0.3333333333333333,US9399762,34.1476507,-118.144155
1s123v3j3j485t4d3b1f5k726k394g2n1few36,"La Canada, CA",US,0.3333333333333333,US9399762,33.7301661,-117.7638553
1p73l3e6y122lj1j554e2s5t3y4b1j5w4h243h,Glasgow,GB,1.0,US9410873,55.861155,-4.2501687
6c1k6wm3m2rdu1o575l4r1w1t2p4u2h2k575,"Champaign, IL",US,0.5,US9433943,40.1164841,-88.2430932
6c1k6wm3m2rdu1o575l4r1w1t2p4u2h2k575,"Urbana, IL",US,0.25,US9433943,40.1117174,-88.207301
6c1k6wm3m2rdu1o575l4r1w1t2p4u2h2k575,"West Lafayette, IN",US,0.25,US9433943,40.4258686,-86.9080655
6n1p18i28h1t50c703ri465r3c2j3x5gt5o,"Clayton, MO",US,0.5,US9435810,38.6504352,-90.3362473
6n1p18i28h1t50c703ri465r3c2j3x5gt5o,"St. Louis, MO",US,0.5,US9435810,38.6254063,-90.190009
6i2s4x136v4g956531a703w6j162x464ikj3h,"Framingham, MA",US,0.16666666666666666,US9227917,42.2773177,-71.4165905
6i2s4x136v4g956531a703w6j162x464ikj3h,"Pittsburgh, PA",US,0.16666666666666666,US9227917,40.4406968,-80.0025666
6i2s4x136v4g956531a703w6j162x464ikj3h,"Somerville, MA",US,0.16666666666666666,US9227917,42.3875968,-71.0994968
6i2s4x136v4g956531a703w6j162x464ikj3h,"Cambridge, MA",US,0.3333333333333333,US9227917,42.3656347,-71.1040018
6i2s4x136v4g956531a703w6j162x464ikj3h,"Newton, MA",US,0.16666666666666666,US9227917,42.3300435,-71.194862
3q171n6d103s622h6c6o2r6h3z18rj4x4h3149,"Glendale, OH",US,1.0,US9440195,39.2721982,-84.458416
6d5n1q584c1e401b471pu6a5v5enu534o2z45,Minato-ku,JP,0.6666666666666666,US9440907,35.6580089,139.7515137
6d5n1q584c1e401b471pu6a5v5enu534o2z45,Nagoya-shi,JP,0.3333333333333333,US9440907,35.1851045,136.8998438
3u24301q22492f1z5t61456l396lis144p142w,Seoul,KR,1.0,US9441230,37.5666791,126.9782914
3p591n2z2m6i31732a3d3t6p47275p436b153l5,"Tirmulgherry, Secunderabad",IN,0.125,US9441250,,
3p591n2z2m6i31732a3d3t6p47275p436b153l5,"Palo Alto, CA",US,0.25,US9441250,37.4443293,-122.1598465
3p591n2z2m6i31732a3d3t6p47275p436b153l5,"Wilmington, DE",US,0.375,US9441250,39.7459468,-75.546589
3p591n2z2m6i31732a3d3t6p47275p436b153l5,"Newark, DE",US,0.125,US9441250,39.6828358,-75.7515682
3p591n2z2m6i31732a3d3t6p47275p436b153l5,"Ridley Park, PA",US,0.125,US9441250,39.8812236,-75.3237993
48676ge393k453o44416p366x5k4znk245s2p,"Houston, TX",US,1.0,US9441253,29.7589382,-95.3676974
355t2s4l2n5t534v2e3752w14364w5n665q5g3,"Cambridge, MA",US,0.3,US9011834,42.3656347,-71.1040018
355t2s4l2n5t534v2e3752w14364w5n665q5g3,"Arlington, MA",US,0.1,US9011834,42.4153739,-71.1564428
355t2s4l2n5t534v2e3752w14364w5n665q5g3,"Brooklyn, NY",US,0.1,US9011834,40.6526006,-73.9497211
355t2s4l2n5t534v2e3752w14364w5n665q5g3,"Boston, MA",US,0.3,US9011834,42.3588336,-71.0578303
355t2s4l2n5t534v2e3752w14364w5n665q5g3,"Somerville, MA",US,0.1,US9011834,42.3875968,-71.0994968
355t2s4l2n5t534v2e3752w14364w5n665q5g3,"Brookline, MA",US,0.1,US9011834,42.332918,-71.1187829
3f3d4m1u4h640k6x625m1x4b6s174r4l6f2k5c,"New York, NY",US,0.5,US9453060,40.7127281,-74.0060152
3f3d4m1u4h640k6x625m1x4b6s174r4l6f2k5c,"Ozone Park, NY",US,0.25,US9453060,40.67677,-73.8437461
3f3d4m1u4h640k6x625m1x4b6s174r4l6f2k5c,"Brooklyn, NY",US,0.25,US9453060,40.6526006,-73.9497211
6o32a14f4j1u5b105r4t81e3k2y2f2k4j5i34,Mouscron,BE,0.3333333333333333,US9453244,50.7436672,3.2142729
6o32a14f4j1u5b105r4t81e3k2y2f2k4j5i34,Nozay,FR,0.3333333333333333,US9453244,48.5085,4.09529
6o32a14f4j1u5b105r4t81e3k2y2f2k4j5i34,Saint Vrain,FR,0.3333333333333333,US9453244,48.69421,4.80309
4g14i3b4h6f3i363m5m1ar1z414o6g356x323e,"Somerville, MA",US,0.3333333333333333,US9458357,42.3875968,-71.0994968
4g14i3b4h6f3i363m5m1ar1z414o6g356x323e,"Newton, MA",US,0.3333333333333333,US9458357,42.3300435,-71.194862
4g14i3b4h6f3i363m5m1ar1z414o6g356x323e,"Champaign, IL",US,0.3333333333333333,US9458357,40.1164841,-88.2430932
3n643m2434325v294fa6n50q3d4k4x6w14q1h,"Sakyo-ku, Kyoto-shi, Kyoto",JP,0.6666666666666666,US9458466,35.0485352,135.7783697
3n643m2434325v294fa6n50q3d4k4x6w14q1h,Kyoto-shi,JP,0.3333333333333333,US9458466,35.0115754,135.7681441
25105q3i3f696e337193h2j314b501y5h2055j,San Giovanni la Punta,IT,0.2,US9470733,37.5774071,15.094215
25105q3i3f696e337193h2j314b501y5h2055j,Aci Catena,IT,0.2,US9470733,37.60257,15.1419604
25105q3i3f696e337193h2j314b501y5h2055j,"San Diego, CA",US,0.4,US9470733,32.7174202,-117.162772
25105q3i3f696e337193h2j314b501y5h2055j,Leonforte,IT,0.2,US9470733,37.6392121,14.3924267
1hx4s15u4n2n3gxw28i1w11621jf3z3cz,"Brookline, MA",US,0.5,US9476089,42.332918,-71.1187829
1hx4s15u4n2n3gxw28i1w11621jf3z3cz,"Cambridge, MA",US,0.5,US9476089,42.3656347,-71.1040018
5x1p5k11g4t6x6o92s391o393i1q645o5m5b4t,"ALBUQUERQUE, NM",US,0.75,US9476090,35.0841034,-106.650985
5x1p5k11g4t6x6o92s391o393i1q645o5m5b4t,"SANTA FE, NM",US,0.25,US9476090,35.6876096,-105.938456
31k302z553w216f2b315w111n6a625t3j5i1416,"Middleton, WI",US,0.5,US8742333,43.0962919,-89.5119565
31k302z553w216f2b315w111n6a625t3j5i1416,"Madison, WI",US,0.5,US8742333,43.07469,-89.3841663
6e3b181q606j6b5e14d2mk1b4b4a46h1t6j6w,"Reston, VA",US,0.25,US9490113,38.953282,-77.3464516
6e3b181q606j6b5e14d2mk1b4b4a46h1t6j6w,"Washington, DC",US,0.5,US9490113,38.8950982,-77.0363849
6e3b181q606j6b5e14d2mk1b4b4a46h1t6j6w,"Knoxville, TN",US,0.25,US9490113,35.9603948,-83.9210261
4m1f422l2z2l6z2ej5b2y4n5d6i275z1o5p2r24,"La Jolla, CA",US,0.5,US9499407,32.8458529,-117.2575702
4m1f422l2z2l6z2ej5b2y4n5d6i275z1o5p2r24,"San Diego, CA",US,0.5,US9499407,32.7174202,-117.162772
634j591t4n72o3fd3g2m1y46y6x5w5o3w185t,"Madison, WI",US,0.75,US7615374,43.07469,-89.3841663
634j591t4n72o3fd3g2m1y46y6x5w5o3w185t,"Verona, WI",US,0.25,US7615374,42.9905492,-89.5335575
346346483s3a1vmk2x455q6u716u2a1t6i6w3d,"Lexington, MA",US,0.5,US7786072,42.4473175,-71.2245003
346346483s3a1vmk2x455q6u716u2a1t6i6w3d,"Somerville, MA",US,0.5,US7786072,42.3875968,-71.0994968
211h112u5a05j1d40524zo335x35515b5b1s24,"Dublin, OH",US,0.1111111111111111,US9512073,40.0996009,-83.1135563
211h112u5a05j1d40524zo335x35515b5b1s24,"Boston, MA",US,0.1111111111111111,US9512073,42.3588336,-71.0578303
211h112u5a05j1d40524zo335x35515b5b1s24,"Newton, MA",US,0.1111111111111111,US9512073,42.3300435,-71.194862
211h112u5a05j1d40524zo335x35515b5b1s24,"Framingham, MA",US,0.1111111111111111,US9512073,42.2773177,-71.4165905
211h112u5a05j1d40524zo335x35515b5b1s24,"Cambridge, MA",US,0.3333333333333333,US9512073,42.3656347,-71.1040018
211h112u5a05j1d40524zo335x35515b5b1s24,"Belmont, MA",US,0.1111111111111111,US9512073,42.3959296,-71.1786655
211h112u5a05j1d40524zo335x35515b5b1s24,"Ithaca, NY",US,0.1111111111111111,US9512073,42.4374175,-76.5483724
2c3d5dh2m3n66443l5s5tk5t91w5j3f1u692r,VIENNA,AT,0.5,US9512432,48.2083537,16.3725042
2c3d5dh2m3n66443l5s5tk5t91w5j3f1u692r,Vienna,AT,0.16666666666666666,US9512432,48.2083537,16.3725042
2c3d5dh2m3n66443l5s5tk5t91w5j3f1u692r,Visp,CH,0.16666666666666666,US9512432,46.2913113,7.8811918
2c3d5dh2m3n66443l5s5tk5t91w5j3f1u692r,VISP,CH,0.16666666666666666,US9512432,46.2913113,7.8811918
1v6m4d726d71374m181o4g722m493i4345l3cb,"Winchester, MA",US,0.3333333333333333,US9512446,42.4523178,-71.1369982
1v6m4d726d71374m181o4g722m493i4345l3cb,"Medford, MA",US,0.3333333333333333,US9512446,42.4184296,-71.1061639
1v6m4d726d71374m181o4g722m493i4345l3cb,"Wellesley, MA",US,0.3333333333333333,US9512446,42.2964859,-71.2925571
1l4d3w691m3a6u4w6c5oz1r2k2q5i4j74y1s1a,"Cambridge, MA",US,0.5714285714285714,US9518103,42.3656347,-71.1040018
1l4d3w691m3a6u4w6c5oz1r2k2q5i4j74y1s1a,Edmonton,CA,0.42857142857142855,US9518103,53.5462055,-113.491241
724541685v372r6frch3y6v511f624a3b14,"Kenilworth, Warwickshire",GB,0.5,US9523086,52.3450526,-1.5816028
724541685v372r6frch3y6v511f624a3b14,"Birmingham, West Midlands",GB,0.5,US9523086,52.4948994,-1.8518439
134z5004d444x6f3m4v3n6r1zqx1440725t6u,"Seattle, WA",US,1.0,US9523105,47.6038321,-122.330062
373ek2v75324s5n551k2k5z694g3u2a5753h,"Brookline, MA",US,0.25,US8889632,42.332918,-71.1187829
373ek2v75324s5n551k2k5z694g3u2a5753h,"Chestnut Hill, MA",US,0.25,US8889632,42.3234553,-71.1639439
373ek2v75324s5n551k2k5z694g3u2a5753h,"Newton, MA",US,0.25,US8889632,42.3300435,-71.194862
373ek2v75324s5n551k2k5z694g3u2a5753h,"Weston, MA",US,0.25,US8889632,42.3667625,-71.3031132
1h4t705z162t293e5n2y1z4r325d5j336k5r3v6p,"Somerville, MA",US,0.125,US8906668,42.3875968,-71.0994968
1h4t705z162t293e5n2y1z4r325d5j336k5r3v6p,"Boston, MA",US,0.25,US8906668,42.3588336,-71.0578303
1h4t705z162t293e5n2y1z4r325d5j336k5r3v6p,"Northborough, MA",US,0.125,US8906668,42.3196015,-71.6422408
1h4t705z162t293e5n2y1z4r325d5j336k5r3v6p,"Brookline, MA",US,0.125,US8906668,42.332918,-71.1187829
1h4t705z162t293e5n2y1z4r325d5j336k5r3v6p,"Brooklyn, NY",US,0.125,US8906668,40.6526006,-73.9497211
1h4t705z162t293e5n2y1z4r325d5j336k5r3v6p,"Cambridge, MA",US,0.125,US8906668,42.3656347,-71.1040018
1h4t705z162t293e5n2y1z4r325d5j336k5r3v6p,"Doylestown, PA",US,0.125,US8906668,40.3100446,-75.1304588
4a6b2ek54196u6v481elu651e6b1fs2zc36,"Menlo Park, CA",US,0.25,US9534241,37.4519671,-122.177992
4a6b2ek54196u6v481elu651e6b1fs2zc36,"Sunnyvale, CA",US,0.25,US9534241,37.3688301,-122.036349
4a6b2ek54196u6v481elu651e6b1fs2zc36,"Redwood City, CA",US,0.25,US9534241,37.4863239,-122.232523
4a6b2ek54196u6v481elu651e6b1fs2zc36,"Palo Alto, CA",US,0.25,US9534241,37.4443293,-122.1598465
5q6o1l3p51605w602b245mf5l1t3j4750166ga,Oxford,GB,1.0,US9536718,51.7520131,-1.2578499
1s471og3z3t1sd2n2u55dt6b6l4q5v33355w,"Cardiff by the Sea, CA",US,0.5,US9540676,33.0220155,-117.2803463
1s471og3z3t1sd2n2u55dt6b6l4q5v33355w,"San Diego, CA",US,0.5,US9540676,32.7174202,-117.162772
r6e234q3n5v486j544q212y3tu4b1d676g71q,"Brookline, MA",US,0.5,US9540685,42.332918,-71.1187829
r6e234q3n5v486j544q212y3tu4b1d676g71q,"Cambridge, MA",US,0.5,US9540685,42.3656347,-71.1040018
3z5x1m2r2k5fhy202v1m15573r4i536n6sg1c,Saint-Augustin-de-Desmaures,CA,0.3333333333333333,US9546375,46.743354,-71.4569733
3z5x1m2r2k5fhy202v1m15573r4i536n6sg1c,Neuville,CA,0.3333333333333333,US9546375,46.698199,-71.584854
3z5x1m2r2k5fhy202v1m15573r4i536n6sg1c,Saint-Romuald,CA,0.3333333333333333,US9546375,46.7565684,-71.2378772
3h6928223p16j1i375k142d1e4g3h435i5z3b,"Boston, MA",US,0.5,US9549901,42.3588336,-71.0578303
3h6928223p16j1i375k142d1e4g3h435i5z3b,"Newton, MA",US,0.3333333333333333,US9549901,42.3300435,-71.194862
3h6928223p16j1i375k142d1e4g3h435i5z3b,"Chestnut Hill, MA",US,0.16666666666666666,US9549901,42.3234553,-71.1639439
5m5k4m134r4w573q325n6n4v662x112q45236a6m,"San Francisco, CA",US,0.4,US9403141,37.7879363,-122.4075201
5m5k4m134r4w573q325n6n4v662x112q45236a6m,"Santa Clara, CA",US,0.2,US9403141,37.2333253,-121.6846349
5m5k4m134r4w573q325n6n4v662x112q45236a6m,"San Mateo, CA",US,0.2,US9403141,37.496904,-122.3330573
5m5k4m134r4w573q325n6n4v662x112q45236a6m,"Berkeley, CA",US,0.2,US9403141,37.8708393,-122.272863
p1t5e2y4sb3py6y3g4h463l6q4i1x4w6as3z,"Madison, WI",US,0.25,US9206221,43.07469,-89.3841663
p1t5e2y4sb3py6y3g4h463l6q4i1x4w6as3z,Ansan,KR,0.25,US9206221,37.3217152,126.8308604
p1t5e2y4sb3py6y3g4h463l6q4i1x4w6as3z,"Palo Alto, CA",US,0.25,US9206221,37.4443293,-122.1598465
p1t5e2y4sb3py6y3g4h463l6q4i1x4w6as3z,Beersel,BE,0.25,US9206221,50.7477333,4.3065648
1f552p601b1w6h721gq6m4n4khu5l2c4i4k7,"Cambridge, MA",US,0.3333333333333333,US9573988,42.3656347,-71.1040018
1f552p601b1w6h721gq6m4n4khu5l2c4i4k7,"Philadelphia, PA",US,0.3333333333333333,US9573988,39.9527237,-75.1635262
1f552p601b1w6h721gq6m4n4khu5l2c4i4k7,"Merion Station, PA",US,0.16666666666666666,US9573988,39.9981758,-75.2513256
1f552p601b1w6h721gq6m4n4khu5l2c4i4k7,"Narberth, PA",US,0.16666666666666666,US9573988,40.0084456,-75.26046
1t103u2qc1k672l5e37475l6m106q4h6z3u92k,Shanghai,CN,0.1111111111111111,US9580732,31.2312707,121.4700152
1t103u2qc1k672l5e37475l6m106q4h6z3u92k,Muenster,DE,0.1111111111111111,US9580732,51.9625101,7.6251879
1t103u2qc1k672l5e37475l6m106q4h6z3u92k,Hanau,DE,0.1111111111111111,US9580732,50.132881,8.9169797
1t103u2qc1k672l5e37475l6m106q4h6z3u92k,Freising,DE,0.1111111111111111,US9580732,48.4008273,11.7439565
1t103u2qc1k672l5e37475l6m106q4h6z3u92k,Graz,AT,0.1111111111111111,US9580732,47.0708678,15.4382786
1t103u2qc1k672l5e37475l6m106q4h6z3u92k,Neufahrn bei Freising,DE,0.1111111111111111,US9580732,48.3333346,11.651402
1t103u2qc1k672l5e37475l6m106q4h6z3u92k,Bad Aussee,AT,0.1111111111111111,US9580732,47.6094985,13.7835784
1t103u2qc1k672l5e37475l6m106q4h6z3u92k,Herten,DE,0.1111111111111111,US9580732,51.5942009,7.1368071
1t103u2qc1k672l5e37475l6m106q4h6z3u92k,Wolfsberg,AT,0.1111111111111111,US9580732,46.8390583,14.8452061
5f224o1x2q6y29366j5q1l4l3w1apf2n5m2h1p,"Durham, NC",US,1.0,US9592303,35.996653,-78.9018053
2i2g1mx476xt60355t5a55p3gy4z2j4hs70,"Boston, MA",US,0.25,US9605019,42.3588336,-71.0578303
2i2g1mx476xt60355t5a55p3gy4z2j4hs70,"Belmont, MA",US,0.25,US9605019,42.3959296,-71.1786655
2i2g1mx476xt60355t5a55p3gy4z2j4hs70,"Cambridge, MA",US,0.5,US9605019,42.3656347,-71.1040018
202a5zs1x6y5h4j6o84t1u592ny6u2d5qr4a,Tianjin,CN,1.0,US9605280,39.3032619,117.4163641
t2z632o6zw4j2v295x3ft5r373k311f4h3y72,"Chicago, IL",US,0.75,US9611510,41.8755616,-87.6244212
t2z632o6zw4j2v295x3ft5r373k311f4h3y72,"Palo Alto, CA",US,0.25,US9611510,37.4443293,-122.1598465
2i40226d135g6n2455w2b4h702m175h33h114t,"Boston, MA",US,0.5,US9617309,42.3588336,-71.0578303
2i40226d135g6n2455w2b4h702m175h33h114t,"Cambridge, MA",US,0.5,US9617309,42.3656347,-71.1040018
4y3g2a1p3u6f1d136o3b1j04y5y725z2f6d6f4c,"Brookline, MA",US,0.5,US9617392,42.332918,-71.1187829
4y3g2a1p3u6f1d136o3b1j04y5y725z2f6d6f4c,"Boston, MA",US,0.25,US9617392,42.3588336,-71.0578303
4y3g2a1p3u6f1d136o3b1j04y5y725z2f6d6f4c,"Houston, TX",US,0.25,US9617392,29.7589382,-95.3676974
6r15603f86r2d426b42333j2x713v4d3c142ky,Mouscron,BE,1.0,US8703455,50.7436672,3.2142729
184732gi6u1f6l2t20i4re1o6h55703y1uy,"La Jolla, CA",US,0.6666666666666666,US9624276,32.8458529,-117.2575702
184732gi6u1f6l2t20i4re1o6h55703y1uy,"San Diego, CA",US,0.3333333333333333,US9624276,32.7174202,-117.162772
4e3y6s1kh6d1v2r4a46zv6mb6b3x64t422z,"Brookline, MA",US,0.25,US9267123,42.332918,-71.1187829
4e3y6s1kh6d1v2r4a46zv6mb6b3x64t422z,"El Cerrito, CA",US,0.25,US9267123,37.9154056,-122.301411
4e3y6s1kh6d1v2r4a46zv6mb6b3x64t422z,"Cambridge, MA",US,0.25,US9267123,42.3656347,-71.1040018
4e3y6s1kh6d1v2r4a46zv6mb6b3x64t422z,"Davis, CA",US,0.25,US9267123,38.5435526,-121.739005
5y6s3g2ig476r5r2c286g6b5i1113396a6vj1g,"San Francisco, CA",US,1.0,US9637746,37.7879363,-122.4075201
585i5k4gn136y3l193z4e434d595us5d6s2a4b,"Durham, NC",US,0.8,US6911132,35.996653,-78.9018053
585i5k4gn136y3l193z4e434d595us5d6s2a4b,"Chapel Hill, NC",US,0.2,US6911132,35.9131542,-79.05578
602w3j6af2d2f2o37e112m1bc3p5g3q4s4ao,"Carlsbad, CA",US,0.3333333333333333,US9644021,33.1580933,-117.3505966
602w3j6af2d2f2o37e112m1bc3p5g3q4s4ao,"San Diego, CA",US,0.3333333333333333,US9644021,32.7174202,-117.162772
602w3j6af2d2f2o37e112m1bc3p5g3q4s4ao,"La Jolla, CA",US,0.3333333333333333,US9644021,32.8458529,-117.2575702
2l121e43b4p404k5w6p4kb4n53311b1t6j2z4o,Stoczek Lukowski,PL,0.1,US9647154,51.9617406,21.9697078
2l121e43b4p404k5w6p4kb4n53311b1t6j2z4o,Campomorone,IT,0.1,US9647154,44.507337,8.8901102
2l121e43b4p404k5w6p4kb4n53311b1t6j2z4o,Modena,IT,0.1,US9647154,44.5384728,10.9359609
2l121e43b4p404k5w6p4kb4n53311b1t6j2z4o,Genova,IT,0.3,US9647154,44.40726,8.9338624
2l121e43b4p404k5w6p4kb4n53311b1t6j2z4o,Mola di Bari,IT,0.1,US9647154,41.0613232,17.0917111
2l121e43b4p404k5w6p4kb4n53311b1t6j2z4o,Cagliari,IT,0.1,US9647154,39.2171994,9.113311
2l121e43b4p404k5w6p4kb4n53311b1t6j2z4o,Arnesaro,IT,0.1,US9647154,,
2l121e43b4p404k5w6p4kb4n53311b1t6j2z4o,Dalian City,CN,0.1,US9647154,39.740278,122.255833
1v5n624x371f2q686n702u2k145m4i3w6w1t1h5h,Shanghai,CN,1.0,US9650326,31.2312707,121.4700152
4a3w6a33p4c444kj2d3r5s2v4f204b5t4h1t4c,Fredersdorf,DE,0.3333333333333333,US8163516,52.5262465,13.7604458
4a3w6a33p4c444kj2d3r5s2v4f204b5t4h1t4c,Zeuthen,DE,0.3333333333333333,US8163516,52.3507952,13.629328
4a3w6a33p4c444kj2d3r5s2v4f204b5t4h1t4c,Berlin,DE,0.3333333333333333,US8163516,52.5173885,13.3951309
3p34r5j4x6ah6h3t26g2r23t4y1b2m432d1l,"San Diego, CA",US,0.6666666666666666,US9657316,32.7174202,-117.162772
3p34r5j4x6ah6h3t26g2r23t4y1b2m432d1l,"Encinitas, CA",US,0.16666666666666666,US9657316,33.0369867,-117.2919818
3p34r5j4x6ah6h3t26g2r23t4y1b2m432d1l,"Solana Beach, CA",US,0.16666666666666666,US9657316,32.9919141,-117.2678124
3m4w5g2j2i394i6y3u1c704d85y2q1l1k6826z,Tirmulgherry,IN,0.25,US9663759,,
3m4w5g2j2i394i6y3u1c704d85y2q1l1k6826z,"Wilmington, DE",US,0.25,US9663759,39.7459468,-75.546589
3m4w5g2j2i394i6y3u1c704d85y2q1l1k6826z,Maharashtra,IN,0.25,US9663759,19.5670323,76.4164557
3m4w5g2j2i394i6y3u1c704d85y2q1l1k6826z,"Newark, DE",US,0.25,US9663759,39.6828358,-75.7515682
45t3y576oc614g6pqb2s230596p216l576d,"Ames, IA",US,1.0,US9688997,42.0267567,-93.6170448
1h5r426i26642x236s1bp3z5c1468581m4r2y6k,"San Francisco, CA",US,0.16666666666666666,US9459234,37.7879363,-122.4075201
1h5r426i26642x236s1bp3z5c1468581m4r2y6k,Zhubei City,TW,0.6666666666666666,US9459234,24.839682,121.0040779
1h5r426i26642x236s1bp3z5c1468581m4r2y6k,Hsin-Chu City,TW,0.16666666666666666,US9459234,24.9174277,121.2092437
6v26e3n2n4716y2dv6v2s2s19584n3g16h5v,Palouse,,0.3333333333333333,US6825017,46.9099519,-117.0755847
6v26e3n2n4716y2dv6v2s2s19584n3g16h5v,"Moscow, ID",US,0.6666666666666666,US6825017,46.7323875,-117.000165
2m1i166n4a3r5r4j3f281i4t37441e3s6xw2w2z,Haan,DE,0.15384615384615385,US9695461,51.1954956,7.0085328
2m1i166n4a3r5r4j3f281i4t37441e3s6xw2w2z,Koeln,DE,0.07692307692307693,US9695461,50.938361,6.959974
2m1i166n4a3r5r4j3f281i4t37441e3s6xw2w2z,Willich,DE,0.07692307692307693,US9695461,51.2641433,6.5446958
2m1i166n4a3r5r4j3f281i4t37441e3s6xw2w2z,Duesseldorf,DE,0.23076923076923078,US9695461,51.2254018,6.7763137
2m1i166n4a3r5r4j3f281i4t37441e3s6xw2w2z,Erkrath,DE,0.07692307692307693,US9695461,51.2209866,6.9056079
2m1i166n4a3r5r4j3f281i4t37441e3s6xw2w2z,Kelmis-Hergenrath,BE,0.07692307692307693,US9695461,50.7066644,6.0307471
2m1i166n4a3r5r4j3f281i4t37441e3s6xw2w2z,Erkelenz,DE,0.07692307692307693,US9695461,51.080992,6.3160684
2m1i166n4a3r5r4j3f281i4t37441e3s6xw2w2z,Aachen,DE,0.07692307692307693,US9695461,50.776351,6.083862
2m1i166n4a3r5r4j3f281i4t37441e3s6xw2w2z,Juechen,DE,0.07692307692307693,US9695461,51.1017138,6.5036893
2m1i166n4a3r5r4j3f281i4t37441e3s6xw2w2z,Dormagen,DE,0.07692307692307693,US9695461,51.0934389,6.8416158
432j1q265jk252zr1t1q045u5s355w1w6g3u,"Middleton, WI",US,0.5,US9698001,43.0962919,-89.5119565
432j1q265jk252zr1t1q045u5s355w1w6g3u,"Fitchburg, WI",US,0.5,US9698001,43.0020919,-89.423817
6y375s6o4w3d5md47423g605z2y1j603z3z4e3l,"Boston, MA",US,0.5,US9700521,42.3588336,-71.0578303
6y375s6o4w3d5md47423g605z2y1j603z3z4e3l,"Lexington, MA",US,0.5,US9700521,42.4473175,-71.2245003
2c5y1q4x2b63yf1p4q1k1r472v3j43701l4x6x,"Encinitas, CA",US,0.5,US9701720,33.0369867,-117.2919818
2c5y1q4x2b63yf1p4q1k1r472v3j43701l4x6x,"San Diego, CA",US,0.5,US9701720,32.7174202,-117.162772
3f4n36233o6ue1l114p5a523h4m411s442r6v3t,"West Chester, PA",US,0.16666666666666666,US9005940,39.9597389,-75.6044609
3f4n36233o6ue1l114p5a523h4m411s442r6v3t,"Hockessin, DE",US,0.16666666666666666,US9005940,39.7874275,-75.6879987
3f4n36233o6ue1l114p5a523h4m411s442r6v3t,"Newark, DE",US,0.16666666666666666,US9005940,39.6828358,-75.7515682
3f4n36233o6ue1l114p5a523h4m411s442r6v3t,"Chadds Ford, PA",US,0.16666666666666666,US9005940,39.872027,-75.5914213
3f4n36233o6ue1l114p5a523h4m411s442r6v3t,"Wilmington, DE",US,0.3333333333333333,US9005940,39.7459468,-75.546589
3t6s57c4g5n5j2fd6v1gh4c2b2z3r44c4s27,"Lexington, MA",US,0.5,US9702849,42.4473175,-71.2245003
3t6s57c4g5n5j2fd6v1gh4c2b2z3r44c4s27,"Needham, MA",US,0.5,US9702849,42.2802645,-71.2360624
5s236m1bl2e5m6p132hk2a5v476i5t3m37b5x,Munster,DE,0.4,US9708593,51.9625101,7.6251879
5s236m1bl2e5m6p132hk2a5v476i5t3m37b5x,Haltern am See,DE,0.2,US9708593,51.7430516,7.187221
5s236m1bl2e5m6p132hk2a5v476i5t3m37b5x,Altenberge,DE,0.2,US9708593,52.0468367,7.4669887
5s236m1bl2e5m6p132hk2a5v476i5t3m37b5x,Helsinki,FI,0.2,US9708593,60.1666204,24.9435408
6a62e193u6v602w6gp6w3e19533f2w4v6y6o6l,"Norman, OK",US,0.3333333333333333,US9708624,35.2225717,-97.4394816
6a62e193u6v602w6gp6w3e19533f2w4v6y6o6l,"Davis, CA",US,0.3333333333333333,US9708624,38.5435526,-121.739005
6a62e193u6v602w6gp6w3e19533f2w4v6y6o6l,"Millbrae, CA",US,0.3333333333333333,US9708624,37.598958,-122.400941
3o3mdp2a345j2n5x2fq62d4n6z2z5x3f626w,"Madison, WI",US,0.5,US9708630,43.07469,-89.3841663
3o3mdp2a345j2n5x2fq62d4n6z2z5x3f626w,"Wooster, OH",US,0.5,US9708630,40.7980976,-81.9397733
2b2h303a6q6c1q5h1tc4z5861196p1r2a5a5b2t,Pasadena,,0.4,US7143785,34.1476507,-118.144155
2b2h303a6q6c1q5h1tc4z5861196p1r2a5a5b2t,Arlington,,0.2,US7143785,32.7355816,-97.1071186
2b2h303a6q6c1q5h1tc4z5861196p1r2a5a5b2t,San Marino,,0.2,US7143785,43.9458623,12.458306
2b2h303a6q6c1q5h1tc4z5861196p1r2a5a5b2t,Paris,FR,0.2,US7143785,48.8534951,2.3483915
3z1d412b2b3m5y5m3u1i82r6x2a1b184ed531,Seoul,KR,1.0,US9719095,37.5666791,126.9782914
542f4w2m6p495z1f186l4a2bp6r214t22605g2e,Kfar-Saba,IL,0.3333333333333333,US9719122,32.1773471,34.907459
542f4w2m6p495z1f186l4a2bp6r214t22605g2e,Rehovot,IL,0.6666666666666666,US9719122,31.8952532,34.8105616
3v2s3556u502r6l64b84c6b61h3k6d3e3a4i,"Brookline, MA",US,0.16666666666666666,US9724447,42.332918,-71.1187829
3v2s3556u502r6l64b84c6b61h3k6d3e3a4i,"Lexington, MA",US,0.16666666666666666,US9724447,42.4473175,-71.2245003
3v2s3556u502r6l64b84c6b61h3k6d3e3a4i,Bernhardstrasse 4,DE,0.16666666666666666,US9724447,51.0395491,13.7292404
3v2s3556u502r6l64b84c6b61h3k6d3e3a4i,"Newton, MA",US,0.16666666666666666,US9724447,42.3300435,-71.194862
3v2s3556u502r6l64b84c6b61h3k6d3e3a4i,Lisbon,PT,0.16666666666666666,US9724447,38.7077507,-9.1365919
3v2s3556u502r6l64b84c6b61h3k6d3e3a4i,"Cambridge, MA",US,0.16666666666666666,US9724447,42.3656347,-71.1040018
6n2f84si191m5nyx2mz213p5h6b2d146y4x,"Brentwood, TN",US,0.058823529411764705,US9725687,36.0325687,-86.7825235
6n2f84si191m5nyx2mz213p5h6b2d146y4x,"Nashville, TN",US,0.47058823529411764,US9725687,36.1622767,-86.7742984
6n2f84si191m5nyx2mz213p5h6b2d146y4x,"Waltham, MA",US,0.058823529411764705,US9725687,42.3762385,-71.2355644
6n2f84si191m5nyx2mz213p5h6b2d146y4x,"Boston, MA",US,0.11764705882352941,US9725687,42.3588336,-71.0578303
6n2f84si191m5nyx2mz213p5h6b2d146y4x,"Cambridge, MA",US,0.11764705882352941,US9725687,42.3656347,-71.1040018
6n2f84si191m5nyx2mz213p5h6b2d146y4x,"Somerville, MA",US,0.058823529411764705,US9725687,42.3875968,-71.0994968
6n2f84si191m5nyx2mz213p5h6b2d146y4x,"Cohasset, MA",US,0.058823529411764705,US9725687,42.2410158,-70.8035571
6n2f84si191m5nyx2mz213p5h6b2d146y4x,"Wilmington, DE",US,0.058823529411764705,US9725687,39.7459468,-75.546589
6r2l1x6a3v4c5p42r3c6g130694r4t2g1k3820,"Oak Ridge, TN",US,0.25,US9730898,36.0103562,-84.2696449
6r2l1x6a3v4c5p42r3c6g130694r4t2g1k3820,"Knoxville, TN",US,0.75,US9730898,35.9603948,-83.9210261
w3g134k2v663j3w1u51611a20y3f1wd615c3u,"Santa Clara, CA",US,0.25,US9733239,37.2333253,-121.6846349
w3g134k2v663j3w1u51611a20y3f1wd615c3u,"Berkeley, CA",US,0.5,US9733239,37.8708393,-122.272863
w3g134k2v663j3w1u51611a20y3f1wd615c3u,"Emeryville, CA",US,0.25,US9733239,37.8314089,-122.2865266
5y6d3fe4o5x2f5e6u5f1q365l571n476l3u1qp,Nurnberg,DE,1.0,US9291077,49.453872,11.077298
1xs4f4g6p6y145t676f673w3c5gq5o372k2736,"Millbrae, CA",US,0.5,US9738901,37.598958,-122.400941
1xs4f4g6p6y145t676f673w3c5gq5o372k2736,"Berkeley, CA",US,0.5,US9738901,37.8708393,-122.272863
2hk5m1t95o5l6e6t93z1r25xa692x4j1g4a,"Cambridge, MA",US,0.5,US9738930,42.3656347,-71.1040018
2hk5m1t95o5l6e6t93z1r25xa692x4j1g4a,Tullow,IE,0.5,US9738930,52.803146,-6.7377301
3io3ylp85x1x4j3q4h1g3n37591964812,Zurich,CH,0.3333333333333333,US9739750,47.3744489,8.5410422
3io3ylp85x1x4j3q4h1g3n37591964812,London,GB,0.6666666666666666,US9739750,51.5074456,-0.1277653
r45326l255c5h1i4b2bo1nh2z5b3d733h1x68,"Boston, MA",US,0.3333333333333333,US9744183,42.3588336,-71.0578303
r45326l255c5h1i4b2bo1nh2z5b3d733h1x68,"Cambridge, MA",US,0.6666666666666666,US9744183,42.3656347,-71.1040018
5k3xs1y6kj2b17n5p386dk2q6d3k254a4q1k,"Winchester, MA",US,0.5,US9752132,42.4523178,-71.1369982
5k3xs1y6kj2b17n5p386dk2q6d3k254a4q1k,"Medford, MA",US,0.5,US9752132,42.4184296,-71.1061639
2x5v22453p4o2j3p4e504r5j6i4u5gx4t2h2i72,"San Diego, CA",US,1.0,US9757468,32.7174202,-117.162772
1k4a6b2q586pf47f722h1l5e1y683g25123d1n,Yongin-si,KR,1.0,US9580479,37.2405741,127.1785572
27o705470112m2e3622a513v5y34b2j2b2l,"Merion Station, PA",US,0.3333333333333333,US9765156,39.9981758,-75.2513256
27o705470112m2e3622a513v5y34b2j2b2l,"Lumberton, NJ",US,0.3333333333333333,US9765156,39.9659459,-74.8051628
27o705470112m2e3622a513v5y34b2j2b2l,"Swarthmore, PA",US,0.3333333333333333,US9765156,39.9020565,-75.3499124
6b6x134l564q46lv55324i41p5w1h3j4d1s2d,Fredersdorf,DE,0.2,US9315820,52.5262465,13.7604458
6b6x134l564q46lv55324i41p5w1h3j4d1s2d,Berlin,DE,0.6,US9315820,52.5173885,13.3951309
6b6x134l564q46lv55324i41p5w1h3j4d1s2d,Kleinmachnow,DE,0.2,US9315820,52.4064167,13.2236601
3c5l4b552f5t2i2l2up6d6m543l666662i211k,Essen,DE,0.5,US9765366,51.4582235,7.0158171
3c5l4b552f5t2i2l2up6d6m543l666662i211k,Muenster,DE,0.25,US9765366,51.9625101,7.6251879
3c5l4b552f5t2i2l2up6d6m543l666662i211k,Muenchen,DE,0.25,US9765366,48.1371079,11.5753822
606gfz6p721rtt1w2k4n6lx69516s58361q,Marl,DE,0.18181818181818182,US9765370,51.6485843,7.0829054
606gfz6p721rtt1w2k4n6lx69516s58361q,Herten,DE,0.09090909090909091,US9765370,51.5942009,7.1368071
606gfz6p721rtt1w2k4n6lx69516s58361q,Bochum,DE,0.18181818181818182,US9765370,51.4818111,7.2196635
606gfz6p721rtt1w2k4n6lx69516s58361q,Shanghai,CN,0.09090909090909091,US9765370,31.2312707,121.4700152
606gfz6p721rtt1w2k4n6lx69516s58361q,Hanau,DE,0.09090909090909091,US9765370,50.132881,8.9169797
606gfz6p721rtt1w2k4n6lx69516s58361q,Muenster,DE,0.09090909090909091,US9765370,51.9625101,7.6251879
606gfz6p721rtt1w2k4n6lx69516s58361q,Merzhausen,DE,0.09090909090909091,US9765370,47.9648327,7.8254423
606gfz6p721rtt1w2k4n6lx69516s58361q,Graz,AT,0.09090909090909091,US9765370,47.0708678,15.4382786
606gfz6p721rtt1w2k4n6lx69516s58361q,Freising,DE,0.09090909090909091,US9765370,48.4008273,11.7439565
27qi5z2q36tb292c3y1w352241ht2m1v40,"Chicago, IL",US,0.25,US9771603,41.8755616,-87.6244212
27qi5z2q36tb292c3y1w352241ht2m1v40,"Skokie, IL",US,0.75,US9771603,42.0262972,-87.7521069
396z142p5j6w6t76d1h664c3l5r2v1o1y6f4d2b,St. Lucia,AU,1.0,US9772328,-27.4989435,153.0064984
2y2s6c1c44z74o3q6j2s1516342uq2w4ns35,Rechovot,IL,0.3333333333333333,US9773669,31.8952532,34.8105616
2y2s6c1c44z74o3q6j2s1516342uq2w4ns35,Even-Yehuda,IL,0.3333333333333333,US9773669,32.2724852,34.886767
2y2s6c1c44z74o3q6j2s1516342uq2w4ns35,Kiryat-Ekron,IL,0.3333333333333333,US9773669,31.8607858,34.823337
6e711s2b564f6e57504b5f4t2gh20463k3y324h,Oxford,GB,1.0,US9777049,51.7520131,-1.2578499
2b6t2y3q2j2x7029562121r4p6j5w3p1l3j1x62,"Merion Station, PA",US,0.3333333333333333,US9783591,39.9981758,-75.2513256
2b6t2y3q2j2x7029562121r4p6j5w3p1l3j1x62,"Narberth, PA",US,0.3333333333333333,US9783591,40.0084456,-75.26046
2b6t2y3q2j2x7029562121r4p6j5w3p1l3j1x62,"Philadelphia, PA",US,0.3333333333333333,US9783591,39.9527237,-75.1635262
2r4n19273724d464b61e3s6i3c692s5l1i554h,"Lexington, MA",US,0.3333333333333333,US9786850,42.4473175,-71.2245003
2r4n19273724d464b61e3s6i3c692s5l1i554h,"Chicago, IL",US,0.3333333333333333,US9786850,41.8755616,-87.6244212
2r4n19273724d464b61e3s6i3c692s5l1i554h,"Somerville, MA",US,0.3333333333333333,US9786850,42.3875968,-71.0994968
2xa356j5q6w6g6l3n1762594538l5g512z164j,"Corvalli, OR",US,0.3333333333333333,US8816001,,
2xa356j5q6w6g6l3n1762594538l5g512z164j,"Pittsburgh, PA",US,0.6666666666666666,US8816001,40.4406968,-80.0025666
1s5a24y474g2w3b361r6k5t6i6lv3f626f6b5q,"Tiverton, RI",US,0.2,US9790605,41.6257406,-71.166333
1s5a24y474g2w3b361r6k5t6i6lv3f626f6b5q,Rottendorf,DE,0.2,US9790605,49.7994118,10.0321068
1s5a24y474g2w3b361r6k5t6i6lv3f626f6b5q,"Colton, CA",US,0.2,US9790605,34.0669162,-117.3242785
1s5a24y474g2w3b361r6k5t6i6lv3f626f6b5q,"Orange, CT",US,0.2,US9790605,41.2784304,-73.0256609
1s5a24y474g2w3b361r6k5t6i6lv3f626f6b5q,"Bethany, CT",US,0.2,US9790605,41.4217637,-72.9970496
6y521a5w1q12373h3q4g75m4j5k2201f43116w,"Brookline, MA",US,0.5,US9796749,42.332918,-71.1187829
6y521a5w1q12373h3q4g75m4j5k2201f43116w,"Cambridge, MA",US,0.5,US9796749,42.3656347,-71.1040018
5z1h3y485365476n2e1c3x2p3y5c2c1rhl4aq,St. Augustine de Desmaures,CA,0.3333333333333333,US9815873,,
5z1h3y485365476n2e1c3x2p3y5c2c1rhl4aq,St. Jean Chrysostome,CA,0.3333333333333333,US9815873,46.718916,-71.197929
5z1h3y485365476n2e1c3x2p3y5c2c1rhl4aq,Neuville,CA,0.3333333333333333,US9815873,46.698199,-71.584854
1tv2s2a25496u5h6c5q2e285j516p4q444t6w6g,"Cambridge, MA",US,0.38461538461538464,US9815901,42.3656347,-71.1040018
1tv2s2a25496u5h6c5q2e285j516p4q444t6w6g,"Philadelphia, PA",US,0.23076923076923078,US9815901,39.9527237,-75.1635262
1tv2s2a25496u5h6c5q2e285j516p4q444t6w6g,"Cherry Hill, NJ",US,0.07692307692307693,US9815901,39.9348351,-75.0307264
1tv2s2a25496u5h6c5q2e285j516p4q444t6w6g,"Springfield, PA",US,0.07692307692307693,US9815901,39.9306677,-75.3201879
1tv2s2a25496u5h6c5q2e285j516p4q444t6w6g,Shanghai,CN,0.23076923076923078,US9815901,31.2312707,121.4700152
673n1t4e3h722y2q3f1o4ia482qj1y3jng2m,"Wilton Centre, Wilton, Redcar",GB,0.2,US9816115,54.5763377,-1.1024536
673n1t4e3h722y2q3f1o4ia482qj1y3jng2m,Wilton,GB,0.2,US9816115,51.0805315,-1.8607051
673n1t4e3h722y2q3f1o4ia482qj1y3jng2m,LG Delft,NL,0.2,US9816115,,
673n1t4e3h722y2q3f1o4ia482qj1y3jng2m,"Nijenborgh, AG Groningen",NL,0.2,US9816115,53.2371008,6.5382299
673n1t4e3h722y2q3f1o4ia482qj1y3jng2m,Nijenborgh,NL,0.2,US9816115,53.2371008,6.5382299
8501q2110w2g723t1166s6c1c5a1d33361r3v,"San Francisco, CA",US,0.16666666666666666,US9816931,37.7879363,-122.4075201
8501q2110w2g723t1166s6c1c5a1d33361r3v,"Cambridge, MA",US,0.5,US9816931,42.3656347,-71.1040018
8501q2110w2g723t1166s6c1c5a1d33361r3v,"Boston, MA",US,0.16666666666666666,US9816931,42.3588336,-71.0578303
8501q2110w2g723t1166s6c1c5a1d33361r3v,"Watertown, MA",US,0.16666666666666666,US9816931,42.3652576,-71.1843234
1xu5w5q1h1j2gl3z4g2m1g5a481u2u2g5g732t,"Chapel Hill, NC",US,0.2857142857142857,US9821050,35.9131542,-79.05578
1xu5w5q1h1j2gl3z4g2m1g5a481u2u2g5g732t,Dehiwala,LK,0.14285714285714285,US9821050,6.8512785,79.8659769
1xu5w5q1h1j2gl3z4g2m1g5a481u2u2g5g732t,"Haw River, NC",US,0.14285714285714285,US9821050,36.091526,-79.3641862
1xu5w5q1h1j2gl3z4g2m1g5a481u2u2g5g732t,"Portland, OR",US,0.14285714285714285,US9821050,45.5202471,-122.674194
1xu5w5q1h1j2gl3z4g2m1g5a481u2u2g5g732t,"Nashville, TN",US,0.2857142857142857,US9821050,36.1622767,-86.7742984
91h69l58315uq6x15564q322k47735h2g3s,"Walnut Creek, CA",US,0.3333333333333333,US9822396,37.9020731,-122.0618702
91h69l58315uq6x15564q322k47735h2g3s,"Pleasanton, CA",US,0.3333333333333333,US9822396,37.6624312,-121.8746789
91h69l58315uq6x15564q322k47735h2g3s,"Richmond, CA",US,0.3333333333333333,US9822396,37.9357576,-122.347748
2nr6n184g1x2x2o3z5k3s5k2x2v114y3c5u6n5a,"Winchester, MA",US,0.5,US9822407,42.4523178,-71.1369982
2nr6n184g1x2x2o3z5k3s5k2x2v114y3c5u6n5a,"Charlestown, MA",US,0.5,US9822407,42.3778749,-71.0619957
66101sgq51l1j234p4f5l4h3o2v2qd61e4n,"Cypress, TX",US,1.0,US9828609,29.9691116,-95.6971686
6x6i4f6w2m2c5q4j2w6v2e55314i605w5bv5313,"Natick, MA",US,0.125,US9828625,42.2836393,-71.346996
6x6i4f6w2m2c5q4j2w6v2e55314i605w5bv5313,"Reading, MA",US,0.25,US9828625,42.5260297,-71.1020262
6x6i4f6w2m2c5q4j2w6v2e55314i605w5bv5313,"Watertown, MA",US,0.125,US9828625,42.3652576,-71.1843234
6x6i4f6w2m2c5q4j2w6v2e55314i605w5bv5313,"Arlington, MA",US,0.125,US9828625,42.4153739,-71.1564428
6x6i4f6w2m2c5q4j2w6v2e55314i605w5bv5313,"Cambridge, MA",US,0.125,US9828625,42.3656347,-71.1040018
6x6i4f6w2m2c5q4j2w6v2e55314i605w5bv5313,"Charlestown, MA",US,0.125,US9828625,42.3778749,-71.0619957
6x6i4f6w2m2c5q4j2w6v2e55314i605w5bv5313,"Brookline, MA",US,0.125,US9828625,42.332918,-71.1187829
144zo2md4w3j5w6f51t8391v43101x3kr2v,"Dana Point, CA",US,0.16666666666666666,US9833513,33.4669721,-117.6981075
144zo2md4w3j5w6f51t8391v43101x3kr2v,"Boston, MA",US,0.3333333333333333,US9833513,42.3588336,-71.0578303
144zo2md4w3j5w6f51t8391v43101x3kr2v,"Mill Creek, WA",US,0.16666666666666666,US9833513,47.8577455,-122.2210628
144zo2md4w3j5w6f51t8391v43101x3kr2v,"Waban, MA",US,0.16666666666666666,US9833513,42.3258563,-71.2306431
144zo2md4w3j5w6f51t8391v43101x3kr2v,"Newton, MA",US,0.16666666666666666,US9833513,42.3300435,-71.194862
182m3a133426313e605d564v1o5k4b3w632b5t6s,"Brookline, MA",US,0.5,US9834439,42.332918,-71.1187829
182m3a133426313e605d564v1o5k4b3w632b5t6s,"Pasadena, CA",US,0.5,US9834439,34.1476507,-118.144155
64n6me1l616v6b4u6s5t4nq656q2c1n46k5x,"San Francisco, CA",US,1.0,US9670281,37.7879363,-122.4075201
546kx6i3a3l3e1l6cv5e4x256i5v6965581q3w,"Cambridge, MA",US,0.6,US9834747,42.3656347,-71.1040018
546kx6i3a3l3e1l6cv5e4x256i5v6965581q3w,"Germantown, MD",US,0.2,US9834747,39.1712341,-77.2655648
546kx6i3a3l3e1l6cv5e4x256i5v6965581q3w,"North Potomac, MD",US,0.2,US9834747,39.0985183,-77.2377429
4g6o343w5b632r5oi176v6r1d3247p2e2f145i,"Cambridge, MA",US,0.16666666666666666,US9834791,42.3656347,-71.1040018
4g6o343w5b632r5oi176v6r1d3247p2e2f145i,"Newton, MA",US,0.16666666666666666,US9834791,42.3300435,-71.194862
4g6o343w5b632r5oi176v6r1d3247p2e2f145i,"Iowa City, IA",US,0.16666666666666666,US9834791,41.6612561,-91.5299106
4g6o343w5b632r5oi176v6r1d3247p2e2f145i,"Somerville, MA",US,0.16666666666666666,US9834791,42.3875968,-71.0994968
4g6o343w5b632r5oi176v6r1d3247p2e2f145i,"Gainesville, FL",US,0.16666666666666666,US9834791,29.6519684,-82.3249846
4g6o343w5b632r5oi176v6r1d3247p2e2f145i,"Arlington, MA",US,0.16666666666666666,US9834791,42.4153739,-71.1564428
5j1r3k3z413d2g1y261q2nw6wr146q2l4e5526,Mulheim an der Ruhr,DE,0.75,US6825048,51.4272925,6.8829192
5j1r3k3z413d2g1y261q2nw6wr146q2l4e5526,Heidelberg,DE,0.25,US6825048,49.4093582,8.694724
4n049j502sn6v2i5f6l4i1o4i434x1z4v5c29,"West Lafayette, IN",US,0.6666666666666666,US7033595,40.4258686,-86.9080655
4n049j502sn6v2i5f6l4i1o4i434x1z4v5c29,"Lafayette, IN",US,0.3333333333333333,US7033595,40.4191229,-86.8919011
4k3r5v4gk2tr1o7201u057455f85is26o,"San Diego, CA",US,0.42857142857142855,US7615624,32.7174202,-117.162772
4k3r5v4gk2tr1o7201u057455f85is26o,"Research Triangle Park, NC",US,0.42857142857142855,US7615624,35.8923773,-78.8658899
4k3r5v4gk2tr1o7201u057455f85is26o,"Laurel, MD",US,0.14285714285714285,US7615624,39.0984317,-76.8485094
o5x1j4cp5z27p2g414r3k54o6t112m6t523w,Kamen,DE,0.3333333333333333,US6610530,51.5918019,7.6616804
o5x1j4cp5z27p2g414r3k54o6t112m6t523w,Gentofte,DK,0.3333333333333333,US6610530,55.7535946,12.541436
o5x1j4cp5z27p2g414r3k54o6t112m6t523w,Stensved,DK,0.3333333333333333,US6610530,54.9963766,12.0272237
8671gp5r1i5m2u1z1p4h1y5k4q1u3y2v3q4et,Cambridge,,0.3333333333333333,US7507579,52.1975846,0.1391537
8671gp5r1i5m2u1z1p4h1y5k4q1u3y2v3q4et,Lexington,,0.16666666666666666,US7507579,38.0464066,-84.4970393
8671gp5r1i5m2u1z1p4h1y5k4q1u3y2v3q4et,Somerville,,0.3333333333333333,US7507579,42.3875968,-71.0994968
8671gp5r1i5m2u1z1p4h1y5k4q1u3y2v3q4et,Dorchester,,0.16666666666666666,US7507579,50.7132064,-2.4371229
5v3y6d5x11g3r2o704u1c3cj36w2no423a4n,Sunnyvale,,0.3333333333333333,US7361731,37.3688301,-122.036349
5v3y6d5x11g3r2o704u1c3cj36w2no423a4n,Menlo Park,,0.3333333333333333,US7361731,37.4519671,-122.177992
5v3y6d5x11g3r2o704u1c3cj36w2no423a4n,San Francisco,,0.3333333333333333,US7361731,37.7879363,-122.4075201
71m582969g4s73d1c4x6y5o5d386gv366d,"Greenback, TN",US,0.16666666666666666,US8993327,35.6611904,-84.1721357
71m582969g4s73d1c4x6y5o5d386gv366d,"Oak Ridge, TN",US,0.3333333333333333,US8993327,36.0103562,-84.2696449
71m582969g4s73d1c4x6y5o5d386gv366d,"Knoxville, TN",US,0.5,US8993327,35.9603948,-83.9210261
6s63p4b4g3g76rt1r0a5a2yb1sb5q2ni,Lausanne,CH,0.5,US7666612,46.5218269,6.6327025
6s63p4b4g3g76rt1r0a5a2yb1sb5q2ni,Vevey,CH,0.5,US7666612,46.4602978,6.8418655
6y2vl4j3n4qjap2vz4k564m421531t244q,Verona,,1.0,US7122353,45.4424977,10.9857377
2d4k55233z6m18342v5l3w3q4v1a6p71363aa4x,Congers,,0.3333333333333333,US7507752,41.146634,-73.9432236
2d4k55233z6m18342v5l3w3q4v1a6p71363aa4x,Nyack,,0.3333333333333333,US7507752,41.091121,-73.9196794
2d4k55233z6m18342v5l3w3q4v1a6p71363aa4x,Ridgewood,,0.3333333333333333,US7507752,40.9796683,-74.1194403
2n6m2e50t2q1u1tj302o4c223we1n2r43633,"Albuquerque, NM",US,0.5454545454545454,US7875721,35.0841034,-106.650985
2n6m2e50t2q1u1tj302o4c223we1n2r43633,"San Diego, CA",US,0.18181818181818182,US7875721,32.7174202,-117.162772
2n6m2e50t2q1u1tj302o4c223we1n2r43633,"Arlington, VA",US,0.09090909090909091,US7875721,38.8769326,-77.0893094
2n6m2e50t2q1u1tj302o4c223we1n2r43633,"Las Cruces, NM",US,0.09090909090909091,US7875721,32.3140354,-106.779807
2n6m2e50t2q1u1tj302o4c223we1n2r43633,"Tijeras, NM",US,0.09090909090909091,US7875721,35.0796355,-106.3879441
6r48m1h3s5o5t5p156a2o464863484t4u6u2n1k,"Hockessin, DE",US,0.25,US7645604,39.7874275,-75.6879987
6r48m1h3s5o5t5p156a2o464863484t4u6u2n1k,"Wilmington, DE",US,0.25,US7645604,39.7459468,-75.546589
6r48m1h3s5o5t5p156a2o464863484t4u6u2n1k,"Chadds Ford, PA",US,0.25,US7645604,39.872027,-75.5914213
6r48m1h3s5o5t5p156a2o464863484t4u6u2n1k,"West Chester, PA",US,0.25,US7645604,39.9597389,-75.6044609
i2a5s5p1u2pk5o4l5l2p62g1z5z6s6q585531,Poeldijk,NL,0.5,US7951568,52.0225167,4.218242
i2a5s5p1u2pk5o4l5l2p62g1z5z6s6q585531,Rotterdam,NL,0.5,US7951568,51.9244424,4.47775
13z3k2x2ad2c6a81y3i6fv233i3w1y5y2z2v,"Hockessin, DE",US,0.5,US7943823,39.7874275,-75.6879987
13z3k2x2ad2c6a81y3i6fv233i3w1y5y2z2v,"West Chester, PA",US,0.5,US7943823,39.9597389,-75.6044609
o1z496e6w1n4522433m4i3t284f13201r2v66v,Tokyo,JP,1.0,US9017684,35.6768601,139.7638947
5c5z2a6i2e4a66302r3u3bq3h1e3k4v6tk6h2p,"Moraga, CA",US,0.3333333333333333,US8569468,37.834897,-122.12883
5c5z2a6i2e4a66302r3u3bq3h1e3k4v6tk6h2p,"Berkeley, CA",US,0.3333333333333333,US8569468,37.8708393,-122.272863
5c5z2a6i2e4a66302r3u3bq3h1e3k4v6tk6h2p,"Orinda, CA",US,0.3333333333333333,US8569468,37.8771476,-122.1796888
3v5q4tl6w3h166k632x3e75q93612o6x2t40,"Bellefonte, PA",US,0.5,US8673601,40.9134862,-77.7737471
3v5q4tl6w3h166k632x3e75q93612o6x2t40,"Encinitas, CA",US,0.5,US8673601,33.0369867,-117.2919818
6y6dv2v5b5m193g38i3o1b66m115n5r196dq,"Hockessin, DE",US,0.5,US7790156,39.7874275,-75.6879987
6y6dv2v5b5m193g38i3o1b66m115n5r196dq,"West Chester, PA",US,0.5,US7790156,39.9597389,-75.6044609
1j4a2v6o15403z3b285243524m562a4f1b6jn48,"Hockessin, DE",US,0.5,US7794701,39.7874275,-75.6879987
1j4a2v6o15403z3b285243524m562a4f1b6jn48,"West Chester, PA",US,0.5,US7794701,39.9597389,-75.6044609
1l3a1f1p6v236w294a4m5x2t3y2t5i6i49612j68,Tokyo,JP,1.0,US9274119,35.6768601,139.7638947
i395nn686y1d17693l3q1n4p5z376b573n5y4d,"San Mateo, CA",US,0.14285714285714285,US8420360,37.496904,-122.3330573
i395nn686y1d17693l3q1n4p5z376b573n5y4d,"Redwood City, CA",US,0.14285714285714285,US8420360,37.4863239,-122.232523
i395nn686y1d17693l3q1n4p5z376b573n5y4d,"Cupertino, CA",US,0.14285714285714285,US8420360,37.3228934,-122.0322895
i395nn686y1d17693l3q1n4p5z376b573n5y4d,"Sunnyvale, CA",US,0.14285714285714285,US8420360,37.3688301,-122.036349
i395nn686y1d17693l3q1n4p5z376b573n5y4d,"San Francisco, CA",US,0.14285714285714285,US8420360,37.7879363,-122.4075201
i395nn686y1d17693l3q1n4p5z376b573n5y4d,"Southington, OH",US,0.14285714285714285,US8420360,41.3084638,-80.9557919
i395nn686y1d17693l3q1n4p5z376b573n5y4d,"Akron, OH",US,0.14285714285714285,US8420360,41.083064,-81.518485
1d6q6u1qe4l1o1b501w1z1p3r2j6k2s6e1v3s6c,"Copley, OH",US,0.09090909090909091,US8420759,41.0989439,-81.6445685
1d6q6u1qe4l1o1b501w1z1p3r2j6k2s6e1v3s6c,"Belmont, CA",US,0.09090909090909091,US8420759,37.5164926,-122.2941914
1d6q6u1qe4l1o1b501w1z1p3r2j6k2s6e1v3s6c,"Cupertino, CA",US,0.18181818181818182,US8420759,37.3228934,-122.0322895
1d6q6u1qe4l1o1b501w1z1p3r2j6k2s6e1v3s6c,"Burlingame, CA",US,0.09090909090909091,US8420759,37.5780965,-122.3473099
1d6q6u1qe4l1o1b501w1z1p3r2j6k2s6e1v3s6c,"Redwood City, CA",US,0.18181818181818182,US8420759,37.4863239,-122.232523
1d6q6u1qe4l1o1b501w1z1p3r2j6k2s6e1v3s6c,"Sunnyvale, CA",US,0.09090909090909091,US8420759,37.3688301,-122.036349
1d6q6u1qe4l1o1b501w1z1p3r2j6k2s6e1v3s6c,"Kent, OH",US,0.09090909090909091,US8420759,41.1513108,-81.3578047
1d6q6u1qe4l1o1b501w1z1p3r2j6k2s6e1v3s6c,"Mountain View, CA",US,0.09090909090909091,US8420759,37.3893889,-122.0832101
1d6q6u1qe4l1o1b501w1z1p3r2j6k2s6e1v3s6c,"Palo Alto, CA",US,0.09090909090909091,US8420759,37.4443293,-122.1598465
31f19p3g3a6u3a191v1qj1v4e6g4z62j4x3q,"Cupertino, CA",US,0.4,US8895288,37.3228934,-122.0322895
31f19p3g3a6u3a191v1qj1v4e6g4z62j4x3q,"Palo Alto, CA",US,0.4,US8895288,37.4443293,-122.1598465
31f19p3g3a6u3a191v1qj1v4e6g4z62j4x3q,"Sunnyvale, CA",US,0.2,US8895288,37.3688301,-122.036349
2o6l3r206f2q3t2f21t304g6s2r5v2g1n4w594e,Halle,DE,0.75,US8420782,51.4824354,11.9712985
2o6l3r206f2q3t2f21t304g6s2r5v2g1n4w594e,Norwich,GB,0.25,US8420782,52.6285576,1.2923954
693xh3x554t429482kp5w6p2dge1z477372,"La Jolla, CA",US,0.25,US8653080,32.8458529,-117.2575702
693xh3x554t429482kp5w6p2dge1z477372,"San Marcos, CA",US,0.25,US8653080,33.1352995,-117.1743395
693xh3x554t429482kp5w6p2dge1z477372,"Encinitas, CA",US,0.25,US8653080,33.0369867,-117.2919818
693xh3x554t429482kp5w6p2dge1z477372,"San Diego, CA",US,0.25,US8653080,32.7174202,-117.162772
333228486k1e4f6f2f6m2k1n5o652r2i6f1k1v3k,"Glendale, OH",US,0.25,US9359230,39.2721982,-84.458416
333228486k1e4f6f2f6m2k1n5o652r2i6f1k1v3k,Soenderborg,DK,0.75,US9359230,,
2g6j4w6y163bw655n6j652o4q115m1f1f6k283m,"Emeryville, CA",US,1.0,US8324442,37.8314089,-122.2865266
3a3hc421d6h5g2m4h2a6d1u3q582rx3n6r422m,Laxou,FR,0.2,US8664186,48.6848709,6.1522232
3a3hc421d6h5g2m4h2a6d1u3q582rx3n6r422m,Leics,GB,0.2,US8664186,52.5100779,-0.9501074
3a3hc421d6h5g2m4h2a6d1u3q582rx3n6r422m,Issy Les Moulineaux,FR,0.2,US8664186,48.8250508,2.273457
3a3hc421d6h5g2m4h2a6d1u3q582rx3n6r422m,Conventry,GB,0.2,US8664186,50.7253489,-1.5701211
3a3hc421d6h5g2m4h2a6d1u3q582rx3n6r422m,Flavigny-sur-Moselle,FR,0.2,US8664186,48.5675895,6.1874642
1p1n1k3p6i1x223t6l3e27g3x2v642f4s4y1m24,"San Diego, CA",US,0.16666666666666666,US9359623,32.7174202,-117.162772
1p1n1k3p6i1x223t6l3e27g3x2v642f4s4y1m24,"Lakeside, CA",US,0.16666666666666666,US9359623,32.8503194,-116.8960084
1p1n1k3p6i1x223t6l3e27g3x2v642f4s4y1m24,"Del Mar, CA",US,0.3333333333333333,US9359623,32.9594891,-117.2653146
1p1n1k3p6i1x223t6l3e27g3x2v642f4s4y1m24,"San Francisco, CA",US,0.16666666666666666,US9359623,37.7879363,-122.4075201
1p1n1k3p6i1x223t6l3e27g3x2v642f4s4y1m24,"Germantown, MD",US,0.16666666666666666,US9359623,39.1712341,-77.2655648
2z1134x205n2q2o4g4l6g226t46621k3mm5k19,Montrond Les Bains,FR,0.3333333333333333,US8497102,45.6433431,4.2299344
2z1134x205n2q2o4g4l6g226t46621k3mm5k19,Pont Du Chateau,FR,0.3333333333333333,US8497102,45.7971315,3.2492577
2z1134x205n2q2o4g4l6g226t46621k3mm5k19,Deyme,FR,0.3333333333333333,US8497102,43.478179,1.5264609
4129ja6c2a5w4z2b1q3v421p2s4f6t6p214o4d,'s-Gravenhage,NL,0.14285714285714285,US8802415,52.0799838,4.3113461
4129ja6c2a5w4z2b1q3v421p2s4f6t6p214o4d,Spijkenisse,NL,0.14285714285714285,US8802415,51.8464881,4.3287681
4129ja6c2a5w4z2b1q3v421p2s4f6t6p214o4d,Poeldijk,NL,0.14285714285714285,US8802415,52.0225167,4.218242
4129ja6c2a5w4z2b1q3v421p2s4f6t6p214o4d,Berkel En Rodenrijs,NL,0.14285714285714285,US8802415,51.9914412,4.4739077
4129ja6c2a5w4z2b1q3v421p2s4f6t6p214o4d,Utrecht,NL,0.14285714285714285,US8802415,52.0907006,5.1215634
4129ja6c2a5w4z2b1q3v421p2s4f6t6p214o4d,Naaldwijk,NL,0.14285714285714285,US8802415,51.9930016,4.2074197
4129ja6c2a5w4z2b1q3v421p2s4f6t6p214o4d,Delft,NL,0.14285714285714285,US8802415,51.9994572,4.3627245
5a71k1v1h2u6u3k5t1y372r3t4j3t4md65p5m,"South Pasadena, CA",US,0.3333333333333333,US8478543,34.1133062,-118.1478291
5a71k1v1h2u6u3k5t1y372r3t4j3t4md65p5m,"Pasadena, CA",US,0.3333333333333333,US8478543,34.1476507,-118.144155
5a71k1v1h2u6u3k5t1y372r3t4j3t4md65p5m,"San Francisco, CA",US,0.3333333333333333,US8478543,37.7879363,-122.4075201
3l1329k85v2b201a553f632j6t6a3s3d4d4y41,Stoneham,CA,0.5,US8802437,46.9996075,-71.3694747
3l1329k85v2b201a553f632j6t6a3s3d4d4y41,Paris,FR,0.5,US8802437,48.8534951,2.3483915
5816a3g2x5e1a2n67f5o6g6mo223314r1ge,Shanghai,CN,1.0,US8492127,31.2312707,121.4700152
3i6h584s1zw4z2r5f4j4mr5y5s4411232a4a4d,"Somerville, MA",US,0.16666666666666666,US9512199,42.3875968,-71.0994968
3i6h584s1zw4z2r5f4j4mr5y5s4411232a4a4d,"Combridge, MA",US,0.16666666666666666,US9512199,,
3i6h584s1zw4z2r5f4j4mr5y5s4411232a4a4d,"Chicago, IL",US,0.6666666666666666,US9512199,41.8755616,-87.6244212
532g4p621j6l5o3v2u2u6m4t4m6hs294z6t2rm,Mulheim,DE,0.16666666666666666,US8852882,51.4272925,6.8829192
532g4p621j6l5o3v2u2u6m4t4m6hs294z6t2rm,Stolberh,DE,0.16666666666666666,US8852882,,
532g4p621j6l5o3v2u2u6m4t4m6hs294z6t2rm,Dusseldorf,DE,0.3333333333333333,US8852882,51.2254018,6.7763137
532g4p621j6l5o3v2u2u6m4t4m6hs294z6t2rm,Monchengladbach,DE,0.16666666666666666,US8852882,51.1947131,6.4353792
532g4p621j6l5o3v2u2u6m4t4m6hs294z6t2rm,Krefeld,DE,0.16666666666666666,US8852882,51.3331205,6.5623343
k5939452x5k4e583g4b46328p1i4r2l492a3o,Mouscron,BE,0.25,US9193978,50.7436672,3.2142729
k5939452x5k4e583g4b46328p1i4r2l492a3o,Paris,FR,0.25,US9193978,48.8534951,2.3483915
k5939452x5k4e583g4b46328p1i4r2l492a3o,Nozay,FR,0.25,US9193978,48.5085,4.09529
k5939452x5k4e583g4b46328p1i4r2l492a3o,Orsay,FR,0.25,US9193978,48.699184,2.187457
v395w73483o7331726c2v482g4v6p6l594i681,"College Station, TX",US,1.0,US8658394,30.6183939,-96.3455991
4k1p5f2o5s653d2945p4f442921e4i1v5014s,"West Chester, PA",US,0.5,US8969049,39.9597389,-75.6044609
4k1p5f2o5s653d2945p4f442921e4i1v5014s,"Chadds Ford, PA",US,0.5,US8969049,39.872027,-75.5914213
705c62x6nl2z2r5c4r1c55g2il5i3kt4b1k,Gargan,FR,0.14285714285714285,US9315788,48.9073372,2.5165962
705c62x6nl2z2r5c4r1c55g2il5i3kt4b1k,Paris,FR,0.7142857142857143,US9315788,48.8534951,2.3483915
705c62x6nl2z2r5c4r1c55g2il5i3kt4b1k,Trevise,FR,0.14285714285714285,US9315788,48.8091528,2.5732616
3q3m2u4bza254e5s1g44y2n1t4xbge5i4l,"Philadelphia, PA",US,0.5,US9790262,39.9527237,-75.1635262
3q3m2u4bza254e5s1g44y2n1t4xbge5i4l,"Madison, WI",US,0.5,US9790262,43.07469,-89.3841663
3l6c405u6412w13531t5zbk1v34o663k4k6c,"Emeryville, CA",US,1.0,US9862906,37.8314089,-122.2865266
6l264ly571x6v5aa165m2n6r71a4w6q1c136v,Bunkyo-ku,JP,0.6666666666666666,US9920129,35.7080255,139.7523066
6l264ly571x6v5aa165m2n6r71a4w6q1c136v,Meguro-ku,JP,0.3333333333333333,US9920129,35.6408352,139.6985376
1s82fb235e1u6a4r3c589351m3559p4a6n55,"Palo Alto, CA",US,0.6666666666666666,US8889383,37.4443293,-122.1598465
1s82fb235e1u6a4r3c589351m3559p4a6n55,"Menlo Park, CA",US,0.16666666666666666,US8889383,37.4519671,-122.177992
1s82fb235e1u6a4r3c589351m3559p4a6n55,"Pacifica, CA",US,0.16666666666666666,US8889383,37.5980374,-122.4995234
112w3jf5g2f41h1n6t6b14v6v12251d3u3q4j,"Palo Alto, CA",US,0.6666666666666666,US9121038,37.4443293,-122.1598465
112w3jf5g2f41h1n6t6b14v6v12251d3u3q4j,"Menlo Park, CA",US,0.16666666666666666,US9121038,37.4519671,-122.177992
112w3jf5g2f41h1n6t6b14v6v12251d3u3q4j,"Pacifica, CA",US,0.16666666666666666,US9121038,37.5980374,-122.4995234
1j554570196x401pp6d4b41141666246c2w2l1x,"Hockessin, DE",US,0.5,US8785164,39.7874275,-75.6879987
1j554570196x401pp6d4b41141666246c2w2l1x,"West Chester, PA",US,0.5,US8785164,39.9597389,-75.6044609
1p3861416sh1101f626f6v6o9712p5q3t5l5i,"Boston, MA",US,0.5,US9598690,42.3588336,-71.0578303
1p3861416sh1101f626f6v6o9712p5q3t5l5i,"Brookline, MA",US,0.5,US9598690,42.332918,-71.1187829
4k254l5m6z5k3vn5b501z6d6m2h5h6l1w123v25,Gyeongsangnam-do,KR,0.8,US9644217,35.3878276,128.3662341
4k254l5m6z5k3vn5b501z6d6m2h5h6l1w123v25,Chungcheongnam-do,KR,0.2,US9644217,36.6593,126.6729
15633s4r6q3p6i2p701d5n3p5n1l325c5z6f2r2l,Dresden,DE,0.6666666666666666,US10000536,51.0493286,13.7381437
15633s4r6q3p6i2p701d5n3p5n1l325c5z6f2r2l,Karlsfeld,DE,0.3333333333333333,US10000536,48.2266316,11.4676387
1s6x3p301p6s6s6rq4i285a2h1t1o5s3t1p1d6q,Lund,SE,1.0,US9610456,55.7029296,13.1929449
3sp2x5gz5f4059162q5x2k1p5c5nc3531f4l,"Brookline, MA",US,0.2,US9422528,42.332918,-71.1187829
3sp2x5gz5f4059162q5x2k1p5c5nc3531f4l,"Emeryville, CA",US,0.4,US9422528,37.8314089,-122.2865266
3sp2x5gz5f4059162q5x2k1p5c5nc3531f4l,Basel,CH,0.2,US9422528,47.5581077,7.5878261
3sp2x5gz5f4059162q5x2k1p5c5nc3531f4l,"Weston, MA",US,0.2,US9422528,42.3667625,-71.3031132
5s273o441u4a3m2l4y5u3y1it1zc202t1b21k,Mouscron,BE,1.0,US9873895,50.7436672,3.2142729
4c57u5x5m514i5w54g4t64j3g2k56z6z01n,Secundrabad,IN,0.16666666666666666,US9909148,17.4478233,78.4991587
4c57u5x5m514i5w54g4t64j3g2k56z6z01n,TIRMULGHERRY,IN,0.16666666666666666,US9909148,,
4c57u5x5m514i5w54g4t64j3g2k56z6z01n,"WILMINGTON, DE",US,0.16666666666666666,US9909148,39.7459468,-75.546589
4c57u5x5m514i5w54g4t64j3g2k56z6z01n,"Wilmington, DE",US,0.3333333333333333,US9909148,39.7459468,-75.546589
4c57u5x5m514i5w54g4t64j3g2k56z6z01n,"NEWARK, NY",US,0.16666666666666666,US9909148,43.0467301,-77.0952516
3c3t4sz3q36a4z1e4q4m5dgr16561c3j4z,"Jamaica Plain, MA",US,0.3333333333333333,US9862994,42.3116046,-71.1143838
3c3t4sz3q36a4z1e4q4m5dgr16561c3j4z,Summerland,CA,0.3333333333333333,US9862994,49.6,-119.666667
3c3t4sz3q36a4z1e4q4m5dgr16561c3j4z,"Cambridge, MA",US,0.3333333333333333,US9862994,42.3656347,-71.1040018
325w5t4w5q4q6n40a176p251g1m284j75m234u,"Bainbridge Island, WA",US,1.0,US9447194,47.6515096,-122.5246791
2k5f2k3r5o7119406s3v3w17b3o132g6z3jzr,"San Francisco, CA",US,1.0,US9878137,37.7879363,-122.4075201
t371x5y4c5y5a4r1zy556i1zl2w6w84kd5o,"Tiburon, CA",US,0.1,US9738724,37.8775332,-122.460808
t371x5y4c5y5a4r1zy556i1zl2w6w84kd5o,"Mountain View, CA",US,0.1,US9738724,37.3893889,-122.0832101
t371x5y4c5y5a4r1zy556i1zl2w6w84kd5o,"South San Francisco, CA",US,0.1,US9738724,37.6535403,-122.4168664
t371x5y4c5y5a4r1zy556i1zl2w6w84kd5o,"Palo Alto, CA",US,0.1,US9738724,37.4443293,-122.1598465
t371x5y4c5y5a4r1zy556i1zl2w6w84kd5o,"Foster City, CA",US,0.1,US9738724,37.5600336,-122.2688522
t371x5y4c5y5a4r1zy556i1zl2w6w84kd5o,"Fremont, CA",US,0.1,US9738724,37.5482697,-121.988571
t371x5y4c5y5a4r1zy556i1zl2w6w84kd5o,"San Mateo, CA",US,0.1,US9738724,37.496904,-122.3330573
t371x5y4c5y5a4r1zy556i1zl2w6w84kd5o,"Soquel, CA",US,0.1,US9738724,36.992568,-121.9428597
t371x5y4c5y5a4r1zy556i1zl2w6w84kd5o,"San Francisco, CA",US,0.1,US9738724,37.7879363,-122.4075201
t371x5y4c5y5a4r1zy556i1zl2w6w84kd5o,"Emeryville, CA",US,0.1,US9738724,37.8314089,-122.2865266
212jx06o5n5i1s4v3j6b61433w1m6464o3,Daejeon,KR,1.0,US9441251,36.3497007,127.3849016
1q3iv6ig242z4u3q6s5f373j81l3b6v5p4s51,Slough Berkshire,GB,0.5,US10048253,51.5074745,-0.597961
1q3iv6ig242z4u3q6s5f373j81l3b6v5p4s51,Slough,GB,0.5,US10048253,51.5111014,-0.5940682
1f605s2t5xq27515w9314523nc5j5yt36c,Osaka,JP,1.0,US9862942,34.6937569,135.5014539
2v6o4e6r5c2c4f6g216v6a555455345a4j1g82a,Basel,CH,0.14285714285714285,US9828617,47.5581077,7.5878261
2v6o4e6r5c2c4f6g216v6a555455345a4j1g82a,Reinach,CH,0.07142857142857142,US9828617,47.4935369,7.5910891
2v6o4e6r5c2c4f6g216v6a555455345a4j1g82a,Wittisheim,FR,0.07142857142857142,US9828617,48.2644141,7.5864947
2v6o4e6r5c2c4f6g216v6a555455345a4j1g82a,Loerrach,DE,0.07142857142857142,US9828617,47.6120896,7.6607218
2v6o4e6r5c2c4f6g216v6a555455345a4j1g82a,Speyer,DE,0.14285714285714285,US9828617,49.3165553,8.433615
2v6o4e6r5c2c4f6g216v6a555455345a4j1g82a,Nussloch,DE,0.07142857142857142,US9828617,49.3228653,8.6959385
2v6o4e6r5c2c4f6g216v6a555455345a4j1g82a,Pfungstadt,DE,0.07142857142857142,US9828617,49.7943,8.5877
2v6o4e6r5c2c4f6g216v6a555455345a4j1g82a,Weinheim,DE,0.07142857142857142,US9828617,49.5462349,8.6717458
2v6o4e6r5c2c4f6g216v6a555455345a4j1g82a,Goennheim,DE,0.07142857142857142,US9828617,49.4514816,8.2367259
2v6o4e6r5c2c4f6g216v6a555455345a4j1g82a,Darmstadt,DE,0.07142857142857142,US9828617,49.872775,8.651177
2v6o4e6r5c2c4f6g216v6a555455345a4j1g82a,Schwetzingen,DE,0.07142857142857142,US9828617,49.3832919,8.5735135
2v6o4e6r5c2c4f6g216v6a555455345a4j1g82a,Eppelheim,DE,0.07142857142857142,US9828617,49.4025,8.63306
2c6y5m48556b38b715v3137b25v2hi6e2a1g,Tokyo,JP,1.0,US9815867,35.6768601,139.7638947
6f2m5344f105q1t4g44y442zx5m404v4d2l2q,Tournai,BE,0.3333333333333333,US9803220,50.6056458,3.3878179
6f2m5344f105q1t4g44y442zx5m404v4d2l2q,Nozay,FR,0.3333333333333333,US9803220,48.5085,4.09529
6f2m5344f105q1t4g44y442zx5m404v4d2l2q,Saint-Vrain,FR,0.3333333333333333,US9803220,48.69421,4.80309
3y235f2a2a5o4v1s4f154u4z666l6s6p2t461q3t,Oxford,GB,1.0,US9995728,51.7520131,-1.2578499
y3i2n1t3x6q636n4s5d6o6l1ji1g5s4f6t2w4x,"Cambridge, MA",US,0.75,US9708585,42.3656347,-71.1040018
y3i2n1t3x6q636n4s5d6o6l1ji1g5s4f6t2w4x,Marburg,DE,0.25,US9708585,50.8090106,8.7704695
36531t493n1x6x183f635q48l253n2fxe1h6n,"San Diego, CA",US,0.6666666666666666,US9982272,32.7174202,-117.162772
36531t493n1x6x183f635q48l253n2fxe1h6n,"Cardiff, CA",US,0.1111111111111111,US9982272,33.6879703,-117.8073342
36531t493n1x6x183f635q48l253n2fxe1h6n,"Solana Beach, CA",US,0.1111111111111111,US9982272,32.9919141,-117.2678124
36531t493n1x6x183f635q48l253n2fxe1h6n,"Honolulu, HI",US,0.1111111111111111,US9982272,21.304547,-157.855676
685z6g4w4u446l5l5v5t3x1y1t271k5d4o6ke22,"Cypress, TX",US,0.5,US9987219,29.9691116,-95.6971686
685z6g4w4u446l5l5v5t3x1y1t271k5d4o6ke22,"Friendswood, TX",US,0.5,US9987219,29.5293998,-95.2010447
1qa6c3t6e2f3156h12126y3r4f593y74q5x4k,"Roseville, MN",US,0.5,US9909129,45.0060767,-93.1566107
1qa6c3t6e2f3156h12126y3r4f593y74q5x4k,"Manitowoc, WI",US,0.5,US9909129,44.0998341,-87.827992
2p626hx2b5h1h233s5u4n53n5lf5o2pd1od,"Paradise Valley, AZ",US,0.2,US9939443,33.5324295,-111.9505123
2p626hx2b5h1h233s5u4n53n5lf5o2pd1od,"Tempe, AZ",US,0.4,US9939443,33.4255117,-111.940016
2p626hx2b5h1h233s5u4n53n5lf5o2pd1od,Bonn,DE,0.4,US9939443,50.7352621,7.1024635
3b6l1y25n2d236v67b4v255jj4i6a2k4jc2k,"Carlsbad, CA",US,1.0,US9909151,33.1580933,-117.3505966
1x2l2q5l5ek65l4i336xur4sz5i6b5s4ie,Yuseong-gu,KR,0.14285714285714285,US9175330,36.3620732,127.3564099
1x2l2q5l5ek65l4i336xur4sz5i6b5s4ie,Daejeon,KR,0.8571428571428571,US9175330,36.3497007,127.3849016
456n1nj4k7271q673g5119101t396bs621p4,"Cambridge, MA",US,0.2857142857142857,US9394368,42.3656347,-71.1040018
456n1nj4k7271q673g5119101t396bs621p4,"Ardmore, PA",US,0.14285714285714285,US9394368,40.004128,-75.2882893
456n1nj4k7271q673g5119101t396bs621p4,"Merion Station, PA",US,0.14285714285714285,US9394368,39.9981758,-75.2513256
456n1nj4k7271q673g5119101t396bs621p4,"Bryn Mawr, PA",US,0.14285714285714285,US9394368,40.0238245,-75.3173407
456n1nj4k7271q673g5119101t396bs621p4,"Narberth, PA",US,0.14285714285714285,US9394368,40.0084456,-75.26046
456n1nj4k7271q673g5119101t396bs621p4,"Pittsburgh, PA",US,0.14285714285714285,US9394368,40.4406968,-80.0025666
346l6l2x5g5s4t63248171l4m3u2zs5q232u28,"Emeryville, CA",US,1.0,US9410214,37.8314089,-122.2865266
6l6z664y731d4h643n4e19406n68171u6i63226z,"Los Altos, CA",US,0.3333333333333333,US9428537,37.3790629,-122.116578
6l6z664y731d4h643n4e19406n68171u6i63226z,"Palo Alto, CA",US,0.3333333333333333,US9428537,37.4443293,-122.1598465
6l6z664y731d4h643n4e19406n68171u6i63226z,"Union City, CA",US,0.3333333333333333,US9428537,37.5872576,-122.0215737
5d676mcg3qd1w574t521t4k4q2z6i726q6q2n,"Philadelphia, PA",US,0.3333333333333333,US9789164,39.9527237,-75.1635262
5d676mcg3qd1w574t521t4k4q2z6i726q6q2n,"Madison, WI",US,0.3333333333333333,US9789164,43.07469,-89.3841663
5d676mcg3qd1w574t521t4k4q2z6i726q6q2n,"Devon, PA",US,0.3333333333333333,US9789164,40.0473603,-75.4229511
2m316tj4m24i4zp3w555u4vdm135n1e4849,"Los Angeles, CA",US,0.5,US9518278,34.0536909,-118.242766
2m316tj4m24i4zp3w555u4vdm135n1e4849,"Tarzana, CA",US,0.5,US9518278,34.1689262,-118.5365791
22vr2j2c5l5h2g4k1q5j219434j25h6w2r13,"Boston, MA",US,0.5,US9718858,42.3588336,-71.0578303
22vr2j2c5l5h2g4k1q5j219434j25h6w2r13,"Newton Centre, MA",US,0.5,US9718858,42.3300309,-71.1948774
6t6z28u426y3q124a728295x1w40643i1e4y3w,Dhaka,BD,0.16666666666666666,US10053719,23.7643863,90.3890144
6t6z28u426y3q124a728295x1w40643i1e4y3w,"Framingham, MA",US,0.16666666666666666,US10053719,42.2773177,-71.4165905
6t6z28u426y3q124a728295x1w40643i1e4y3w,"Cambridge, MA",US,0.16666666666666666,US10053719,42.3656347,-71.1040018
6t6z28u426y3q124a728295x1w40643i1e4y3w,"Revere, MA",US,0.16666666666666666,US10053719,42.4084302,-71.0119948
6t6z28u426y3q124a728295x1w40643i1e4y3w,"North Andover, MA",US,0.16666666666666666,US10053719,42.7029687,-71.1309117
6t6z28u426y3q124a728295x1w40643i1e4y3w,"Newton, MA",US,0.16666666666666666,US10053719,42.3300435,-71.194862
2s585j554a5w32w4dz215k1w30476v343bm36,"Philadelphia, PA",US,0.6666666666666666,US10017813,39.9527237,-75.1635262
2s585j554a5w32w4dz215k1w30476v343bm36,"Jenkintown, PA",US,0.3333333333333333,US10017813,40.0959539,-75.125651
5j2fq265335n1v34545v5e59t2c1362d5e23,Blanden,BE,0.3333333333333333,US10000759,50.8278376,4.7181551
5j2fq265335n1v34545v5e59t2c1362d5e23,Putte,BE,0.16666666666666666,US10000759,51.0570823,4.6310473
5j2fq265335n1v34545v5e59t2c1362d5e23,Brussel,BE,0.16666666666666666,US10000759,50.8551025,4.3510915
5j2fq265335n1v34545v5e59t2c1362d5e23,Zichem,BE,0.16666666666666666,US10000759,51.0014178,4.9856978
5j2fq265335n1v34545v5e59t2c1362d5e23,Sinop,BR,0.16666666666666666,US10000759,-11.857701,-55.4967824
322q336a2h4c3l1z2003hn136t2t4k2m1q191k,Aachen,DE,0.6666666666666666,US9365834,50.776351,6.083862
322q336a2h4c3l1z2003hn136t2t4k2m1q191k,Belgrade,RS,0.3333333333333333,US9365834,44.8153318,20.4456588
6u1m5e666p386l1r454k4t2aj6h726rq5b604x,"Evanston, IL",US,0.25,US10017728,42.0693991,-87.682932
6u1m5e666p386l1r454k4t2aj6h726rq5b604x,"Chicago, IL",US,0.75,US10017728,41.8755616,-87.6244212
531j52w6nn3gj5xe1f3x3i3sb6c3s4m2s37,"Los Altos, CA",US,0.3333333333333333,US9206433,37.3790629,-122.116578
531j52w6nn3gj5xe1f3x3i3sb6c3s4m2s37,"Redwood City, CA",US,0.3333333333333333,US9206433,37.4863239,-122.232523
531j52w6nn3gj5xe1f3x3i3sb6c3s4m2s37,"Hamden, CT",US,0.3333333333333333,US9206433,41.3836233,-72.9020069
39p3s356w6o5z5p1mt4261e5c1r471o1wr39,"Austin, TX",US,1.0,US9896691,30.2711286,-97.7436995
6r64h3b16341ld4k493i644t1yd2b2f3i1yv,Tournai,BE,0.3333333333333333,US10036003,50.6056458,3.3878179
6r64h3b16341ld4k493i644t1yd2b2f3i1yv,Paris,FR,0.3333333333333333,US10036003,48.8534951,2.3483915
6r64h3b16341ld4k493i644t1yd2b2f3i1yv,Bois le Roi,FR,0.3333333333333333,US10036003,48.86276,1.34378
146d1y3e191o3r25721a1n3mn473h383u36236,Tianjin,CN,1.0,US10006063,39.3032619,117.4163641
6y51n6x505u5i4l2m3dv1z2d2wd462q3qr57,Renkum,NL,0.25,US9902973,51.991685,5.7916923
6y51n6x505u5i4l2m3dv1z2d2wd462q3qr57,Wageningen,NL,0.25,US9902973,51.9685817,5.6682981
6y51n6x505u5i4l2m3dv1z2d2wd462q3qr57,"San Francisco, CA",US,0.25,US9902973,37.7879363,-122.4075201
6y51n6x505u5i4l2m3dv1z2d2wd462q3qr57,"Kensington, CA",US,0.25,US9902973,37.908433,-122.2765838
k3i5ob4h671nt4a4u5f2e1hz226v5u4p3x3h,"Annandale, NJ",US,0.3333333333333333,US9528138,40.6475975,-74.8862631
k3i5ob4h671nt4a4u5f2e1hz226v5u4p3x3h,"Lambertville, NJ",US,0.3333333333333333,US9528138,40.3656188,-74.9454055
k3i5ob4h671nt4a4u5f2e1hz226v5u4p3x3h,"Pittstown, NJ",US,0.3333333333333333,US9528138,40.5821362,-74.9589826
1v69311c5r274164642e1893s4d4hz273b47q,Ottawa,CA,0.6,US10066214,45.4208777,-75.6901106
1v69311c5r274164642e1893s4d4hz273b47q,Gatineau,CA,0.2,US10066214,45.4277659,-75.710976
1v69311c5r274164642e1893s4d4hz273b47q,Orleans,CA,0.2,US10066214,41.3015154,-123.5411704
i362q3g363x25425a523n3f176oh492d5v1f1k,Kgs. Lyngby,DK,1.0,US10066245,55.7718649,12.5051413
2l7183x6321me13u5s2201l3w4v6gl6g1u,"Scottsdale, AZ",US,0.25,US9944923,33.4942189,-111.926018
2l7183x6321me13u5s2201l3w4v6gl6g1u,"Chandler, AZ",US,0.25,US9944923,33.3062031,-111.841185
2l7183x6321me13u5s2201l3w4v6gl6g1u,"Tempe, AZ",US,0.25,US9944923,33.4255117,-111.940016
2l7183x6321me13u5s2201l3w4v6gl6g1u,"Mesa, AZ",US,0.25,US9944923,33.4151005,-111.831455
563p2q3z2z2b4h2u3d4t346l4i436t6j525a436,Tournai,BE,0.3333333333333333,US9850504,50.6056458,3.3878179
563p2q3z2z2b4h2u3d4t346l4i436t6j525a436,Nozay,FR,0.3333333333333333,US9850504,48.5085,4.09529
563p2q3z2z2b4h2u3d4t346l4i436t6j525a436,Saint-Vrain,FR,0.3333333333333333,US9850504,48.69421,4.80309
3e4t6u6m202b305t52l59405d5u39116c692p,"Brookline, MA",US,0.25,US9914939,42.332918,-71.1187829
3e4t6u6m202b305t52l59405d5u39116c692p,"Somerville, MA",US,0.25,US9914939,42.3875968,-71.0994968
3e4t6u6m202b305t52l59405d5u39116c692p,"Boston, MA",US,0.25,US9914939,42.3588336,-71.0578303
3e4t6u6m202b305t52l59405d5u39116c692p,"Cambridge, MA",US,0.25,US9914939,42.3656347,-71.1040018
182o3v4z1b6l22614a3j2e5c51441q4g5j5os6s,"Cypress, TX",US,0.5,US9890201,29.9691116,-95.6971686
182o3v4z1b6l22614a3j2e5c51441q4g5j5os6s,Bucaramanga,CO,0.5,US9890201,7.1669842,-73.1047294
1swpk6v4w3ix366e176j5ff1n6kf1xf,Singapore,SG,0.6666666666666666,US9976113,1.2899175,103.8519072
1swpk6v4w3ix366e176j5ff1n6kf1xf,"Pittsburgh, PA",US,0.3333333333333333,US9976113,40.4406968,-80.0025666
2s1s4h474d4y4gj5r4tf361q541e2q5i6c1b2j,"Gainesville, FL",US,1.0,US9315842,29.6519684,-82.3249846
4h2e662nk3z2a621k2f2l3z3b6l35231k29634x,"Brookline, MA",US,0.6666666666666666,US9834775,42.332918,-71.1187829
4h2e662nk3z2a621k2f2l3z3b6l35231k29634x,"Cambridge, MA",US,0.3333333333333333,US9834775,42.3656347,-71.1040018
4x59263d5x5e5l3mx6p1l4q153t705a306h4b5r,Oxford,GB,1.0,US9797009,51.7520131,-1.2578499
5jx2g2a1j2g1e274r5p1t3y20w6t56713k4b5n,Göteborg,SE,0.6666666666666666,US9777283,57.7072326,11.9670171
5jx2g2a1j2g1e274r5p1t3y20w6t56713k4b5n,Västra Frölunda,SE,0.16666666666666666,US9777283,57.6569983,11.911899
5jx2g2a1j2g1e274r5p1t3y20w6t56713k4b5n,Hisings backa,SE,0.16666666666666666,US9777283,57.742936,11.9758332
533p5v274m373n173736ud1l9703d4y5w2t1h,"Austin, TX",US,0.5,US9926347,30.2711286,-97.7436995
533p5v274m373n173736ud1l9703d4y5w2t1h,"Arlington, MA",US,0.5,US9926347,42.4153739,-71.1564428
4y4m613m67475j3i23x3u3y714h6u6v632a65l,Nozay,FR,0.3333333333333333,US10017787,48.5085,4.09529
4y4m613m67475j3i23x3u3y714h6u6v632a65l,Saint Vrain,FR,0.3333333333333333,US10017787,48.69421,4.80309
4y4m613m67475j3i23x3u3y714h6u6v632a65l,Tournai,BE,0.3333333333333333,US10017787,50.6056458,3.3878179
1i4q2z5f6u613v31l3o5u3q5x1l5t411n3d2j,Tel-Aviv,IL,0.25,US10053712,32.0852997,34.7818064
1i4q2z5f6u613v31l3o5u3q5x1l5t411n3d2j,Kfar-Saba,IL,0.25,US10053712,32.1773471,34.907459
1i4q2z5f6u613v31l3o5u3q5x1l5t411n3d2j,Rehovot,IL,0.5,US10053712,31.8952532,34.8105616
8322a3x296p384h4d4y5g3j4a616u4g6w652k,"San Francisco, CA",US,0.3333333333333333,US9982229,37.7879363,-122.4075201
8322a3x296p384h4d4y5g3j4a616u4g6w652k,"Palo Alto, CA",US,0.6666666666666666,US9982229,37.4443293,-122.1598465
1u5w5x5n5p3s3s576op3h4z1u204z5v5u3j5oy,"Berkeley, CA",US,1.0,US10000775,37.8708393,-122.272863
2s31v6a1p3j6a40701y1m3i1f6w6y5p6y2c412h,"Somerville, MA",US,0.25,US10047405,42.3875968,-71.0994968
2s31v6a1p3j6a40701y1m3i1f6w6y5p6y2c412h,"Cambridge, MA",US,0.75,US10047405,42.3656347,-71.1040018
4z2pj125u1a3g6y67234241h3i712g5a6i4d63,Pechabou,FR,0.1111111111111111,US10066234,43.5005961,1.5088294
4z2pj125u1a3g6y67234241h3i712g5a6i4d63,Clermont-Ferrand,FR,0.1111111111111111,US10066234,45.7774551,3.0819427
4z2pj125u1a3g6y67234241h3i712g5a6i4d63,Belberaud,FR,0.1111111111111111,US10066234,43.5072,1.56888
4z2pj125u1a3g6y67234241h3i712g5a6i4d63,Vallegue,FR,0.2222222222222222,US10066234,43.424481,1.7554201
4z2pj125u1a3g6y67234241h3i712g5a6i4d63,Saix,FR,0.1111111111111111,US10066234,47.1373917,0.0016035
4z2pj125u1a3g6y67234241h3i712g5a6i4d63,Toulouse,FR,0.1111111111111111,US10066234,43.6044638,1.4442433
4z2pj125u1a3g6y67234241h3i712g5a6i4d63,Le Vernet,FR,0.1111111111111111,US10066234,46.1084089,3.4626994
4z2pj125u1a3g6y67234241h3i712g5a6i4d63,Pins Justaret,FR,0.1111111111111111,US10066234,43.4792843,1.3832206
1iib383664u1437682x5gr4w463ht4w472y,Tokyo,JP,1.0,US9783800,35.6768601,139.7638947
1im2z6t214d4k32l293e5yd2bk5e1t5j1zc,"Brookline, MA",US,0.25,US9944972,42.332918,-71.1187829
1im2z6t214d4k32l293e5yd2bk5e1t5j1zc,Jakkur,IN,0.25,US9944972,13.0784743,77.6068938
1im2z6t214d4k32l293e5yd2bk5e1t5j1zc,"West Newton, MA",US,0.25,US9944972,42.3494414,-71.2262274
1im2z6t214d4k32l293e5yd2bk5e1t5j1zc,Munich,DE,0.25,US9944972,48.1371079,11.5753822
4dd6j696y1705y1v3t381x364n2t1m2b6f6s8,"Chengdu, Sichuan",CN,1.0,US9840474,30.659867,104.063315
61l4r3o6l3l11a1z5v5d4d636g3w9453vw2q,"Boston, MA",US,0.25,US9594075,42.3588336,-71.0578303
61l4r3o6l3l11a1z5v5d4d636g3w9453vw2q,"Cambridge, MA",US,0.5,US9594075,42.3656347,-71.1040018
61l4r3o6l3l11a1z5v5d4d636g3w9453vw2q,"Somerville, MA",US,0.25,US9594075,42.3875968,-71.0994968
a1g3m356j6m3r5m6p473x6u1s2v3x481qa253c,"Emeryville, CA",US,1.0,US10071034,37.8314089,-122.2865266
6b4v68m3p359696b4e3b3x4k1f142y2x6g6r3w,Uppsala,SE,1.0,US10041104,59.8586126,17.6387436
5z6yq5130j2r464q3y6j4u6i61m5w422v6en,"Liberty Township, OH",US,0.16666666666666666,US9718044,39.400949,-84.4097355
5z6yq5130j2r464q3y6j4u6i61m5w422v6en,"Cincinnati, OH",US,0.16666666666666666,US9718044,39.1012809,-84.5127405
5z6yq5130j2r464q3y6j4u6i61m5w422v6en,"West Chester, OH",US,0.16666666666666666,US9718044,39.3303357,-84.408275
5z6yq5130j2r464q3y6j4u6i61m5w422v6en,"Bolton, MA",US,0.16666666666666666,US9718044,42.4342336,-71.6097744
5z6yq5130j2r464q3y6j4u6i61m5w422v6en,"Ithaca, NY",US,0.16666666666666666,US9718044,42.4374175,-76.5483724
5z6yq5130j2r464q3y6j4u6i61m5w422v6en,"Belmont, MA",US,0.16666666666666666,US9718044,42.3959296,-71.1786655
2g3w6t5z6l5v412og93d4m6t1r2m6d43125xd,"Austin, TX",US,1.0,US9937256,30.2711286,-97.7436995
4e302h72i2c461j2u4g5a1l66122q64404a231,Paris,FR,1.0,US9944709,48.8534951,2.3483915
3s6g15o5t1j6h5s2ym1pp4p651w5u2az605h,"Winchester, MA",US,0.5,US9850484,42.4523178,-71.1369982
3s6g15o5t1j6h5s2ym1pp4p651w5u2az605h,"Memphis, TN",US,0.5,US9850484,35.146026,-90.0517786
56516a4h6dx1m236n646n3b3h2h6z1y6b6o731,"Sausalito, CA",US,0.09090909090909091,US9988624,37.8590272,-122.485469
56516a4h6dx1m236n646n3b3h2h6z1y6b6o731,"Lafayette, CA",US,0.09090909090909091,US9988624,37.8857582,-122.1180201
56516a4h6dx1m236n646n3b3h2h6z1y6b6o731,"Oakland, CA",US,0.18181818181818182,US9988624,37.8044557,-122.271356
56516a4h6dx1m236n646n3b3h2h6z1y6b6o731,"Eureka, CA",US,0.09090909090909091,US9988624,40.8018746,-124.1707558
56516a4h6dx1m236n646n3b3h2h6z1y6b6o731,"Seattle, WA",US,0.09090909090909091,US9988624,47.6038321,-122.330062
56516a4h6dx1m236n646n3b3h2h6z1y6b6o731,"San Francisco, CA",US,0.09090909090909091,US9988624,37.7879363,-122.4075201
56516a4h6dx1m236n646n3b3h2h6z1y6b6o731,"Martinez, CA",US,0.09090909090909091,US9988624,38.0138934,-122.1338674
56516a4h6dx1m236n646n3b3h2h6z1y6b6o731,"Alameda, CA",US,0.09090909090909091,US9988624,37.6090291,-121.899142
56516a4h6dx1m236n646n3b3h2h6z1y6b6o731,"Berkeley, CA",US,0.09090909090909091,US9988624,37.8708393,-122.272863
56516a4h6dx1m236n646n3b3h2h6z1y6b6o731,"Walnut Creek, CA",US,0.09090909090909091,US9988624,37.9020731,-122.0618702
3g1w2e2f3y1c3q1n5r2j133a63115u5h4b6371l,"San Carlos, CA",US,0.5,US10059929,37.504936,-122.261823
3g1w2e2f3y1c3q1n5r2j133a63115u5h4b6371l,"La Jolla, CA",US,0.5,US10059929,32.8458529,-117.2575702
1330i6n34vc1268133230p92q2h5u3d6j1a,"Wakefield, MA",US,0.2,US10035920,42.506484,-71.0728306
1330i6n34vc1268133230p92q2h5u3d6j1a,"Concord, MA",US,0.2,US10035920,42.4605189,-71.3488963
1330i6n34vc1268133230p92q2h5u3d6j1a,"Medford, MA",US,0.4,US10035920,42.4184296,-71.1061639
1330i6n34vc1268133230p92q2h5u3d6j1a,"Somerville, MA",US,0.2,US10035920,42.3875968,-71.0994968
b6f3v4z4d6v42g612fa5q596ka3u67q2ev,Tokyo,JP,1.0,US9365603,35.6768601,139.7638947
3kw24413p6y4f24t1v5429t533t5m2oc5561,"Encinitas, CA",US,1.0,US9085798,33.0369867,-117.2919818
4o5j4x6f3w3y4z3a562o3g571g6v2o6z56ap4q,Leeds,GB,1.0,US9932575,53.7974185,-1.5437941
144ln40354g5op53x2t2nq611t20585p343,Beijing,CN,1.0,US9862991,39.9057136,116.3912972
338l4z5k582g2p5m95x733u2p4s2r4q275b4g,"Seattle, WA",US,0.75,US9840539,47.6038321,-122.330062
338l4z5k582g2p5m95x733u2p4s2r4q275b4g,"New Brunswick, NJ",US,0.25,US9840539,40.4936119,-74.4436416
543q633yw4l2b386z1o6g5i4v6v3f7049726v3x,"Lexington, MA",US,0.5,US9068179,42.4473175,-71.2245003
543q633yw4l2b386z1o6g5i4v6v3f7049726v3x,"Pasadena, CA",US,0.5,US9068179,34.1476507,-118.144155
1005a3w5d1h2g1b2ud2f2x2k3sbo4qz2pq,Shanghai,CN,1.0,US9839698,31.2312707,121.4700152
4d301n263s103128f134s5zj38651v72h445a,Oxford,GB,1.0,US9831010,51.7520131,-1.2578499
5b1ft36611d1f306v1b3c3a1770166z2w5p6x4l,"Somerville, MA",US,0.3333333333333333,US9815871,42.3875968,-71.0994968
5b1ft36611d1f306v1b3c3a1770166z2w5p6x4l,"Malden, MA",US,0.3333333333333333,US9815871,42.4268484,-71.0683741
5b1ft36611d1f306v1b3c3a1770166z2w5p6x4l,"Durham, NC",US,0.3333333333333333,US9815871,35.996653,-78.9018053
923652v60a3bi6o2f2rfl69g40214m2kg,Graz,AT,0.75,US9822357,47.0708678,15.4382786
923652v60a3bi6o2f2rfl69g40214m2kg,Gleisdorf,AT,0.25,US9822357,47.1054105,15.7098162
4d2c3v69y4c412p4v5d3n5w2h5b5182h13270,"San Francisco, CA",US,0.2,US9816066,37.7879363,-122.4075201
4d2c3v69y4c412p4v5d3n5w2h5b5182h13270,"Menlo Park, CA",US,0.4,US9816066,37.4519671,-122.177992
4d2c3v69y4c412p4v5d3n5w2h5b5182h13270,"San Mateo, CA",US,0.2,US9816066,37.496904,-122.3330573
4d2c3v69y4c412p4v5d3n5w2h5b5182h13270,"Mill Valley, CA",US,0.2,US9816066,37.9060368,-122.5449763
403o5b2x3t564r2h3b3s5l2b1p6n292c1hf5454,Shrewsbury,,1.0,US9811640,52.707755,-2.7540658
3v5ov3z2l2r536ut1g4x3a1k403l1i4u326z4m,"Santa Monica, CA",US,1.0,US9810661,34.0194704,-118.491227
6t1tk4gq163u86j692k664m2q2a4d4l2m6568,"Seattle, WA",US,1.0,US9809904,47.6038321,-122.330062
5s5ng4l604c5m2i1c15a2x44o205f1e1ax41,"Atlanta, GA",US,1.0,US9809862,33.7544657,-84.3898151
4l4y611k5l6cz6l1qs2n3fq1jn2h3t2z5u3w,"Cambridge, MA",US,0.6,US9790490,42.3656347,-71.1040018
4l4y611k5l6cz6l1qs2n3fq1jn2h3t2z5u3w,"Gloucester, MA",US,0.2,US9790490,42.6153595,-70.6624608
4l4y611k5l6cz6l1qs2n3fq1jn2h3t2z5u3w,Cambridge,,0.2,US9790490,52.1975846,0.1391537
2k6q3b46t5c706x3h2d25l55233f5j4a4y2f4j,"Danville, CA",US,0.2,US9378065,37.8225892,-122.0008254
2k6q3b46t5c706x3h2d25l55233f5j4a4y2f4j,"Belmont, CA",US,0.2,US9378065,37.5164926,-122.2941914
2k6q3b46t5c706x3h2d25l55233f5j4a4y2f4j,"Palo Alto, CA",US,0.4,US9378065,37.4443293,-122.1598465
2k6q3b46t5c706x3h2d25l55233f5j4a4y2f4j,"San Francisco, CA",US,0.2,US9378065,37.7879363,-122.4075201
5h6f166r1q3hw2yx3l623h612e1z4455r4s5x,"St. Louis, MO",US,0.125,US9670498,38.6254063,-90.190009
5h6f166r1q3hw2yx3l623h612e1z4455r4s5x,"West Salem, WI",US,0.5,US9670498,43.8980198,-91.0813561
5h6f166r1q3hw2yx3l623h612e1z4455r4s5x,"Rio Vista, CA",US,0.125,US9670498,38.1557502,-121.6913439
5h6f166r1q3hw2yx3l623h612e1z4455r4s5x,"Chesterfield, MO",US,0.25,US9670498,38.6581764,-90.5680617
4n642r2552z4r6k3y3r5f1ex2o7240473s2q33,"Cambridge, MA",US,0.3333333333333333,US8512988,42.3656347,-71.1040018
4n642r2552z4r6k3y3r5f1ex2o7240473s2q33,"Winchester, MA",US,0.3333333333333333,US8512988,42.4523178,-71.1369982
4n642r2552z4r6k3y3r5f1ex2o7240473s2q33,Kent Vale,SG,0.3333333333333333,US8512988,1.302102,103.7686869
2v56151x13wp2g4r2d352k736j6c4w5r483g73,"Emeryville, CA",US,0.2,US9777300,37.8314089,-122.2865266
2v56151x13wp2g4r2d352k736j6c4w5r483g73,"Berkeley, CA",US,0.4,US9777300,37.8708393,-122.272863
2v56151x13wp2g4r2d352k736j6c4w5r483g73,"Oakland, CA",US,0.2,US9777300,37.8044557,-122.271356
2v56151x13wp2g4r2d352k736j6c4w5r483g73,"Mountain View, CA",US,0.2,US9777300,37.3893889,-122.0832101
1f301v1p1c5p6k215bw84c2f56466663q3i3j,"Boston, MA",US,0.5,US9777262,42.3588336,-71.0578303
1f301v1p1c5p6k215bw84c2f56466663q3i3j,"Brookline, MA",US,0.5,US9777262,42.332918,-71.1187829
6c434o6r6x5i6s5e6i4t5d5i114w4p5f1v1i1i7,Singapore,SG,1.0,US9790488,1.2899175,103.8519072
40181yu6z1s2n2g1b5z1lz1w1s2u5t2m3t1k5a,"Watertown, MA",US,0.25,US9487808,42.3652576,-71.1843234
40181yu6z1s2n2g1b5z1lz1w1s2u5t2m3t1k5a,"Cambridge, MA",US,0.5,US9487808,42.3656347,-71.1040018
40181yu6z1s2n2g1b5z1lz1w1s2u5t2m3t1k5a,"Newton, MA",US,0.25,US9487808,42.3300435,-71.194862
43z3o2d6t5r583f2g4e4t5g173m2u646r41s1k,"Palto Alto, CA",US,1.0,US9770405,-6.0900821,-78.7605102
n5w1o373f531q1pz3a371j4w4c68165c472633,"Skokie, IL",US,0.5,US9738875,42.0262972,-87.7521069
n5w1o373f531q1pz3a371j4w4c68165c472633,Copenhagen,DK,0.25,US9738875,55.6867243,12.5700724
n5w1o373f531q1pz3a371j4w4c68165c472633,Stockholm,SE,0.25,US9738875,59.3251172,18.0710935
6u224t3j2x3k3l403x213z5033i4r4n1c5n6h2j,"Scarsdale, NY",US,0.3333333333333333,US9745556,40.9885221,-73.8085608
6u224t3j2x3k3l403x213z5033i4r4n1c5n6h2j,"Gainesville, FL",US,0.6666666666666666,US9745556,29.6519684,-82.3249846
4k2e33l93i5e4n5w1u121u2v2n40513r2b3n,"Fort Collins, CO",US,0.14285714285714285,US9764279,40.5871782,-105.0770113
4k2e33l93i5e4n5w1u121u2v2n40513r2b3n,"Westminster, CO",US,0.14285714285714285,US9764279,39.8366528,-105.0372046
4k2e33l93i5e4n5w1u121u2v2n40513r2b3n,"Arvada, CO",US,0.14285714285714285,US9764279,39.8005505,-105.0811573
4k2e33l93i5e4n5w1u121u2v2n40513r2b3n,"Laramie, WY",US,0.2857142857142857,US9764279,41.3116442,-105.5917876
4k2e33l93i5e4n5w1u121u2v2n40513r2b3n,"Seattle, WA",US,0.14285714285714285,US9764279,47.6038321,-122.330062
4k2e33l93i5e4n5w1u121u2v2n40513r2b3n,"Laramie, CO",US,0.14285714285714285,US9764279,41.3116442,-105.5917876
d6x4k213z273o5l20143cc3du551r502m1s47,Echt,NL,1.0,US9738890,51.1073016,5.8719765
4x2j231122626p252c6a1w3p6j334bk1747j28,Villeuve-lez-Avignon,FR,0.3333333333333333,US9765344,,
4x2j231122626p252c6a1w3p6j334bk1747j28,Cabannes,FR,0.3333333333333333,US9765344,43.8610116,4.949561
4x2j231122626p252c6a1w3p6j334bk1747j28,Le Thor,FR,0.3333333333333333,US9765344,43.928823,4.9945784
1e4q562h3i52u5w4hz695r6e2o6b1ks1321,"Somerville, MA",US,1.0,US9765022,42.3875968,-71.0994968
2u1u3f1z6i0402ly2osh2i1o2t73t6gp55,"La Jolla, CA",US,0.3333333333333333,US9718060,32.8458529,-117.2575702
2u1u3f1z6i0402ly2osh2i1o2t73t6gp55,"Carlsbad, CA",US,0.3333333333333333,US9718060,33.1580933,-117.3505966
2u1u3f1z6i0402ly2osh2i1o2t73t6gp55,"San Marcos, CA",US,0.3333333333333333,US9718060,33.1352995,-117.1743395
2j1a2h1b6c1q3a1x5m364u65x4r606481b3z4,Seoul,KR,1.0,US9719097,37.5666791,126.9782914
1t6z5y6n44u6j1ct4e5e2x4b1i4c5a26u5559,"Sherborn, MA",US,0.25,US9487764,42.2397842,-71.3701417
1t6z5y6n44u6j1ct4e5e2x4b1i4c5a26u5559,"Cambridge, MA",US,0.25,US9487764,42.3656347,-71.1040018
1t6z5y6n44u6j1ct4e5e2x4b1i4c5a26u5559,"Somerville, MA",US,0.25,US9487764,42.3875968,-71.0994968
1t6z5y6n44u6j1ct4e5e2x4b1i4c5a26u5559,"Salem, CT",US,0.25,US9487764,41.491269,-72.2762084
2k3e6w1n6s4j5e5t4y1v2m2c1w3p6b516g5y2d3j,London,GB,0.4,US9701964,51.5074456,-0.1277653
2k3e6w1n6s4j5e5t4y1v2m2c1w3p6b516g5y2d3j,Horsholm,DK,0.6,US9701964,55.8832986,12.5000112
6o3u573g25o1r1a2q5o2c5o5v6f3j6b3w6s2j3s,"Acton, MA",US,0.5,US9676849,42.4850931,-71.43284
6o3u573g25o1r1a2q5o2c5o5v6f3j6b3w6s2j3s,"Boxborough, MA",US,0.5,US9676849,42.4827512,-71.5142726
2g3l442p2s2g6o1e2o3f1o1d4v55455r6ua703q,"Montgomery Village, MD",US,0.5,US9676641,39.175284,-77.2071214
2g3l442p2s2g6o1e2o3f1o1d4v55455r6ua703q,"Germantown, MD",US,0.5,US9676641,39.1712341,-77.2655648
1l1m262e5h612248g3k4t645m1l603ko3d5o,"Brookline, MA",US,0.2857142857142857,US9598474,42.332918,-71.1187829
1l1m262e5h612248g3k4t645m1l603ko3d5o,"Cambridge, MA",US,0.2857142857142857,US9598474,42.3656347,-71.1040018
1l1m262e5h612248g3k4t645m1l603ko3d5o,"Boston, MA",US,0.14285714285714285,US9598474,42.3588336,-71.0578303
1l1m262e5h612248g3k4t645m1l603ko3d5o,"Wellesley, MA",US,0.14285714285714285,US9598474,42.2964859,-71.2925571
1l1m262e5h612248g3k4t645m1l603ko3d5o,"Somerville, MA",US,0.14285714285714285,US9598474,42.3875968,-71.0994968
1ey1iu6a4h1549rq6u2od6a5u3u4l5b233b,"Durham, NC",US,1.0,US9683257,35.996653,-78.9018053
5q5i135us2a25b122j291q4gb5r50472p316y,"Cockeysville, MD",US,1.0,US8735651,39.4837588,-76.6235105
5k313c52514p1t1g68z673y2k685966m405z3h,Beijing,CN,1.0,US9695417,39.9057136,116.3912972
4oa4d392l1c3l2jk521e6n2i1p5w3g2at5472,"Charlestown, MA",US,0.5,US9691017,42.3778749,-71.0619957
4oa4d392l1c3l2jk521e6n2i1p5w3g2at5472,"Cambridge, MA",US,0.5,US9691017,42.3656347,-71.1040018
yc4vw1a1m3u6oa6c3gl2k1y4g1q514q4v1d,Seoul,KR,1.0,US9688976,37.5666791,126.9782914
335s4f2b715t4g93v3s4g55234h3kw542s3,Hsinchu City,TW,0.4,US9670243,24.8213514,121.0262325
335s4f2b715t4g93v3s4g55234h3kw542s3,Hsinchu County,TW,0.2,US9670243,24.8267,121.0128333
335s4f2b715t4g93v3s4g55234h3kw542s3,Zhubei City,TW,0.2,US9670243,24.839682,121.0040779
335s4f2b715t4g93v3s4g55234h3kw542s3,Hukou Township,TW,0.2,US9670243,24.9011422,121.0478353
3d61634u3m56511g1en3p3s69263b0146y1il,"Salinas, CA",US,0.5,US9642331,36.6744117,-121.655037
3d61634u3m56511g1en3p3s69263b0146y1il,"Hollister, CA",US,0.5,US9642331,36.8524545,-121.4016021
40d3c2w4915336t2g6m93p5a3p191u42g3b6r,"Berkeley, CA",US,1.0,US9670515,37.8708393,-122.272863
6t4v7265202m644i06c2o1v5m1w6x3w705l1bt,Mannheim,DE,0.5,US8173368,49.4892913,8.4673098
6t4v7265202m644i06c2o1v5m1w6x3w705l1bt,Strasbourg,FR,0.5,US8173368,48.584614,7.7507127
3d324n555j4eu4m3l2z222y13243p5x4o723u5i,"Emeryville, CA",US,1.0,US9670518,37.8314089,-122.2865266
1h352o3j205ce2u5a1f5df427f2v5z1b2g2n,"New York, NY",US,0.5,US9664676,40.7127281,-74.0060152
1h352o3j205ce2u5a1f5df427f2v5z1b2g2n,"Jersey City, NJ",US,0.25,US9664676,40.7215682,-74.047455
1h352o3j205ce2u5a1f5df427f2v5z1b2g2n,"Poughkeepsie, NY",US,0.25,US9664676,41.7065539,-73.9283672
2p51424n5gy375m5n6h4y296l1x666qc1q4n27,"Cambridge, MA",US,0.2857142857142857,US9669141,42.3656347,-71.1040018
2p51424n5gy375m5n6h4y296l1x666qc1q4n27,"Lexington, MA",US,0.14285714285714285,US9669141,42.4473175,-71.2245003
2p51424n5gy375m5n6h4y296l1x666qc1q4n27,"Billerica, MA",US,0.14285714285714285,US9669141,42.5584264,-71.268947
2p51424n5gy375m5n6h4y296l1x666qc1q4n27,"Acton, MA",US,0.14285714285714285,US9669141,42.4850931,-71.43284
2p51424n5gy375m5n6h4y296l1x666qc1q4n27,"Boston, MA",US,0.14285714285714285,US9669141,42.3588336,-71.0578303
2p51424n5gy375m5n6h4y296l1x666qc1q4n27,"Pasadena, CA",US,0.14285714285714285,US9669141,34.1476507,-118.144155
4c6z37291dp5g55l505e1r5o2z3g2l601r5v1,"Brookline, MA",US,0.14285714285714285,US8809259,42.332918,-71.1187829
4c6z37291dp5g55l505e1r5o2z3g2l601r5v1,"South Boston, MA",US,0.14285714285714285,US8809259,42.3334312,-71.0494949
4c6z37291dp5g55l505e1r5o2z3g2l601r5v1,"Cambridge, MA",US,0.42857142857142855,US8809259,42.3656347,-71.1040018
4c6z37291dp5g55l505e1r5o2z3g2l601r5v1,"Boston, MA",US,0.14285714285714285,US8809259,42.3588336,-71.0578303
4c6z37291dp5g55l505e1r5o2z3g2l601r5v1,"Somerville, MA",US,0.14285714285714285,US8809259,42.3875968,-71.0994968
3r582u5m685z3v2a6v3m2h2j4yx05ua2m5h2p,"Oakland, CA",US,1.0,US9637763,37.8044557,-122.271356
1j3m1w5z5x2of5u2f2d60474c5j4n371pfw2p,"Woodland Hills, CA",US,1.0,US9616114,34.1684364,-118.6058382
53726r1a76s6o2y3x3d724o6p1z33495j732k2m,Birkeroed,DK,0.1111111111111111,US9631215,55.8403369,12.4287796
53726r1a76s6o2y3x3d724o6p1z33495j732k2m,"Bend, OR",US,0.1111111111111111,US9631215,44.0581728,-121.3153096
53726r1a76s6o2y3x3d724o6p1z33495j732k2m,Basel,CH,0.3333333333333333,US9631215,47.5581077,7.5878261
53726r1a76s6o2y3x3d724o6p1z33495j732k2m,Frederiksberg,DK,0.2222222222222222,US9631215,55.678016,12.5326186
53726r1a76s6o2y3x3d724o6p1z33495j732k2m,Vaerlose,DK,0.1111111111111111,US9631215,55.783333,12.383333
53726r1a76s6o2y3x3d724o6p1z33495j732k2m,Copenhagen,DK,0.1111111111111111,US9631215,55.6867243,12.5700724
3f4n376u4481a2v4p4g2h6c6f24s552a711h2z,"New York, NY",US,0.75,US9631204,40.7127281,-74.0060152
3f4n376u4481a2v4p4g2h6c6f24s552a711h2z,Edinburgh,GB,0.25,US9631204,55.9533456,-3.1883749
1a5z392p6v2p133963w4ibt3k4e2mw5z2e5o,"Berkeley, CA",US,0.5,US9382553,37.8708393,-122.272863
1a5z392p6v2p133963w4ibt3k4e2mw5z2e5o,"San Francisco, CA",US,0.25,US9382553,37.7879363,-122.4075201
1a5z392p6v2p133963w4ibt3k4e2mw5z2e5o,"El Cerrito, CA",US,0.25,US9382553,37.9154056,-122.301411
4j2l1bgj69gz4t206r23182s2n1j1jb1z37,"Knoxville, TN",US,1.0,US9630178,35.9603948,-83.9210261
2r1y542z1t7257194k1p4m6m172m3n25h3e1e5v,"New York, NY",US,1.0,US9625466,40.7127281,-74.0060152
3gp1w393a2n35ttw1b4y3a4s6j23514p1t5i,"Charlestown, MA",US,0.3333333333333333,US9617522,42.3778749,-71.0619957
3gp1w393a2n35ttw1b4y3a4s6j23514p1t5i,"Boston, MA",US,0.3333333333333333,US9617522,42.3588336,-71.0578303
3gp1w393a2n35ttw1b4y3a4s6j23514p1t5i,"Somerville, MA",US,0.3333333333333333,US9617522,42.3875968,-71.0994968
6c4y4x4m245w1y5g5m466t67231m22s2w3d154u,"Bozeman, MT",US,0.5,US8501458,45.6794293,-111.044047
6c4y4x4m245w1y5g5m466t67231m22s2w3d154u,"Oilmont, MT",US,0.5,US8501458,48.7399963,-111.8408662
4c57b6ur5v382b6f72236p686p6c103v4k5053,Shanghai,CN,1.0,US9611498,31.2312707,121.4700152
1h1xv2s2724263h245q5x3318f4p4c434w3541,Jiangsu,CN,1.0,US9580301,33.0000001,119.9999999
5e2e53152d1912121y331t2w4h1d185w3u4vl5l,Western Australia,AU,1.0,US9580714,-25.2303005,121.0187246
1w2w482d2o6d6q1s2j5y6xj71535t6d601q6n,St. Lucia,AU,0.5,US9593340,-27.4989435,153.0064984
1w2w482d2o6d6q1s2j5y6xj71535t6d601q6n,Yeronga,AU,0.5,US9593340,-27.5133345,153.0117745
682c5ep1e5s5bk6h1u4h306q1h64b3w1n4db,"Boston, MA",US,0.2857142857142857,US9605040,42.3588336,-71.0578303
682c5ep1e5s5bk6h1u4h306q1h64b3w1n4db,"Wellesley, MA",US,0.14285714285714285,US9605040,42.2964859,-71.2925571
682c5ep1e5s5bk6h1u4h306q1h64b3w1n4db,"Cambridge, MA",US,0.2857142857142857,US9605040,42.3656347,-71.1040018
682c5ep1e5s5bk6h1u4h306q1h64b3w1n4db,"Somerville, MA",US,0.14285714285714285,US9605040,42.3875968,-71.0994968
682c5ep1e5s5bk6h1u4h306q1h64b3w1n4db,"Brookline, MA",US,0.14285714285714285,US9605040,42.332918,-71.1187829
3049f713p6q59523c4h114s5163c1k6jf193,Singapore,SG,1.0,US9044020,1.2899175,103.8519072
2z61321r36505o721a4t1v57y1f2r5a43172435,"Los Alston, CA",US,0.25,US9428767,,
2z61321r36505o721a4t1v57y1f2r5a43172435,"Fremont, CA",US,0.25,US9428767,37.5482697,-121.988571
2z61321r36505o721a4t1v57y1f2r5a43172435,"Los Altos, CA",US,0.25,US9428767,37.3790629,-122.116578
2z61321r36505o721a4t1v57y1f2r5a43172435,"San Jose, CA",US,0.25,US9428767,37.3361663,-121.890591
70236k75j468234a4i6w3i3z353x31k2k6f1j,"Charlestown, MA",US,0.5,US9580480,42.3778749,-71.0619957
70236k75j468234a4i6w3i3z353x31k2k6f1j,"Cambridge, MA",US,0.5,US9580480,42.3656347,-71.1040018
6k2l4j4o64612a462d5w5m3z4767z5f6rr4s5b,"New York, NY",US,0.5,US9592383,40.7127281,-74.0060152
6k2l4j4o64612a462d5w5m3z4767z5f6rr4s5b,"Scarsdale, NY",US,0.25,US9592383,40.9885221,-73.8085608
6k2l4j4o64612a462d5w5m3z4767z5f6rr4s5b,"Flushing, NY",US,0.25,US9592383,40.7654301,-73.8174291
394v616i1a1e1o4595f6o3g1p3x1q6x5x4b2561,"La Jolla, CA",US,0.1111111111111111,US8846375,32.8458529,-117.2575702
394v616i1a1e1o4595f6o3g1p3x1q6x5x4b2561,"Redwood City, CA",US,0.1111111111111111,US8846375,37.4863239,-122.232523
394v616i1a1e1o4595f6o3g1p3x1q6x5x4b2561,"Mountain View, CA",US,0.2222222222222222,US8846375,37.3893889,-122.0832101
394v616i1a1e1o4595f6o3g1p3x1q6x5x4b2561,"South San Francisco, CA",US,0.1111111111111111,US8846375,37.6535403,-122.4168664
394v616i1a1e1o4595f6o3g1p3x1q6x5x4b2561,"Foster City, CA",US,0.1111111111111111,US8846375,37.5600336,-122.2688522
394v616i1a1e1o4595f6o3g1p3x1q6x5x4b2561,"San Diego, CA",US,0.1111111111111111,US8846375,32.7174202,-117.162772
394v616i1a1e1o4595f6o3g1p3x1q6x5x4b2561,Guelph,CA,0.1111111111111111,US8846375,43.5460516,-80.2493276
394v616i1a1e1o4595f6o3g1p3x1q6x5x4b2561,"Chanhassen, MN",US,0.1111111111111111,US8846375,44.8618403,-93.5307207
54471t4b3k3g686c314235kj1u225uk694b,"Otsego, MI",US,0.3333333333333333,US9566324,45.0244123,-84.6136788
54471t4b3k3g686c314235kj1u225uk694b,"Portage, MI",US,0.3333333333333333,US9566324,42.2011538,-85.5800022
54471t4b3k3g686c314235kj1u225uk694b,"Kalamazoo, MI",US,0.3333333333333333,US9566324,42.291707,-85.5872286
3oe673m4s4o6x372l101f635n13z3t484ve35,"Monrovia, CA",US,0.5,US9574014,34.1483499,-118.0014517
3oe673m4s4o6x372l101f635n13z3t484ve35,"Pasadena, CA",US,0.5,US9574014,34.1476507,-118.144155
705l6b5e657424h67543t6x4p5xq6zr1w2n4k,"San Diego, CA",US,0.6666666666666666,US9045761,32.7174202,-117.162772
705l6b5e657424h67543t6x4p5xq6zr1w2n4k,"National City, CA",US,0.3333333333333333,US9045761,32.6781085,-117.0991967
5f1n3i4jse6g2d14r3y3q3o5c5d4n2q5mo6b,"Richmond, CA",US,1.0,US9567609,37.9357576,-122.347748
652x195n5e134z2h2q411z5h171d5t181t3e2i2h,"Brentford, Middlesex",GB,0.3333333333333333,US8877898,,
652x195n5e134z2h2q411z5h171d5t181t3e2i2h,"Albuquerque, NM",US,0.3333333333333333,US8877898,35.0841034,-106.650985
652x195n5e134z2h2q411z5h171d5t181t3e2i2h,Leyton,GB,0.3333333333333333,US8877898,51.5696734,-0.015681
fl1v4n41x4c24s164266145w6c5z6e16h4e,"Bogart, GA",US,1.0,US9546387,33.949281,-83.534608
4p6a1g4ccd4k739551x3a235bq2s654g4m16,"Rocky Point, NY",US,0.5,US9556420,40.939812,-72.935953
4p6a1g4ccd4k739551x3a235bq2s654g4m16,"Ridge, NY",US,0.5,US9556420,40.904732,-72.8783919
6v134i524j6u4x2f6s5t375g312n3p224u3f5t4o,"Boston, MA",US,0.6666666666666666,US9550987,42.3588336,-71.0578303
6v134i524j6u4x2f6s5t375g312n3p224u3f5t4o,"Brookline, MA",US,0.3333333333333333,US9550987,42.332918,-71.1187829
4a5k63ql1n19x2l413ce6w2d852685m53a,"Saint Louis, MO",US,0.14285714285714285,US9562251,38.6254063,-90.190009
4a5k63ql1n19x2l413ce6w2d852685m53a,Frederiksberg,DK,0.14285714285714285,US9562251,55.678016,12.5326186
4a5k63ql1n19x2l413ce6w2d852685m53a,Birkeroed,DK,0.14285714285714285,US9562251,55.8403369,12.4287796
4a5k63ql1n19x2l413ce6w2d852685m53a,"San Francisco, CA",US,0.42857142857142855,US9562251,37.7879363,-122.4075201
4a5k63ql1n19x2l413ce6w2d852685m53a,Valby,DK,0.14285714285714285,US9562251,55.6637755,12.5135924
6i30325vm2d1j6l1e5k2c6q53c3ei6f1r3d2z,"San Francico, CA",US,0.75,US9512431,,
6i30325vm2d1j6l1e5k2c6q53c3ei6f1r3d2z,"Albany, CA",US,0.25,US9512431,37.8871621,-122.298351
4a5v223b413qd4y5u631u6n1d126j6g2r145d3u,Paris,FR,0.5,US9523084,48.8534951,2.3483915
4a5v223b413qd4y5u631u6n1d126j6g2r145d3u,Montpellier,FR,0.5,US9523084,43.6112422,3.8767337
291k331ji4r225d47z1p4f5i1b1p191o696s1n,"St. Louis, MO",US,1.0,US9534227,38.6254063,-90.190009
2q03t346a2n6d1w622v2t4c5s1j3y4m2z1g6n2w,"Evanston, IL",US,1.0,US9528137,42.0693991,-87.682932
5i6o642o276t2g3r43366k4v4f3d473h5l72w2w,"Watertown, MA",US,0.5,US9034629,42.3652576,-71.1843234
5i6o642o276t2g3r43366k4v4f3d473h5l72w2w,"Bedford, MA",US,0.5,US9034629,42.4917301,-71.2817947
4q6x734b3m4n5k2m4z562z5j284i1n1x4g384i25,"Emeryville, CA",US,1.0,US9476065,37.8314089,-122.2865266
121t3u2m69g42585e3u2y6e2h39x4o5a5f6468,"East Setauket, NY",US,0.14285714285714285,US9476032,40.919085,-73.0963408
121t3u2m69g42585e3u2y6e2h39x4o5a5f6468,"Setauket, NY",US,0.14285714285714285,US9476032,40.9467545,-73.115916
121t3u2m69g42585e3u2y6e2h39x4o5a5f6468,"Kings Point, NY",US,0.14285714285714285,US9476032,40.8197813,-73.7351337
121t3u2m69g42585e3u2y6e2h39x4o5a5f6468,"Stony Brook, MA",US,0.14285714285714285,US9476032,42.3172184,-71.1041964
121t3u2m69g42585e3u2y6e2h39x4o5a5f6468,"South Miami, FL",US,0.14285714285714285,US9476032,25.7076017,-80.2933846
121t3u2m69g42585e3u2y6e2h39x4o5a5f6468,"Blauvelt, NY",US,0.14285714285714285,US9476032,41.069612,-73.9518441
121t3u2m69g42585e3u2y6e2h39x4o5a5f6468,"Port Jefferson, NY",US,0.14285714285714285,US9476032,40.9465118,-73.0691257
436j4729282k2a3l4z3z3p2u1b671ptdb3b2k,"Woodland Hills, CA",US,1.0,US8771669,34.1684364,-118.6058382
2v4o49p1s67576p2tb573a533vy3m31e4c64,"San Mateo, CA",US,0.25,US9481869,37.496904,-122.3330573
2v4o49p1s67576p2tb573a533vy3m31e4c64,"Fremont, CA",US,0.5,US9481869,37.5482697,-121.988571
2v4o49p1s67576p2tb573a533vy3m31e4c64,"San Bruno, CA",US,0.25,US9481869,37.6248536,-122.4145986
s14281t1p3s530396n672c5xxq3lz5xg4u,"Scottsdale, AZ",US,1.0,US9499608,33.4942189,-111.926018
302i2u5r4i524kc6m1s2w50305p2t4x1q4s1x61,Tokyo,JP,1.0,US9505795,35.6768601,139.7638947
17592b1x5n3q334d16h3w5n544t2s6k323c4j,Tokyo,JP,1.0,US9506091,35.6768601,139.7638947
j1f1y4krt4j6ycd6g6b315c3r5c174h4g5u,"Baltimore, MD",US,0.5,US9476095,39.2908816,-76.610759
j1f1y4krt4j6ycd6g6b315c3r5c174h4g5u,"Towson, MD",US,0.25,US9476095,39.3964591,-76.6148148
j1f1y4krt4j6ycd6g6b315c3r5c174h4g5u,"Beaumont, CA",US,0.25,US9476095,33.9299925,-116.9763092
5c5p2r211j2y1d1k6r5f336b5s1l5t5d5x3q2n2s,Fredersdorf,DE,0.25,US9127297,52.5262465,13.7604458
5c5p2r211j2y1d1k6r5f336b5s1l5t5d5x3q2n2s,"Fort Myers, FL",US,0.25,US9127297,26.640628,-81.8723084
5c5p2r211j2y1d1k6r5f336b5s1l5t5d5x3q2n2s,Zeuthen,DE,0.25,US9127297,52.3507952,13.629328
5c5p2r211j2y1d1k6r5f336b5s1l5t5d5x3q2n2s,Berlin,DE,0.25,US9127297,52.5173885,13.3951309
6f6o621o4izr2155414z2m4w30651151105m2p,"Berkeley, CA",US,1.0,US9506086,37.8708393,-122.272863
a5i355m2571t4h2s602y3i396l4u1y1m5p1z22,"San Diego, CA",US,0.3333333333333333,US9500636,32.7174202,-117.162772
a5i355m2571t4h2s602y3i396l4u1y1m5p1z22,"La Jolla, CA",US,0.3333333333333333,US9500636,32.8458529,-117.2575702
a5i355m2571t4h2s602y3i396l4u1y1m5p1z22,"Encinitas, CA",US,0.3333333333333333,US9500636,33.0369867,-117.2919818
402a3a161p55x5v4p6t3624q552694c5u4268,Dortmund,DE,0.5,US9480992,51.5142273,7.4652789
402a3a161p55x5v4p6t3624q552694c5u4268,Dresden,DE,0.25,US9480992,51.0493286,13.7381437
402a3a161p55x5v4p6t3624q552694c5u4268,Koeln,DE,0.25,US9480992,50.938361,6.959974
5t4h235kq6f2443161bc3o6n5m1j4o1p5a6w71,"Topsfield, MA",US,0.4,US9447445,42.6390841,-70.9507469
5t4h235kq6f2443161bc3o6n5m1j4o1p5a6w71,"Hamilton, MA",US,0.2,US9447445,42.6362052,-70.8431049
5t4h235kq6f2443161bc3o6n5m1j4o1p5a6w71,"Boxford, MA",US,0.2,US9447445,42.6605844,-70.9971204
5t4h235kq6f2443161bc3o6n5m1j4o1p5a6w71,"Manchester, MA",US,0.2,US9447445,42.5751314,-70.7725506
6r714k3r1x652a3i2q5d694j4l4jx6253e3c56,"Durham, NC",US,1.0,US8445251,35.996653,-78.9018053
6nb6w6n105a6l2g374jt4ob6j3n2g1v1a366w,"Princeton, NJ",US,0.5,US9464125,40.3496953,-74.6597376
6nb6w6n105a6l2g374jt4ob6j3n2g1v1a366w,"Plainsboro, NJ",US,0.5,US9464125,40.3334409,-74.6004341
6pt272b1l5v4br20r324t36k3u12555p4g5e,"Newton, MA",US,0.2,US9458472,42.3300435,-71.194862
6pt272b1l5v4br20r324t36k3u12555p4g5e,"West Windsor, NJ",US,0.2,US9458472,40.2971798,-74.6206496
6pt272b1l5v4br20r324t36k3u12555p4g5e,"Fort Lauderdale, FL",US,0.2,US9458472,26.1223084,-80.1433786
6pt272b1l5v4br20r324t36k3u12555p4g5e,"New York, NY",US,0.2,US9458472,40.7127281,-74.0060152
6pt272b1l5v4br20r324t36k3u12555p4g5e,"Orefield, PA",US,0.2,US9458472,40.6348182,-75.5843529
jz3q43694n32223u4o1ca2or5j3q4z735h3r,"San Diego, CA",US,0.5,US9409950,32.7174202,-117.162772
jz3q43694n32223u4o1ca2or5j3q4z735h3r,"Cambridge, MA",US,0.16666666666666666,US9409950,42.3656347,-71.1040018
jz3q43694n32223u4o1ca2or5j3q4z735h3r,"Milford, MA",US,0.16666666666666666,US9409950,42.1428913,-71.5164618
jz3q43694n32223u4o1ca2or5j3q4z735h3r,"Bedford, MA",US,0.16666666666666666,US9409950,42.4917301,-71.2817947
b2z262nv5y5b4r1f3p1i1r6ka5i262424nm,"San Leandro, CA",US,1.0,US9394531,37.7249296,-122.1560768
d312f2b4g1y464u692u4f214g5t1z1g1q45i3c,"Cypress, TX",US,1.0,US9428759,29.9691116,-95.6971686
32j4599376i5u2c2w29196j3d451p346p6y1s,Frankfurt,DE,0.4,US9422566,50.1106444,8.6820917
32j4599376i5u2c2w29196j3d451p346p6y1s,Frankfurt am Main,DE,0.2,US9422566,50.1106444,8.6820917
32j4599376i5u2c2w29196j3d451p346p6y1s,Saarbrucken,DE,0.3,US9422566,49.234362,6.996379
32j4599376i5u2c2w29196j3d451p346p6y1s,Zrich,CH,0.1,US9422566,,
6q114d6h52x663c1u2k94b5y4v4m1ac6a6p64,"Lexington, MA",US,0.3333333333333333,US9394537,42.4473175,-71.2245003
6q114d6h52x663c1u2k94b5y4v4m1ac6a6p64,"Cambridge, MA",US,0.3333333333333333,US9394537,42.3656347,-71.1040018
6q114d6h52x663c1u2k94b5y4v4m1ac6a6p64,"Somerville, MA",US,0.3333333333333333,US9394537,42.3875968,-71.0994968
i4a1l581yf724o4g114k474n44701l295x2il,"Davis, CA",US,1.0,US9428773,38.5435526,-121.739005
4w294p506m5g5b4i6gsf2z2h6x1j6h8421dg,Moscow,RU,0.6666666666666666,US9428783,55.625578,37.6063916
4w294p506m5g5b4i6gsf2z2h6x1j6h8421dg,Kawasaki-shi,JP,0.3333333333333333,US9428783,35.5306639,139.7037668
5t122z6uh131ji4u95f1a06e346u4z47l33,06484 Quedlinburg,DE,0.5,US9404099,51.8022823,11.1670629
5t122z6uh131ji4u95f1a06e346u4z47l33,Quedlinburg,DE,0.5,US9404099,51.7855428,11.1519933
f4561f5r3r1l195w423e1v5y05f2g1n6b6w5n,Daejeon,KR,0.6666666666666666,US9388417,36.3497007,127.3849016
f4561f5r3r1l195w423e1v5y05f2g1n6b6w5n,Gyeongsangnam-do,KR,0.3333333333333333,US9388417,35.3878276,128.3662341
41j3n261b5p4nzt441y4f5te5z3e3e28m6i,Nagakute-shi,JP,0.3333333333333333,US9371534,35.1838064,137.0487181
41j3n261b5p4nzt441y4f5te5z3e3e28m6i,Nagoya-shi,JP,0.6666666666666666,US9371534,35.1851045,136.8998438
533u174u302s3k5t2f242c1s2y3m6d4u5c3i1o1n,"La Jolla, CA",US,1.0,US9359616,32.8458529,-117.2575702
4x395e6e2f3k4w3f1u2o4k5t6i3o6b5i56656e2a,"New York, NY",US,0.25,US8158391,40.7127281,-74.0060152
4x395e6e2f3k4w3f1u2o4k5t6i3o6b5i56656e2a,"Brooklyn, NY",US,0.25,US8158391,40.6526006,-73.9497211
4x395e6e2f3k4w3f1u2o4k5t6i3o6b5i56656e2a,"Redwood City, CA",US,0.25,US8158391,37.4863239,-122.232523
4x395e6e2f3k4w3f1u2o4k5t6i3o6b5i56656e2a,"Los Altos, CA",US,0.25,US8158391,37.3790629,-122.116578
82y43285s2n6z5b2f1x6q395z58p2o172b686f,"Fort Myers, FL",US,1.0,US9353400,26.640628,-81.8723084
493n635u4a2g4z336253343m6t696mn4k3i2e16,Yokohama-shi,JP,1.0,US9340790,35.4503381,139.6343802
3u231u4r204264rz206p3u106hb5n345p1s6d,"Brookline, MA",US,1.0,US9348969,42.332918,-71.1187829
2s5x314m3w65714q301u3m3i4a3c374q5ii2z5u,Seoul,KR,0.8,US9328366,37.5666791,126.9782914
2s5x314m3w65714q301u3m3i4a3c374q5ii2z5u,Daejeon,KR,0.2,US9328366,36.3497007,127.3849016
2r2p3w3i63595v6b5k6f3uz2w5r4s3y182jsg,"Boonton, NJ",US,0.09090909090909091,US9347065,40.9025989,-74.4070971
2r2p3w3i63595v6b5k6f3uz2w5r4s3y182jsg,"Brooklyn, NY",US,0.45454545454545453,US9347065,40.6526006,-73.9497211
2r2p3w3i63595v6b5k6f3uz2w5r4s3y182jsg,"Rahway, NJ",US,0.09090909090909091,US9347065,40.6081591,-74.2776468
2r2p3w3i63595v6b5k6f3uz2w5r4s3y182jsg,"Merrick, NY",US,0.09090909090909091,US9347065,40.6523325,-73.5512469
2r2p3w3i63595v6b5k6f3uz2w5r4s3y182jsg,"Parsippany, NJ",US,0.09090909090909091,US9347065,40.8623835,-74.4032354
2r2p3w3i63595v6b5k6f3uz2w5r4s3y182jsg,"Hartsdale, NY",US,0.09090909090909091,US9347065,41.0130865,-73.8089743
2r2p3w3i63595v6b5k6f3uz2w5r4s3y182jsg,"Staten Island, NY",US,0.09090909090909091,US9347065,40.5834557,-74.1496048
4u42u4w6o215y656a68386m6v5a2r684j485r67,Ottignies Louvain-La-Neuve,BE,1.0,US9333227,50.6654216,4.5674107
6f1u295z4l83s2532b31n3f5w3d5f1ck16b,"Gladwyne, PA",US,0.3333333333333333,US9315825,40.0397304,-75.2791788
6f1u295z4l83s2532b31n3f5w3d5f1ck16b,"Philadelphia, PA",US,0.6666666666666666,US9315825,39.9527237,-75.1635262
1o6ma3xf6u645d64g432e5k3s192q271o145q,Kaohsiung City,TW,0.16666666666666666,US9340794,22.630583,120.3438175
1o6ma3xf6u645d64g432e5k3s192q271o145q,Pingtung City,TW,0.16666666666666666,US9340794,22.6628468,120.4915677
1o6ma3xf6u645d64g432e5k3s192q271o145q,Bade City,TW,0.16666666666666666,US9340794,24.9286511,121.2846555
1o6ma3xf6u645d64g432e5k3s192q271o145q,Yuanshan Township,TW,0.16666666666666666,US9340794,23.6899281,120.6895389
1o6ma3xf6u645d64g432e5k3s192q271o145q,Taipei City,TW,0.16666666666666666,US9340794,25.0384808,121.562009
1o6ma3xf6u645d64g432e5k3s192q271o145q,Taichung City,TW,0.16666666666666666,US9340794,24.1586239,120.644867
5i2no68341u5c6i2p67te3x3m593u1x2x2y6j,"Orange, CA",US,0.25,US9334517,33.750631,-117.8722311
5i2no68341u5c6i2p67te3x3m593u1x2x2y6j,"Pasadena, CA",US,0.25,US9334517,34.1476507,-118.144155
5i2no68341u5c6i2p67te3x3m593u1x2x2y6j,"La Canada, CA",US,0.25,US9334517,33.7301661,-117.7638553
5i2no68341u5c6i2p67te3x3m593u1x2x2y6j,Toronto,CA,0.25,US9334517,43.6534817,-79.3839347
3j5p5y1j34a6c521a646j1z71305q6w376c20,"Redwood City, CA",US,0.125,US9267158,37.4863239,-122.232523
3j5p5y1j34a6c521a646j1z71305q6w376c20,"San Francisco, CA",US,0.25,US9267158,37.7879363,-122.4075201
3j5p5y1j34a6c521a646j1z71305q6w376c20,"Mountain View, CA",US,0.125,US9267158,37.3893889,-122.0832101
3j5p5y1j34a6c521a646j1z71305q6w376c20,"Fremont, CA",US,0.125,US9267158,37.5482697,-121.988571
3j5p5y1j34a6c521a646j1z71305q6w376c20,"Daly City, CA",US,0.125,US9267158,37.6904826,-122.47267
3j5p5y1j34a6c521a646j1z71305q6w376c20,"Chapel Hill, NC",US,0.125,US9267158,35.9131542,-79.05578
3j5p5y1j34a6c521a646j1z71305q6w376c20,"Belmont, CA",US,0.125,US9267158,37.5164926,-122.2941914
6o492l556w4z5j32584mw4p5e6m46163u5i1q15,"Cary, NC",US,0.5,US9284575,35.7882893,-78.7812081
6o492l556w4z5j32584mw4p5e6m46163u5i1q15,"Hillsborough, NC",US,0.5,US9284575,36.075382,-79.0993958
5b4o39m206g5r1y4e5yq2j1r6x4n3m374942,"San Carlos, CA",US,0.5,US8808989,37.504936,-122.261823
5b4o39m206g5r1y4e5yq2j1r6x4n3m374942,"Burlington, MA",US,0.5,US8808989,42.5048167,-71.1956111
1j2482p2n4z4e5l212p6f1y2u114175n1e714x,Beijing,CN,1.0,US9290769,39.9057136,116.3912972
63h3h6f115i5r2f1173o60246s4p272h54c41,Nataf,IL,0.2,US9286439,31.8320125,35.0679987
63h3h6f115i5r2f1173o60246s4p272h54c41,Rehovot,IL,0.4,US9286439,31.8952532,34.8105616
63h3h6f115i5r2f1173o60246s4p272h54c41,Ramat Gan,IL,0.2,US9286439,32.0686867,34.8246812
63h3h6f115i5r2f1173o60246s4p272h54c41,Kfar Saba,IL,0.2,US9286439,32.1773471,34.907459
1n362v1b385x6wx2f2329673p56l6w6q3w2l2b,"South San Francisco, CA",US,0.75,US9249252,37.6535403,-122.4168664
1n362v1b385x6wx2f2329673p56l6w6q3w2l2b,"Columbus, OH",US,0.25,US9249252,39.9622601,-83.0007065
95h6v273s5k5v1z216j5g2e96r581u5c3h4s2q,"Somerville, MA",US,0.6666666666666666,US9023649,42.3875968,-71.0994968
95h6v273s5k5v1z216j5g2e96r581u5c3h4s2q,"Brookline, MA",US,0.3333333333333333,US9023649,42.332918,-71.1187829
691a331t4o6z503g57g1m1a3es21x68601w4w,"San Jose, CA",US,0.5,US8141780,37.3361663,-121.890591
691a331t4o6z503g57g1m1a3es21x68601w4w,"New Hope, AL",US,0.25,US8141780,34.5370339,-86.3944308
691a331t4o6z503g57g1m1a3es21x68601w4w,"Huntsville, AL",US,0.25,US8141780,34.729847,-86.5859011
49481j3028q2q3p243p6e3h1g5x101j183kz2r,"Melrose Park, PA",US,0.3333333333333333,US8536354,40.0594779,-75.1291394
49481j3028q2q3p243p6e3h1g5x101j183kz2r,Livorno,IT,0.3333333333333333,US8536354,42.7902379,10.3402239
49481j3028q2q3p243p6e3h1g5x101j183kz2r,Blandford Forum,GB,0.3333333333333333,US8536354,50.8652479,-2.1571169
3v4j652c712nl443i5e402v2yaf4w4416n63,Egham,GB,0.3333333333333333,US9241891,51.4312585,-0.5473085
3v4j652c712nl443i5e402v2yaf4w4416n63,"Cincinnati, OH",US,0.3333333333333333,US9241891,39.1012809,-84.5127405
3v4j652c712nl443i5e402v2yaf4w4416n63,"Wyoming, OH",US,0.3333333333333333,US9241891,39.2311692,-84.4657758
3qjt3s4otb4y4g1emr321z4wo6g683aq,"New York, NY",US,1.0,US9180309,40.7127281,-74.0060152
342c5j1s2v1c154f415e3f2c1h18471j6042184r,"Cambridge, MA",US,1.0,US9216414,42.3656347,-71.1040018
3b2k355t4m3l4n4v1x4eq4w462b1yd536o3855,"Mill Valley, CA",US,0.2857142857142857,US9206680,37.9060368,-122.5449763
3b2k355t4m3l4n4v1x4eq4w462b1yd536o3855,"Tiburon, CA",US,0.42857142857142855,US9206680,37.8775332,-122.460808
3b2k355t4m3l4n4v1x4eq4w462b1yd536o3855,"Houston, TX",US,0.2857142857142857,US9206680,29.7589382,-95.3676974
5j1x515ms3s5yv523n496t2n4e6v642s184s5w,"Boston, MA",US,1.0,US9183347,42.3588336,-71.0578303
1e1e172h402ex2pf2739e554e1z2d3k2x3l3m,"Roosevelt, NJ",US,0.25,US9212359,40.2201108,-74.4732073
1e1e172h402ex2pf2739e554e1z2d3k2x3l3m,"Princeton, NJ",US,0.5,US9212359,40.3496953,-74.6597376
1e1e172h402ex2pf2739e554e1z2d3k2x3l3m,"Monmouth Junction, NJ",US,0.25,US9212359,40.3840222,-74.533084
n6d4q586w5206i3u1h3m6c1l6q6m6y495x6u9,"Del Mar, CA",US,1.0,US9200291,32.9594891,-117.2653146
1l5l3y2o6435e2k7721n0521r2p3bmz1r5e,"NORTH LOGAN, UT",US,0.3333333333333333,US9169300,41.7693747,-111.804665
1l5l3y2o6435e2k7721n0521r2p3bmz1r5e,"LOGAN, UT",US,0.3333333333333333,US9169300,41.7313063,-111.834914
1l5l3y2o6435e2k7721n0521r2p3bmz1r5e,"SALT LAKE CITY, UT",US,0.3333333333333333,US9169300,40.7596198,-111.886797
6k2s551a72zy3m262a736yz4c6d3x3ak505c,"Hayward, CA",US,0.5,US9157058,37.6688205,-122.080796
6k2s551a72zy3m262a736yz4c6d3x3ak505c,"Berkeley, CA",US,0.5,US9157058,37.8708393,-122.272863
5qe3x225n4o355h5w6ws5dm1o715k62721r1y,"San Francisco, CA",US,0.6666666666666666,US9150916,37.7879363,-122.4075201
5qe3x225n4o355h5w6ws5dm1o715k62721r1y,"Portola Valley, CA",US,0.3333333333333333,US9150916,37.3736298,-122.219047
4v5x4td2w1j354g185d264j1f5874c5k626b35,"Malden, MA",US,0.125,US7785861,42.4268484,-71.0683741
4v5x4td2w1j354g185d264j1f5874c5k626b35,"Cambridge, MA",US,0.375,US7785861,42.3656347,-71.1040018
4v5x4td2w1j354g185d264j1f5874c5k626b35,"Brookline, MA",US,0.125,US7785861,42.332918,-71.1187829
4v5x4td2w1j354g185d264j1f5874c5k626b35,"Belmont, MA",US,0.125,US7785861,42.3959296,-71.1786655
4v5x4td2w1j354g185d264j1f5874c5k626b35,"Watertown, MA",US,0.125,US7785861,42.3652576,-71.1843234
4v5x4td2w1j354g185d264j1f5874c5k626b35,"Acton, MA",US,0.125,US7785861,42.4850931,-71.43284
5772l235a184s4k1n18g45q371o6c6w71513,"Albany, CA",US,0.3333333333333333,US9109175,37.8871621,-122.298351
5772l235a184s4k1n18g45q371o6c6w71513,"Atlanta, GA",US,0.3333333333333333,US9109175,33.7544657,-84.3898151
5772l235a184s4k1n18g45q371o6c6w71513,"Berkeley, CA",US,0.3333333333333333,US9109175,37.8708393,-122.272863
703f4h2j1x491m6sh16264t612r5k3l2x283y4b,"Knoxville, TN",US,0.5,US9129039,35.9603948,-83.9210261
703f4h2j1x491m6sh16264t612r5k3l2x283y4b,"Oak Ridge, TN",US,0.25,US9129039,36.0103562,-84.2696449
703f4h2j1x491m6sh16264t612r5k3l2x283y4b,"Jackson, MS",US,0.25,US9129039,32.2998686,-90.1830408
2c5i5i5u1a4u583z2544313r3q2t54f6t5g4mu,"San Francisco, CA",US,1.0,US9121825,37.7879363,-122.4075201
2y5s5c3d5i671c5k2s234d1pcf4i3o6t692t2n,"Newton, MA",US,0.5,US9056899,42.3300435,-71.194862
2y5s5c3d5i671c5k2s234d1pcf4i3o6t692t2n,"Boston, MA",US,0.5,US9056899,42.3588336,-71.0578303
5t1b513c275h2m3i6m31w1a6sv5283e585x,"Kenwood, CA",US,1.0,US8524220,38.4135615,-122.5347521
3w84w1k152f42ti46143q33r1i1525g5d51,"Champaign, IL",US,0.6666666666666666,US9080187,40.1164841,-88.2430932
3w84w1k152f42ti46143q33r1i1525g5d51,"Cerro Gordo, IL",US,0.3333333333333333,US9080187,39.8905912,-88.7281262
3l2wp271p2n5m4i1s161f2m291q123g675p724r,"Cambridge, MA",US,0.5,US9074225,42.3656347,-71.1040018
3l2wp271p2n5m4i1s161f2m291q123g675p724r,"Brookline, MA",US,0.5,US9074225,42.332918,-71.1187829
f6b3b4j546v3e3j1g6w2y1j2m4e3v6w1c5d1p5h,"Cambridge, MA",US,0.6666666666666666,US9073962,42.3656347,-71.1040018
f6b3b4j546v3e3j1g6w2y1j2m4e3v6w1c5d1p5h,"Freehold, NJ",US,0.3333333333333333,US9073962,40.2601096,-74.2737573
4q3a523l30236u6s5v4q5ul572am1g1b4l2m27,"Emeryville, CA",US,1.0,US7919605,37.8314089,-122.2865266
2v6b2s4b163z2o3l33j4l6w44rk919j5q5l,"Bloomington, IN",US,1.0,US9035077,39.1670396,-86.5342881
1f5h5d15345t1b6oeg4r3l4b6q6g2g1k423h6z,"Belmont, MA",US,0.16666666666666666,US9029124,42.3959296,-71.1786655
1f5h5d15345t1b6oeg4r3l4b6q6g2g1k423h6z,"Acton, MA",US,0.16666666666666666,US9029124,42.4850931,-71.43284
1f5h5d15345t1b6oeg4r3l4b6q6g2g1k423h6z,"Brookline, MA",US,0.16666666666666666,US9029124,42.332918,-71.1187829
1f5h5d15345t1b6oeg4r3l4b6q6g2g1k423h6z,"Newton, MA",US,0.16666666666666666,US9029124,42.3300435,-71.194862
1f5h5d15345t1b6oeg4r3l4b6q6g2g1k423h6z,"Somerville, MA",US,0.16666666666666666,US9029124,42.3875968,-71.0994968
1f5h5d15345t1b6oeg4r3l4b6q6g2g1k423h6z,"Watertown, MA",US,0.16666666666666666,US9029124,42.3652576,-71.1843234
5lz5553e6p214j4f466z1x35544d4n3j61585z,London,GB,1.0,US9023635,51.5074456,-0.1277653
2bp4j5z8396u4e1x5f91r6oz581or6y3s4u,"Palo Alto, CA",US,1.0,US8529326,37.4443293,-122.1598465
1d4w8d4o52245g1f50371x3m5dr6g6y256y6v,"Boston, MA",US,1.0,US8999679,42.3588336,-71.0578303
2k425vp3xh3z4cxn6zy434h611o6q2g1g1r,"Menlo Park, CA",US,1.0,US8956833,37.4519671,-122.177992
5l5d483zj1h8516969t5a6w2r4o264c3k6m6q,"Boston, MA",US,0.6666666666666666,US8931490,42.3588336,-71.0578303
5l5d483zj1h8516969t5a6w2r4o264c3k6m6q,"Moraga, CA",US,0.3333333333333333,US8931490,37.834897,-122.12883
3e3u9t11i3m2j1ny3r2w2d2d186o3b3w5o58,"Boise, ID",US,1.0,US8927213,43.6166163,-116.200886
c2x452a161e3xg4f4u2o3x2p5h3k4j71d1a4z,"Olympia, WA",US,1.0,US8637304,47.0451022,-122.8950075
606x381o5a3i4o55b1v4n4o3u2s221s45k431,"Glenside, PA",US,1.0,US8371953,40.103196,-75.1515534
6x5i5t5j4f6j135n145w5j5m5q2at1f6l6y4p5r,"Boston, MA",US,1.0,US8887381,42.3588336,-71.0578303
6g735l47203h3w1t3b91e6f5o16351c594g436,"Madison, WI",US,1.0,US8715973,43.07469,-89.3841663
1t31ky346x5x70265s143g4u6u5v61302o1c,"Ann Arbor, MI",US,0.8,US8835160,42.2813722,-83.7484616
1t31ky346x5x70265s143g4u6u5v61302o1c,"Brighton, MI",US,0.2,US8835160,42.5316918,-83.7846458
1f6v9304c6q6s4y403k2k3e5b1q185g585tr2k,"San Francisco, CA",US,0.3333333333333333,US8835147,37.7879363,-122.4075201
1f6v9304c6q6s4y403k2k3e5b1q185g585tr2k,Buyeo,KR,0.3333333333333333,US8835147,36.2753678,126.910107
1f6v9304c6q6s4y403k2k3e5b1q185g585tr2k,"Cambridge, MA",US,0.3333333333333333,US8835147,42.3656347,-71.1040018
1z4u1q2p5p556v73531sc6d33g1u3t3b6l2d5,"Sharon, MA",US,0.2,US8809057,42.1237328,-71.1787282
1z4u1q2p5p556v73531sc6d33g1u3t3b6l2d5,"Somerville, MA",US,0.2,US8809057,42.3875968,-71.0994968
1z4u1q2p5p556v73531sc6d33g1u3t3b6l2d5,"Arlington, MA",US,0.2,US8809057,42.4153739,-71.1564428
1z4u1q2p5p556v73531sc6d33g1u3t3b6l2d5,"Newton, MA",US,0.2,US8809057,42.3300435,-71.194862
1z4u1q2p5p556v73531sc6d33g1u3t3b6l2d5,"Cambridge, MA",US,0.2,US8809057,42.3656347,-71.1040018
22p6227u5u1u21373wl4s4s476y3o3l615d,"Laramie, WY",US,1.0,US8835399,41.3116442,-105.5917876
jm73zl3h4n6l2n4m5k1w58j2u146gj2466,"Overland Park, KS",US,1.0,US8815507,38.9742502,-94.6851702
6441596b4i72s5yx4g3152k6k504d1p2d254d,"Davis, CA",US,1.0,US8778643,38.5435526,-121.739005
4l1o6e6d3f5g1mq6s6ot1h3d4s4fx3ls462h,"Brookline, MA",US,0.3333333333333333,US8771950,42.332918,-71.1187829
4l1o6e6d3f5g1mq6s6ot1h3d4s4fx3ls462h,"San Diego, CA",US,0.3333333333333333,US8771950,32.7174202,-117.162772
4l1o6e6d3f5g1mq6s6ot1h3d4s4fx3ls462h,"Newtonville, MA",US,0.3333333333333333,US8771950,42.3507339,-71.207021
3x1l94h72t3o5z3x5416j5b1uw70411d5r41,"St. Louis, MO",US,1.0,US8747835,38.6254063,-90.190009
485j5x1951435j611q3k2v3b162w7294273p5b,"San Carlos, CA",US,1.0,US8017338,37.504936,-122.261823
6f5z14f2v1u1j1k5b1v2k6p6w3u6x396q5a2c6q,"Oak Ridge, TN",US,1.0,US8669085,36.0103562,-84.2696449
295q3ht5o3m4n4t2d5m5a666d5u7125572t1e16,"Chandler, AZ",US,1.0,US8663950,33.3062031,-111.841185
651r46w2k4a26j6l552o3r5p4k433t2syv2t,"Knoxville, TN",US,1.0,US7642405,35.9603948,-83.9210261
1r252j3vlt5v4a3j5g1q3q435w6n4z2w62h62,"Chesterfield, MO",US,0.5,US8637283,38.6581764,-90.5680617
1r252j3vlt5v4a3j5g1q3q435w6n4z2w62h62,"Saint Louis, MO",US,0.5,US8637283,38.6254063,-90.190009
301984b375055707y1h3u3v5354r4z69b2f,"San Diego, CA",US,1.0,US8636999,32.7174202,-117.162772
q604p6p2r5a3nj251q5zv5e133i5i1g5m4pj,"St. Louis, MO",US,1.0,US8586310,38.6254063,-90.190009
4u2l4hw5j5k326j5a345k5j2t624v611g4w481s,"Merced, CA",US,1.0,US8592199,37.1641544,-120.7678602
1r55625k125b6m6l3j1x6g3y656p283h1fy4l4n,"Bedford, MA",US,1.0,US8580542,42.4917301,-71.2817947
1r5k5u75ez4l2a4v4y4u15c4l2b6y626s412c,"Cambridge, MA",US,1.0,US8450107,42.3656347,-71.1040018
4z5x1r334q2mx285z1smd67546m4x2r543a63,"Princeton, NJ",US,1.0,US8609385,40.3496953,-74.6597376
1j3t29x2j306z2769396x1z26344m556e1v1x2c,"West Newton, MA",US,0.5,US8521438,42.3494414,-71.2262274
1j3t29x2j306z2769396x1z26344m556e1v1x2c,"Boston, MA",US,0.5,US8521438,42.3588336,-71.0578303
1fd3p4x34671o5tk14o34486e4j16245z163d,"Boston, MA",US,0.2,US8543337,42.3588336,-71.0578303
1fd3p4x34671o5tk14o34486e4j16245z163d,"Milford, MA",US,0.2,US8543337,42.1428913,-71.5164618
1fd3p4x34671o5tk14o34486e4j16245z163d,"Upton, MA",US,0.2,US8543337,42.1738156,-71.6031352
1fd3p4x34671o5tk14o34486e4j16245z163d,"Hopkinton, MA",US,0.2,US8543337,42.2288875,-71.5196439
1fd3p4x34671o5tk14o34486e4j16245z163d,"Watertown, MA",US,0.2,US8543337,42.3652576,-71.1843234
123c4q6s2v4c2o1z3d15122d4o6s6w25174w1,"New Market, MD",US,0.5,US8513005,39.3827893,-77.2726393
123c4q6s2v4c2o1z3d15122d4o6s6w25174w1,"Hagerstown, MD",US,0.5,US8513005,39.6430455,-77.7191081
6x462z3o4n1m1c1t5m51p4w1j2u672j1ux3v,"Holland, TX",US,0.25,US8450090,30.8792802,-97.4048913
6x462z3o4n1m1c1t5m51p4w1j2u672j1ux3v,"Colorado Springs, CO",US,0.25,US8450090,38.8339578,-104.825348
6x462z3o4n1m1c1t5m51p4w1j2u672j1ux3v,"Aurora, CO",US,0.25,US8450090,39.7401441,-104.8733376
6x462z3o4n1m1c1t5m51p4w1j2u672j1ux3v,"Little Rock, AR",US,0.25,US8450090,34.7465071,-92.2896267
4i1a4rj5q32421v3r2h4l415f6k2x5p53vj3b,Komae-Shi,JP,0.3333333333333333,US8426569,35.6347642,139.5787343
4i1a4rj5q32421v3r2h4l415f6k2x5p53vj3b,Yokohama-shi,JP,0.6666666666666666,US8426569,35.4503381,139.6343802
6ye5m3p485v5e1s1g5x4mt5y371p5f4g4l1r32,Vancouver,CA,1.0,US8440625,49.2608724,-123.113952
2w66j4u3i11552j03d3p5u551l32o3u5n5r7,"Oakland, CA",US,0.3333333333333333,US8420833,37.8044557,-122.271356
2w66j4u3i11552j03d3p5u551l32o3u5n5r7,"San Francisco, CA",US,0.3333333333333333,US8420833,37.7879363,-122.4075201
2w66j4u3i11552j03d3p5u551l32o3u5n5r7,"Berkeley, CA",US,0.3333333333333333,US8420833,37.8708393,-122.272863
c565ctr1q2x1w62343s3s5r44v1l5z471a6y,"Durham, NC",US,1.0,US8021867,35.996653,-78.9018053
5h221h5t2i2m6h2h622r2y4n40482762x2g2o,"CAMBRIDGE, MA",US,0.75,US8349587,42.3656347,-71.1040018
5h221h5t2i2m6h2h622r2y4n40482762x2g2o,"BOSTON, MA",US,0.25,US8349587,42.3588336,-71.0578303
445gv30315c5r2j3m6a4k6g5y4eq16s156v5b,"Durham, NC",US,1.0,US8338157,35.996653,-78.9018053
5w4v464x4h1q70323r2b315g445o4l4f3b4g5p5i,Nanjing,CN,0.5,US8326547,32.0438284,118.7788631
5w4v464x4h1q70323r2b315g445o4l4f3b4g5p5i,"Monmouth Junction, NJ",US,0.125,US8326547,40.3840222,-74.533084
5w4v464x4h1q70323r2b315g445o4l4f3b4g5p5i,"Edison, NJ",US,0.125,US8326547,40.5005351,-74.3983939
5w4v464x4h1q70323r2b315g445o4l4f3b4g5p5i,"East Brunswick, NJ",US,0.125,US8326547,40.4278841,-74.415984
5w4v464x4h1q70323r2b315g445o4l4f3b4g5p5i,"Fanwood, NJ",US,0.125,US8326547,40.6409555,-74.383846
6i2o2c68s674045314p47346y3w6i2d103o2z3e,"Del Mar, CA",US,0.3333333333333333,US8314222,32.9594891,-117.2653146
6i2o2c68s674045314p47346y3w6i2d103o2z3e,"San Diego, CA",US,0.6666666666666666,US8314222,32.7174202,-117.162772
5i4d3b6a3m5l5al45336j121d5f2u541efn4h,"Houston, TX",US,0.5,US8236491,29.7589382,-95.3676974
5i4d3b6a3m5l5al45336j121d5f2u541efn4h,"Boston, MA",US,0.5,US8236491,42.3588336,-71.0578303
2k1wi4a39l3g325w6z2h4w3e1a5c5r5f2j3053,"Oakland, CA",US,1.0,US7921384,37.8044557,-122.271356
326p6p701o5c3c3w4o4sc6p712v2l3f4b4e5p5p,"Urbana, IL",US,0.2857142857142857,US8059271,40.1117174,-88.207301
326p6p701o5c3c3w4o4sc6p712v2l3f4b4e5p5p,"Champaign, IL",US,0.42857142857142855,US8059271,40.1164841,-88.2430932
326p6p701o5c3c3w4o4sc6p712v2l3f4b4e5p5p,"Arlington, VA",US,0.14285714285714285,US8059271,38.8769326,-77.0893094
326p6p701o5c3c3w4o4sc6p712v2l3f4b4e5p5p,"Sunnyvale, CA",US,0.14285714285714285,US8059271,37.3688301,-122.036349
a3l5g6m2s5m1b3h6g5r6a1o666n6w4q1r3e3k2z,"Knoxville, TN",US,1.0,US7973214,35.9603948,-83.9210261
54s4i6h6m3292m2m1u2o685rx2p32v63z33,"Upton, MA",US,0.5,US7873502,42.1738156,-71.6031352
54s4i6h6m3292m2m1u2o685rx2p32v63z33,"Boston, MA",US,0.5,US7873502,42.3588336,-71.0578303
6h4o3b4j6w3y5a445r1v6628p3d2n416u3qx20,"Brookline, MA",US,0.5,US7794969,42.332918,-71.1187829
6h4o3b4j6w3y5a445r1v6628p3d2n416u3qx20,"Acton, MA",US,0.5,US7794969,42.4850931,-71.43284
4xytn4y3l1n2q6s296l232rj694h3c3q2x27,Boston,,0.5,US7769576,42.3588336,-71.0578303
4xytn4y3l1n2q6s296l232rj694h3c3q2x27,Upton,,0.5,US7769576,31.3720387,-102.0386055
42v311e6m251l32181d2l1y3q622j2d2j3p574x,"Ithaca, NY",US,1.0,US7415359,42.4374175,-76.5483724
5c3oow70p2m2x4t4e4i3s482k5z391h15292s,Irvine,,0.5,US7262031,33.6856969,-117.825981
5c3oow70p2m2x4t4e4i3s482k5z391h15292s,Corona del Mar,,0.5,US7262031,33.5995916,-117.873739
4g3hj564p2l55h14395sv4e1v1r446sj6w1l,Paris,FR,0.25,US7141405,48.8534951,2.3483915
4g3hj564p2l55h14395sv4e1v1r446sj6w1l,Burbage,GB,0.25,US7141405,52.5279306,-1.3486528
4g3hj564p2l55h14395sv4e1v1r446sj6w1l,"Galveston, TX",US,0.5,US7141405,29.3872254,-94.992736
3q1t3e221o6a126v5q5j401m4t36m38t512x2y,"College Park, MD",US,1.0,US6908618,38.980666,-76.9369189
453f5ky5m1m4sq1yg1e5y2g6t1wi1a1t3dm,"Denver, CO",US,0.2,US10017760,39.7392364,-104.984862
453f5ky5m1m4sq1yg1e5y2g6t1wi1a1t3dm,"Boulder, CO",US,0.6,US10017760,40.0149856,-105.270545
453f5ky5m1m4sq1yg1e5y2g6t1wi1a1t3dm,"San Francisco, CA",US,0.2,US10017760,37.7879363,-122.4075201
5x6v424x38h3o39571e6d6t234f531v453111v,"Denver, CO",US,0.5,US9982278,39.7392364,-104.984862
5x6v424x38h3o39571e6d6t234f531v453111v,"Boulder, CO",US,0.5,US9982278,40.0149856,-105.270545
562612e2h4w11s2u5aq4s575p3j35cc4r1n,Frankfurt,DE,0.4,US9920132,50.1106444,8.6820917
562612e2h4w11s2u5aq4s575p3j35cc4r1n,Langen,DE,0.2,US9920132,49.9915138,8.6667015
562612e2h4w11s2u5aq4s575p3j35cc4r1n,Dresden,DE,0.2,US9920132,51.0493286,13.7381437
562612e2h4w11s2u5aq4s575p3j35cc4r1n,Heidelberg,DE,0.2,US9920132,49.4093582,8.694724
2x712n51583ux6l3a1p475s2h74o3q5912213r,"Bogart, GA",US,1.0,US10023889,33.949281,-83.534608
1d2j1375l673r672t403p30zh135c5fd4d2b,HSINCHU CITY,TW,0.6,US9988637,24.8213514,121.0262325
1d2j1375l673r672t403p30zh135c5fd4d2b,YUNLIN COUNTY,TW,0.2,US9988637,23.6990775,120.5245511
1d2j1375l673r672t403p30zh135c5fd4d2b,TAOYUAN CITY,TW,0.2,US9988637,24.9929995,121.3010003
44426hs5qi5t2i5z52392366622es71s5y4p,"Cambridge, MA",US,1.0,US8697359,42.3656347,-71.1040018
3cc691a4a3sy3g1e39h4f3e362e3r106mu52,"Mesa, AZ",US,0.3333333333333333,US9908926,33.4151005,-111.831455
3cc691a4a3sy3g1e39h4f3e362e3r106mu52,"Chandler, AZ",US,0.3333333333333333,US9908926,33.3062031,-111.841185
3cc691a4a3sy3g1e39h4f3e362e3r106mu52,"Tempe, AZ",US,0.3333333333333333,US9908926,33.4255117,-111.940016
382i534m363p2ft3dw221g5m4s411g3w1x6c4m,Singapore,SG,1.0,US9944682,1.2899175,103.8519072
4e146r1x5h2a5g804e4c1a51331t635e3f4a53,Vancouver,CA,0.5,US10066240,49.2608724,-123.113952
4e146r1x5h2a5g804e4c1a51331t635e3f4a53,Burnaby,CA,0.5,US10066240,49.2433804,-122.972545
6b3w3q1v4e2b3v6553i6p1p4k0103z5j2d3b37,Ablis,FR,0.3333333333333333,US10006060,48.517153,1.8368758
6b3w3q1v4e2b3v6553i6p1p4k0103z5j2d3b37,Maisons-Alfort,FR,0.3333333333333333,US10006060,48.8012045,2.4309703
6b3w3q1v4e2b3v6553i6p1p4k0103z5j2d3b37,Serezin-Sur-Rhone,FR,0.3333333333333333,US10006060,45.635076,4.8222668
5e1i2w2k6i1ma1u31441v6b4467661i31726s6b,"Hollister, CA",US,1.0,US9883650,36.8524545,-121.4016021
4w1u6n3r5p51m2an1m4m4b72673xp4j112z2e,Oxford,GB,0.3333333333333333,US10034905,51.7520131,-1.2578499
4w1u6n3r5p51m2an1m4m4b72673xp4j112z2e,Oxfordshire,GB,0.6666666666666666,US10034905,51.833333,-1.25
561g426i322j141o732v146t3t5l3c6i2x5sw5u,"Cambridge, MA",US,1.0,US9897597,42.3656347,-71.1040018
5a76i2vi5x1464294o3p4th3h32273n6j3w41,London,GB,1.0,US9977862,51.5074456,-0.1277653
37n2c5t3e2y3x2w413h4e21563h706m20l6z,"Carmel, IN",US,0.5,US9951356,39.9784186,-86.1283681
37n2c5t3e2y3x2w413h4e21563h706m20l6z,"Houston, TX",US,0.25,US9951356,29.7589382,-95.3676974
37n2c5t3e2y3x2w413h4e21563h706m20l6z,"Zionsville, IN",US,0.25,US9951356,39.950724,-86.2616968
12131y5y3y1o5v3944z3b85h692zs411h2sb,"Pasadena, CA",US,0.5,US10041067,34.1476507,-118.144155
12131y5y3y1o5v3944z3b85h692zs411h2sb,"San Francisco, CA",US,0.5,US10041067,37.7879363,-122.4075201
3y4p5d5q4g3p524k4o4k4v3s30v3x113z5e5l9,"Acton, MA",US,0.5,US9932610,42.4850931,-71.43284
3y4p5d5q4g3p524k4o4k4v3s30v3x113z5e5l9,"Lexington, MA",US,0.5,US9932610,42.4473175,-71.2245003
24445c8462t271j2c3i71542c4b6h4e2x4xw4g,"Cambridge, MA",US,0.375,US9878004,42.3656347,-71.1040018
24445c8462t271j2c3i71542c4b6h4e2x4xw4g,"Wellesley, MA",US,0.125,US9878004,42.2964859,-71.2925571
24445c8462t271j2c3i71542c4b6h4e2x4xw4g,"Brookline, MA",US,0.125,US9878004,42.332918,-71.1187829
24445c8462t271j2c3i71542c4b6h4e2x4xw4g,"Arlington, MA",US,0.125,US9878004,42.4153739,-71.1564428
24445c8462t271j2c3i71542c4b6h4e2x4xw4g,"Newton, MA",US,0.125,US9878004,42.3300435,-71.194862
24445c8462t271j2c3i71542c4b6h4e2x4xw4g,"Boston, MA",US,0.125,US9878004,42.3588336,-71.0578303
5t553m2f723820w6k6zb6q165x213k34c3h6t,Bourgoin-Jallieu,FR,0.5,US10066247,45.5860438,5.2772265
5t553m2f723820w6k6zb6q165x213k34c3h6t,Pertuis,FR,0.5,US10066247,43.6951468,5.5032671
5f1c4513j3j2j2l1b214j3r2a1v60263y1b48g,"Austin, TX",US,1.0,US9675550,30.2711286,-97.7436995
374d131c6ly1q42y4o555r6i1w1h8664b5j11,Neuried,DE,0.5,US9913918,48.444461,7.8221045
374d131c6ly1q42y4o555r6i1w1h8664b5j11,Planegg,DE,0.5,US9913918,48.103742,11.4220029
206c3w4l2i631b5e68s6c2b5l1w1g142m6b2z3d,"Portland, OR",US,0.25,US10053493,45.5202471,-122.674194
206c3w4l2i631b5e68s6c2b5l1w1g142m6b2z3d,"Haw River, NC",US,0.25,US10053493,36.091526,-79.3641862
206c3w4l2i631b5e68s6c2b5l1w1g142m6b2z3d,"Chapel Hill, NC",US,0.25,US10053493,35.9131542,-79.05578
206c3w4l2i631b5e68s6c2b5l1w1g142m6b2z3d,"Hillsborough, NC",US,0.25,US10053493,36.075382,-79.0993958
3a3e4c4w7140c1d1s6t2429f2s6c1r3h1c4w6i,"Cambridge, MA",US,0.5,US10073087,42.3656347,-71.1040018
3a3e4c4w7140c1d1s6t2429f2s6c1r3h1c4w6i,"Charlestown, MA",US,0.5,US10073087,42.3778749,-71.0619957
12n6b2b4fq2rz5i5i65g4x46s3ry215p2o,"Carlsbad, CA",US,0.14285714285714285,US9908064,33.1580933,-117.3505966
12n6b2b4fq2rz5i5i65g4x46s3ry215p2o,"Vista, CA",US,0.14285714285714285,US9908064,33.2021425,-117.2424805
12n6b2b4fq2rz5i5i65g4x46s3ry215p2o,"San Diego, CA",US,0.5714285714285714,US9908064,32.7174202,-117.162772
12n6b2b4fq2rz5i5i65g4x46s3ry215p2o,"Oceanside, CA",US,0.14285714285714285,US9908064,33.1958696,-117.379483
114y30343g4y4c6626k4t4s46326u125s10r1w,Hangzhou,CN,1.0,US9986980,30.2489634,120.2052342
3i39362h733z352g6h362l53s5c5n52413b2f3l,Prilly,CH,0.3333333333333333,US10078318,46.534566,6.6055827
3i39362h733z352g6h362l53s5c5n52413b2f3l,Saint-Sulpice,CH,0.3333333333333333,US10078318,46.5100832,6.5580607
3i39362h733z352g6h362l53s5c5n52413b2f3l,La Conversion,CH,0.3333333333333333,US10078318,46.5131838,6.678344
1d4l53142f6v4y5e5i4t132l4t2m4k126t5ry1v,Vaerløse,DK,0.1,US9957540,55.783333,12.383333
1d4l53142f6v4y5e5i4t132l4t2m4k126t5ry1v,Frederiksberg,DK,0.1,US9957540,55.678016,12.5326186
1d4l53142f6v4y5e5i4t132l4t2m4k126t5ry1v,Copenhagen,DK,0.4,US9957540,55.6867243,12.5700724
1d4l53142f6v4y5e5i4t132l4t2m4k126t5ry1v,Riehen,CH,0.1,US9957540,47.5816927,7.6479737
1d4l53142f6v4y5e5i4t132l4t2m4k126t5ry1v,Søborg,DK,0.1,US9957540,55.736468,12.5088728
1d4l53142f6v4y5e5i4t132l4t2m4k126t5ry1v,Mulhouse,FR,0.1,US9957540,47.7467233,7.3389937
1d4l53142f6v4y5e5i4t132l4t2m4k126t5ry1v,"Bend, OR",US,0.1,US9957540,44.0581728,-121.3153096
12646d55g6r2x6m2q4y6o842701k173l261t4f,"New York, NY",US,0.6666666666666666,US10059927,40.7127281,-74.0060152
12646d55g6r2x6m2q4y6o842701k173l261t4f,Edinburgh,GB,0.3333333333333333,US10059927,55.9533456,-3.1883749
481n1c2n33643i401z1ov5w3p4r6u6h1z4c3v6u,"Cambridge, MA",US,1.0,US9944925,42.3656347,-71.1040018
25195q3v4q4p736a255q6ih1742n5z1b455a,"Berkeley, CA",US,1.0,US9944967,37.8708393,-122.272863
3c5e1c3u2l715c3z566d2n5y6f2w1q1i265f4j5l,"Portland, OR",US,0.08333333333333333,US9267132,45.5202471,-122.674194
3c5e1c3u2l715c3z566d2n5y6f2w1q1i265f4j5l,"Germantown, MD",US,0.08333333333333333,US9267132,39.1712341,-77.2655648
3c5e1c3u2l715c3z566d2n5y6f2w1q1i265f4j5l,"La Jolla, CA",US,0.16666666666666666,US9267132,32.8458529,-117.2575702
3c5e1c3u2l715c3z566d2n5y6f2w1q1i265f4j5l,Des Arenes Bayonne,FR,0.08333333333333333,US9267132,43.4872014,-1.4886959
3c5e1c3u2l715c3z566d2n5y6f2w1q1i265f4j5l,"Boyds, MD",US,0.08333333333333333,US9267132,39.1840886,-77.3122325
3c5e1c3u2l715c3z566d2n5y6f2w1q1i265f4j5l,"Jessup, MD",US,0.08333333333333333,US9267132,39.1470015,-76.7699177
3c5e1c3u2l715c3z566d2n5y6f2w1q1i265f4j5l,"San Diego, CA",US,0.08333333333333333,US9267132,32.7174202,-117.162772
3c5e1c3u2l715c3z566d2n5y6f2w1q1i265f4j5l,"Sykesville, MD",US,0.08333333333333333,US9267132,39.365992,-76.9688737
3c5e1c3u2l715c3z566d2n5y6f2w1q1i265f4j5l,"Montgomery Village, MD",US,0.08333333333333333,US9267132,39.175284,-77.2071214
3c5e1c3u2l715c3z566d2n5y6f2w1q1i265f4j5l,"Rockville, MD",US,0.08333333333333333,US9267132,39.0817985,-77.1516844
3c5e1c3u2l715c3z566d2n5y6f2w1q1i265f4j5l,"Crofton, MD",US,0.08333333333333333,US9267132,39.0159547,-76.6842057
4v5n6d5f501l274vq6a1w3g535e55o1y92u4l,Frederiksberg C,DK,0.3333333333333333,US10000782,55.6832509,12.5503857
4v5n6d5f501l274vq6a1w3g535e55o1y92u4l,Vallensbaek Strand,DK,0.3333333333333333,US10000782,55.6209101,12.3861478
4v5n6d5f501l274vq6a1w3g535e55o1y92u4l,Koebenhavn S,DK,0.3333333333333333,US10000782,,
34502nt631q31353im2t1euf5j673e1r1a5r,"Houston, TX",US,0.25,US9994557,29.7589382,-95.3676974
34502nt631q31353im2t1euf5j673e1r1a5r,"Wimberley, TX",US,0.25,US9994557,29.9976807,-98.0987896
34502nt631q31353im2t1euf5j673e1r1a5r,London,GB,0.5,US9994557,51.5074456,-0.1277653
1y171k5xd212h5a4q6p1e6k4n3d64263ot2b,Lelystad,NL,0.5,US9919044,52.5150949,5.4768915
1y171k5xd212h5a4q6p1e6k4n3d64263ot2b,Swifterbant,NL,0.25,US9919044,52.5696313,5.6385192
1y171k5xd212h5a4q6p1e6k4n3d64263ot2b,Amersfoort,NL,0.25,US9919044,52.1637703,5.4088845
k1d132c513q734i5j5v6y6t265b705s53104gm,Frankfurt,DE,0.5,US10036045,50.1106444,8.6820917
k1d132c513q734i5j5v6y6t265b705s53104gm,Weiterstadt,DE,0.5,US10036045,49.9178,8.5924
6e45466l3a2q4j36p4m6h4e503dp2p6m2t718,"Austin, TX",US,0.5,US9951344,30.2711286,-97.7436995
6e45466l3a2q4j36p4m6h4e503dp2p6m2t718,"Emeryville, CA",US,0.5,US9951344,37.8314089,-122.2865266
4o2i6v1k2p38634f5v42666s6h6c6b41401h5l2d,"Colorado Springs, CO",US,0.125,US9951267,38.8339578,-104.825348
4o2i6v1k2p38634f5v42666s6h6c6b41401h5l2d,"Coraopolis, PA",US,0.125,US9951267,40.5175351,-80.1643232
4o2i6v1k2p38634f5v42666s6h6c6b41401h5l2d,"Cypress, TX",US,0.125,US9951267,29.9691116,-95.6971686
4o2i6v1k2p38634f5v42666s6h6c6b41401h5l2d,"Katy, TX",US,0.125,US9951267,29.7857853,-95.8243956
4o2i6v1k2p38634f5v42666s6h6c6b41401h5l2d,"Houston, TX",US,0.25,US9951267,29.7589382,-95.3676974
4o2i6v1k2p38634f5v42666s6h6c6b41401h5l2d,"Richmond, TX",US,0.125,US9951267,29.5821811,-95.7607832
4o2i6v1k2p38634f5v42666s6h6c6b41401h5l2d,Dorchester,GB,0.125,US9951267,50.7132064,-2.4371229
6f6kz4ql5fy1h23n2j5t4tq403d3r4x3l1h,"Madison, WI",US,0.6666666666666666,US10006057,43.07469,-89.3841663
6f6kz4ql5fy1h23n2j5t4tq403d3r4x3l1h,"Arden Hills, MN",US,0.3333333333333333,US10006057,45.0761409,-93.1666945
4x163h296g3u4i3m4i5qb5s3c4f4n2gs3g5k3u,"Cleveland, OH",US,0.6666666666666666,US9925281,41.4996574,-81.6936772
4x163h296g3u4i3m4i5qb5s3c4f4n2gs3g5k3u,"State College, PA",US,0.3333333333333333,US9925281,40.7944504,-77.8616386
1w212e2j2z8716y63512w5i6x22v6g4e96y69,"Richmond, TX",US,0.3333333333333333,US9994764,29.5821811,-95.7607832
1w212e2j2z8716y63512w5i6x22v6g4e96y69,"Cypress, TX",US,0.3333333333333333,US9994764,29.9691116,-95.6971686
1w212e2j2z8716y63512w5i6x22v6g4e96y69,"Katy, TX",US,0.3333333333333333,US9994764,29.7857853,-95.8243956
4n6528h3x2a4a2l433i2xkn5z1n5m716i1w1u,"Baltimore, MD",US,1.0,US10047366,39.2908816,-76.610759
6j2y2p684c2fe1h44312o1uo42686c5a5v4s38,"Oak Ridge, TN",US,0.6666666666666666,US10017770,36.0103562,-84.2696449
6j2y2p684c2fe1h44312o1uo42686c5a5v4s38,"Knoxville, TN",US,0.3333333333333333,US10017770,35.9603948,-83.9210261
5w6zt615x5j6s4j671t5h5pq3n244221fn8,Delft,NL,0.5,US9902964,51.9994572,4.3627245
5w6zt615x5j6s4j671t5h5pq3n244221fn8,"Berkeley, CA",US,0.5,US9902964,37.8708393,-122.272863
1a4qf5u2uy624m5y5b5w7258ch663ob694k,"Natick, MA",US,0.16666666666666666,US10039795,42.2836393,-71.346996
1a4qf5u2uy624m5y5b5w7258ch663ob694k,"Cambridge, MA",US,0.16666666666666666,US10039795,42.3656347,-71.1040018
1a4qf5u2uy624m5y5b5w7258ch663ob694k,"Arlington, MA",US,0.16666666666666666,US10039795,42.4153739,-71.1564428
1a4qf5u2uy624m5y5b5w7258ch663ob694k,"Brookline, MA",US,0.16666666666666666,US10039795,42.332918,-71.1187829
1a4qf5u2uy624m5y5b5w7258ch663ob694k,"Watertown, MA",US,0.16666666666666666,US10039795,42.3652576,-71.1843234
1a4qf5u2uy624m5y5b5w7258ch663ob694k,"Reading, MA",US,0.16666666666666666,US10039795,42.5260297,-71.1020262
2n5b30m3k2j3j3d505m3rhw393u2j363w6f4k,"Glostrup, DK",DK,0.2,US10017804,55.6837485,12.4128789
2n5b30m3k2j3j3d505m3rhw393u2j363w6f4k,Vedbaek,DK,0.2,US10017804,55.8540912,12.5653124
2n5b30m3k2j3j3d505m3rhw393u2j363w6f4k,Vaerløse,DK,0.2,US10017804,55.783333,12.383333
2n5b30m3k2j3j3d505m3rhw393u2j363w6f4k,Frederiksberg,DK,0.2,US10017804,55.678016,12.5326186
2n5b30m3k2j3j3d505m3rhw393u2j363w6f4k,Copenhagen,DK,0.2,US10017804,55.6867243,12.5700724
33473817616d6585sx6to4a2i31116n241w1t,"Tsukuba-shi, Ibaraki",JP,0.6666666666666666,US9897611,36.0833265,140.077279
33473817616d6585sx6to4a2i31116n241w1t,Ibaraki,JP,0.3333333333333333,US9897611,36.2869536,140.4703384
kr2m5c1je3f1e235x6u675m4a3o631n365j2u,"Palo Alto, CA",US,0.16666666666666666,US9932619,37.4443293,-122.1598465
kr2m5c1je3f1e235x6u675m4a3o631n365j2u,Frederiksberg,DK,0.16666666666666666,US9932619,55.678016,12.5326186
kr2m5c1je3f1e235x6u675m4a3o631n365j2u,Birkerod,DK,0.16666666666666666,US9932619,55.8403369,12.4287796
kr2m5c1je3f1e235x6u675m4a3o631n365j2u,Chennai,IN,0.16666666666666666,US9932619,13.0836939,80.270186
kr2m5c1je3f1e235x6u675m4a3o631n365j2u,Tamil Nadu,IN,0.16666666666666666,US9932619,11.3323723,78.6098639
kr2m5c1je3f1e235x6u675m4a3o631n365j2u,Hvidor,DK,0.16666666666666666,US9932619,,
4zk5u406r1s6v4z665a4s3o6t6m2l3c21g3z4n,"La Jolla, CA",US,0.25,US9902962,32.8458529,-117.2575702
4zk5u406r1s6v4z665a4s3o6t6m2l3c21g3z4n,"Poolesville, MD",US,0.25,US9902962,39.146088,-77.4166561
4zk5u406r1s6v4z665a4s3o6t6m2l3c21g3z4n,"San Diego, CA",US,0.25,US9902962,32.7174202,-117.162772
4zk5u406r1s6v4z665a4s3o6t6m2l3c21g3z4n,"Solana Beach, CA",US,0.25,US9902962,32.9919141,-117.2678124
1z3k6w4ud2g4s332d2z2n24q4z1j473r2m326x,"Boston, MA",US,0.25,US10065154,42.3588336,-71.0578303
1z3k6w4ud2g4s332d2z2n24q4z1j473r2m326x,"New York, NY",US,0.25,US10065154,40.7127281,-74.0060152
1z3k6w4ud2g4s332d2z2n24q4z1j473r2m326x,"Cambridge, MA",US,0.25,US10065154,42.3656347,-71.1040018
1z3k6w4ud2g4s332d2z2n24q4z1j473r2m326x,"Medford, MA",US,0.25,US10065154,42.4184296,-71.1061639
wz5y437214p4y3d4h13661p345a512l49m5d,"Charleston, SC",US,1.0,US9879251,32.7884363,-79.9399309
i69253845d5a1g4j3q1x24s6uyr3v5e704b,"Washington, DC",US,1.0,US9938492,38.8950982,-77.0363849
t1t4e4pc724b2430315gs4c3tqp5569185f,"Tempe, AZ",US,1.0,US10046293,33.4255117,-111.940016
39314ep2j5g1666211x632q5g13e1s5f4l3p4a,"Lexington, MA",US,0.5,US9994809,42.4473175,-71.2245003
39314ep2j5g1666211x632q5g13e1s5f4l3p4a,"Cambridge, MA",US,0.5,US9994809,42.3656347,-71.1040018
5g3s6c6n283z5a4b2b4w2wzb5g4e6u3n3kv2t,"Brookline, MA",US,0.5,US9970040,42.332918,-71.1187829
5g3s6c6n283z5a4b2b4w2wzb5g4e6u3n3kv2t,"Belmont, MA",US,0.5,US9970040,42.3959296,-71.1786655
4665652z6n1a4f6f2b5j115x6h4f1y5w1w5j2t5b,"Woodside, CA",US,0.16666666666666666,US10053715,37.4280637,-122.2507435
4665652z6n1a4f6f2b5j115x6h4f1y5w1w5j2t5b,"Redwood City, CA",US,0.3333333333333333,US10053715,37.4863239,-122.232523
4665652z6n1a4f6f2b5j115x6h4f1y5w1w5j2t5b,"Mountain View, CA",US,0.16666666666666666,US10053715,37.3893889,-122.0832101
4665652z6n1a4f6f2b5j115x6h4f1y5w1w5j2t5b,"South San Francisco, CA",US,0.16666666666666666,US10053715,37.6535403,-122.4168664
4665652z6n1a4f6f2b5j115x6h4f1y5w1w5j2t5b,"Dublin, CA",US,0.16666666666666666,US10053715,37.7021521,-121.9357918
4t122l6o55m1i3x26236v1q2616532672e1p12,"Avon, IN",US,0.16666666666666666,US9909131,39.7628227,-86.3997168
4t122l6o55m1i3x26236v1q2616532672e1p12,"Carmel, IN",US,0.3333333333333333,US9909131,39.9784186,-86.1283681
4t122l6o55m1i3x26236v1q2616532672e1p12,"Indianapolis, IN",US,0.3333333333333333,US9909131,39.7683331,-86.1583502
4t122l6o55m1i3x26236v1q2616532672e1p12,"Westfield, IN",US,0.16666666666666666,US9909131,40.0428151,-86.1274888
2b3b5g3x6z2f4e67601q3s1t6z6b3s3u1rw7013,"Menlo Park, CA",US,1.0,US8916358,37.4519671,-122.177992
1e1t53go50462819462x5431645bw4n5p462q,"El Sobrante, CA",US,0.3333333333333333,US10030320,37.9744635,-122.3057294
1e1t53go50462819462x5431645bw4n5p462q,"Belmont, MA",US,0.3333333333333333,US10030320,42.3959296,-71.1786655
1e1t53go50462819462x5431645bw4n5p462q,"Berkeley, CA",US,0.3333333333333333,US10030320,37.8708393,-122.272863
3426v2d2u1b555j4t4u1821685b3da3t3h6g5m,"Redwood City, CA",US,1.0,US8532936,37.4863239,-122.232523
3s2e4h4iy3k4f6h5i5p3r532bii2d48u251f,"Philadelphia, PA",US,0.25,US10040846,39.9527237,-75.1635262
3s2e4h4iy3k4f6h5i5p3r532bii2d48u251f,"Cherry Hill, NJ",US,0.25,US10040846,39.9348351,-75.0307264
3s2e4h4iy3k4f6h5i5p3r532bii2d48u251f,"Narberth, PA",US,0.25,US10040846,40.0084456,-75.26046
3s2e4h4iy3k4f6h5i5p3r532bii2d48u251f,"Merion Station, PA",US,0.25,US10040846,39.9981758,-75.2513256
3q5c483p4e1ix6c1e3z1x6q4o1s2c23315z4b5o,"Charlestown, MA",US,0.25,US9957511,42.3778749,-71.0619957
3q5c483p4e1ix6c1e3z1x6q4o1s2c23315z4b5o,"Kingston, NH",US,0.25,US9957511,42.9364768,-71.0533918
3q5c483p4e1ix6c1e3z1x6q4o1s2c23315z4b5o,"Newton, MA",US,0.25,US9957511,42.3300435,-71.194862
3q5c483p4e1ix6c1e3z1x6q4o1s2c23315z4b5o,"Boston, MA",US,0.25,US9957511,42.3588336,-71.0578303
524d2h5dri4u6m6s1sn235s6s44561h503r,"Palo Alto, CA",US,0.5,US9944998,37.4443293,-122.1598465
524d2h5dri4u6m6s1sn235s6s44561h503r,"Pleasanton, CA",US,0.5,US9944998,37.6624312,-121.8746789
5m37542i1c15675b4p6662r5364471b2b5n6v,"San Mateo, CA",US,0.25,US9873907,37.496904,-122.3330573
5m37542i1c15675b4p6662r5364471b2b5n6v,"Cupertino, CA",US,0.25,US9873907,37.3228934,-122.0322895
5m37542i1c15675b4p6662r5364471b2b5n6v,"Los Altos, CA",US,0.25,US9873907,37.3790629,-122.116578
5m37542i1c15675b4p6662r5364471b2b5n6v,San Francisco,,0.25,US9873907,37.7879363,-122.4075201
37i2grb3l1g2l4d1h19123c722l7252a1i10,"Winchester, MA",US,0.5,US9567603,42.4523178,-71.1369982
37i2grb3l1g2l4d1h19123c722l7252a1i10,"Charlestown, MA",US,0.5,US9567603,42.3778749,-71.0619957
4s1e70431g2s2z17192hs1o504y41w86n1553,"El Cerrito, CA",US,0.5,US9951354,37.9154056,-122.301411
4s1e70431g2s2z17192hs1o504y41w86n1553,"Berkeley, CA",US,0.5,US9951354,37.8708393,-122.272863
1e1l43e2p3y4k3g2k5p2r6d7114553e6h4x81z,"Houston, TX",US,1.0,US9994881,29.7589382,-95.3676974
8351s1w472n34135t5o19301g494x44q392m58,"Shoreview, MN",US,0.25,US9909143,45.0722056,-93.1282878
8351s1w472n34135t5o19301g494x44q392m58,"St. Louis Park, MN",US,0.25,US9909143,44.9475726,-93.3569023
8351s1w472n34135t5o19301g494x44q392m58,"Saint Paul, MN",US,0.5,US9909143,44.9497487,-93.0931028
57636e5g6f6v2t4u3y4s1e2l4m4h172mz5v332b,"Lexington, MA",US,0.3333333333333333,US10041094,42.4473175,-71.2245003
57636e5g6f6v2t4u3y4s1e2l4m4h172mz5v332b,"Arlington, MA",US,0.3333333333333333,US10041094,42.4153739,-71.1564428
57636e5g6f6v2t4u3y4s1e2l4m4h172mz5v332b,"Woburn, MA",US,0.3333333333333333,US10041094,42.4792618,-71.1522766
5v1v5103v3934s4i1n2n5y3b3c134e1r1z3n2,"Newton, MA",US,0.16666666666666666,US9938587,42.3300435,-71.194862
5v1v5103v3934s4i1n2n5y3b3c134e1r1z3n2,"Cambridge, MA",US,0.3333333333333333,US9938587,42.3656347,-71.1040018
5v1v5103v3934s4i1n2n5y3b3c134e1r1z3n2,"Boston, MA",US,0.16666666666666666,US9938587,42.3588336,-71.0578303
5v1v5103v3934s4i1n2n5y3b3c134e1r1z3n2,"North Easton, MA",US,0.16666666666666666,US9938587,42.0667665,-71.1036592
5v1v5103v3934s4i1n2n5y3b3c134e1r1z3n2,"Charlton, MA",US,0.16666666666666666,US9938587,42.1340806,-71.9698085
64e426e4m6183w6i32332z6i526d4rq171p5,"Philadelphia, PA",US,0.5,US8808748,39.9527237,-75.1635262
64e426e4m6183w6i32332z6i526d4rq171p5,"Lexington, KY",US,0.5,US8808748,38.0464066,-84.4970393
2v30635h063i2g2p6fy3j553051h05k4l1v,"San Diego, CA",US,0.25,US10024819,32.7174202,-117.162772
2v30635h063i2g2p6fy3j553051h05k4l1v,"La Jolla, CA",US,0.25,US10024819,32.8458529,-117.2575702
2v30635h063i2g2p6fy3j553051h05k4l1v,Suncheon,KR,0.25,US10024819,34.9505457,127.4872992
2v30635h063i2g2p6fy3j553051h05k4l1v,Gwangyang-Si,KR,0.25,US10024819,34.9406452,127.6959512
2n602y1w5t3n6u596g2w1f1g6zd664z3b5p4s6a,"CHARLOTTESVILLE, VA",US,1.0,US8494785,38.029306,-78.4766781
0404ee461j1h1b113b2z253f543w5s2t1f2338,"Berkeley, CA",US,1.0,US9085785,37.8708393,-122.272863
3e5g5h1i4059c4f6b55c6l1h232f4z26b53m,"Chicago, IL",US,1.0,US9428745,41.8755616,-87.6244212
4g6lsl2k3h174i6h6d6g3c7248l2u2ab6s2m,"San Diego, CA",US,0.75,US7858350,32.7174202,-117.162772
4g6lsl2k3h174i6h6d6g3c7248l2u2ab6s2m,"Bellefonte, PA",US,0.25,US7858350,40.9134862,-77.7737471
3j303v4y3x5s642h2s6m1s5g2j1z33l3v6z163l,"Bellport, NY",US,0.5,US8682590,40.757252,-72.9394713
3j303v4y3x5s642h2s6m1s5g2j1z33l3v6z163l,"Coram, NY",US,0.5,US8682590,40.8797135,-73.0039964
5q1627656s5v2f6t5s3m1x6l1i655p4i3u131f1m,"Pebble Beach, CA",US,1.0,US7776822,36.5672414,-121.9442134
1k5y3w6732p4z6l3w2y5a1a1n2n5x2i3a1u531z,"SAN DIEGO, CA",US,0.6666666666666666,US8633002,32.7174202,-117.162772
1k5y3w6732p4z6l3w2y5a1a1n2n5x2i3a1u531z,"Minneapolis, MN",US,0.3333333333333333,US8633002,44.9772995,-93.2654692
2eq3v4l5au4b4js1x3k3015384b3v1d2b2q1g,"San Diego, CA",US,1.0,US8124400,32.7174202,-117.162772
56k6y70j432m4c6n6m56111p311r4r334v576h,"San Deigo, CA",US,0.5,US8921090,,
56k6y70j432m4c6n6m56111p311r4r334v576h,"San Diego, CA",US,0.5,US8921090,32.7174202,-117.162772
4f2f5z1i50154w562a4d4e291o1q6u263a4q2y72,Daejeon,KR,1.0,US9670469,36.3497007,127.3849016
1p52131q143p3j382t4c6f2q5052262u2f62n4b,"San Diego, CA",US,1.0,US8956834,32.7174202,-117.162772
4l2i5634422l376q266oj2sg2r3f5o6g4v944,"San Diego, CA",US,0.25,US8377666,32.7174202,-117.162772
4l2i5634422l376q266oj2sg2r3f5o6g4v944,"La Mesa, CA",US,0.25,US8377666,32.7678288,-117.0230839
4l2i5634422l376q266oj2sg2r3f5o6g4v944,"Lincoln, NE",US,0.25,US8377666,40.8088861,-96.7077751
4l2i5634422l376q266oj2sg2r3f5o6g4v944,"Bellefonte, PA",US,0.25,US8377666,40.9134862,-77.7737471
3d5m2t42r5n315n18123q636n16n4j1765h45,"Sudbury, MA",US,0.5,US10064934,42.3834278,-71.4161725
3d5m2t42r5n315n18123q636n16n4j1765h45,"Winchester, MA",US,0.5,US10064934,42.4523178,-71.1369982
2p37673a5j5d6z551o34c1j3s394g5x5l5a4314,"RANCHO SANTA FE, CA",US,0.3333333333333333,US9932599,33.0242314,-117.1979781
2p37673a5j5d6z551o34c1j3s394g5x5l5a4314,"LA JOLLA, CA",US,0.3333333333333333,US9932599,32.8458529,-117.2575702
2p37673a5j5d6z551o34c1j3s394g5x5l5a4314,"IRVINE, CA",US,0.3333333333333333,US9932599,33.6856969,-117.825981
6wj3f38d4m5t213y6d17495s1h152n2l6h4s47,"San Diego, CA",US,0.6666666666666666,US9506090,32.7174202,-117.162772
6wj3f38d4m5t213y6d17495s1h152n2l6h4s47,"Solana Beach, CA",US,0.3333333333333333,US9506090,32.9919141,-117.2678124
4ye1i3s5wm531q13274h6d4n2r3i383d3j3747,Daejeon,KR,0.6666666666666666,US9926585,36.3497007,127.3849016
4ye1i3s5wm531q13274h6d4n2r3i383d3j3747,Gyeonggi-do,KR,0.3333333333333333,US9926585,37.2884675,127.0535231
4p1pj6h4o223q1t1v416b2u22242e6w6g6h5051,Daejeon,KR,0.8333333333333334,US9896710,36.3497007,127.3849016
4p1pj6h4o223q1t1v416b2u22242e6w6g6h5051,Dejeon,KR,0.16666666666666666,US9896710,36.3477358,127.4123726
2t435z5n4h5y4b4u6k5357123b4x1y2758716768,Daejeon,KR,1.0,US9527886,36.3497007,127.3849016
3ov3m5716u6q3e6s1f3b712m6d6r2m5z5m3337,"Galveston, TX",US,0.3333333333333333,US8426188,29.3872254,-94.992736
3ov3m5716u6q3e6s1f3b712m6d6r2m5z5m3337,"Birmingham, AL",US,0.6666666666666666,US8426188,33.5206824,-86.8024326
6v1k1w1y6h5zw1g145it232m716y2v234j3v4q,"Mechanicsville, VA",US,0.5,US9399082,37.627722,-77.3538176
6v1k1w1y6h5zw1g145it232m716y2v234j3v4q,"Richmond, VA",US,0.25,US9399082,37.5385087,-77.43428
6v1k1w1y6h5zw1g145it232m716y2v234j3v4q,"Columbia, MD",US,0.25,US9399082,39.1938429,-76.8646092
6z2k153u161xv4335z10j6k5px5j313l2q6h,Coventry,GB,0.5,US8580104,52.4081812,-1.510477
6z2k153u161xv4335z10j6k5px5j313l2q6h,"Austin, TX",US,0.5,US8580104,30.2711286,-97.7436995
3n1xy56j1q1z1f5d636h4n6k66u2t6s5h4e3j,"Old Lyme, CT",US,0.25,US8748558,41.3162517,-72.3296192
3n1xy56j1q1z1f5d636h4n6k66u2t6s5h4e3j,"Memphis, TN",US,0.25,US8748558,35.146026,-90.0517786
3n1xy56j1q1z1f5d636h4n6k66u2t6s5h4e3j,"Middlefield, CT",US,0.25,US8748558,41.5165161,-72.7120793
3n1xy56j1q1z1f5d636h4n6k66u2t6s5h4e3j,"Hamden, CT",US,0.25,US8748558,41.3836233,-72.9020069
3a2h233p1j96pu3m4l6n304q184f2z5s4c6m1q,St. Paul,,0.3333333333333333,US8241656,44.9497487,-93.0931028
3a2h233p1j96pu3m4l6n304q184f2z5s4c6m1q,St. Louis Park,,0.3333333333333333,US8241656,44.9475726,-93.3569023
3a2h233p1j96pu3m4l6n304q184f2z5s4c6m1q,Richfield,,0.3333333333333333,US8241656,44.8766431,-93.2877877
581i5m3q3r3v4f1f671q2719c86s3kn551rx,"Boxborough, MA",US,0.3333333333333333,US7060298,42.4827512,-71.5142726
581i5m3q3r3v4f1f671q2719c86s3kn551rx,"Belmont, MA",US,0.3333333333333333,US7060298,42.3959296,-71.1786655
581i5m3q3r3v4f1f671q2719c86s3kn551rx,Croissy sur Seine,FR,0.3333333333333333,US7060298,48.8793601,2.146007
231n6y6u262p172o046155oq606u6h5p4y6b10,Hellerup,DK,0.3333333333333333,US8012724,55.7336657,12.5655408
231n6y6u262p172o046155oq606u6h5p4y6b10,Hillerod,DK,0.3333333333333333,US8012724,55.9285735,12.3063909
231n6y6u262p172o046155oq606u6h5p4y6b10,Lyngby,DK,0.3333333333333333,US8012724,55.7718649,12.5051413
4y1q5x206n472m259mh516k3q116u22m3p5s,Aalen,DE,0.5,US8179621,48.8375607,10.0929593
4y1q5x206n472m259mh516k3q116u22m3p5s,Buch am Wald,DE,0.5,US8179621,49.3290351,10.3363868
1v2x3z221423qb6v4e2l731t3h162b2427c5a,Norcross,,0.5,US6652883,33.9412127,-84.2135309
1v2x3z221423qb6v4e2l731t3h162b2427c5a,Atlanta,,0.3333333333333333,US6652883,33.7544657,-84.3898151
1v2x3z221423qb6v4e2l731t3h162b2427c5a,Suwanee,,0.16666666666666666,US6652883,34.0514898,-84.0712997
5i3i5r4j2s6632326l4c5r376j6051h4w1i6x,"Jacksonville, FL",US,0.3333333333333333,US7666225,30.3262247,-81.6579179
5i3i5r4j2s6632326l4c5r376j6051h4w1i6x,"Norcross, GA",US,0.6666666666666666,US7666225,33.9412127,-84.2135309
3l6ibt2l1t1d2t2l5f55o6473k261p4h1l38,Irvine,,0.6666666666666666,US7393925,33.6856969,-117.825981
3l6ibt2l1t1d2t2l5f55o6473k261p4h1l38,Coto de Caza,,0.3333333333333333,US7393925,33.6013399,-117.5856235
o3g254h146gl39a544x3s6c2t5b5y586o3s7,"Ann Arbor, MI",US,0.5714285714285714,US7718403,42.2813722,-83.7484616
o3g254h146gl39a544x3s6c2t5b5y586o3s7,"Novi, MI",US,0.14285714285714285,US7718403,42.48059,-83.4754913
o3g254h146gl39a544x3s6c2t5b5y586o3s7,"Chelsea, MI",US,0.14285714285714285,US7718403,42.3180163,-84.020224
o3g254h146gl39a544x3s6c2t5b5y586o3s7,"Ypsilanti, MI",US,0.14285714285714285,US7718403,42.241051,-83.6117646
2c5i27m433g5u4g381g5q2q392r2p1p4n426t5m,Birkerod,DK,0.14285714285714285,US7566561,55.8403369,12.4287796
2c5i27m433g5u4g381g5q2q392r2p1p4n426t5m,Copenhagen,DK,0.14285714285714285,US7566561,55.6867243,12.5700724
2c5i27m433g5u4g381g5q2q392r2p1p4n426t5m,Bagsvaerd,DK,0.2857142857142857,US7566561,55.7583936,12.4573112
2c5i27m433g5u4g381g5q2q392r2p1p4n426t5m,Ballerup,DK,0.14285714285714285,US7566561,55.7303589,12.3612313
2c5i27m433g5u4g381g5q2q392r2p1p4n426t5m,Virum,DK,0.14285714285714285,US7566561,55.7939593,12.4694709
2c5i27m433g5u4g381g5q2q392r2p1p4n426t5m,Skodsborg,DK,0.14285714285714285,US7566561,55.8214676,12.5728477
1f4r6o1l514f2sb44571o261o6j5i4o1bj4tp,La Jolla,,0.75,US7255995,32.8458529,-117.2575702
1f4r6o1l514f2sb44571o261o6j5i4o1bj4tp,Poway,,0.25,US7255995,32.9628234,-117.035864
3a3a67h1u4m4ew4w5o2l734l4q5w6q4y1a4b,"Woodside, CA",US,0.25,US6969589,37.4280637,-122.2507435
3a3a67h1u4m4ew4w5o2l734l4q5w6q4y1a4b,"Belmont, CA",US,0.25,US6969589,37.5164926,-122.2941914
3a3a67h1u4m4ew4w5o2l734l4q5w6q4y1a4b,"San Jose, CA",US,0.25,US6969589,37.3361663,-121.890591
3a3a67h1u4m4ew4w5o2l734l4q5w6q4y1a4b,"Mountain View, CA",US,0.25,US6969589,37.3893889,-122.0832101
b66733q3v1g4a5s614cf5a73s2n2c297w1l,Leiden,NL,0.6363636363636364,US7985569,52.1594747,4.4908843
b66733q3v1g4a5s614cf5a73s2n2c297w1l,"San Francisco, CA",US,0.18181818181818182,US7985569,37.7879363,-122.4075201
b66733q3v1g4a5s614cf5a73s2n2c297w1l,"Cincinnati, OH",US,0.09090909090909091,US7985569,39.1012809,-84.5127405
b66733q3v1g4a5s614cf5a73s2n2c297w1l,"Belmont, CA",US,0.09090909090909091,US7985569,37.5164926,-122.2941914
5038q1c1y1u3vr58556g3h191w4z4emf3g38,"Los Angeles, CA",US,0.3333333333333333,US10050959,34.0536909,-118.242766
5038q1c1y1u3vr58556g3h191w4z4emf3g38,"Santa Cruz, CA",US,0.3333333333333333,US10050959,37.050096,-121.99059
5038q1c1y1u3vr58556g3h191w4z4emf3g38,"San Diego, CA",US,0.3333333333333333,US10050959,32.7174202,-117.162772
695g271i5b34d5b1217c5c6a365l1x5k6h3070,Oelstykke,DK,0.16666666666666666,US9370583,,
695g271i5b34d5b1217c5c6a365l1x5k6h3070,Ballerup,DK,0.16666666666666666,US9370583,55.7303589,12.3612313
695g271i5b34d5b1217c5c6a365l1x5k6h3070,Broenshoej,DK,0.16666666666666666,US9370583,,
695g271i5b34d5b1217c5c6a365l1x5k6h3070,Koebenhavn N,DK,0.16666666666666666,US9370583,,
695g271i5b34d5b1217c5c6a365l1x5k6h3070,"Edmond, OK",US,0.16666666666666666,US9370583,35.6571367,-97.4649038
695g271i5b34d5b1217c5c6a365l1x5k6h3070,"Norman, OK",US,0.16666666666666666,US9370583,35.2225717,-97.4394816
2rww711n35206b5q5n41e334q2n264t5m46,Leuven,BE,1.0,US10076564,50.879202,4.7011675
5f4k5896t4i4154484j591o6f5b5i6i587031z,Tikob,NL,0.2,US8178336,,
5f4k5896t4i4154484j591o6f5b5i6i587031z,Soborg,DK,0.2,US8178336,55.736468,12.5088728
5f4k5896t4i4154484j591o6f5b5i6i587031z,Copenhagen K,DK,0.2,US8178336,55.6867243,12.5700724
5f4k5896t4i4154484j591o6f5b5i6i587031z,Skanderborg,DK,0.2,US8178336,56.0351868,9.9317878
5f4k5896t4i4154484j591o6f5b5i6i587031z,Viby J,DK,0.2,US8178336,56.1220185,10.1596948
1h3f6n3e2w4m2p346q3e3l2y5u286q562h2l432t,"San Marcos, CA",US,0.16666666666666666,US9597332,33.1352995,-117.1743395
1h3f6n3e2w4m2p346q3e3l2y5u286q562h2l432t,"San Diego, CA",US,0.6666666666666666,US9597332,32.7174202,-117.162772
1h3f6n3e2w4m2p346q3e3l2y5u286q562h2l432t,"Encinitas, CA",US,0.16666666666666666,US9597332,33.0369867,-117.2919818
495kz6e3z555e1o385j2s3pk155x2a2e5k3n5l,"Cardiff by the Sea, CA",US,0.25,US9687000,33.0220155,-117.2803463
495kz6e3z555e1o385j2s3pk155x2a2e5k3n5l,"San Diego, CA",US,0.75,US9687000,32.7174202,-117.162772
f04433e1g6y561d1n2r4l263p1x2u1366k,"Menlo Park, CA",US,0.3333333333333333,US7897344,37.4519671,-122.177992
f04433e1g6y561d1n2r4l263p1x2u1366k,"Los Altos Hills, CA",US,0.3333333333333333,US7897344,37.3796627,-122.137463
f04433e1g6y561d1n2r4l263p1x2u1366k,"Los Gatos, CA",US,0.3333333333333333,US7897344,37.226611,-121.9746797
3w6n2y37414q68371d544v3z522b512b4s3w5d3j,Stein,CH,1.0,US10071997,47.3780478,9.3417144
5n74x4a3t2a1f5r3mk292p364c1h2l733j676s,Stein,CH,1.0,US9809587,47.3780478,9.3417144
h3i3o342x2p1y266843f2l1k6i1h4e1v151sf,"Palo Alto, CA",US,1.0,US9464981,37.4443293,-122.1598465
4t4533o3n5x4ui4nh4qj11h112p371g5p3d,"Amherst, MA",US,0.5,US9315830,42.3731948,-72.5198761
4t4533o3n5x4ui4nh4qj11h112p371g5p3d,"Skokie, IL",US,0.5,US9315830,42.0262972,-87.7521069
1j2e4f03q4k1r57344916h5c6o6k4d4a4s1355,"San Diego, CA",US,1.0,US9873652,32.7174202,-117.162772
4k1l4j3y50493x4d1y1x2y4ma81n3556j4226,Cleveland,GB,1.0,US9102958,54.5956707,-1.2072472
194l72o26573s1e6o2x5z64722q503x5g3j1g,"Pasadena, CA",US,0.3333333333333333,US8838394,34.1476507,-118.144155
194l72o26573s1e6o2x5z64722q503x5g3j1g,"Irvine, CA",US,0.3333333333333333,US8838394,33.6856969,-117.825981
194l72o26573s1e6o2x5z64722q503x5g3j1g,"Barnard, VT",US,0.3333333333333333,US8838394,43.7286349,-72.6188601
5g4b5f662q1b5r5048i6w2i4r526v13f25w6k,"Frederick, MD",US,1.0,US8580927,39.415779,-77.4127562
673d2f5e1v1r5h6e156g1o363f726t253i561c2c,Stein,CH,0.8571428571428571,US9024019,47.3780478,9.3417144
673d2f5e1v1r5h6e156g1o363f726t253i561c2c,Berkshire,GB,0.14285714285714285,US9024019,51.4534889,-1.031873
5e291p81v4y4f4q5lf5d1u3h4l284t1t4h4l6h,Ried-Brig,CH,0.3333333333333333,US7939305,46.3150269,8.0166829
5e291p81v4y4f4q5lf5d1u3h4l284t1t4h4l6h,Koln,DE,0.3333333333333333,US7939305,50.938361,6.959974
5e291p81v4y4f4q5lf5d1u3h4l284t1t4h4l6h,Frankfurt/Main,DE,0.3333333333333333,US7939305,50.1106444,8.6820917
1v2o28274mv3q1u3r5s40b51c5s3w4xp6h37,Maroubra,AU,0.16666666666666666,US9580759,-33.9453441,151.2456824
1v2o28274mv3q1u3r5s40b51c5s3w4xp6h37,"Erskineville, NSW",AU,0.16666666666666666,US9580759,-33.9021718,151.1859881
1v2o28274mv3q1u3r5s40b51c5s3w4xp6h37,Oslo,NO,0.5,US9580759,59.9133301,10.7389701
1v2o28274mv3q1u3r5s40b51c5s3w4xp6h37,Nesttun,NO,0.16666666666666666,US9580759,60.3162644,5.35439
12674i6k465l5j341qf16724h662m1h6t525j1w,Tianjin,CN,1.0,US9816124,39.3032619,117.4163641
2a5al2h4v405s2p3b6m725n1vu1l5l20ms4t,Stein,CH,0.75,US8574607,47.3780478,9.3417144
2a5al2h4v405s2p3b6m725n1vu1l5l20ms4t,Shanghai,CN,0.25,US8574607,31.2312707,121.4700152
m5ss3x2259281u1i4z4185r596s3t4y193548,Stein,CH,0.9285714285714286,US9067892,47.3780478,9.3417144
m5ss3x2259281u1i4z4185r596s3t4y193548,Berkshire,GB,0.07142857142857142,US9067892,51.4534889,-1.031873
2l251o38042c3uu3m5y3x2ej6w30124w4zy,Nonthaburi,TH,0.16666666666666666,US8586669,13.8610918,100.3456772
2l251o38042c3uu3m5y3x2ej6w30124w4zy,"Midland, MI",US,0.3333333333333333,US8586669,43.6155825,-84.2472117
2l251o38042c3uu3m5y3x2ej6w30124w4zy,Shanghai,CN,0.16666666666666666,US8586669,31.2312707,121.4700152
2l251o38042c3uu3m5y3x2ej6w30124w4zy,"Freeland, MI",US,0.16666666666666666,US8586669,43.5250265,-84.1227598
2l251o38042c3uu3m5y3x2ej6w30124w4zy,Lez-Herlaimont,BE,0.16666666666666666,US8586669,50.4713117,4.280504
1w1m6j6l3c651i423q105s6u1n3n2z396m3t1j1,Stein,CH,0.75,US8722578,47.3780478,9.3417144
1w1m6j6l3c651i423q105s6u1n3n2z396m3t1j1,Wallbach,CH,0.125,US8722578,47.5599243,7.902809
1w1m6j6l3c651i423q105s6u1n3n2z396m3t1j1,Bratislava,SK,0.125,US8722578,48.1516988,17.1093063
5l6i4t3c3t323g1n3y4f275h3b3s161k2e19m,Stein,CH,1.0,US8629284,47.3780478,9.3417144
182u6b2u456h2b4i1hf1g1si2a1b5v42l1o4t,Hong Kong,CN,0.25,US8734697,22.2818333,114.1582831
182u6b2u456h2b4i1hf1g1si2a1b5v42l1o4t,Chelmer,AU,0.25,US8734697,-27.5122288,152.9744075
182u6b2u456h2b4i1hf1g1si2a1b5v42l1o4t,Annerley,AU,0.25,US8734697,-27.5126515,153.0325838
182u6b2u456h2b4i1hf1g1si2a1b5v42l1o4t,Coorparoo,AU,0.25,US8734697,-27.4962028,153.0595973
6t5w103q6e3py4l5o2u4142v1c391b5h5h6u40,Budel,NL,0.25,US8673599,51.2744706,5.5744905
6t5w103q6e3py4l5o2u4142v1c391b5h5h6u40,Julich,DE,0.25,US8673599,50.9220931,6.3611015
6t5w103q6e3py4l5o2u4142v1c391b5h5h6u40,Leidschendam,NL,0.25,US8673599,52.0861654,4.3946774
6t5w103q6e3py4l5o2u4142v1c391b5h5h6u40,Maasmechelen,BE,0.25,US8673599,50.9634179,5.6960212
2x2r196d1y475v2hc6w1x5c4f6y3yf5p1t3f2o,Stein,CH,1.0,US8524896,47.3780478,9.3417144
3l33z735r133d183b6r1o6c2z4d5f5a4e1t5a50,Stein,CH,1.0,US8563744,47.3780478,9.3417144
6q2d2je5r23i33363s6x1mx1v3685e3v6a0,"Sonoma, CA",US,0.5,US8440629,38.5110803,-122.8473388
6q2d2je5r23i33363s6x1mx1v3685e3v6a0,"San Francisco, CA",US,0.5,US8440629,37.7879363,-122.4075201
16653b4l3j1c23469gz3e6x4o65x3e5z6d17,"League City, TX",US,0.3333333333333333,US6852514,29.5074538,-95.0949303
16653b4l3j1c23469gz3e6x4o65x3e5z6d17,"Galveston, TX",US,0.6666666666666666,US6852514,29.3872254,-94.992736
lo1n2b4l5c4s1c4u4ocv2vh4a11533k362n,Ciudad de la Habana,CU,0.18181818181818182,US8674063,23.1399831,-82.3500301
lo1n2b4l5c4s1c4u4ocv2vh4a11533k362n,C. Habana,CU,0.09090909090909091,US8674063,23.1129068,-82.3178339
lo1n2b4l5c4s1c4u4ocv2vh4a11533k362n,La Habana,CU,0.18181818181818182,US8674063,23.135305,-82.3589631
lo1n2b4l5c4s1c4u4ocv2vh4a11533k362n,Ciudad Habana,CU,0.18181818181818182,US8674063,23.135305,-82.3589631
lo1n2b4l5c4s1c4u4ocv2vh4a11533k362n,Ciudad la Habana,CU,0.18181818181818182,US8674063,23.135305,-82.3589631
lo1n2b4l5c4s1c4u4ocv2vh4a11533k362n,Ciudad de La Habana,CU,0.18181818181818182,US8674063,23.1399831,-82.3500301
494i5m5v683t1y5352494w2h4b1r2hm5y3v4r61,Mainz,DE,1.0,US9061007,49.9995205,8.2736253
6dgv361b6k1f3e322t411o1y313t2l6v5y374d,Pulversheim,FR,0.16666666666666666,US8288435,47.8359062,7.3029778
6dgv361b6k1f3e322t411o1y313t2l6v5y374d,Allschwil,CH,0.3333333333333333,US8288435,47.5510799,7.5365611
6dgv361b6k1f3e322t411o1y313t2l6v5y374d,Lorrach,DE,0.16666666666666666,US8288435,47.6120896,7.6607218
6dgv361b6k1f3e322t411o1y313t2l6v5y374d,Wentzwiller,FR,0.16666666666666666,US8288435,47.5503538,7.481803
6dgv361b6k1f3e322t411o1y313t2l6v5y374d,Bubendorf,CH,0.16666666666666666,US8288435,47.446684,7.73535
1ki716m1l6e454w47s6e2s5a4l3m37733e3p2n,Beaconsfield,CA,0.5,US8067378,45.4289766,-73.8654387
1ki716m1l6e454w47s6e2s5a4l3m37733e3p2n,Mississauga,CA,0.5,US8067378,43.5884727,-79.643658
315s473w4d1d55156a5q5b5ve464p1k326h4c32,Paris,FR,0.25,US8026354,48.8534951,2.3483915
315s473w4d1d55156a5q5b5ve464p1k326h4c32,London,GB,0.25,US8026354,51.5074456,-0.1277653
315s473w4d1d55156a5q5b5ve464p1k326h4c32,ointe a Pitre Cedex,FR,0.25,US8026354,,
315s473w4d1d55156a5q5b5ve464p1k326h4c32,Antony,FR,0.25,US8026354,48.753613,2.2958034
312754e51682l2c2g2r4g3z626hw4c3714n3w,"Palo Alto, CA",US,0.5,US7314743,37.4443293,-122.1598465
312754e51682l2c2g2r4g3z626hw4c3714n3w,Helsinki,FI,0.5,US7314743,60.1666204,24.9435408
5w453p5o6h4b2p6xae634n1u6p1tv4q1bbd,"Rockville, MD",US,1.0,US6790449,39.0817985,-77.1516844
1t57522w406h3v375r6p645b6h5e19b535i5d50,"Redwood, CA",US,0.25,US7790434,33.4571359,-117.0948433
1t57522w406h3v375r6p645b6h5e19b535i5d50,"Saratoga, CA",US,0.25,US7790434,37.2638324,-122.0230146
1t57522w406h3v375r6p645b6h5e19b535i5d50,"Potomac, MD",US,0.25,US7790434,39.0180508,-77.1956331
1t57522w406h3v375r6p645b6h5e19b535i5d50,"Palo Alto, CA",US,0.25,US7790434,37.4443293,-122.1598465
w493k4zw2g4b3124hg6u2e5m430344o1i,Skien,NO,1.0,US7311915,59.2662883,9.5311354
5ut2m1n3p14ld4k514i386ox672f4l633y1q,"Guilford, CT",US,0.2222222222222222,US6995174,41.2827593,-72.6816365
5ut2m1n3p14ld4k514i386ox672f4l633y1q,"Glastonbury, CT",US,0.2222222222222222,US6995174,41.7123218,-72.608146
5ut2m1n3p14ld4k514i386ox672f4l633y1q,"Meriden, CT",US,0.1111111111111111,US6995174,41.5381803,-72.8026908
5ut2m1n3p14ld4k514i386ox672f4l633y1q,"East Hampton, CT",US,0.1111111111111111,US6995174,41.5758442,-72.5024804
5ut2m1n3p14ld4k514i386ox672f4l633y1q,"Middletown, CT",US,0.1111111111111111,US6995174,41.5623178,-72.6509061
5ut2m1n3p14ld4k514i386ox672f4l633y1q,"Wallingford, CT",US,0.1111111111111111,US6995174,41.4564233,-72.8239356
5ut2m1n3p14ld4k514i386ox672f4l633y1q,"Cheshire, CT",US,0.1111111111111111,US6995174,41.4989355,-72.9009925
433c1w1j1wn6f24z2h1633152183h6b3x1b1m,Madrid,ES,1.0,US7368557,40.416782,-3.703507
4n6z1b3v6e6m3z6k6n2t1g645x6j325r6m464g7,Saint-Louis,FR,0.5,US7091371,48.7160783,7.1884164
4n6z1b3v6e6m3z6k6n2t1g645x6j325r6m464g7,Lorrach,DE,0.5,US7091371,47.6120896,7.6607218
6q1jtp546r1e331h24f5di15c293z104k2m,Yachimata-shi,JP,1.0,US8389213,35.6658607,140.3178646
43f1n4b183am4g1z2q2gs5x25e1b6z1c1v4c,Kagawa,JP,1.0,US7033342,34.2480104,134.0586579
5v3n1j4t29h65x3556q113p4kw1j6r5n64b,"Salem, NH",US,0.5,US6683163,42.7884957,-71.2009035
5v3n1j4t29h65x3556q113p4kw1j6r5n64b,"Westford, MA",US,0.5,US6683163,42.5792583,-71.4378411
o6g59m1g6p1z4633514o6u2j1u4z4j5z152l,"Chester, NY",US,0.25,US7361496,41.3624533,-74.2714981
o6g59m1g6p1z4633514o6u2j1u4z4j5z152l,"Verona, NJ",US,0.25,US7361496,40.829822,-74.2401466
o6g59m1g6p1z4633514o6u2j1u4z4j5z152l,"Scotch Plains, NJ",US,0.25,US7361496,40.65538,-74.3898732
o6g59m1g6p1z4633514o6u2j1u4z4j5z152l,"New York, NY",US,0.25,US7361496,40.7127281,-74.0060152
2192r2x2d5f2f372w36b5c672e4q622744n55,Salt Lake City,,1.0,US6750244,40.7596198,-111.886797
5y423w4f3i6r5u2z6b5o2c145z3b4r525w704e1a,Ansan,KR,0.25,US8889797,37.3217152,126.8308604
5y423w4f3i6r5u2z6b5o2c145z3b4r525w704e1a,Seongnam,KR,0.25,US8889797,37.4201556,127.1262092
5y423w4f3i6r5u2z6b5o2c145z3b4r525w704e1a,Seoul,KR,0.5,US8889797,37.5666791,126.9782914
724i5x612v4f6l5q6r4p2f6h1u1y2y4n3b525r2m,Tokyo,JP,0.6,US9057048,35.6768601,139.7638947
724i5x612v4f6l5q6r4p2f6h1u1y2y4n3b525r2m,Hyogo,JP,0.2,US9057048,34.914934,134.860666
724i5x612v4f6l5q6r4p2f6h1u1y2y4n3b525r2m,Beijing,CN,0.2,US9057048,39.9057136,116.3912972
2wc6r543cs4g20z2o19q5gm5l2g2d363b15,Victoria,AU,0.5,US8894972,-36.5986096,144.6780052
2wc6r543cs4g20z2o19q5gm5l2g2d363b15,South Australia,AU,0.5,US8894972,-30.5343665,135.6301212
3g462z5i3k5fe2z1k64124r5d4b3g426l2y6m3w,Berkshire,GB,0.45454545454545453,US7812170,51.4534889,-1.031873
3g462z5i3k5fe2z1k64124r5d4b3g426l2y6m3w,Basel,CH,0.5454545454545454,US7812170,47.5581077,7.5878261
2s2m30301y4i6c4l2dx273d2x3m4yk2yp6t2y,"Havertown, PA",US,1.0,US7012172,39.9809452,-75.3085201
333h11y1q5w1d1v6v44305x146q335m4g436u57,Chicago,,0.5,US7452679,41.8755616,-87.6244212
333h11y1q5w1d1v6v44305x146q335m4g436u57,Evanston,,0.5,US7452679,42.0470043,-87.6846053
