part_name,doi,paper_id
BBa_251O9EM7,10.1021/acschembio.5b00753,
BBa_251WQNNH,10.1016/j.bbrc.2024.150454,
BBa_25K43P2G,10.1016/j.isci.2021.103014,
BBa_25S8QZYH,10.1016/j.isci.2021.103014,
BBa_25BUXSHY,10.1016/j.isci.2021.103014,
BBa_25FNRV4N,10.1016/j.isci.2021.103014,
BBa_25JXN2WR,10.1016/j.isci.2021.103014,
BBa_250IWA6S,10.1016/j.isci.2021.103014,
BBa_25Y79J0P,10.1128/jb.181.2.531-540.1999,
BBa_25SAZTW8,10.1128/jb.181.2.531-540.1999,
BBa_25QRY9WC,10.1021/acssynbio.7b00399,
