id,type,title,text,year,city,country,lat,lon,all_cities,all_coords,theme_primary,theme_secondary,case_study_flag,case_study_confidence,retrieval_reason
US12404530,patent,Methods for Producing a Composition Containing Lipids From Recombinant Algae Having High Lipid Productivity,Methods for Producing a Composition Containing Lipids From Recombinant Algae Having High Lipid Productivity. The invention provides recombinant algal mutants that have a genetic modification to a gene or nucleic acid sequence encoding a WD40 repeat containing protein or domain. The genetic modification of one or more nucleic acid sequences encoding a WD40 repeat containing protein or domain results in a mutant organism with increased lipid productivity and/or higher biomass productivity (as measured by total organic carbon). The genetic modification can be a gene attenuation or functional deletion. The lipid products of these mutants can be utilized as biofuels or for other specialty chemical products. Methods of making and using the recombinant algal mutants and methods of producing lipids are also disclosed.,2025,La Jolla,US,32.8458529,-117.2575702,"[""La Jolla, CA""]","[[32.8458529, -117.2575702]]",,,True,0.0714,core_keyword
US12385022,patent,RECOMBINANT ALGAE HAVING HIGH LIPID PRODUCTIVITY,"RECOMBINANT ALGAE HAVING HIGH LIPID PRODUCTIVITY. The invention involves the provision of recombinant algal mutants that have a genetic modification to a nucleic acid sequence encoding a trehalose biosynthetic enzyme, and/or a genetic modification to a nucleic acid encoding an RNA binding domain And in some embodiments either of these algal mutants can further have a genetic mutation to a nucleic acid sequence encoding an SGI1 polypeptide. Attenuation of one, two, or all three of these genes results in a mutant organism with increased lipid productivity. It was also discovered that one, two, three, or more genetic mutations can be accumulated or &#x201c;stacked&#x201d; in a particular mutant cell or organism to result in further increases in the production of lipid products. The lipid products of these mutants are useful as biofuels or for other specialty chemical products.",2025,San Diego,US,32.7174202,-117.162772,"[""San Diego, CA""]","[[32.7174202, -117.162772]]",,,True,0.0714,core_keyword
US12378547,patent,SYNTHETIC GENOME,"SYNTHETIC GENOME. The current invention provides a synthetic prokaryotic genome comprising 5 or fewer occurrences of one or more sense codons; and/or a synthetic prokaryotic genome derived from a parent genome, wherein the synthetic prokaryotic genome comprises less than 10%, 5%, 2%, 1%, 0.5%, 0.1% of the occurrences of one or more sense codons, relative to the parent genome; and/or a synthetic prokaryotic genome comprising 100 or more, 200 or more, or 1000 or more genes with no occurrences of one or more sense codons.",2025,Swindon,GB,51.5615327,-1.7854322,"[""Swindon""]","[[51.5615327, -1.7854322]]",,,False,0.0,core_keyword
US12589396,patent,DIGITAL TO BIOLOGICAL CONVERTER,"DIGITAL TO BIOLOGICAL CONVERTER. The present invention provides a system for receiving biological sequence information and activating the synthesis of a biological entity. The system has a receiving unit for receiving a signal encoding biological sequence information transmitted from a transmitting unit. The transmitting unit can be present at a remote location from the receiving unit. The system also has an assembly unit connected to the receiving unit, and the assembly unit assembles the biological entity according to the biological sequence information. Thus, according to the present invention biological sequence information can be digitally transmitted to a remote location and the information converted into a biological entity, for example a protein useful as a vaccine, immediately upon being received by the receiving unit and without further human intervention after preparing the system for receipt of the information. The invention is useful, for example, for rapidly responding to viral and other biological threats that are specific to a particular locale.",2026,La Jolla,US,32.8458529,-117.2575702,"[""La Jolla, CA"", ""Carlsbad, CA"", ""San Marcos, CA""]","[[32.8458529, -117.2575702], [33.1580933, -117.3505966], [33.1352995, -117.1743395]]",,,False,0.0,core_keyword
US12410433,patent,BUILDING DESIGNER RNA NANO-STRUCTURES FOR SYNTHETIC BIOLOGY APPLICATIONS,"BUILDING DESIGNER RNA NANO-STRUCTURES FOR SYNTHETIC BIOLOGY APPLICATIONS. Embodiments of the disclosure include compositions and methods for generating RNA nanostructures, particularly in a cell. In particular embodiments, RNA subunits comprising at least one three-way junction and at least one kissing loop are configured such that multiple RNA subunits can polymerize into a specific structure. In particular embodiments, the RNA subunits are configured such that sequence of at least one kissing loop is complementary to sequence of another kissing loop, such as on another RNA subunit, and the summation of multiple RNA subunits having specific individual structures results in a combined polymerized structure of a defined shape. In specific embodiments, an RNA nanostructure generated from methods herein is utilized for an application, such as manufacturing or genetic modifications in a cell.",2025,Pearland,US,29.5639758,-95.2864299,"[""Pearland, TX""]","[[29.5639758, -95.2864299]]",,,False,0.0,core_keyword
US12553072,patent,"D-xylulose 4-epimerase, mutants and uses thereof","D-xylulose 4-epimerase, mutants and uses thereof. The present disclosure relates to D-xylulose 4-epimerase, mutants thereof, and uses thereof. Specifically, the present disclosure relates to a polypeptide having D-xylulose 4-epimerase activity, a method for preparing said polypeptide, and use of said polypeptide in the preparation of L-pentose using D-xylose or D-xylulose as a raw material. Compared with the traditional preparation method in the prior art, the new method for preparing L-pentose discovered in the present disclosure has simpler production process and reduces the cost of producing L-pentose.",2026,Tianjin,CN,39.3032619,117.4163641,"[""Tianjin""]","[[39.3032619, 117.4163641]]",,,False,0.0,core_keyword
US12460229,patent,RECOMBINANT ARTERIVIRUS REPLICON SYSTEMS AND USES THEREOF,"RECOMBINANT ARTERIVIRUS REPLICON SYSTEMS AND USES THEREOF. The present disclosure generally relates to viral-based expression systems suitable for the production of molecule of interests in recombinant host cells. The disclosure particularly relates to nucleic acid constructs, such as expression vectors, containing a modified arterivirus genome or replicon RNA in which at least some of its original viral sequence has been deleted. Also included in the disclosure are viral-based expression vectors including one or more expression cassettes encoding heterologous polypeptides. In some embodiments, the expression cassettes are configured and positioned at defined locations on the viral genome so as to enable expression of the heterologous polypeptides in a tunable manner.",2025,Olathe,US,38.8838856,-94.81887,"[""Olathe, KS"", ""San Diego, CA"", ""La Jolla, CA""]","[[38.8838856, -94.81887], [32.7174202, -117.162772], [32.8458529, -117.2575702]]",,,False,0.0,core_keyword
US12331326,patent,GENETICALLY ENGINEERED VIBRIO SP. AND USES THEREOF,"GENETICALLY ENGINEERED VIBRIO SP. AND USES THEREOF. The present disclosure relates to the seminal discovery of a generation and use of genetically engineered Vibrio sp. Provided is the use of the genetically engineered bacteria for the construction, maintenance, manipulation, and/or propagation of DNA constructs; protein expression; protein secretion; vectors and other metabolic tools; metabolic engineering; expression of cellular extracts for cell-free biology; shuttle vectors; cloning vectors; and for synthetic biology applications. The disclosure also relates to the use of the replication machinery of Vibrio sp. as a cloning or expression vector for replication of recombinant DNA constructs. The disclosure also relates to methods of use of the above.",2025,San Diego,US,32.7174202,-117.162772,"[""San Diego, CA"", ""Carlsbad, CA""]","[[32.7174202, -117.162772], [33.1580933, -117.3505966]]",,,False,0.0,core_keyword
US12371724,patent,METHODS FOR IN VITRO JOINING AND COMBINATORIAL ASSEMBLY OF NUCLEIC ACID MOLECULES,"METHODS FOR IN VITRO JOINING AND COMBINATORIAL ASSEMBLY OF NUCLEIC ACID MOLECULES. The present invention relates to methods of joining two or more double-stranded (ds) or single-stranded (ss) DNA molecules of interest in vitro, wherein the distal region of the first DNA molecule and the proximal region of the second DNA molecule of each pair share a region of sequence identity. The method allows the joining of a large number of DNA fragments, in a predetermined order and orientation, without the use of restriction enzymes. It can be used, e.g., to join synthetically produced sub-fragments of a gene or genome of interest. Kits for performing the method are also disclosed. The methods of joining DNA molecules may be used to generate combinatorial libraries useful to generate, for example, optimal protein expression through codon optimization, gene optimization, and pathway optimization.",2025,Crofton,US,39.0159547,-76.6842057,"[""Crofton, MD"", ""San Diego, CA"", ""La Jolla, CA"", ""Gaithersburg, MD""]","[[39.0159547, -76.6842057], [32.7174202, -117.162772], [32.8458529, -117.2575702], [39.1399187, -77.1929215]]",,,False,0.0,core_keyword
US12618078,patent,CHLOROPHYTE ALGAE HAVING IMPROVED PRODUCTIVITY,CHLOROPHYTE ALGAE HAVING IMPROVED PRODUCTIVITY. The invention involves mutant or recombinant Chlorophyte algal organisms that have a genetic modification in a gene encoding a chloroplastic signal recognition particle 43 (cpSRP43). In one embodiment the Chlorophyte organisms are Trebouxiophyte algae that are diploid or polyploid for a gene encoding a chloroplastic signal recognition particle 43 (cpSRP43). The mutant organisms can have a genetic modification in one allele of the gene but not in another allele of the gene. The mutant or algal organisms have higher biomass and lipid productivity. Additional mutant or algal organisms are disclosed that also have a genetic modification to one or more genes encoding a light harvesting chlorophyll a/b (binding) protein.,2026,La Jolla,US,32.8458529,-117.2575702,"[""La Jolla, CA""]","[[32.8458529, -117.2575702]]",,,False,0.0,core_keyword
US12441839,patent,"Method for producing high temperature-resistant polyamide, high temperature-resistant polyamide and use thereof","Method for producing high temperature-resistant polyamide, high temperature-resistant polyamide and use thereof. The present invention provides a process for producing a high temperature resistant polyamide, the high temperature resistant polyamide and the use thereof. The process comprises: optionally concentrating a polyamide salt solution, and then conducting the following operations: heating and pressurizing to a pressure of P1, and maintaining the pressure, wherein the temperature of the system is T1 at the end of the pressure-maintenance; depressurizing to a pressure of P2, wherein the temperature of the system is T2 at the end of the depressurization; and evacuating, whereby a polyamide melt is obtained; wherein P1 is 0.8-4 MPa, T1 is 250-290&#xb0; C., T1&#x3c;T2 and (T2&#x2212;T1)/(P1&#x2212;P2)=5-75. The process for producing a high temperature resistant polyamide according to the present invention is simple to operate and reduces energy consumption. The obtained high temperature resistant polyamide may be used as a raw material for such injection molded parts, molded articles, or fibers as high temperature resistant attachments for machines, automobiles, household appliances, toys, textiles, sporting goods, mobile phones, computers, laptops, GPS devices, or optical devices.",2025,Shanghai,CN,31.2312707,121.4700152,"[""Shanghai""]","[[31.2312707, 121.4700152]]",,,False,0.0,core_keyword
US12011486,patent,"MOMP TELONANOPARTICLES, AND RELATED COMPOSITIONS, METHODS AND SYSTEMS","MOMP TELONANOPARTICLES, AND RELATED COMPOSITIONS, METHODS AND SYSTEMS. A telodendrimer-nanolipoprotein particle (t-NLP), comprising one or more membrane forming lipids, one or more telodendrimers, and a scaffold protein and a Chlamydia major outer membrane protein (MOMP) comprising a MOMP hydrophobic region, and related compositions methods and systems.",2024,OAKLAND,US,37.8044557,-122.271356,"[""OAKLAND, CA"", ""Livermore, CA"", ""LIVERMORE, CA"", ""SAN LEANDRO, CA"", ""Coronado, CA""]","[[37.8044557, -122.271356], [37.6820583, -121.768053], [37.6820583, -121.768053], [37.7249296, -122.1560768], [32.6915199, -117.1766947]]",,,False,0.0,core_keyword
US12385035,patent,SYNTHETIC GENOME,"SYNTHETIC GENOME. The current invention provides a synthetic prokaryotic genome comprising 5 or fewer occurrences of one or more sense codons; and/or a synthetic prokaryotic genome derived from a parent genome, wherein the synthetic prokaryotic genome comprises less than 10%, 5%, 2%, 1%, 0.5%, 0.1% of the occurrences of one or more sense codons, relative to the parent genome; and/or a synthetic prokaryotic genome comprising 100 or more, 200 or more, or 1000 or more genes with no occurrences of one or more sense codons.",2025,Swindon,GB,51.5615327,-1.7854322,"[""Swindon""]","[[51.5615327, -1.7854322]]",,,False,0.0,core_keyword
US11976315,patent,RECOMBINANT ALGAE HAVING HIGH LIPID PRODUCTIVITY,RECOMBINANT ALGAE HAVING HIGH LIPID PRODUCTIVITY. The invention provides recombinant algal mutants that have a genetic modification to a gene or nucleic acid sequence encoding a WD40 repeat containing protein or domain. The genetic modification of one or more nucleic acid sequences encoding a WD40 repeat containing protein or domain results in a mutant organism with increased lipid productivity and/or higher biomass productivity (as measured by total organic carbon). The genetic modification can be a gene attenuation or functional deletion. The lipid products of these mutants can be utilized as biofuels or for other specialty chemical products. Methods of making and using the recombinant algal mutants and methods of producing lipids are also disclosed.,2024,La Jolla,US,32.8458529,-117.2575702,"[""La Jolla, CA"", ""San Diego, CA""]","[[32.8458529, -117.2575702], [32.7174202, -117.162772]]",,,True,0.0714,core_keyword
US12077747,patent,RECOMBINANT ALGAE HAVING HIGH LIPID PRODUCTIVITY,"RECOMBINANT ALGAE HAVING HIGH LIPID PRODUCTIVITY. The invention provides recombinant algal organisms that have a genetic modification to a gene or nucleic acid sequence encoding an RNA binding domain. In some embodiments the genetic modification can be a functional deletion or attenuation of the gene. The genetic modification results in a mutant organism with increased lipid productivity and/or higher biomass productivity. The lipid products of these mutants can be utilized as biofuels or to manufacture other specialty products. The recombinant mutants can also, optionally, have a genetic modification to a gene encoding an SGI1 polypeptide. Methods of making and using the recombinant algal mutants and methods of producing lipids are also disclosed.",2024,La Jolla,US,32.8458529,-117.2575702,"[""La Jolla, CA"", ""San Diego, CA""]","[[32.8458529, -117.2575702], [32.7174202, -117.162772]]",,,True,0.0714,core_keyword
US12168772,patent,METHOD OF TRANSFORMING PHOTOSYNTHETIC ORGANISMS,"METHOD OF TRANSFORMING PHOTOSYNTHETIC ORGANISMS. The invention provides methods of transforming photosynthetic organisms, such as green algae. The methods involve methylating one or more DNA fragments of a DNA construct and transforming the one or more fragments into the photosynthetic organism. The DNA fragments can be the product of a DNA amplification procedure, such as PCR or a PCR-like procedure. In one embodiment the one or more fragments of DNA that comprise a DNA construct are dam methylated prior to being transformed into the photosynthetic organism.",2024,San Diego,US,32.7174202,-117.162772,"[""San Diego, CA""]","[[32.7174202, -117.162772]]",,,False,0.0,core_keyword
US11746321,patent,METHODS OF CLONING NUCLEIC ACIDS OR PRODUCING PROTEINS IN A LOW ENDOTOXIN ORGANISM,"METHODS OF CLONING NUCLEIC ACIDS OR PRODUCING PROTEINS IN A LOW ENDOTOXIN ORGANISM. The invention provides engineered Vibrio sp. organisms that comprise a genetic modification to either or both of the lpxL and/or lpxM genes. The organisms score substantially lower in an in vitro endotoxin assay versus the unmodified or wild type organism. The organisms preserve substantially the growth rate of the corresponding unmodified organisms. The organisms can also have an exogenous nucleic acid cloned in the organism, or an exogenous nucleic acid encoding a protein, polypeptide, or peptide expressed by the organism, and optionally secreted from the organism.",2023,San Diego,US,32.7174202,-117.162772,"[""San Diego, CA"", ""Carlsbad, CA"", ""La Jolla, CA""]","[[32.7174202, -117.162772], [33.1580933, -117.3505966], [32.8458529, -117.2575702]]",,,False,0.0,core_keyword
US12234450,patent,GENERATION OF SYNTHETIC GENOMES,"GENERATION OF SYNTHETIC GENOMES. Methods for generating synthetic genomes, for example synthetic genomes having desired properties or viable genomes of reduced size, are disclosed. Also disclosed are synthetic genomes produced by the methods disclosed herein and synthetic cells containing the synthetic genomes disclosed herein.",2025,La Jolla,US,32.8458529,-117.2575702,"[""La Jolla, CA"", ""Rockville, MD"", ""Gaithersburg, MD"", ""London"", ""San Diego, CA"", ""Encinitas, CA"", ""Carlsbad, CA""]","[[32.8458529, -117.2575702], [39.0817985, -77.1516844], [39.1399187, -77.1929215], [42.9836747, -81.2496068], [32.7174202, -117.162772], [33.0369867, -117.2919818], [33.1580933, -117.3505966]]",,,False,0.0,core_keyword
US11787843,patent,HIGH PRODUCTIVITY ALGAL MUTANTS HAVING REDUCED PHOTOSYNTHETIC ANTENNA,"HIGH PRODUCTIVITY ALGAL MUTANTS HAVING REDUCED PHOTOSYNTHETIC ANTENNA. Disclosed herein are mutant photosynthetic microorganisms having an attenuated SGI1 gene. The mutants have reduced chlorophyll and increased productivity with respect to wild type cells. Also disclosed are methods of using such mutants for producing biomass or bioproducts, and methods of screening for such mutants.",2023,San Diego,US,32.7174202,-117.162772,"[""San Diego, CA"", ""Poway, CA""]","[[32.7174202, -117.162772], [32.9628234, -117.035864]]",,,False,0.0,core_keyword
US11434493,patent,REGULATORY SEQUENCES FOR EXPRESSION OF TRANSGENES,"REGULATORY SEQUENCES FOR EXPRESSION OF TRANSGENES. The invention provides important tools for the use of Chlorophyte organisms, including regulatory sequences useful for the expression of transgenes in such organisms. Also provided are vectors and expression cassettes containing promoters and/or terminators disclosed herein for expression of transgenes in Chlorophyte organisms. Methods of using these tools are also provided.",2022,San Diego,US,32.7174202,-117.162772,"[""San Diego, CA""]","[[32.7174202, -117.162772]]",,,False,0.0,core_keyword
US11859218,patent,RECOMBINANT ALGAE HAVING HIGH LIPID PRODUCTIVITY,"RECOMBINANT ALGAE HAVING HIGH LIPID PRODUCTIVITY. The invention involves the provision of recombinant algal mutants that have a genetic modification to a nucleic acid sequence encoding a trehalose biosynthetic enzyme, and/or a genetic modification to a nucleic acid encoding an RNA binding domain. And in some embodiments either of these algal mutants can further have a genetic mutation to a nucleic acid sequence encoding an SGI1 polypeptide. Attenuation of one, two, or all three of these genes results in a mutant organism with increased lipid productivity. It was also discovered that one, two, three, or more genetic mutations can be accumulated or &#x201c;stacked&#x201d; in a particular mutant cell or organism to result in further increases in the production of lipid products. The lipid products of these mutants are useful as biofuels or for other specialty chemical products.",2024,San Diego,US,32.7174202,-117.162772,"[""San Diego, CA"", ""La Jolla, CA""]","[[32.7174202, -117.162772], [32.8458529, -117.2575702]]",,,True,0.0714,core_keyword
US11913032,patent,COMPOSITIONS OF AND METHODS FOR IN VITRO VIRAL GENOME ENGINEERING,"COMPOSITIONS OF AND METHODS FOR IN VITRO VIRAL GENOME ENGINEERING. The present disclosure relates to a method of in vitro engineering of nucleic acids. This disclosure further relates to in vitro engineering of viral genomes and to the improvement of viral properties by in vitro genomic engineering of viral genomes. Specifically, the disclosure relates to in vitro viral genomic digestion using RNA-guided Cas9, the assembly of a recombinant genome by the insertion of a DNA or RNA fragment into the digested viral genome and transformation of a host cell with the recombinant genome. This method also related to in vitro engineering for error correction of nucleic acids.",2024,San Diego,US,32.7174202,-117.162772,"[""San Diego, CA""]","[[32.7174202, -117.162772]]",,,False,0.0,core_keyword
US11332764,patent,MICROORGANISMS HAVING INCREASED LIPID PRODUCTIVITY,MICROORGANISMS HAVING INCREASED LIPID PRODUCTIVITY. The present invention provides mutant microorganism that have higher lipid productivity than the wild type microorganisms from which they are derived while biomass at levels that are within approximately 50% of wild type biomass productivities under nitrogen replete conditions. Particular mutants produce at least twice as much FAME lipid as wild type while producing at least 75% of the biomass produced by wild type cells under nitrogen replete conditions. Also provided are methods of producing lipid using the mutant strains.,2022,San Diego,US,32.7174202,-117.162772,"[""San Diego, CA""]","[[32.7174202, -117.162772]]",,,False,0.0,core_keyword
US12043836,patent,RNA-Guided Endonuclease Expressing Algal Strain for High Efficiency In Vivo Genome Editing,"RNA-Guided Endonuclease Expressing Algal Strain for High Efficiency In Vivo Genome Editing. The present invention provides cell lines for high efficiency genome editing using cas/CRISPR systems, methods of generating such cells lines and methods of generating mutations in the genome of an organism using such cell lines.",2024,San Diego,US,32.7174202,-117.162772,"[""San Diego, CA""]","[[32.7174202, -117.162772]]",,,False,0.0,core_keyword
US11186616,patent,Increased production of ginsenosides through yeast cell organelle improvement,"Increased production of ginsenosides through yeast cell organelle improvement. Provided are a recombinant yeast having improved ability to produce ginsenoside, which is prepared by overexpressing INO2 and INO4 or deleting OPT1 in a yeast having ability to produce ginsenoside, a method of preparing the yeast, and a method of producing ginsenoside by using the yeast.",2021,Gyeonggi-do,KR,37.2884675,127.0535231,"[""Gyeonggi-do"", ""Busan"", ""Daejeon"", ""Ulsan""]","[[37.2884675, 127.0535231], [35.1799528, 129.0752365], [36.3497007, 127.3849016], [35.5391697, 129.3119136]]",,,False,0.0,core_keyword
US11884916,patent,MATERIALS AND METHODS FOR THE SYNTHESIS OF ERROR-MINIMIZED NUCLEIC ACID MOLECULES,"MATERIALS AND METHODS FOR THE SYNTHESIS OF ERROR-MINIMIZED NUCLEIC ACID MOLECULES. The present invention provides materials and methods useful for error correction of nucleic acid molecules. In one embodiment of the invention, a first plurality of double-stranded nucleic acid molecules having a nucleotide mismatch are fragmented by exposure to a molecule having unidirectional mismatch endonuclease activity. The nucleic acid molecules are cut at the mismatch site or near the mismatch site, leaving a double-stranded nucleic acid molecule having a mismatch at the end or near end of the molecule. The nucleic acid molecule is then exposed to a molecule having unidirectional exonuclease activity to remove the mismatched nucleotide. The missing nucleotides can then be filled in by the action of, e.g., a molecule having DNA polymerase activity. The result is double-stranded nucleic acid molecules with a decreased frequency of nucleotide mismatches. Also provided are novel nucleic acid sequences encoding mismatch endonucleases, polypeptides encoded thereby, as well as nucleic acid constructs, transgenic cells, and various compositions thereof.",2024,Carlsbad,US,33.1580933,-117.3505966,"[""Carlsbad, CA"", ""Rancho Santa Fe, CA"", ""San Diego, CA""]","[[33.1580933, -117.3505966], [33.0242314, -117.1979781], [32.7174202, -117.162772]]",,,False,0.0,core_keyword
US11873497,patent,REGULATORY ELEMENTS FROM LABYRINTHULOMYCETES MICROORGANISMS,"REGULATORY ELEMENTS FROM LABYRINTHULOMYCETES MICROORGANISMS. The present disclosure generally relates to novel polynucleotide molecules for use in regulating gene expression in recombinant cells, such as labyrinthulomycetes cells. The disclosure further relates to nucleic acid constructs, such as vectors and expression cassettes, containing a regulatory element operably linked to a heterologous nucleotide sequence. The disclosure further relates to methods for stably transforming a host cell, such as a labyrinthulomycetes cell with transgenes. Stably transformed recombinant cells, progeny, biomaterials derived therefrom, and methods for preparing and using the same are also provided.",2024,Rancho Santa Fe,US,33.0242314,-117.1979781,"[""Rancho Santa Fe, CA"", ""San Diego, CA"", ""Irvine, CA""]","[[33.0242314, -117.1979781], [32.7174202, -117.162772], [33.6856969, -117.825981]]",,,False,0.0,core_keyword
US11542529,patent,IN VITRO RECOMBINATION METHOD,"IN VITRO RECOMBINATION METHOD. The present invention relates, e.g., to in vitro method, using isolated protein reagents, for joining two double stranded (ds) DNA molecules of interest, wherein the distal region of the first DNA molecule and the proximal region of the second DNA molecule share a region of sequence identity, comprising contacting the two DNA molecules in a reaction mixture with (a) a non-processive 5&#x2032; exonuclease; (b) a single stranded DNA binding protein (SSB) which accelerates nucleic acid annealing; (c) a non strand-displacing DNA polymerase; and (d) a ligase, under conditions effective to join the two DNA molecules to form an intact double stranded DNA molecule, in which a single copy of the region of sequence identity is retained. The method allows the joining of a number of DNA fragments, in a predetermined order and orientation, without the use of restriction enzymes.",2023,Gaithersburg,US,39.1399187,-77.1929215,"[""Gaithersburg, MD"", ""San Diego, CA"", ""Carlsbad, CA""]","[[39.1399187, -77.1929215], [32.7174202, -117.162772], [33.1580933, -117.3505966]]",,,False,0.0,core_keyword
US11810646,patent,SYNTHETIC BIOLOGY TOOLS,SYNTHETIC BIOLOGY TOOLS. Methods for design of genetic circuits are provided.,2023,San Francisco,US,37.7879363,-122.4075201,"[""San Francisco, CA"", ""El Sobrante, CA""]","[[37.7879363, -122.4075201], [37.9744635, -122.3057294]]",,,False,0.0,core_keyword
US11365388,patent,NOVEL MICROORGANISM HAVING MINIMAL GENOME AND METHOD OF PRODUCING THE SAME,"NOVEL MICROORGANISM HAVING MINIMAL GENOME AND METHOD OF PRODUCING THE SAME. Provided is a method of producing a novel microorganism having a minimal genome. In particular, provided are a method of producing a novel microorganism having a smaller genome size than a wild-type, the method including the step of culturing the microorganism in a medium containing LB broth with stepwise decreasing concentrations of the LB broth; and a novel microorganism having a smaller genome size than a wild-type, produced by the above method. Despite the small genome size, the novel microorganism of the present disclosure may have a high growth rate, pyruvate production capacity, and protein translation efficiency thereby being usefully applied to industry such as production of recombinant proteins or pyruvate.",2022,Daejeon,KR,36.3497007,127.3849016,"[""Daejeon""]","[[36.3497007, 127.3849016]]",,,False,0.0,core_keyword
US11162106,patent,INDUCIBLE EXPRESSION OF GENES IN ALGAE,"INDUCIBLE EXPRESSION OF GENES IN ALGAE. The present application provides novel algal regulatory elements including inducible nitrate/nitrite promoter sequences and terminator sequences. The application further discloses DNA constructs comprising these novel regulatory elements, and recombinant microorganisms comprising these regulatory elements. Methods of modifying, producing, and using the regulatory elements are also disclosed. Methods disclosed in the present application are suited for inducible expressions of genes, such as a transgene or a native gene in algal species.",2021,San Diego,US,32.7174202,-117.162772,"[""San Diego, CA"", ""La Jolla, CA""]","[[32.7174202, -117.162772], [32.8458529, -117.2575702]]",,,False,0.0,core_keyword
US11578311,patent,AVOIDING EPIGENETIC SILENCING OF EXOGENOUS NUCLEIC ACID IN ALGAE,AVOIDING EPIGENETIC SILENCING OF EXOGENOUS NUCLEIC ACID IN ALGAE. The present application relates to the identification of novel DNA methyltransferases including CHG methylation in algal species. The present application relates to algal mutants permitting the expression of exogenous genes by alleviating the epigenetic mechanisms of CHG and CHH methylation of exogenous DNA and mono- and tri-methylation of lysine 9 of histone 3 (H3K9). This is achieved by mutating or attenuating the methyltransferase (MTase) genes in algae. The present application also relates to methods for efficiently expressing exogenous genes in algal species.,2023,San Diego,US,32.7174202,-117.162772,"[""San Diego, CA"", ""La Jolla, CA""]","[[32.7174202, -117.162772], [32.8458529, -117.2575702]]",,,False,0.0,core_keyword
US11555205,patent,RECOMBINANT ARTERIVIRUS REPLICON SYSTEMS AND USES THEREOF,"RECOMBINANT ARTERIVIRUS REPLICON SYSTEMS AND USES THEREOF. The present disclosure generally relates to viral-based expression systems suitable for the production of molecule of interests in recombinant host cells. The disclosure particularly relates to nucleic acid constructs, such as expression vectors, containing a modified arterivirus genome or replicon RNA in which at least some of its original viral sequence has been deleted. Also included in the disclosure are viral-based expression vectors including one or more expression cassettes encoding heterologous polypeptides. In some embodiments, the expression cassettes are configured and positioned at defined locations on the viral genome so as to enable expression of the heterologous polypeptides in a tunable manner.",2023,Olathe,US,38.8838856,-94.81887,"[""Olathe, KS"", ""San Diego, CA"", ""La Jolla, CA""]","[[38.8838856, -94.81887], [32.7174202, -117.162772], [32.8458529, -117.2575702]]",,,False,0.0,core_keyword
US11667693,patent,Novel Synthetic Biology-Based ADCC Technology,"Novel Synthetic Biology-Based ADCC Technology. A novel synthetic biology-based ADCC technology is provided that enhances or enables ADCC response. The novel ADCC technology can be used to prevent or treat cancers, infectious, inflammatory or autoimmune diseases, and other diseases where elimination of diseased cells is desirable.",2023,Cambridge,US,42.3656347,-71.1040018,"[""Cambridge, MA"", ""Newton, MA""]","[[42.3656347, -71.1040018], [42.3300435, -71.194862]]",,,False,0.0,core_keyword
US12203078,patent,INDUCIBLE PROMOTER FOR GENE EXPRESSION AND SYNTHETIC BIOLOGY,"INDUCIBLE PROMOTER FOR GENE EXPRESSION AND SYNTHETIC BIOLOGY. The invention is related to an inducible promoter for improved and regulated gene expression, useful in synthetic biology and metabolic engineering. In particular, the present invention relates to a nucleotide sequence comprising the regulatory regions of an erythritol- and erythrulose-inducible promoter in yeast and uses thereof in an expression system thus allowing an improved and regulated gene expression and production of gene product.",2025,TRAPPES,FR,48.7760957,1.9988356,"[""TRAPPES"", ""HAZEBROUCK"", ""BOIS D'ARCY"", ""LIEGE"", ""OTTIGNIES"", ""BRUXELLES""]","[[48.7760957, 1.9988356], [50.7226113, 2.5360331], [47.5475818, 3.7165618], [50.4708135, 5.7735658], [50.666357, 4.5690502], [50.8551025, 4.3510915]]",,,False,0.0,core_keyword
US11207422,patent,"MOMP TELONANOPARTICLES, AND RELATED COMPOSITIONS, METHODS AND SYSTEMS","MOMP TELONANOPARTICLES, AND RELATED COMPOSITIONS, METHODS AND SYSTEMS. A telodendrimer-nanolipoprotein particle (t-NLP), comprising one or more membrane forming lipids, one or more telodendrimers, and a scaffold protein and a Chlamydia major outer membrane protein (MOMP) comprising a MOMP hydrophobic region, and related compositions methods and systems.",2021,OAKLAND,US,37.8044557,-122.271356,"[""OAKLAND, CA"", ""LIVERMORE, CA"", ""SAN LEANDRO, CA"", ""CORONADO, CA""]","[[37.8044557, -122.271356], [37.6820583, -121.768053], [37.7249296, -122.1560768], [32.6915199, -117.1766947]]",,,False,0.0,core_keyword
US10864264,patent,INFLUENZA VIRUS REASSORTMENT,INFLUENZA VIRUS REASSORTMENT. New influenza donor strains for the production of reassortant influenza B viruses are provided.,2020,Cambridge,US,42.3656347,-71.1040018,"[""Cambridge, MA""]","[[42.3656347, -71.1040018]]",,,False,0.0,core_keyword
US11447755,patent,GENETICALLY ENGINEERED VIBRIO SP. AND USES THEREOF,"GENETICALLY ENGINEERED VIBRIO SP. AND USES THEREOF. The present disclosure relates to the seminal discovery of a generation and use of genetically engineered Vibrio sp. Provided is the use of the genetically engineered bacteria for the construction, maintenance, manipulation, and/or propagation of DNA constructs; protein expression; protein secretion; vectors and other metabolic tools; metabolic engineering; expression of cellular extracts for cell-free biology; shuttle vectors; cloning vectors; and for synthetic biology applications. The disclosure also relates to the use of the replication machinery of Vibrio sp. as a cloning or expression vector for replication of recombinant DNA constructs. The disclosure also relates to methods of use of the above.",2022,San Diego,US,32.7174202,-117.162772,"[""San Diego, CA"", ""Carlsbad, CA""]","[[32.7174202, -117.162772], [33.1580933, -117.3505966]]",,,False,0.0,core_keyword
US11046979,patent,"Recombinant Algal Microorganisms Having Increased Lipid Production, and Methods of Making and Using the Same","Recombinant Algal Microorganisms Having Increased Lipid Production, and Methods of Making and Using the Same. The present invention provides a mutant algal microorganism that has a mutation that causes attenuated expression of TrifuncB and/or TrifuncA and as a result produces more lipids than a control algal microorganism. The mutant algal microorganism can further include a mutation in a gene encoding a peroxisomal beta-oxidation pathway protein, such as an ACO1 or PXA1 gene, or a glyoxylate pathway protein, such as an ICL1 gene, that results in attenuated expression and further increased lipid production. Furthermore, provided herein are methods of producing lipids using the mutant algal microorganisms and methods of making the mutant microorganisms.",2021,SAN DIEGO,US,32.7174202,-117.162772,"[""SAN DIEGO, CA"", ""LA JOLLA, CA""]","[[32.7174202, -117.162772], [32.8458529, -117.2575702]]",,,False,0.0,core_keyword
US10683514,patent,MICROORGANISMS ENGINEERED FOR INCREASED PRODUCTIVITY,MICROORGANISMS ENGINEERED FOR INCREASED PRODUCTIVITY. The application provides recombinant microorganisms with increased productivity with respect to control or wildtype microorganisms. The recombinant microorganisms can include a non-native gene encoding a SKP1 polypeptide or a CHORD-derived polypeptide. Increased productivity can be increased biomass or lipid productivity. These recombinant microorganisms can be used to produce products of interest.,2020,San Diego,US,32.7174202,-117.162772,"[""San Diego, CA""]","[[32.7174202, -117.162772]]",,,False,0.0,core_keyword
US11597935,patent,BUILDING DESIGNER RNA NANO-STRUCTURES FOR SYNTHETIC BIOLOGY APPLICATIONS,"BUILDING DESIGNER RNA NANO-STRUCTURES FOR SYNTHETIC BIOLOGY APPLICATIONS. Embodiments of the disclosure include compositions and methods for generating RNA nanostructures, particularly in a cell. In particular embodiments, RNA subunits comprising at least one three-way junction and at least one kissing loop are configured such that multiple RNA subunits can polymerize into a specific structure. In particular embodiments, the RNA subunits are configured such that sequence of at least one kissing loop is complementary to sequence of another kissing loop, such as on another RNA subunit, and the summation of multiple RNA subunits having specific individual structures results in a combined polymerized structure of a defined shape. In specific embodiments, an RNA nanostructure generated from methods herein is utilized for an application, such as manufacturing or genetic modifications in a cell.",2023,Pearland,US,29.5639758,-95.2864299,"[""Pearland, TX""]","[[29.5639758, -95.2864299]]",,,False,0.0,core_keyword
US11408020,patent,METHODS FOR IN VITRO JOINING AND COMBINATORIAL ASSEMBLY OF NUCLEIC ACID MOLECULES,"METHODS FOR IN VITRO JOINING AND COMBINATORIAL ASSEMBLY OF NUCLEIC ACID MOLECULES. The present invention relates to methods of joining two or more double-stranded (ds) or single-stranded (ss) DNA molecules of interest in vitro, wherein the distal region of the first DNA molecule and the proximal region of the second DNA molecule of each pair share a region of sequence identity. The method allows the joining of a large number of DNA fragments, in a predetermined order and orientation, without the use of restriction enzymes. It can be used, e.g., to join synthetically produced sub-fragments of a gene or genome of interest. Kits for performing the method are also disclosed. The methods of joining DNA molecules may be used to generate combinatorial libraries useful to generate, for example, optimal protein expression through codon optimization, gene optimization, and pathway optimization.",2022,Crofton,US,39.0159547,-76.6842057,"[""Crofton, MD"", ""San Diego, CA"", ""La Jolla, CA"", ""Gaithersburg, MD""]","[[39.0159547, -76.6842057], [32.7174202, -117.162772], [32.8458529, -117.2575702], [39.1399187, -77.1929215]]",,,False,0.0,core_keyword
US10865417,patent,YEAST SYNTHETIC BIOLOGY PLATFORM FOR IDENTIFYING SHIKIMATE PATHWAY ENZYME INHIBITORS,"YEAST SYNTHETIC BIOLOGY PLATFORM FOR IDENTIFYING SHIKIMATE PATHWAY ENZYME INHIBITORS. Provided are compositions and methods for compound discovery. Modified yeast that have their endogenous yeast shikimate pathway disrupted or deleted, and replaced with homologous pathway genes from one or more distinct organisms, are provided and used in assays of test agents. The homologous pathway genes are designed to supplement the disrupted or deleted shikimate pathway genes. The assays are designed to identify whether or not the test agents can interfere with the function of enzymes in the shikimate pathway from organisms that are distinct from the yeast avatar hosts. In embodiments, the disruption/deletion of the yeast endogenous shikimate pathway results in the yeast being incapable of producing chorismic acid.",2020,New York,US,40.7127281,-74.0060152,"[""New York, NY"", ""Chapel Hill, NC"", ""Bronx, NY""]","[[40.7127281, -74.0060152], [35.9131542, -79.05578], [40.8466508, -73.8785937]]",,,False,0.0,core_keyword
US10837004,patent,COMPOSITIONS OF AND METHODS FOR IN VITRO VIRAL GENOME ENGINEERING,"COMPOSITIONS OF AND METHODS FOR IN VITRO VIRAL GENOME ENGINEERING. The present disclosure relates to a method of in vitro engineering of nucleic acids. This disclosure further relates to in vitro engineering of viral genomes and to the improvement of viral properties by in vitro genomic engineering of viral genomes. Specifically, the disclosure relates to in vitro viral genomic digestion using RNA-guided Cas9, the assembly of a recombinant genome by the insertion of a DNA or RNA fragment into the digested viral genome and transformation of a host cell with the recombinant genome. This method also related to in vitro engineering for error correction of nucleic acids.",2020,San Diego,US,32.7174202,-117.162772,"[""San Diego, CA""]","[[32.7174202, -117.162772]]",,,False,0.0,core_keyword
US10563232,patent,MICROORGANISMS HAVING INCREASED LIPID PRODUCTIVITY,MICROORGANISMS HAVING INCREASED LIPID PRODUCTIVITY. The present invention provides mutant microorganism that have higher lipid productivity than the wild type microorganisms from which they are derived while biomass at levels that are within approximately 50% of wild type biomass productivities under nitrogen replete conditions. Particular mutants produce at least twice as much FAME lipid as wild type while producing at least 75% of the biomass produced by wild type cells under nitrogen replete conditions. Also provided are methods of producing lipid using the mutant strains.,2020,San Diego,US,32.7174202,-117.162772,"[""San Diego, CA""]","[[32.7174202, -117.162772]]",,,False,0.0,core_keyword
US11083786,patent,INDUCE AND ENHANCE IMMUNE RESPONSES USING RECOMBINANT REPLICON SYSTEMS,"INDUCE AND ENHANCE IMMUNE RESPONSES USING RECOMBINANT REPLICON SYSTEMS. The present disclosure generally relates to the use of different self-amplifying RNA molecules to enhance immune responses, for example immune responses following prophylactic vaccination or therapeutic administration. Some embodiments relate to compositions and methods for inducing an immune response in a subject using prime-boost immunization regimens.",2021,San Diego,US,32.7174202,-117.162772,"[""San Diego, CA"", ""La Jolla, CA""]","[[32.7174202, -117.162772], [32.8458529, -117.2575702]]",,,False,0.0,core_keyword
US10711253,patent,COMPOSITIONS OF AND METHODS FOR IN VITRO VIRAL GENOME ENGINEERING,"COMPOSITIONS OF AND METHODS FOR IN VITRO VIRAL GENOME ENGINEERING. The present disclosure relates to a method of in vitro engineering of nucleic acids. This disclosure further relates to in vitro engineering of viral genomes and to the improvement of viral properties by in vitro genomic engineering of viral genomes. Specifically, the disclosure relates to in vitro viral genomic digestion using RNA-guided Cas9, the assembly of a recombinant genome by the insertion of a DNA or RNA fragment into the digested viral genome and transformation of a host cell with the recombinant genome. This method also related to in vitro engineering for error correction of nucleic acids.",2020,San Diego,US,32.7174202,-117.162772,"[""San Diego, CA""]","[[32.7174202, -117.162772]]",,,False,0.0,core_keyword
US11193132,patent,GENETIC MODULATION OF PHOTOSYNTHETIC ORGANISMS FOR IMPROVED GROWTH,"GENETIC MODULATION OF PHOTOSYNTHETIC ORGANISMS FOR IMPROVED GROWTH. Mutant photosynthetic organisms having reduced chlorophyll and increased photosynthetic efficiency are provided. The mutant strains have mutated or attenuated: chloroplastic SRP54 gene and SGI1 gene; chloroplastic SRP54 gene and SGI2 gene; chloroplastic SRP54 gene, SGI1, and SGI2 genes are disclosed. The mutant photosynthetic organisms exhibit increased productivity with respect to wild-type strains. Also provided are mutant photosynthetic organisms having mutated or attenuated cytosolic SRP54 genes. Provided herein are methods of producing biomass and other products such as lipids using strains having mutations in an SRP54 gene, SGI1, SGI2 genes, a combination of SGI1/SRP54, and a combination of SGI2 and SRP54 genes. Also included are constructs and methods for attenuating or disrupting SRP54, SGI1, and SGI2 genes.",2021,La Jolla,US,32.8458529,-117.2575702,"[""La Jolla, CA"", ""San Diego, CA""]","[[32.8458529, -117.2575702], [32.7174202, -117.162772]]",,,False,0.0,core_keyword
US11124798,patent,ALGAL LIPID PRODUCTIVITY VIA GENETIC MODIFICATION OF A TPR DOMAIN CONTAINING PROTEIN,"ALGAL LIPID PRODUCTIVITY VIA GENETIC MODIFICATION OF A TPR DOMAIN CONTAINING PROTEIN. The present invention provides mutant microorganisms having attenuated expression of a gene encoding a polypeptide that includes a TPR domain, wherein the mutant microorganisms have higher lipid productivity and/or exhibit increased partitioning of carbon to lipid as compared to wild type microorganisms from which they are derived. Also provided are methods of producing lipids using the mutant microorganisms, guide RNAs, and nucleic acid constructs used for producing mutant microorganisms.",2021,San Diego,US,32.7174202,-117.162772,"[""San Diego, CA"", ""La Jolla, CA""]","[[32.7174202, -117.162772], [32.8458529, -117.2575702]]",,,False,0.0,core_keyword
US11098328,patent,ALGAL LIPID PRODUCTIVITY VIA GENETIC MODIFICATION OF A SIGNALING PROTEIN,"ALGAL LIPID PRODUCTIVITY VIA GENETIC MODIFICATION OF A SIGNALING PROTEIN. The present invention provides mutant microorganisms having attenuated expression of a gene encoding a polypeptide that includes a GAF domain wherein the mutant microorganisms have higher lipid productivity and/or exhibit increased partitioning of carbon to lipid as compared to wild-type microorganisms from which they are derived. Also provided are methods of producing lipids using the mutant microorganisms, guide RNAs, and nucleic acid constructs used for producing mutant microorganisms.",2021,La Jolla,US,32.8458529,-117.2575702,"[""La Jolla, CA""]","[[32.8458529, -117.2575702]]",,,False,0.0,core_keyword
US10363262,patent,COMPOSITION FOR TREATING WOUND COMPRISING GYPENOSIDE LXXV,COMPOSITION FOR TREATING WOUND COMPRISING GYPENOSIDE LXXV. The present invention relates to a composition for wound healing or skin regeneration comprising gypenoside 75 (gypenoside LXXV) as an active ingredient.,2019,Daejeon,KR,36.3497007,127.3849016,"[""Daejeon"", ""Incheon"", ""Gyeonggi-do""]","[[36.3497007, 127.3849016], [37.456, 126.7052], [37.2884675, 127.0535231]]",,,False,0.0,core_keyword
US10968496,patent,Recombinant Vibrio natriegens Organisms Having a Modified Outer Membrane,"Recombinant Vibrio natriegens Organisms Having a Modified Outer Membrane. The invention provides engineered Vibrio sp. organisms that comprise a genetic modification to either or both of the lpxL and/or lpxM genes. The organisms score substantially lower in an in vitro endotoxin assay versus the unmodified or wild type organism. The organisms preserve substantially the growth rate of the corresponding unmodified organisms. The organisms can also have an exogenous nucleic acid cloned in the organism, or an exogenous nucleic acid encoding a protein, polypeptide, or peptide expressed by the organism, and optionally secreted from the organism.",2021,San Diego,US,32.7174202,-117.162772,"[""San Diego, CA"", ""Carlsbad, CA"", ""La Jolla, CA""]","[[32.7174202, -117.162772], [33.1580933, -117.3505966], [32.8458529, -117.2575702]]",,,False,0.0,core_keyword
US11046990,patent,INCREASED PRODUCTION OF GINSENOSIDES THROUGH IMPROVEMENT OF PROTEIN-FOLDING MACHINERY OF YEAST,"INCREASED PRODUCTION OF GINSENOSIDES THROUGH IMPROVEMENT OF PROTEIN-FOLDING MACHINERY OF YEAST. The present invention relates to recombinant yeast, in which the productivity of ginsenoside is enhanced by overexpressing CPR5, PDI1, or ERO1 in yeast having the productivity of ginsenosides; a method for preparing the yeast; and a method for producing ginsenosides using the yeast.",2021,Daejeon,KR,36.3497007,127.3849016,"[""Daejeon"", ""Gyeonggi-do"", ""Busan"", ""Ulsan""]","[[36.3497007, 127.3849016], [37.2884675, 127.0535231], [35.1799528, 129.0752365], [35.5391697, 129.3119136]]",,,False,0.0,core_keyword
US12083223,patent,NANOLIPOPROTEIN PARTICLES AND RELATED COMPOSITIONS METHODS AND SYSTEMS FOR LOADING RNA,"NANOLIPOPROTEIN PARTICLES AND RELATED COMPOSITIONS METHODS AND SYSTEMS FOR LOADING RNA. Nanolipoprotein particles comprising at least a scaffold protein component and a membrane lipid component and related complexes, compositions, methods and systems are described, in which the membrane lipid component comprises at least one or more membrane forming lipids and one or more cationic lipids.",2024,La Jolla,US,32.8458529,-117.2575702,"[""La Jolla, CA"", ""San Diego, CA"", ""Redwood City, CA"", ""Livermore, CA"", ""Oakland, CA"", ""Davis, CA"", ""San Leandro, CA""]","[[32.8458529, -117.2575702], [32.7174202, -117.162772], [37.4863239, -122.232523], [37.6820583, -121.768053], [37.8044557, -122.271356], [38.5435526, -121.739005], [37.7249296, -122.1560768]]",,,False,0.0,core_keyword
US10633454,patent,EXPRESSION OF MODIFIED GLYCOPROTEINS AND GLYCOPEPTIDES,"EXPRESSION OF MODIFIED GLYCOPROTEINS AND GLYCOPEPTIDES. The present invention provides recombinant cells that contain a genetic modification to at least one mannosyl transferase gene. As a result of the modification the cells produce a glycoprotein or glycopeptide that has an N-linked glycan profile that is simplified or more easily humanized. The glycoprotein or glycopeptide can have at least 25% fewer high mannose structures on than the glycoprotein or glycopeptide produced by a reference cell. In some embodiments the modification is a deletion or disruption of a mannosyl transferase gene, which can be in an alg3 gene. Therefore, the proteins produced are more useful for the production of therapeutic glycoproteins than those produced by species having foreign or plant-like patterns of glycosylation. The invention also provides compositions of the glycoproteins or glycopeptides and methods of making them.",2020,Rancho Santa Fe,US,33.0242314,-117.1979781,"[""Rancho Santa Fe, CA""]","[[33.0242314, -117.1979781]]",,,False,0.0,core_keyword
US10633665,patent,REGULATORY ELEMENTS FROM LABYRINTHULOMYCETES MICROORGANISMS,"REGULATORY ELEMENTS FROM LABYRINTHULOMYCETES MICROORGANISMS. The present disclosure generally relates to novel polynucleotide molecules for use in regulating gene expression in recombinant cells, such as labyrinthulomycetes cells. The disclosure further relates to nucleic acid constructs, such as vectors and expression cassettes, containing a regulatory element operably linked to a heterologous nucleotide sequence. The disclosure further relates to methods for stably transforming a host cell, such as a labyrinthulomycetes cell with transgenes. Stably transformed recombinant cells, progeny, biomaterials derived therefrom, and methods for preparing and using the same are also provided.",2020,Rancho Santa Fe,US,33.0242314,-117.1979781,"[""Rancho Santa Fe, CA"", ""San Diego, CA"", ""Irvine, CA""]","[[33.0242314, -117.1979781], [32.7174202, -117.162772], [33.6856969, -117.825981]]",,,False,0.0,core_keyword
US11261452,patent,NANNOCHLOROPSIS SPLICED LEADER SEQUENCES AND METHODS OF USE THEREOF,"NANNOCHLOROPSIS SPLICED LEADER SEQUENCES AND METHODS OF USE THEREOF. The present invention relates to the culture and manipulation of microorganisms for biotech applications, and is based on the discovery and characterization of spliced leader sequences identified in transcripts from Nannochloropsis species. In particular, the invention provides nucleic acid compositions comprising a SL sequence operably linked to a protein-encoding gene. Further provided are compositions and methods for enhanced gene expression in recombinant microorganisms as well as methods for identification and/or isolation of nucleic acid molecules tagged with a spliced leader sequence.",2022,San Diego,US,32.7174202,-117.162772,"[""San Diego, CA""]","[[32.7174202, -117.162772]]",,,False,0.0,core_keyword
US10968259,patent,HIGH PRODUCTIVITY ALGAL MUTANTS HAVING REDUCED PHOTOSYNTHETIC ANTENNA,"HIGH PRODUCTIVITY ALGAL MUTANTS HAVING REDUCED PHOTOSYNTHETIC ANTENNA. Disclosed herein are mutant photosynthetic microorgnaisms having an attenuated SGI1 gene. The mutants have reduced chlorophyll and increased productivity with respect to wild type cells. Also disclosed are methods of using such mutants for producing biomass or bioproducts, and methods of screening for such mutants.",2021,La Jolla,US,32.8458529,-117.2575702,"[""La Jolla, CA"", ""San Diego, CA"", ""Poway, CA""]","[[32.8458529, -117.2575702], [32.7174202, -117.162772], [32.9628234, -117.035864]]",,,False,0.0,core_keyword
US11060137,patent,METHODS FOR ASSEMBLING DNA MOLECULES,"METHODS FOR ASSEMBLING DNA MOLECULES. The invention provides compositions and methods for assembling a DNA molecule having a desired sequence. The methods involve contacting a DNA polymerase, dNTPs, and a plurality of pairs of oligonucleotides. The oligonucleotides of a pair have a portion of the desired sequence, and an internal sequence that overlaps and is complementary to an internal sequence of the other oligonucleotide of the pair, and, when arranged in order, they have at least a portion of the desired sequence. The oligonucleotides also have a 3&#x2032; or a 5&#x2032; primer binding sequence having a binding site for a primer. The oligonucleotides that correspond to the end oligonucleotides of the desired sequence also have a universal 3&#x2032; flanking sequence and a universal 5&#x2032; flanking sequence, respectively. The methods involve performing a first amplification reaction on the plurality of pairs of oligonucleotides; removing the 3&#x2032; and 5&#x2032; primer binding sequences from the plurality of pairs of oligonucleotides; and subjecting the plurality of pairs of oligonucleotides to an assembly reaction to thereby assemble the dsDNA molecule having the desired sequence.",2021,San Marcos,US,33.1352995,-117.1743395,"[""San Marcos, CA"", ""Carlsbad, CA"", ""San Diego, CA""]","[[33.1352995, -117.1743395], [33.1580933, -117.3505966], [32.7174202, -117.162772]]",,,False,0.0,core_keyword
US11845939,patent,COMPOSITIONS AND METHODS FOR ENHANCING GENE EXPRESSION,"COMPOSITIONS AND METHODS FOR ENHANCING GENE EXPRESSION. The present disclosure generally relates to nucleic acid molecules for use in regulating gene expression. Disclosed herein include nucleic acid molecules containing one or more structural elements of the viral capsid enhancer operably linked to a coding sequence of a gene of interest. In some embodiments, the viral capsid enhancer comprises a Downstream Loop (DLP) from a viral capsid protein, or a variant of the DLP.",2023,San Diego,US,32.7174202,-117.162772,"[""San Diego, CA""]","[[32.7174202, -117.162772]]",,,False,0.0,core_keyword
US10398710,patent,A METHOD FOR SCREENING REGULATOR OF MITOCHONDRIAL FISSION,"A METHOD FOR SCREENING REGULATOR OF MITOCHONDRIAL FISSION. The present invention is directed to a method for screening a regulator of mitochondrial fission using a cell treated to a protopanaxadiol (PPD)-type ginsenoside compound, a composition therefor, and a kit comprising the composition. As the use of the method for screening the regulator of mitochondrial fission of the present invention enables effective discovery of a formulation capable of preventing, improving, or treating a mitochondria-related disease, the method will be widely used for the development of a therapeutic agent for the mitochondria-related disease.",2019,Daejeon,KR,36.3497007,127.3849016,"[""Daejeon"", ""Seoul""]","[[36.3497007, 127.3849016], [37.5666791, 126.9782914]]",,,False,0.0,core_keyword
US10525064,patent,ANTICANCER ADJUVANT CONTAINING PANAXADIOL GINSENOCIDE COMPOUND,"ANTICANCER ADJUVANT CONTAINING PANAXADIOL GINSENOCIDE COMPOUND. The present invention relates to an anticancer adjuvant containing, as an active ingredient, protopanaxadiol (PPD) or a compound-K, which are types of panaxadiol ginsenoside compounds, and a pharmaceutical composition for treating cancer containing the anticancer adjuvant and an anticancer agent having mitochondria-mediated anticancer activity. The anticancer adjuvant containing the PPD or compound-K provided in the present invention as an active ingredient damages mitochondria in cancer cells, thereby aiding mitochondria-mediated anticancer activity, and thus can be widely used in safer treatment or alleviation of cancer using anticancer agents that exhibit mitochondria-mediated anticancer activity.",2020,Daejeon,KR,36.3497007,127.3849016,"[""Daejeon"", ""Seoul""]","[[36.3497007, 127.3849016], [37.5666791, 126.9782914]]",,,False,0.0,core_keyword
US10457970,patent,EXPRESSION OF MODIFIED GLYCOPROTEINS AND GLYCOPEPTIDES,"EXPRESSION OF MODIFIED GLYCOPROTEINS AND GLYCOPEPTIDES. The present invention provides recombinant cells that contain a modification causing altered expression or function of at least one mannosyl transferase enzyme. As a result of the modification the cells produce a glycoprotein or glycopeptide that has an N-linked glycan profile that is simplified or humanized. The glycoprotein or glycopeptide can have at least 25% fewer high mannose structures on than the glycoprotein or glycopeptide produced by a cell that does not have the modification. In some embodiments the modification is a deletion, knock out, or disruption of a gene encoding a mannosyl transferase, which can be in an Alg3 gene. Therefore, the proteins produced avoid many of the problems associated with the therapeutic use of glycoproteins from species having foreign or plant-like patterns of glycosylation. The invention also provides compositions of the glycoproteins or glycopeptides and methods of making them.",2019,Rancho Santa Fe,US,33.0242314,-117.1979781,"[""Rancho Santa Fe, CA""]","[[33.0242314, -117.1979781]]",,,False,0.0,core_keyword
US11364310,patent,RECOMBINANT VIRUS REPLICON SYSTEMS AND USES THEREOF,"RECOMBINANT VIRUS REPLICON SYSTEMS AND USES THEREOF. The present disclosure generally relates to viral-based expression systems suitable for the production of molecules of interest. The disclosure relates to nucleic acid constructs, such as expression vectors, containing a modified replicon RNA which includes a modified 5&#x2032;-unstranslated region (5&#x2032;-UTR) and, optionally, at least some of its original viral sequence encoding structural proteins having been deleted. Also disclosed are methods for producing polypeptides of interest.",2022,San Diego,US,32.7174202,-117.162772,"[""San Diego, CA""]","[[32.7174202, -117.162772]]",,,False,0.0,core_keyword
US11203761,patent,GENETICALLY ENGINEERED VIBRIO SP. AND USES THEREOF,GENETICALLY ENGINEERED VIBRIO SP. AND USES THEREOF. The present disclosure provides engineered Vibrio sp. organisms. The organisms can be engineered to have an altered Chromosome II so that the altered Chromosome II can be used in Vibrio sp. and other organisms for the cloning or amplification of nucleic acid molecules and for the expression and production of proteins and peptides in a Vibrio sp. organism. One or more genetic elements have been deleted from Chromosome II and/or relocated from Chromosome II to Chromosome I. The engineered Vibrio sp. organisms of the invention can also have signal sequences fused to proteins or peptides to be secreted from the cell. In some embodiments the engineered Vibrio sp. organisms can have sequences that enable them to retain viability after incubation at low temperatures.,2021,San Diego,US,32.7174202,-117.162772,"[""San Diego, CA""]","[[32.7174202, -117.162772]]",,,False,0.0,core_keyword
US10017306,patent,TAMPER RESISTANT ASSEMBLY FOR SECURING VALUABLE MATERIAL,"TAMPER RESISTANT ASSEMBLY FOR SECURING VALUABLE MATERIAL. The invention provides a tamper resistant assembly that that securely contains a valuable material. The assembly has a container for holding the valuable material, an optional carrier that contains the container, one or more cover components that enclose the valuable material in the container, and one or more labels having a plurality of devices that reveal tampering by distortion of at least one of the plurality of devices. The label(s) are positioned so that dislodging a cover component causes a detectable distortion in at least one of the plurality of devices, thereby revealing tampering with the assembly. In one embodiment the label can be affixed partially to a surface of a cover component and partially to a surface of the container or the optional carrier. Also disclosed are methods of detecting tampering and method of manufacturing a temper-resistant assembly. Because the assembly allows a remote validator to validate the assembly prior to providing essential instructions or authorization for conducting procedures on valuable material contained by the assembly, the manufacturer is assured that its procedures are being provided only to authorized persons.",2018,Poway,US,32.9628234,-117.035864,"[""Poway, CA"", ""San Diego, CA"", ""Carlsbad, CA""]","[[32.9628234, -117.035864], [32.7174202, -117.162772], [33.1580933, -117.3505966]]",,,False,0.0,core_keyword
US10704041,patent,MATERIALS AND METHODS FOR THE SYNTHESIS OF ERROR-MINIMIZED NUCLEIC ACID MOLECULES,"MATERIALS AND METHODS FOR THE SYNTHESIS OF ERROR-MINIMIZED NUCLEIC ACID MOLECULES. The present invention provides materials and methods useful for error correction of nucleic acid molecules. In one embodiment of the invention, a first plurality of double-stranded nucleic acid molecules having a nucleotide mismatch are fragmented by exposure to a molecule having unidirectional mismatch endonuclease activity. The nucleic acid molecules are cut at the mismatch site or near the mismatch site, leaving a double-stranded nucleic acid molecule having a mismatch at the end or near end of the molecule. The nucleic acid molecule is then exposed to a molecule having unidirectional exonuclease activity to remove the mismatched nucleotide. The missing nucleotides can then be filled in by the action of, e.g., a molecule having DNA polymerase activity. The result is double-stranded nucleic acid molecules with a decreased frequency of nucleotide mismatches. Also provided are novel nucleic acid sequences encoding mismatch endonucleases, polypeptides encoded thereby, as well as nucleic acid constructs, transgenic cells, and various compositions thereof.",2020,Carlsbad,US,33.1580933,-117.3505966,"[""Carlsbad, CA"", ""Rancho Santa Fe, CA"", ""San Diego, CA""]","[[33.1580933, -117.3505966], [33.0242314, -117.1979781], [32.7174202, -117.162772]]",,,False,0.0,core_keyword
US11027282,patent,DIGITAL TO BIOLOGICAL CONVERTER,"DIGITAL TO BIOLOGICAL CONVERTER. The present invention provides a system for receiving biological sequence information and activating the synthesis of a biological entity. The system has a receiving unit for receiving a signal encoding biological sequence information transmitted from a transmitting unit. The transmitting unit can be present at a remote location from the receiving unit. The system also has an assembly unit connected to the receiving unit, and the assembly unit assembles the biological entity according to the biological sequence information. Thus, according to the present invention biological sequence information can be digitally transmitted to a remote location and the information converted into a biological entity, for example a protein useful as a vaccine, immediately upon being received by the receiving unit and without further human intervention after preparing the system for receipt of the information. The invention is useful, for example, for rapidly responding to viral and other biological threats that are specific to a particular locale.",2021,La Jolla,US,32.8458529,-117.2575702,"[""La Jolla, CA"", ""Carlsbad, CA"", ""San Marcos, CA""]","[[32.8458529, -117.2575702], [33.1580933, -117.3505966], [33.1352995, -117.1743395]]",,,False,0.0,core_keyword
US10500266,patent,INFLUENZA VIRUS REASSORTMENT,INFLUENZA VIRUS REASSORTMENT. New influenza donor strains for the production of reassortant influenza A viruses are provided.,2019,Cambridge,US,42.3656347,-71.1040018,"[""Cambridge, MA"", ""Marburg""]","[[42.3656347, -71.1040018], [50.8090106, 8.7704695]]",,,False,0.0,core_keyword
US10538786,patent,RECOMBINANT ARTERIVIRUS REPLICON SYSTEMS AND USES THEREOF,"RECOMBINANT ARTERIVIRUS REPLICON SYSTEMS AND USES THEREOF. The present disclosure generally relates to viral-based expression systems suitable for the production of molecule of interests in recombinant host cells. The disclosure particularly relates to nucleic acid constructs, such as expression vectors, containing a modified arterivirus genome or replicon RNA in which at least some of its original viral sequence has been deleted. Also included in the disclosure are viral-based expression vectors including one or more expression cassettes encoding heterologous polypeptides. In some embodiments, the expression cassettes are configured and positioned at defined locations on the viral genome so as to enable expression of the heterologous polypeptides in a tunable manner.",2020,San Diego,US,32.7174202,-117.162772,"[""San Diego, CA"", ""La Jolla, CA""]","[[32.7174202, -117.162772], [32.8458529, -117.2575702]]",,,False,0.0,core_keyword
US11085037,patent,GENERATION OF SYNTHETIC GENOMES,"GENERATION OF SYNTHETIC GENOMES. Methods for generating synthetic genomes, for example synthetic genomes having desired properties or viable genomes of reduced size, are disclosed. Also disclosed are synthetic genomes produced by the methods disclosed herein and synthetic cells containing the synthetic genomes disclosed herein.",2021,La Jolla,US,32.8458529,-117.2575702,"[""La Jolla, CA"", ""Rockville, MD"", ""Gaithersburg, MD"", ""London"", ""San Diego"", ""San Diego, CA"", ""Encinitas, CA"", ""Carlsbad, CA""]","[[32.8458529, -117.2575702], [39.0817985, -77.1516844], [39.1399187, -77.1929215], [42.9836747, -81.2496068], [32.7174202, -117.162772], [32.7174202, -117.162772], [33.0369867, -117.2919818], [33.1580933, -117.3505966]]",,,False,0.0,core_keyword
US10876110,patent,SYNTHESIS OF SEQUENCE-VERIFIED NUCLEIC ACIDS,SYNTHESIS OF SEQUENCE-VERIFIED NUCLEIC ACIDS. The invention relates to methods and devices for preparing synthetic nucleic acids.,2020,Mannheim,DE,49.4892913,8.4673098,"[""Mannheim"", ""Strasbourg"", ""Weinheim"", ""Heidelberg"", ""South Hamilton, MA"", ""Bruchsal""]","[[49.4892913, 8.4673098], [48.584614, 7.7507127], [49.5462349, 8.6717458], [49.4093582, 8.694724], [42.6130398, -70.8723954], [49.124118, 8.5980244]]",,,False,0.0,core_keyword
US9943534,patent,COMPOSITION FOR PREVENTING OR TREATING LIVER CANCER CONTAINING GINSENOSIDE F2,"COMPOSITION FOR PREVENTING OR TREATING LIVER CANCER CONTAINING GINSENOSIDE F2. The present invention relates to a composition for preventing or treating liver cancer containing ginsenoside F2 as an active ingredient. Specifically, the composition according to the present invention kills liver cancer cells, specifically inhibits the formation of liver cancer, and reduces the expression of alanine aminotransferase (ALT) or aspartate aminotransferase (AST), without affecting normal hepatocytes, and thus can be usefully used as a therapeutic agent for liver cancer.",2018,Daejeon,KR,36.3497007,127.3849016,"[""Daejeon""]","[[36.3497007, 127.3849016]]",,,False,0.0,core_keyword
US10682366,patent,A METHOD FOR ENHANCING IMMUNITY USING GINSENOSIDE F1 AS AN ACTIVE INGREDIENT,"A METHOD FOR ENHANCING IMMUNITY USING GINSENOSIDE F1 AS AN ACTIVE INGREDIENT. The present invention relates to compositions for enhancing innate immunity, comprising ginsenoside F1 as an active ingredient. Specifically, the composition according to the present invention promotes degranulation activity and cell-killing activity of natural killer cells, and increases expressions of cell-killing factors, thereby being effectively used as an innate immunity enhancer.",2020,Daejeon,KR,36.3497007,127.3849016,"[""Daejeon"", ""Seoul""]","[[36.3497007, 127.3849016], [37.5666791, 126.9782914]]",,,False,0.0,core_keyword
US10391111,patent,COMPOSITION FOR PREVENTING OR TREATING CERVICAL CANCER INCLUDING GYPENOSIDE LXXV,"COMPOSITION FOR PREVENTING OR TREATING CERVICAL CANCER INCLUDING GYPENOSIDE LXXV. Provided are a pharmaceutical composition for preventing or treating cervical cancer including gypenoside LXXV or a pharmaceutically acceptable salt thereof as an active ingredient, a method of preventing or treating cervical cancer including administering the pharmaceutical composition to a subject excluding humans, a health functional food composition for preventing or improving cervical cancer including gypenoside LXXV as an active ingredient, and a feed composition for preventing or improving cervical cancer including gypenoside LXXV as an active ingredient.",2019,Daejeon,KR,36.3497007,127.3849016,"[""Daejeon""]","[[36.3497007, 127.3849016]]",,,False,0.0,core_keyword
US10330672,patent,METHOD FOR SCREENING ACTIVATOR OF MITOCHONDRIAL ACTIVITY,"METHOD FOR SCREENING ACTIVATOR OF MITOCHONDRIAL ACTIVITY. The present invention relates to a method for screening an activator of mitochondrial activity by using gypenoside-treated cells, to a composition for screening an activator of mitochondrial activity, comprising the gypenoside, and to a kit comprising the composition. By using the method for screening an activator of mitochondrial activity of the present invention, it is possible to effectively discover a preparation which can substantially promote the mitochondrial activity, and thus the method is expected to be widely used in developing a therapeutic agent for diseases caused by mitochondrial activity inhibition.",2019,Daejeon,KR,36.3497007,127.3849016,"[""Daejeon"", ""Gyeonggi-do""]","[[36.3497007, 127.3849016], [37.2884675, 127.0535231]]",,,False,0.0,core_keyword
US10391110,patent,COMPOSITION FOR PREVENTING OR TREATING VASCULAR LEAK SYNDROME,"COMPOSITION FOR PREVENTING OR TREATING VASCULAR LEAK SYNDROME. The present invention relates to a pharmaceutical composition containing ginsenoside F1 or Rh1 for preventing or treating vascular leak syndrome, to a method for treating vascular leak syndrome using the pharmaceutical composition, and to a food composition containing ginsenoside F1 or Rh1 for preventing or ameliorating vascular leak syndrome. The ginsenoside F1 or Rh1 provided in the present invention can promote angiogenesis and suppress vascular leakage, and thus can be widely utilized in the effective prevention or treatment of vascular leak syndrome.",2019,Daejeon,KR,36.3497007,127.3849016,"[""Daejeon"", ""Seoul""]","[[36.3497007, 127.3849016], [37.5666791, 126.9782914]]",,,False,0.0,core_keyword
US10584347,patent,PRODUCTION OF PROTEINS IN LABYRINTHULOMYCETES,"PRODUCTION OF PROTEINS IN LABYRINTHULOMYCETES. The present invention provides recombinant host cells that produce proteins or therapeutic proteins, and nucleic acid constructs for producing the cells. The cells have nucleic acid constructs that encode a heterologous protein, for example an antibody. The nucleic acid constructs also can have a functional signal sequence that directs the secretion of the protein from the cell. The signal sequence can be any functional signal sequence, and various signal sequences are disclosed herein. The invention also provides methods of producing the proteins.",2020,Rancho Santa Fe,US,33.0242314,-117.1979781,"[""Rancho Santa Fe, CA"", ""Irvine, CA"", ""San Diego, CA"", ""La Jolla, CA""]","[[33.0242314, -117.1979781], [33.6856969, -117.825981], [32.7174202, -117.162772], [32.8458529, -117.2575702]]",,,False,0.0,core_keyword
US10376530,patent,PHARMACEUTICAL COMPOSITION FOR PREVENTING OR TREATING GLEEVEC-RESISTANT LEUKEMIA CONTAINING GINSENOSIDE F1 OR GINSENOSIDE RG3 AS AN ACTIVE INGREDIENT,"PHARMACEUTICAL COMPOSITION FOR PREVENTING OR TREATING GLEEVEC-RESISTANT LEUKEMIA CONTAINING GINSENOSIDE F1 OR GINSENOSIDE RG3 AS AN ACTIVE INGREDIENT. The present invention relates to a pharmaceutical composition for preventing or treating Gleevec-resistant leukemia, containing, as an active ingredient, ginsenoside F1 or Rg3 which exhibits a preventive or therapeutic effect on Gleevec-resistant leukemia through enhancing cell killing activity of NK cells; a method for treating Gleevec-resistant leukemia comprising a step of administering the pharmaceutical composition; and a food composition for preventing or ameliorating Gleevec-resistant leukemia. Since the pharmaceutical composition of the present invention can effectively treat leukemia that exhibits resistance to conventional Gleevec, the pharmaceutical composition can be widely used for effective leukemia treatment.",2019,Daejeon,KR,36.3497007,127.3849016,"[""Daejeon"", ""Seoul""]","[[36.3497007, 127.3849016], [37.5666791, 126.9782914]]",,,False,0.0,core_keyword
US10301654,patent,METHOD OF PREPARING CINNAMALDEHYDE,METHOD OF PREPARING CINNAMALDEHYDE. Provided is a method of preparing cinnamaldehyde by using a recombinant microorganism.,2019,Daejeon,KR,36.3497007,127.3849016,"[""Daejeon""]","[[36.3497007, 127.3849016]]",,,False,0.0,core_keyword
US10577629,patent,IN VITRO RECOMBINATION METHOD,"IN VITRO RECOMBINATION METHOD. The present invention relates, e.g., to in vitro method, using isolated protein reagents, for joining two double stranded (ds) DNA molecules of interest, wherein the distal region of the first DNA molecule and the proximal region of the second DNA molecule share a region of sequence identity, comprising contacting the two DNA molecules in a reaction mixture with (a) a non-processive 5&#x2032; exonuclease; (b) a single stranded DNA binding protein (SSB) which accelerates nucleic acid annealing; (c) a non strand-displacing DNA polymerase; and (d) a ligase, under conditions effective to join the two DNA molecules to form an intact double stranded DNA molecule, in which a single copy of the region of sequence identity is retained. The method allows the joining of a number of DNA fragments, in a predetermined order and orientation, without the use of restriction enzymes.",2020,Gaithersburg,US,39.1399187,-77.1929215,"[""Gaithersburg, MD"", ""San Diego, CA"", ""Carlsbad, CA""]","[[39.1399187, -77.1929215], [32.7174202, -117.162772], [33.1580933, -117.3505966]]",,,False,0.0,core_keyword
US10377997,patent,GENETICALLY ENGINEERED VIBRIO sp. AND USES THEREOF,"GENETICALLY ENGINEERED VIBRIO sp. AND USES THEREOF. The present disclosure relates to the seminal discovery of a generation and use of genetically engineered Vibrio sp. Provided is the use of the genetically engineered bacteria for the construction, maintenance, manipulation, and/or propagation of DNA constructs; protein expression; protein secretion; vectors and other metabolic tools; metabolic engineering; expression of cellular extracts for cell-free biology; shuttle vectors; cloning vectors; and for synthetic biology applications. The disclosure also relates to the use of the replication machinery of Vibrio sp. as a cloning or expression vector for replication of recombinant DNA constructs. The disclosure also relates to methods of use of the above.",2019,San Diego,US,32.7174202,-117.162772,"[""San Diego, CA"", ""Carlsbad, CA""]","[[32.7174202, -117.162772], [33.1580933, -117.3505966]]",,,False,0.0,core_keyword
US10041079,patent,COMPOSITIONS AND METHODS FOR EXPRESSING GENES IN ALGAE,"COMPOSITIONS AND METHODS FOR EXPRESSING GENES IN ALGAE. The present application provides novel regulatory elements including promoter sequences from microorganisms. The application further discloses DNA constructs containing these novel regulatory elements, and recombinant microorganisms comprising these regulatory elements. Methods of modifying, producing, and using the regulatory elements are also disclosed. The regulatory elements and transformation methods disclosed herein are particularly suited for use in Parachlorella and other microalgae.",2018,San Diego,US,32.7174202,-117.162772,"[""San Diego, CA"", ""Carmichael, CA""]","[[32.7174202, -117.162772], [38.6270985, -121.3222422]]",,,False,0.0,core_keyword
US9963684,patent,NOVEL FORMALDEHYDE DEHYDROGENASE AND METHOD FOR PREPARING FORMALDEHYDE USING SAME,"NOVEL FORMALDEHYDE DEHYDROGENASE AND METHOD FOR PREPARING FORMALDEHYDE USING SAME. This invention relates to a novel formaldehyde dehydrogenase expressed by a formaldehyde dehydrogenase gene and having independent reduction activity for formic acid, a method of preparing the formaldehyde dehydrogenase from a strain transformed with a recombinant expression vector including the gene, and a method of producing formaldehyde from formic acid through a reduction reaction of the formaldehyde dehydrogenase.",2018,Seoul,KR,37.5666791,126.9782914,"[""Seoul"", ""Daejeon""]","[[37.5666791, 126.9782914], [36.3497007, 127.3849016]]",,,False,0.0,core_keyword
US10689676,patent,ALGAL MUTANTS WITH INCREASED LIPID PRODUCTIVITY,ALGAL MUTANTS WITH INCREASED LIPID PRODUCTIVITY. The present invention provides mutant microorganism that have higher lipid productivity than the wild type microorganisms from which they are derived while producing biomass at levels that are at least 45% of wild type biomass productivity under nitrogen replete conditions. Particular mutants produce at least 50% as much FAME lipid as wild type while producing at least the amount of biomass produced by wild type cells under nitrogen replete conditions. Also provided are methods of producing lipid using the mutant strains.,2020,San Diego,US,32.7174202,-117.162772,"[""San Diego, CA""]","[[32.7174202, -117.162772]]",,,False,0.0,core_keyword
US10174355,patent,A NOVEL METHOD FOR GLYCOSYLATION OF GINSENOSIDE USING A GLYCOSYLTRANSFERASE DERIVED FROM PANAX GINSENG,"A NOVEL METHOD FOR GLYCOSYLATION OF GINSENOSIDE USING A GLYCOSYLTRANSFERASE DERIVED FROM PANAX GINSENG. The present invention relates to a uridine diphosphate (UDP)-glycosyltransferase protein which has glycosylation activity for a hydroxyl group at the C-20 position of a protopanaxadiol (PPD)- or protopanaxatriol (PPT)-type ginsenoside, and a method for glycosylation of UDP using the same.",2019,Daejeon,KR,36.3497007,127.3849016,"[""Daejeon""]","[[36.3497007, 127.3849016]]",,,False,0.0,core_keyword
US10174087,patent,ENHANCED PRODUCTIVITY BY ATTENUATION OF CHLOROPHYLL BINDING PROTEIN GENES,"ENHANCED PRODUCTIVITY BY ATTENUATION OF CHLOROPHYLL BINDING PROTEIN GENES. Mutant photosynthetic algae having increased biomass productivity are provided. The mutants have attenuated expression of violaxanthin chlorophyll a binding proteins (VCP) or fucoxanthin chlorophyll a/c binding proteins (FCP), reduced chlorophyll, higher apparent ETR(II), little to no reduction in P max per cell, and decreased NPQ over a wide range of light intensities. Provided herein are constructs for attenuating or disrupting VCP or FCP genes. Also provided are methods of culturing VCP or FCP mutants for the production of biomass or other products.",2019,Fort Myers,US,26.640628,-81.8723084,"[""Fort Myers, FL"", ""Santa Clara, CA"", ""Cardiff, CA"", ""San Diego, CA""]","[[26.640628, -81.8723084], [37.2333253, -121.6846349], [33.6879703, -117.8073342], [32.7174202, -117.162772]]",,,False,0.0,core_keyword
US10351869,patent,MICROORGANISMS ENGINEERED FOR INCREASED PRODUCTIVITY,MICROORGANISMS ENGINEERED FOR INCREASED PRODUCTIVITY. The application provides recombinant microorganisms with increased productivity with respect to control or wildtype microorganisms. The recombinant microorganisms can include a non-native gene encoding a SKP1 polypeptide or a CHORD-derived polypeptide. Increased productivity can be increased biomass or lipid productivity. These recombinant microorganisms can be used to produce products of interest.,2019,San Diego,US,32.7174202,-117.162772,"[""San Diego, CA""]","[[32.7174202, -117.162772]]",,,False,0.0,core_keyword
US10266834,patent,RECOMBINANT RNA PARTICLES AND METHODS OF PRODUCING PROTEINS,"RECOMBINANT RNA PARTICLES AND METHODS OF PRODUCING PROTEINS. The present invention provides compositions and methods for the production and delivery of recombinant double-stranded RNA molecules (dsRNA) encoding heterologous proteins, which can be useful for various therapeutic purposes as well as for the production of desired proteins. The compositions contain engineered double-stranded RNA particles (dsRPs) that can contain a double-stranded RNA molecule that can be a genome or portion of a genome, which can be enclosed in a capsid or coat protein. The dsRNA molecule also comprises an RNA sub-sequence that encodes a heterologous protein. The dsRPs can be derived from wild-type viral organisms. The delivery of the dsRPs (or DNA or RNA molecules) of the invention to an organism provides for therapeutic benefits as well as for the production of desired proteins.",2019,San Diego,US,32.7174202,-117.162772,"[""San Diego, CA""]","[[32.7174202, -117.162772]]",,,False,0.0,core_keyword
US10227619,patent,MICROORGANISMS HAVING INCREASED LIPID PRODUCTIVITY,MICROORGANISMS HAVING INCREASED LIPID PRODUCTIVITY. The present invention provides mutant microorganism that have higher lipid productivity than the wild type microorganisms from which they are derived while biomass at levels that are within approximately 50% of wild type biomass productivities under nitrogen replete conditions. Particular mutants produce at least twice as much FAME lipid as wild type while producing at least 75% of the biomass produced by wild type cells under nitrogen replete conditions. Also provided are methods of producing lipid using the mutant strains.,2019,Santa Brigida,ES,28.033114,-15.4917992,"[""Santa Brigida"", ""San Diego, CA""]","[[28.033114, -15.4917992], [32.7174202, -117.162772]]",,,False,0.0,core_keyword
US10526392,patent,Novel Synthetic Biology-Based ADCC Technology,"Novel Synthetic Biology-Based ADCC Technology. A novel synthetic biology-based ADCC technology is provided that enhances or enables ADCC response. The novel ADCC technology can be used to prevent or treat cancers, infectious, inflammatory or autoimmune diseases, and other diseases where elimination of diseased cells is desirable.",2020,Cambridge,US,42.3656347,-71.1040018,"[""Cambridge, MA"", ""Newton, MA""]","[[42.3656347, -71.1040018], [42.3300435, -71.194862]]",,,False,0.0,core_keyword
US10087161,patent,SYNTHESIS OF FDCA AND FDCA PRECURSORS FROM GLUCONIC ACID DERIVATIVES,"SYNTHESIS OF FDCA AND FDCA PRECURSORS FROM GLUCONIC ACID DERIVATIVES. The present invention provides methods of method of synthesizing 2,5-furan dicarboxylic acid (FDCA) and FDCA precursor molecules. The methods involve performing a chemical dehydration reaction on a gluconic acid derivative in the presence of a dehydration catalyst. In some embodiments the gluconic acid derivative can be 2-dehydro-3-deoxy gluconic acid (DHG) or an ester thereof, 2-ketogluconic acid (2KGA) or an ester thereof, and 5-ketogluconic acid (5KGA) or an ester thereof. The 2,5-furan dicarboxylic acid precursor molecule is thereby synthesized, which can be converted into FDCA. The chemical dehydration can be performed by a variety of acid basic catalysts.",2018,San Diego,US,32.7174202,-117.162772,"[""San Diego, CA""]","[[32.7174202, -117.162772]]",,,False,0.0,core_keyword
US10307436,patent,COMPOSITION CONTAINING GINSENOSIDE F1 FOR REMOVING AMYLOID PLAQUES,"COMPOSITION CONTAINING GINSENOSIDE F1 FOR REMOVING AMYLOID PLAQUES. Provided are a food composition and a feed composition for removing amyloid plaques, each composition including ginsenoside F1, in which ginsenoside F1 is effective for removing amyloid plaques in the hippocampal area of the brain.",2019,Daejeon,KR,36.3497007,127.3849016,"[""Daejeon"", ""Yongin-si""]","[[36.3497007, 127.3849016], [37.2405741, 127.1785572]]",,,False,0.0,core_keyword
US9926585,patent,METHOD FOR PRODUCING A MINOR GINSENOSIDE USING A GINSENOSIDE GLYCOSIDASE,"METHOD FOR PRODUCING A MINOR GINSENOSIDE USING A GINSENOSIDE GLYCOSIDASE. Provided are a method of producing minor ginsenosides using a ginsenoside glycosidase protein derived from a Microbacterium sp. ( Microbacterium testaceum ) microorganism, and a composition including the protein for conversion into minor ginsenosides. The ginsenoside glycosidase exhibits very excellent activity of specifically hydrolyzing a sugar at the C-6 position of ginsenoside to convert the ginsenoside into in-vivo absorbable minor ginsenoside, thereby being very usefully applied to mass-production of ginsenoside.",2018,Daejeon,KR,36.3497007,127.3849016,"[""Daejeon"", ""Gyeonggi-do""]","[[36.3497007, 127.3849016], [37.2884675, 127.0535231]]",,,False,0.0,core_keyword
US10011821,patent,MELLEOLIDE-BIOSYNTHESIS GENE CLUSTER AND ITS APPLICATIONS,MELLEOLIDE-BIOSYNTHESIS GENE CLUSTER AND ITS APPLICATIONS. The present invention relates to the production of hydroxylated protoilludenes and/or sesquiterpenoid protoilludene-type aryl esters using newly identified genes that can be employed. The present invention accordingly relates to a host microorganism that has been transformed with the newly identified nucleotide sequences and to methods employing the transformed microorganism.,2018,Bad Honnef,DE,50.6448582,7.2272534,"[""Bad Honnef"", ""Aachen""]","[[50.6448582, 7.2272534], [50.776351, 6.083862]]",,,False,0.0,core_keyword
US10544424,patent,ALGAL CHLOROPLASTIC SRP54 MUTANTS,ALGAL CHLOROPLASTIC SRP54 MUTANTS. Mutant photosynthetic microorganisms having reduced chlorophyll and increased photosynthetic efficiency are provided. The mutant strains have mutated chloroplastic SRP54 genes and exhibit increased productivity with respect to wild type strains. Also provided are mutant algal strains having mutated cytosolic SRP54 genes. Provided herein are methods of producing biomass and other products such as lipids using strains having mutations in an SRP54 gene. Also included are constructs and methods for attenuating or disrupting SRP54 genes.,2020,San Diego,US,32.7174202,-117.162772,"[""San Diego, CA"", ""Cardiff, CA""]","[[32.7174202, -117.162772], [33.6879703, -117.8073342]]",,,False,0.0,core_keyword
US10607716,patent,SYNTHETIC BIOLOGY TOOLS,SYNTHETIC BIOLOGY TOOLS. Methods for design of genetic circuits are provided.,2020,San Francisco,US,37.7879363,-122.4075201,"[""San Francisco, CA"", ""El Sobrante, CA""]","[[37.7879363, -122.4075201], [37.9744635, -122.3057294]]",,,False,0.0,core_keyword
US9932599,patent,REGULATORY ELEMENTS FROM LABYRINTHULOMYCETES MICROORGANISMS,"REGULATORY ELEMENTS FROM LABYRINTHULOMYCETES MICROORGANISMS. The present disclosure generally relates to novel polynucleotide molecules for use in regulating gene expression in recombinant cells, such as labyrinthulomycetes cells. The disclosure further relates to nucleic acid constructs, such as vectors and expression cassettes, containing a regulatory element operably linked to a heterologous nucleotide sequence. The disclosure further relates to methods for stably transforming a host cell, such as a labyrinthulomycetes cell with transgenes. Stably transformed recombinant cells, progeny, biomaterials derived therefrom, and methods for preparing and using the same are also provided.",2018,RANCHO SANTA FE,US,33.0242314,-117.1979781,"[""RANCHO SANTA FE, CA"", ""LA JOLLA, CA"", ""IRVINE, CA""]","[[33.0242314, -117.1979781], [32.8458529, -117.2575702], [33.6856969, -117.825981]]",,,False,0.0,core_keyword
US10818378,patent,ENCODING TEXT INTO NUCLEIC ACID SEQUENCES,"ENCODING TEXT INTO NUCLEIC ACID SEQUENCES. Methods and apparatus are disclosed herein for encoding human readable text conveying a non-genetic message into nucleic acid sequences with a substantially reduced probability of biological impact and decoding such text from nucleic acid sequences. In one embodiment, each symbol of a symbol set of human readable symbols uniquely maps to a respective codon identifier. Mapping may ensure that each symbol will not map to a codon identifier that generates an amino acid residue which has a single-letter abbreviation that is the equivalent to the respective symbol. Synthetic nucleic acid sequences comprising such human readable text, and recombinant or synthetic cells comprising such sequences are provided, as well as methods of identifying cells, organisms, or samples containing such sequences.",2020,San Diego,US,32.7174202,-117.162772,"[""San Diego, CA"", ""Montgomery Village, MD""]","[[32.7174202, -117.162772], [39.175284, -77.2071214]]",,,False,0.0,core_keyword
US10975378,patent,METHODS FOR CLONING AND MANIPULATING GENOMES,"METHODS FOR CLONING AND MANIPULATING GENOMES. Compositions and methods are disclosed herein for cloning a synthetic or a semi-synthetic donor genome in a heterologous host cell. In one embodiment, the donor genome can be further modified within a host cell. Modified or unmodified genomes can be further isolated from the host cell and transferred to a recipient cell. Methods disclosed herein can be used to alter donor genomes from intractable donor cells in more tractable host cells.",2021,Montgomery Village,US,39.175284,-77.2071214,"[""Montgomery Village, MD"", ""Rockville, MD""]","[[39.175284, -77.2071214], [39.0817985, -77.1516844]]",,,False,0.0,core_keyword
US10351860,patent,High Efficiency Method for Algal Transformation,"High Efficiency Method for Algal Transformation. The present invention relates to the seminal discovery of a highly efficient method of transforming algal cells. Specifically, the invention relates to a novel method of delivering a plasmid containing a nucleic acid molecule to algal cells by bacterial conjugation wherein the plasmid remains episomal in the algal cell through multiple generations.",2019,London,CA,42.9836747,-81.2496068,"[""London"", ""La Jolla, CA""]","[[42.9836747, -81.2496068], [32.8458529, -117.2575702]]",,,False,0.0,core_keyword
US11122817,patent,PROTEIN RICH FOOD INGREDIENT FROM BIOMASS AND METHODS OF PRODUCTION,"PROTEIN RICH FOOD INGREDIENT FROM BIOMASS AND METHODS OF PRODUCTION. The present invention provides a protein material and food ingredient from a sustainable and stable source. The sustainable and stable source of the food or food ingredient is cellular biomass, for example an algal or microbial biomass. The invention discloses that the cellular biomass can be subjected to a series of steps to derive the protein material and food or food ingredient, which has high nutritional content and has pleasing organoleptic properties.",2021,San Diego,US,32.7174202,-117.162772,"[""San Diego, CA"", ""Colorado Springs, CO"", ""Belmont, MA"", ""La jolla, CA""]","[[32.7174202, -117.162772], [38.8339578, -104.825348], [42.3959296, -71.1786655], [32.8458529, -117.2575702]]",,,False,0.0,core_keyword
US11339399,patent,COMPOSITIONS AND METHODS FOR HIGH EFFICIENCY IN VIVO GENOME EDITING,"COMPOSITIONS AND METHODS FOR HIGH EFFICIENCY IN VIVO GENOME EDITING. The present invention provides cell lines for high efficiency genome editing using cas/CRISPR systems, methods of generating such cells lines, and methods of generating mutations in the genome of an organism using such cell lines.",2022,San Diego,US,32.7174202,-117.162772,"[""San Diego, CA""]","[[32.7174202, -117.162772]]",,,False,0.0,core_keyword
US10221398,patent,COMPOSITIONS OF AND METHODS FOR IN VITRO VIRAL GENOME ENGINEERING,"COMPOSITIONS OF AND METHODS FOR IN VITRO VIRAL GENOME ENGINEERING. The present disclosure relates to a method of in vitro engineering of nucleic acids. This disclosure further relates to in vitro engineering of viral genomes and to the improvement of viral properties by in vitro genomic engineering of viral genomes. Specifically, the disclosure relates to in vitro viral genomic digestion using RNA-guided Cas9, the assembly of a recombinant genome by the insertion of a DNA or RNA fragment into the digested viral genome and transformation of a host cell with the recombinant genome. This method also related to in vitro engineering for error correction of nucleic acids.",2019,San Diego,US,32.7174202,-117.162772,"[""San Diego, CA""]","[[32.7174202, -117.162772]]",,,False,0.0,core_keyword
US10329537,patent,INFLUENZA VIRUS REASSORTMENT,INFLUENZA VIRUS REASSORTMENT. The invention provides reassortant influenza strains.,2019,Cambridge,US,42.3656347,-71.1040018,"[""Cambridge, MA""]","[[42.3656347, -71.1040018]]",,,False,0.0,core_keyword
US9896710,patent,NOVEL GLYCOSYLTRANSFERASE DERIVED FROM DOLWOE AND USE THEREOF,"NOVEL GLYCOSYLTRANSFERASE DERIVED FROM DOLWOE AND USE THEREOF. Provided are a novel UDP-glycosyltransferase (uridine diphosphate glycosyltransferase) protein having glycosyltransfer activity for glucose linked by a glycosidic bond at the C-20 position of PPD (protopanaxadiol)-type or PPT (protopanaxatriol)-type ginsenoside, and use thereof.",2018,Daejeon,KR,36.3497007,127.3849016,"[""Daejeon"", ""Dejeon""]","[[36.3497007, 127.3849016], [36.3477358, 127.4123726]]",,,False,0.0,core_keyword
US10232031,patent,INFLUENZA VIRUS REASSORTMENT,INFLUENZA VIRUS REASSORTMENT. New influenza donor strains for the production of reassortant influenza B viruses are provided.,2019,Cambridge,US,42.3656347,-71.1040018,"[""Cambridge, MA""]","[[42.3656347, -71.1040018]]",,,False,0.0,core_keyword
US10406204,patent,MULTIMERIC ANTIMICROBIAL PEPTIDE COMPLEX WHICH IS DISPLAYED ON CELL SURFACE,"MULTIMERIC ANTIMICROBIAL PEPTIDE COMPLEX WHICH IS DISPLAYED ON CELL SURFACE. The present invention provides an antimicrobial peptide polymer comprising at least one monomer which is digested by pepsin, a multimeric antimicrobial peptide complex comprising the polymer and a cell surface anchoring motif linked to the polymer, an antimicrobial microorganism displaying the multimeric antimicrobial peptide complex, an antimicrobial composition comprising the same, a method of treating an infectious disease caused by bacteria, yeast or fungi by administering the antimicrobial composition, and a method for producing the antimicrobial microorganism. According to the invention, living microorganisms displaying an antimicrobial peptide on the cell surface thereof may be administered in vivo without having to lyse the microbial cell and isolate and purify the antimicrobial peptide, so that the antimicrobial peptide exhibits antimicrobial activity. Thus, the antimicrobial peptide may be produced at significantly reduced costs so that it may have widespread use.",2019,Daejeon,KR,36.3497007,127.3849016,"[""Daejeon""]","[[36.3497007, 127.3849016]]",,,False,0.0,core_keyword
US11213048,patent,PROTEIN RICH FOOD INGREDIENT FROM BIOMASS AND METHODS OF PREPARATION,"PROTEIN RICH FOOD INGREDIENT FROM BIOMASS AND METHODS OF PREPARATION. The present invention provides a protein material and food ingredient from a sustainable and stable source. The sustainable and stable source of the food or food ingredient is biomass, for example an algal or microbial biomass. The invention discloses that the biomass can be subjected to a series of steps to derive the protein material and food or food ingredient, which has high nutritional content without the unacceptable organoleptic properties that typically accompany proteins and food ingredients from these sources.",2022,San Deigo,US,,,"[""San Deigo, CA"", ""Colorado Springs, CO"", ""San Diego, CA"", ""Belmont, MA""]","[[38.8339578, -104.825348], [32.7174202, -117.162772], [42.3959296, -71.1786655]]",,,False,0.0,core_keyword
US10030231,patent,INFLUENZA VIRUS REASSORTMENT,INFLUENZA VIRUS REASSORTMENT. Improved methods for the production of reassortant influenza viruses are provided.,2018,Cambridge,US,42.3656347,-71.1040018,"[""Cambridge, MA"", ""La Jolla, CA""]","[[42.3656347, -71.1040018], [32.8458529, -117.2575702]]",,,False,0.0,core_keyword
US9446407,patent,LID MECHANISM,"LID MECHANISM. The invention provides a lid mechanism suitable for use with automated instrumentation. The lid mechanism has a compact design enabling it to function in very small spaces, and therefore on very compact instrumentation. One embodiment of the lid mechanism has a nut positioned around a jackscrew; a motor translationally attached to the nut for driving rotational motion of the nut around the jackscrew and vertical motion of the jackscrew; a main shaft positioned around the jackscrew with a bearing support positioned on the main shaft; a moving support comprising a bearing guide track and positioned on the main shaft so that the bearing support is positioned within the bearing guide track; and a lid plate positioned on the moving support so that vertical movement of the moving support causes vertical movement of the lid plate and rotational movement of the moving support causes rotational movement of the lid plate. Also provided is an automated laboratory instrument having a lid mechanism of the invention.",2016,Poway,US,32.9628234,-117.035864,"[""Poway, CA"", ""San Marcos, CA"", ""Vista, CA""]","[[32.9628234, -117.035864], [33.1352995, -117.1743395], [33.2021425, -117.2424805]]",,,False,0.0,core_keyword
US9708585,patent,INFLUENZA VIRUS REASSORTMENT,INFLUENZA VIRUS REASSORTMENT. New influenza donor strains for the production of reassortant influenza A viruses are provided.,2017,Cambridge,US,42.3656347,-71.1040018,"[""Cambridge, MA"", ""Marburg""]","[[42.3656347, -71.1040018], [50.8090106, 8.7704695]]",,,False,0.0,core_keyword
US9751668,patent,TAMPER-RESISTANT ASSEMBLY FOR SECURING VALUABLE MATERIAL,"TAMPER-RESISTANT ASSEMBLY FOR SECURING VALUABLE MATERIAL. The invention provides a tamper resistant assembly that that securely contains a valuable material. The assembly has a container for holding the valuable material, an optional carrier that contains the container, one or more cover components that enclose the valuable material in the container, and one or more labels having a plurality of devices that reveal tampering by distortion of at least one of the plurality of devices. The label(s) are positioned so that dislodging a cover component causes a detectable distortion in at least one of the plurality of devices, thereby revealing tampering with the assembly. In one embodiment the label can be affixed partially to a surface of a cover component and partially to a surface of the container or the optional carrier. Also disclosed are methods of detecting tampering and method of manufacturing a temper-resistant assembly. Because the assembly allows a remote validator to validate the assembly prior to providing essential instructions or authorization for conducting procedures on valuable material contained by the assembly, the manufacturer is assured that its procedures are being provided only to authorized persons.",2017,Poway,US,32.9628234,-117.035864,"[""Poway, CA"", ""San Diego, CA"", ""Carlsbad, CA""]","[[32.9628234, -117.035864], [32.7174202, -117.162772], [33.1580933, -117.3505966]]",,,False,0.0,core_keyword
US9670469,patent,NOVEL UDP-GLYCOSYLTRANSFERASE DERIVED FROM GINSENG AND USE THEREOF,"NOVEL UDP-GLYCOSYLTRANSFERASE DERIVED FROM GINSENG AND USE THEREOF. The present invention relates to a novel uridine diphosphate (UDP)-glycosyltransferase, and particularly to a novel UDP-glycosyltransferase derived from ginseng and use thereof, a method for preparing glycosylated ginsenoside by converting protopanaxadiol (PPD)-type ginsenoside using the UDP-glycosyltransferase, a composition for converting the PPD-type ginsenoside into glycosylated ginsenoside, comprising the UDP-glycosyltransferase, a transformant or a culture thereof as active ingredients, a method for enhancing the expression of the UDP-glycosyltransferase using MeJA (methyl jasmonate), and a composition for enhancing the expression of the UDP-glycosyltransferase, which comprises MeJA as an active ingredient.",2017,Daejeon,KR,36.3497007,127.3849016,"[""Daejeon""]","[[36.3497007, 127.3849016]]",,,False,0.0,core_keyword
US10131897,patent,Molecules Associated with Fatty Acid Biosynthetic Pathways and Uses Thereof,"Molecules Associated with Fatty Acid Biosynthetic Pathways and Uses Thereof. The present disclosure relates in part to recombinant microorganisms that include non-native genes encoding PUFA-PKS polypeptides, and to methods of making and using such microorganisms for producing at least one PUFA. In particular, the disclosure further relates to methods and related materials useful for the production of at least one PUFA by heterologous expression of the nucleic acid sequences disclosed herein encoding PUFA-PKS polypeptides.",2018,Belmont,US,42.3959296,-71.1786655,"[""Belmont, MA"", ""San Diego, CA"", ""Irvine, CA""]","[[42.3959296, -71.1786655], [32.7174202, -117.162772], [33.6856969, -117.825981]]",,,False,0.0,core_keyword
US10266865,patent,METHODS FOR IN VITRO JOINING AND COMBINATORIAL ASSEMBLY OF NUCLEIC ACID MOLECULES,"METHODS FOR IN VITRO JOINING AND COMBINATORIAL ASSEMBLY OF NUCLEIC ACID MOLECULES. The present invention relates to methods of joining two or more double-stranded (ds) or single-stranded (ss) DNA molecules of interest in vitro, wherein the distal region of the first DNA molecule and the proximal region of the second DNA molecule of each pair share a region of sequence identity. The method allows the joining of a large number of DNA fragments, in a predetermined order and orientation, without the use of restriction enzymes. It can be used, e.g., to join synthetically produced sub-fragments of a gene or genome of interest. Kits for performing the method are also disclosed. The methods of joining DNA molecules may be used to generate combinatorial libraries useful to generate, for example, optimal protein expression through codon optimization, gene optimization, and pathway optimization.",2019,Carlsbad,US,33.1580933,-117.3505966,"[""Carlsbad, CA"", ""San Diego, CA"", ""La Jolla, CA"", ""Gaithersburg, MD""]","[[33.1580933, -117.3505966], [32.7174202, -117.162772], [32.8458529, -117.2575702], [39.1399187, -77.1929215]]",,,False,0.0,core_keyword
US10174317,patent,RECOMBINANT RNA PARTICLES AND METHODS OF USE,"RECOMBINANT RNA PARTICLES AND METHODS OF USE. The present invention provides compositions and methods for the production and delivery of recombinant double-stranded RNA molecules (dsRNA) targeting pathogen sequences, which can be useful as an RNA vaccine. The compositions contain engineered double-stranded RNA particles (dsRPs) that can contain a double-stranded RNA molecule that can be a genome or portion of a genome, which can be enclosed in a capsid or coat protein. The dsRNA molecule also comprises an RNA sub-sequence that binds to a target sequence of a pathogenic organism. The dsRPs can be derived from wild-type viral organisms. The delivery of the dsRPs of the invention to an organism provides a protection to the organism from the pathogen.",2019,SAN DIEGO,US,32.7174202,-117.162772,"[""SAN DIEGO, CA"", ""APEX, NC""]","[[32.7174202, -117.162772], [35.7325352, -78.8505516]]",,,False,0.0,core_keyword
US9920340,patent,ACYL-ACP THIOESTERASE GENES AND USES THEREFOR,"ACYL-ACP THIOESTERASE GENES AND USES THEREFOR. The present invention provides novel genes encoding Class II acyl-ACP thioesterases and variants thereof that are active on C8, C10, C12, C14, C16, and C18 acyl-ACP substrates. The thioesterases can be introduced into transgenic organisms, including microorganisms and photosynthetic organisms, for producing fatty acids and fatty acid products.",2018,San Diego,US,32.7174202,-117.162772,"[""San Diego, CA""]","[[32.7174202, -117.162772]]",,,False,0.0,core_keyword
US9441020,patent,BIOMASS PRODUCTIVITY REGULATOR,"BIOMASS PRODUCTIVITY REGULATOR. The disclosure generally relates to methods and materials for modulating cell productivity. In particular, the present disclosure provides polynucleotides and polypeptides that when overexpressed in microorganisms result in increased in productivity, such as increased biomass productivity. Also disclosed are methods of using the polynucleotides and polypeptides to modulate or increase productivity of host cells such as, for example, algal or heterokont cells. Genetically engineered host cells, such as algal and heterokont cells having increased biomass productivity and bioproducts derived from such host cells are also disclosed.",2016,La Jolla,US,32.8458529,-117.2575702,"[""La Jolla, CA"", ""San Diego, CA""]","[[32.8458529, -117.2575702], [32.7174202, -117.162772]]",,,False,0.0,core_keyword
US9909154,patent,METHODS FOR PRODUCING DICARBOXYLIC ACIDS,"METHODS FOR PRODUCING DICARBOXYLIC ACIDS. The present invention provides methods of producing dicarboxylic acids. The methods involve incubating a fatty acid or hydrocarbon substrate with an enzyme to produce a dicarboxylic acid product. The enzyme acts on the substrate to produce a product that has been both over-oxidized and has undergone cleavage of a C&#x2014;C bond. In some embodiments the enzymes having these useful characteristics are mutants of a cytochrome P450 enzyme, for example an enzyme of the class CYP102 or a mutant thereof. The invention provides enzymes where these desirable characteristics can be found in a single enzyme, and thus in some embodiments the methods can be performed through the action of a single enzyme.",2018,San Diego,US,32.7174202,-117.162772,"[""San Diego, CA""]","[[32.7174202, -117.162772]]",,,False,0.0,core_keyword
US9765126,patent,Compositions and Methods for Modulating Biomass Productivity,"Compositions and Methods for Modulating Biomass Productivity. The disclosure generally relates to methods and materials for modulating cell productivity. In particular, the present disclosure provides polynucleotides encoding transcription factor proteins that when overexpressed in microorganisms result in increased in productivity, such as increased biomass productivity. Also disclosed are methods of using the genetically engineered host strains to modulate or increase productivity of host cells such as, for example, algal or heterokont cells. Genetically engineered host cells, such as algal and heterokont cells having increased biomass productivity and bioproducts derived from such host cells are also disclosed.",2017,LA JOLLA,US,32.8458529,-117.2575702,"[""LA JOLLA, CA"", ""SAN DIEGO, CA""]","[[32.8458529, -117.2575702], [32.7174202, -117.162772]]",,,False,0.0,core_keyword
US9500636,patent,MULTISCALE PLATFORM FOR COORDINATING CELLULAR ACTIVITY USING SYNTHETIC BIOLOGY,"MULTISCALE PLATFORM FOR COORDINATING CELLULAR ACTIVITY USING SYNTHETIC BIOLOGY. This invention provides a multiscale platform for coordinating behavior using synthetic biology. The platform reduces the impact of underlying noise, making outputs more coherent and reliable at the macroscopic level. In one aspect, the invention provides a frequency-modulated biosensor, comprising a microfluidic array comprising two or more separate colonies or populations of sensing cells to grow and communicate by gas exchange, wherein the colonies or populations of sensing cells output synchronized oscillating signals.",2016,San Diego,US,32.7174202,-117.162772,"[""San Diego, CA"", ""La Jolla, CA"", ""Encinitas, CA""]","[[32.7174202, -117.162772], [32.8458529, -117.2575702], [33.0369867, -117.2919818]]",,,False,0.0,core_keyword
US9528133,patent,COMPOSITIONS AND METHODS FOR PRODUCING CHEMICALS AND DERIVATIVES THEREOF,"COMPOSITIONS AND METHODS FOR PRODUCING CHEMICALS AND DERIVATIVES THEREOF. The present invention provides methods for producing a product of one or more enzymatic pathways. The pathways used in the methods of the invention involve one or more conversion steps such as, for example, an enzymatic conversion of guluronic acid into D-glucarate (Step 7); an enzymatic conversion of 5-ketogluconate (5-KGA) into L-Iduronic acid (Step 15); an enzymatic conversion of L-Iduronic acid into Idaric acid Step 7b); and an enzymatic conversion of 5-ketocluconate into 4,6-dihydroxy 2,5-diketo hexanoate (2,5-DDH) (Step 16). In some embodiments the methods of the invention produce 2,5-furandicarboxylic acid (FDCA) as a product. The methods include both enzymatic and chemical conversions as steps. Various pathways are also provided for converting glucose into 5-dehdyro-4-deoxy-glucarate (DDG), and for converting glucose into 2,5-furandicarboxylic acid (FDCA). The methods also involve the use of engineered enzymes that perform reactions with high specificity and efficiency. Additional products that can be produce include metabolic products such as, but not limited to, guluronic acid, L-iduronic acid, idaric acid, glucaric acid. Any of the products can be produced using glucose as a substrate or using any intermediate in any of the methods or pathways of the invention.",2016,San Diego,US,32.7174202,-117.162772,"[""San Diego, CA"", ""Solana Beach, CA""]","[[32.7174202, -117.162772], [32.9919141, -117.2678124]]",,,False,0.0,core_keyword
US9527886,patent,AMPHIPATHIC PEPTIDE-LIPASE CONJUGATE HAVING ADVANCED LIPASE ACTIVITY AND USE THEREOF,"AMPHIPATHIC PEPTIDE-LIPASE CONJUGATE HAVING ADVANCED LIPASE ACTIVITY AND USE THEREOF. Disclosed are an amphipathic peptide-lipase conjugate with enhanced lipase activity, a polynucleotide coding for the conjugate, an expression vector carrying the polynucleotide, a transformant anchoring the expression vector therein, a method for preparing the conjugate, a lipolysis method using the conjugate, and a method for producing biodiesel using the lipase.",2016,Daejeon,KR,36.3497007,127.3849016,"[""Daejeon""]","[[36.3497007, 127.3849016]]",,,False,0.0,core_keyword
US9982272,patent,ALGAL MUTANTS HAVING A LOCKED-IN HIGH LIGHT ACCLIMATED PHENOTYPE,"ALGAL MUTANTS HAVING A LOCKED-IN HIGH LIGHT ACCLIMATED PHENOTYPE. Mutant photosynthetic microorganisms having reduced chlorophyll and increased photosynthetic efficiency are provided. The mutants have a locked in high light-acclimated phenotype, in which many of the photosynthetic parameters characteristic of high light acclimated wild type cells are found in the LIHLA mutants when acclimated to low light, such as reduced chlorophyll, reduced NPQ, higher qP, higher E k , higher P max per unit chlorophyll with little to no reduction in P max per cell, and higher rates of electron transport through photosystem II over a wide range of light intensities. Provided herein are constructs for attenuating or disrupting genes are provided for generating mutants having the LIHLA phenotype. Also provided are methods of culturing LIHLA mutants for the production of biomass or other products.",2018,San Diego,US,32.7174202,-117.162772,"[""San Diego, CA"", ""Cardiff, CA"", ""Solana Beach, CA"", ""Honolulu, HI""]","[[32.7174202, -117.162772], [33.6879703, -117.8073342], [32.9919141, -117.2678124], [21.304547, -157.855676]]",,,False,0.0,core_keyword
US9447422,patent,AUTONOMOUS REPLICATION SEQUENCES AND EPISOMAL DNA MOLECULES,AUTONOMOUS REPLICATION SEQUENCES AND EPISOMAL DNA MOLECULES. The present invention provides autonomous replication sequences (ARSs) isolated from Nannochloropsis that support the replication of episomal DNA molecules (EDMs) in eukaryotic cells. The ARSs and EDMs provided herein can be used for expressing genes in organisms including algae and heterokonts.,2016,Poway,US,32.9628234,-117.035864,"[""Poway, CA"", ""San Diego, CA""]","[[32.9628234, -117.035864], [32.7174202, -117.162772]]",,,False,0.0,core_keyword
US9914931,patent,NANNOCHLOROPSIS SPLICED LEADER SEQUENCES AND USES THEREFOR,"NANNOCHLOROPSIS SPLICED LEADER SEQUENCES AND USES THEREFOR. The present invention relates to the culture and manipulation of microorganisms for biotech applications, and is based on the discovery and characterization of spliced leader sequences identified in transcripts from Nannochloropsis species. In particular, the invention provides nucleic acid compositions comprising a SL sequence operably linked to a protein-encoding gene. Further provided are compositions and methods for enhanced gene expression in recombinant microorganisms as well as methods for identification and/or isolation of nucleic acid molecules tagged with a spliced leader sequence.",2018,San Deigo,US,,,"[""San Deigo, CA"", ""San Diego, CA""]","[[32.7174202, -117.162772]]",,,False,0.0,core_keyword
US9506090,patent,Methods for Synthesizing FDCA and Derivatives Thereof,"Methods for Synthesizing FDCA and Derivatives Thereof. The present invention provides methods for producing a product of one or more enzymatic pathways. The pathways used in the methods of the invention involve one or more conversion steps such as, for example, an enzymatic conversion of guluronic acid into D-glucarate (Step 7); an enzymatic conversion of 5-ketogluconate (5-KGA) into L-Iduronic acid (Step 15); an enzymatic conversion of L-Iduronic acid into Idaric acid Step 7b); and an enzymatic conversion of 5-ketocluconate into 4,6-dihydroxy 2,5-diketo hexanoate (2,5-DDH) (Step 16). In some embodiments the methods of the invention produce 2,5-furandicarboxylic acid (FDCA) as a product. The methods include both enzymatic and chemical conversions as steps. Various pathways are also provided for converting glucose into 5-dehdyro-4-deoxy-glucarate (DDG), and for converting glucose into 2,5-furandicarboxylic acid (FDCA). The methods also involve the use of engineered enzymes that perform reactions with high specificity and efficiency. Additional products that can be produce include metabolic products such as, but not limited to, guluronic acid, L-iduronic acid, idaric acid, glucaric acid. Any of the products can be produced using glucose as a substrate or using any intermediate in any of the methods or pathways of the invention.",2016,San Diego,US,32.7174202,-117.162772,"[""San Diego, CA"", ""Solana Beach, CA""]","[[32.7174202, -117.162772], [32.9919141, -117.2678124]]",,,False,0.0,core_keyword
US9206435,patent,CROWDING AGENT-INDUCED NUCLEIC ACID TRANSFER INTO A RECIPIENT HOST CELL,CROWDING AGENT-INDUCED NUCLEIC ACID TRANSFER INTO A RECIPIENT HOST CELL. The presently disclosed invention relates to methods of transferring large nucleic acid molecules or a genome from one cell (the donor) into heterologous host cells in the presence of a crowding agent. The method allows for greater ease and efficiency of transfer of genetic material. Introduction of the donor genetic material into the recipient host cells also allows for manipulation of the donor nucleic acid molecule or genome within the host cells. Methods disclosed herein can be used to alter donor genomes from intractable donor cells in more tractable host cells.,2015,San Diego,US,32.7174202,-117.162772,"[""San Diego, CA"", ""La Jolla, CA""]","[[32.7174202, -117.162772], [32.8458529, -117.2575702]]",,,False,0.0,core_keyword
US9718060,patent,DIGITAL TO BIOLOGICAL CONVERTER,"DIGITAL TO BIOLOGICAL CONVERTER. The present invention provides a system for receiving biological sequence information and activating the synthesis of a biological entity. The system has a receiving unit for receiving a signal encoding biological sequence information transmitted from a transmitting unit. The transmitting unit can be present at a remote location from the receiving unit. The system also has an assembly unit connected to the receiving unit, and the assembly unit assembles the biological entity according to the biological sequence information. Thus, according to the present invention biological sequence information can be digitally transmitted to a remote location and the information converted into a biological entity, for example a protein useful as a vaccine, immediately upon being received by the receiving unit and without further human intervention after preparing the system for receipt of the information. The invention is useful, for example, for rapidly responding to viral and other biological threats that are specific to a particular locale.",2017,La Jolla,US,32.8458529,-117.2575702,"[""La Jolla, CA"", ""Carlsbad, CA"", ""San Marcos, CA""]","[[32.8458529, -117.2575702], [33.1580933, -117.3505966], [33.1352995, -117.1743395]]",,,False,0.0,core_keyword
US9546372,patent,REGULATORY ELEMENTS AND USES THEREOF,"REGULATORY ELEMENTS AND USES THEREOF. The present application provides novel regulatory elements including promoter sequences from marine microorganisms. The application further discloses DNA constructs containing these novel regulatory elements; transgenic cells, transgenic non-human organisms, and progeny containing these novel regulatory elements. Methods of modifying, producing, and using the regulatory elements are also disclosed. The regulatory elements disclosed herein are particularly suited for use in Nannochloropsis and other microalgae.",2017,San Diego,US,32.7174202,-117.162772,"[""San Diego, CA"", ""Irvine, CA""]","[[32.7174202, -117.162772], [33.6856969, -117.825981]]",,,False,0.0,core_keyword
US9181558,patent,PRODUCTION OF BRANCHED-CHAIN ALCOHOLS BY PHOTOSYNTHETIC MICROORGANISMS,"PRODUCTION OF BRANCHED-CHAIN ALCOHOLS BY PHOTOSYNTHETIC MICROORGANISMS. The present invention provides genes, polypeptides and expression constructs therefor, recombinant photosynthetic microorganisms, and method of use thereof, such as for the production of branched-chain alcohols (including 2-methyl-1-butanol, 3-methyl-1-butanol, and isobutanol) and derivatives thereof for a variety of uses.",2015,San Diego,US,32.7174202,-117.162772,"[""San Diego, CA""]","[[32.7174202, -117.162772]]",,,False,0.0,core_keyword
US9067970,patent,NOVEL ANTICANCER AGENTS COMPRISING PEPTIDES WITH CANCER-SPECIFIC TOXICITY,"NOVEL ANTICANCER AGENTS COMPRISING PEPTIDES WITH CANCER-SPECIFIC TOXICITY. The present invention relates a prophylactic or therapeutic composition for cancer, and more particularly, to a prophylactic or therapeutic composition for cancer comprising a peptide which is represented by an amino acid sequence of the following Formula (I), a method for preventing or treating cancer comprising the step of administering the peptide to a subject, and use of the peptide in the preparation of the prophylactic or therapeutic composition for cancer. (I) APKAMX 1 LLX 2 X 3 L-LX 4 LQKKGI wherein X 1 , X 2 , X 3 and X 4 are each independently R or K.",2015,Daejeon,KR,36.3497007,127.3849016,"[""Daejeon""]","[[36.3497007, 127.3849016]]",,,False,0.0,core_keyword
US9441238,patent,COMPOSITIONS AND METHODS FOR MODULATING THE SENSITIVITY OF CELLS TO AHAS INHIBITORS,"COMPOSITIONS AND METHODS FOR MODULATING THE SENSITIVITY OF CELLS TO AHAS INHIBITORS. Methods and materials useful for modulating the sensitivity of cells to an inhibitor of acetohydroxyacid synthase (AHAS) are disclosed. For example, nucleic acid molecules encoding AHAS large subunits are disclosed as well as methods for using such nucleic acid molecules to transform microbial cells and plant cells, and to confer modulated sensitivity to AHAS-inhibiting compounds onto such cells. Further provided are materials and methods useful for modulating growth, development, activity, and characteristics of host cells and organisms.",2016,San Diego,US,32.7174202,-117.162772,"[""San Diego, CA"", ""Irvine, CA""]","[[32.7174202, -117.162772], [33.6856969, -117.825981]]",,,False,0.0,core_keyword
US8968798,patent,Compositions of Volatile Organic Compounds and Methods of Use Thereof,"Compositions of Volatile Organic Compounds and Methods of Use Thereof. The present invention provides compositions and methods for treating, inhibiting or preventing the developing of a plant pathogenic disease. The compositions comprise volatile organic compounds effective to inhibit the growth of, or kill pathogenic microbes, including Ganoderma boninense . Invention compositions are especially useful in preventing and treating basal stem rot in the oil palm, and can be applied in the vicinity of the plant or used to sterilize the plant growth medium prior to or concurrent with plant growth therein.",2015,Encinitas,US,33.0369867,-117.2919818,"[""Encinitas, CA"", ""Bozeman, MT""]","[[33.0369867, -117.2919818], [45.6794293, -111.044047]]",,,False,0.0,core_keyword
US9771576,patent,MATERIALS AND METHODS FOR THE SYNTHESIS OF ERROR-MINIMIZED NUCLEIC ACID MOLECULES,"MATERIALS AND METHODS FOR THE SYNTHESIS OF ERROR-MINIMIZED NUCLEIC ACID MOLECULES. The present invention provides materials and methods useful for error correction of nucleic acid molecules. In one embodiment of the invention, a first plurality of double-stranded nucleic acid molecules having a nucleotide mismatch are fragmented by exposure to a molecule having unidirectional mismatch endonuclease activity. The nucleic acid molecules are cut at the mismatch site or near the mismatch site, leaving a double-stranded nucleic acid molecule having a mismatch at the end or near end of the molecule. The nucleic acid molecule is then exposed to a molecule having unidirectional exonuclease activity to remove the mismatched nucleotide. The missing nucleotides can then be filled in by the action of, e.g., a molecule having DNA polymerase activity. The result is double-stranded nucleic acid molecules with a decreased frequency of nucleotide mismatches. Also provided are novel nucleic acid sequences encoding mismatch endonucleases, polypeptides encoded thereby, as well as nucleic acid constructs, transgenic cells, and various compositions thereof.",2017,Carlsbad,US,33.1580933,-117.3505966,"[""Carlsbad, CA"", ""Rancho Sante Fe, CA"", ""San Diego, CA""]","[[33.1580933, -117.3505966], [32.7174202, -117.162772]]",,,False,0.0,core_keyword
US9005939,patent,PROTOILLUDENE SYNTHASE,"PROTOILLUDENE SYNTHASE. The present invention relates to an isolated, recombinant or synthetic polynucleotide encoding a polypeptide with protoilludene synthase activity and comprising a sequence selected from the group consisting of a) SEQ ID Nos. 1 or 14 of the attached sequence listing; b) a nucleic acid sequence complementary to SEQ ID Nos. 1 or 14; c) nucleic acid sequences which hybridize under stringent conditions to the nucleic acid sequences defined in a) and b) or their complementary strands, as well as to the polypeptide encoded by the isolated polynucleotide, as well as a method for the production of melleolides employing the polynucleotide or polypeptide of the invention.",2015,Aachen,DE,50.776351,6.083862,"[""Aachen"", ""Bochum"", ""Niederkirchen""]","[[50.776351, 6.083862], [51.4818111, 7.2196635], [49.4124185, 8.2123084]]",,,False,0.0,core_keyword
US9644225,patent,Programmable Oligonucleotide Synthesis,"Programmable Oligonucleotide Synthesis. The invention relates to methods for the preparation of synthetic nucleic acids, such as double-stranded nucleic acids. The methods involve the preparation of a multiplicity of different nucleic acid fragments by solid-phase synthesis, and the joining together of at least two of the multiplicity of the nucleic acid fragments by binding to one another or by covalent linkage. In the methods at least some of the nucleic acid fragments have a high AT content and are used in an increased amount relative to other fragments for the joining step.",2017,Mannheim,DE,49.4892913,8.4673098,"[""Mannheim"", ""Strasbourg""]","[[49.4892913, 8.4673098], [48.584614, 7.7507127]]",,,False,0.0,core_keyword
US8835149,patent,DGAT GENES COMPRISING PLECKSTRIN HOMOLOGY DOMAINS AND METHODS OF USE FOR TRIGLYCERIDE PRODUCTION IN RECOMBINANT MICROORGANISMS,"DGAT GENES COMPRISING PLECKSTRIN HOMOLOGY DOMAINS AND METHODS OF USE FOR TRIGLYCERIDE PRODUCTION IN RECOMBINANT MICROORGANISMS. The present invention provides novel diacylglycerol acyltransferase (DGAT) genes comprising Pleckstrin Homology (PH) domains. The present invention also provides for recombinant cells, such as algae, transformed with acyltransferase genes, such as DGAT, comprising PH domains, and methods of using such recombinant cells to produce increased triglyceride levels.",2014,San Diego,US,32.7174202,-117.162772,"[""San Diego, CA""]","[[32.7174202, -117.162772]]",,,False,0.0,core_keyword
US9309523,patent,NANNOCHLOROPSIS KOZAK CONSENSUS SEQUENCE,"NANNOCHLOROPSIS KOZAK CONSENSUS SEQUENCE. The present invention provides Nannochloropsis consensus Kozak sequences for use in protein expression in eukaryotic cells, such as algal cells. The invention further provides expression constructs, expression cassettes, cloning or expression vectors and host eukaryotic cells, such as algal cells, and methods for expressing proteins of interest which take advantage of the consensus Kozak sequences as described herein.",2016,Poway,US,32.9628234,-117.035864,"[""Poway, CA"", ""San Diego, CA""]","[[32.9628234, -117.035864], [32.7174202, -117.162772]]",,,False,0.0,core_keyword
US8883993,patent,TETRASELMIS PROMOTERS AND TERMINATORS FOR USE IN EUKARYOTIC CELLS,"TETRASELMIS PROMOTERS AND TERMINATORS FOR USE IN EUKARYOTIC CELLS. The present invention provides novel promoter and terminator sequences for use in gene expression in eukaryotic cells, such as algal cells. The invention further provides expression cassettes comprising a promoter, as described herein, operably linked to a gene. The invention further provides expression vectors and host eukaryotic cells, such as algal cells, for expressing a protein encoded by the gene; and methods for stably transforming eukaryotic algae such as Tetraselmis with transgenes.",2014,San Diego,US,32.7174202,-117.162772,"[""San Diego, CA"", ""Solana Beach, CA"", ""La Jolla, CA""]","[[32.7174202, -117.162772], [32.9919141, -117.2678124], [32.8458529, -117.2575702]]",,,False,0.0,core_keyword
US9328336,patent,DGAT GENES AND METHODS OF USE FOR TRIGLYCERIDE PRODUCTION IN RECOMBINANT MICROORGANISMS,"DGAT GENES AND METHODS OF USE FOR TRIGLYCERIDE PRODUCTION IN RECOMBINANT MICROORGANISMS. The present invention provides diacylglycerol acyltransferase (DGAT) genes, including genes encoding localization peptides. The present invention also provides recombinant cells, such as algae, transformed with DGAT genes and methods of using such recombinant cells to produce triglyceride.",2016,San Diego,US,32.7174202,-117.162772,"[""San Diego, CA"", ""La Jolla, CA"", ""Solana Beach, CA""]","[[32.7174202, -117.162772], [32.8458529, -117.2575702], [32.9919141, -117.2678124]]",,,False,0.0,core_keyword
US9017975,patent,PRODUCTION AND SECRETION OF FATTY ACIDS AND FATTY ACID DERIVATIVES,"PRODUCTION AND SECRETION OF FATTY ACIDS AND FATTY ACID DERIVATIVES. The invention relates to acyl-CoA-independent methods of producing fatty alcohols in recombinant host cells engineered to express an alcohol-forming acyl-ACP reductase. The recombinant host cells may be photosynthetic microorganisms, such as cyanobacteria. Isolated nucleic acid molecules, vectors, and recombinant host cells expressing an alcohol-forming acyl-ACP reductase, and systems for producing fatty alcohols via an acyl-CoA-independent pathway, are also provided. Also provided are microorganisms engineered for the secretion of fatty acids and fatty acid derivatives, including fatty alcohols, and methods of producing fatty acid derivatives using such engineering microorganisms.",2015,San Diego,US,32.7174202,-117.162772,"[""San Diego, CA""]","[[32.7174202, -117.162772]]",,,False,0.0,core_keyword
US10405554,patent,COMPOSITIONS AND METHODS FOR CONTROLLING HEAD BLIGHT DISEASE,"COMPOSITIONS AND METHODS FOR CONTROLLING HEAD BLIGHT DISEASE. Compositions comprising microbiological strains and cultures and methods of use thereof are provided herein. Certain strains, cultures, and compositions thereof are useful for the control of head blight disease, for example, of various crop plants. Biological control compositions, and methods of use thereof to prevent, inhibit or treat the development of plant pathogens or disease and for preserving plant yield, are also provided.",2019,San Diego,US,32.7174202,-117.162772,"[""San Diego, CA"", ""Encinitas, CA""]","[[32.7174202, -117.162772], [33.0369867, -117.2919818]]",,,False,0.0,core_keyword
US9329131,patent,METHOD OF ILLUMINATING ALGAE FOR ALGAE GROWTH,"METHOD OF ILLUMINATING ALGAE FOR ALGAE GROWTH. Systems and methods are provided for using a growth vessel to simulate algae growth and/or productivity in a reference environment, such as an open pond, a closed photobioreactor, or a hybrid system. Based on predicted algae sample trajectories in the reference environment, an illumination profile is developed. An algae sample in the growth vessel can then be exposed to the illumination profile under controlled conditions. Properties of algae in the reference environment can then be characterized based on the sample exposed to the illumination profile.",2016,Cardiff,US,33.6879703,-117.8073342,"[""Cardiff, CA"", ""Fort Collins, CO"", ""San Diego, CA""]","[[33.6879703, -117.8073342], [40.5871782, -105.0770113], [32.7174202, -117.162772]]",,,False,0.0,core_keyword
US8975061,patent,REGULATION OF TOXIN AND ANTITOXIN GENES FOR BIOLOGICAL CONTAINMENT,"REGULATION OF TOXIN AND ANTITOXIN GENES FOR BIOLOGICAL CONTAINMENT. The present invention relates to the regulation of a toxin and/or antitoxin genes in a genetically engineered microorganism, such as cyanobacterial or eukaryotic algal strains, in particular for preventing unintentional and/or uncontrolled spread of the microorganisms. The present invention also includes methods of controlling the growth and/or survival of the engineered microorganism",2015,San Diego,US,32.7174202,-117.162772,"[""San Diego, CA"", ""Encinitas, CA"", ""Bonita Springs, FL""]","[[32.7174202, -117.162772], [33.0369867, -117.2919818], [26.339806, -81.7786972]]",,,False,0.0,core_keyword
US10612034,patent,PROMOTERS AND TERMINATORS FOR USE IN EUKARYOTIC CELLS,"PROMOTERS AND TERMINATORS FOR USE IN EUKARYOTIC CELLS. The present invention provides novel promoter and terminator sequences for use in heterologous gene expression in eukaryotic cells, such as algal cells. The invention further provides expression cassettes comprising a promoter, as described herein, operably linked to a heterologous gene. The invention further provides expression vectors and host eukaryotic cells, such as algal cells, for expressing a protein encoded by the heterologous gene; and methods for identifying promoters.",2020,SAN DIEGO,US,32.7174202,-117.162772,"[""SAN DIEGO, CA""]","[[32.7174202, -117.162772]]",,,False,0.0,core_keyword
US9181568,patent,CELL SYSTEMS AND METHODS FOR IMPROVING FATTY ACID SYNTHESIS BY EXPRESSION OF DEHYDROGENASES,"CELL SYSTEMS AND METHODS FOR IMPROVING FATTY ACID SYNTHESIS BY EXPRESSION OF DEHYDROGENASES. The invention relates to methods for producing lipids such as fatty acid products in recombinant host cells engineered to express a non-native gene encoding a dehydrogenase. The recombinant microorganisms are able to proliferate at a higher rate as compared with microorganisms that do not express a non-native dehydrogenase gene, and cultures of microorganisms that are engineered for lipid production and that express a non-native dehydrogenase produce more lipid than cultures of control microorganisms that do not include a non-native dehydrogenase gene.",2015,San Diego,US,32.7174202,-117.162772,"[""San Diego, CA""]","[[32.7174202, -117.162772]]",,,False,0.0,core_keyword
US8367335,patent,PROGRAMMABLE OLIGONUCLEOTIDE SYNTHESIS,PROGRAMMABLE OLIGONUCLEOTIDE SYNTHESIS. The invention relates to methods and devices for preparing synthetic nucleic acids.,2013,Mannheim,DE,49.4892913,8.4673098,"[""Mannheim"", ""Strasbourg""]","[[49.4892913, 8.4673098], [48.584614, 7.7507127]]",,,False,0.0,core_keyword
US10131903,patent,MICROFLUIDIC PLATFORM FOR SYNTHETIC BIOLOGY APPLICATIONS,"MICROFLUIDIC PLATFORM FOR SYNTHETIC BIOLOGY APPLICATIONS. This invention provides methods and compositions for assembling biological constructs (e.g., plasmids, transformed cells, etc.). In certain embodiments the methods involve encapsulating separate components of the biological construct each in a fluid droplet confined in a fluid channel; optionally mixing droplets from different fluid channels to form a sequenced order of droplets carrying different components of the biological construct in a channel or chamber; and optionally combining two or more droplets each containing different components of the biological construct to permit the components to react with each other in one or more reactions contributing to the assembly of the biological construct.",2018,San Jose,US,37.3361663,-121.890591,"[""San Jose, CA"", ""Emeryville, CA"", ""Danville, CA"", ""San Francisco, CA""]","[[37.3361663, -121.890591], [37.8314089, -122.2865266], [37.8225892, -122.0008254], [37.7879363, -122.4075201]]",,,False,0.0,core_keyword
US9040264,patent,Recombinant Cyanobacterium Expressing a Transcription Factor Domain Protein,"Recombinant Cyanobacterium Expressing a Transcription Factor Domain Protein. The invention provides microorganisms such as cyanobacteria genetically engineered to express proteins that include transcription factor domains for upregulation of lipid biosynthetic pathways. In addition to expression a gene encoding a transcription factor domain protein, the recombinant microorganisms can express at least one exogenous gene that encodes a polypeptide for the production of a fatty acid, fatty acid derivative, or triglyceride. Also included are methods of producing a fatty acid, fatty acid derivative, or triglyceride using the engineered microorganisms described herein as well as nucleic acid molecules encoding novel transcription factor domain proteins.",2015,Portland,US,45.5202471,-122.674194,"[""Portland, OR"", ""San Diego, CA""]","[[45.5202471, -122.674194], [32.7174202, -117.162772]]",,,False,0.0,core_keyword
US8921090,patent,ACYL-ACP WAX ESTER SYNTHASES,"ACYL-ACP WAX ESTER SYNTHASES. The invention relates to acyl-CoA-independent methods of producing a wax ester in recombinant host cells engineered to express an acyl-ACP wax ester synthase, and an alcohol-forming acyl-ACP reductase. The methods of the invention may take place in photosynthetic microorganisms, and particularly in cyanobacteria. Isolated nucleotide molecules and vectors expressing an acyl-ACP wax ester synthase and/or an alcohol-forming acyl-ACP reductase, recombinant host cells expressing an acyl-ACP wax ester synthase and optionally an alcohol-forming acyl-ACP reductase, and systems for producing a wax ester via an acyl-CoA-independent pathway, are also provided.",2014,San Deigo,US,,,"[""San Deigo, CA"", ""San Diego, CA""]","[[32.7174202, -117.162772]]",,,False,0.0,core_keyword
US9243207,patent,SOLVENT EXTRACTION OF PRODUCTS FROM ALGAE,"SOLVENT EXTRACTION OF PRODUCTS FROM ALGAE. Processes for extracting product molecules from an algae feed are provided. The algae feed represents an input stream, batch sample, or other algae portion suitable for use in product extraction. The product extraction is typically performed at pressures greater than ambient pressure. This allows for improved extraction, including the potential for use of extraction solvents at temperatures greater than the boiling point for the solvent.",2016,San Diego,US,32.7174202,-117.162772,"[""San Diego, CA"", ""Glen Gardner, NJ"", ""Cypress, TX""]","[[32.7174202, -117.162772], [40.6967671, -74.9407248], [29.9691116, -95.6971686]]",,,False,0.0,core_keyword
US8962299,patent,FOUR-GENE PATHWAY FOR WAX ESTER SYNTHESIS,"FOUR-GENE PATHWAY FOR WAX ESTER SYNTHESIS. The invention relates to methods for producing a wax ester in recombinant host cells engineered to express a thioesterase, an acyl-CoA synthetase, an alcohol-forming fatty acyl reductase, and a wax ester synthase. The methods of the invention may take place in photosynthetic microorganisms, and particularly in cyanobacteria. Isolated nucleotide molecules and vectors expressing the thioesterase, acyl-CoA synthetase, alcohol-forming fatty acyl reductase, and wax ester synthase, recombinant host cells expressing the thioesterase, acyl-CoA synthetase, alcohol-forming fatty acyl reductase, and wax ester synthase, and systems for producing a wax ester via a pathway using these four enzymes, are also provided.",2015,San Diego,US,32.7174202,-117.162772,"[""San Diego, CA""]","[[32.7174202, -117.162772]]",,,False,0.0,core_keyword
US9096834,patent,RECOMBINANT MICROORGANISMS COMPRISING THIOESTERASE AND LYSOPHOSPHATIDIC ACID ACYLTRANSFERASE GENES FOR FATTY ACID PRODUCTION,"RECOMBINANT MICROORGANISMS COMPRISING THIOESTERASE AND LYSOPHOSPHATIDIC ACID ACYLTRANSFERASE GENES FOR FATTY ACID PRODUCTION. The present invention provides for the improved production of fatty acid products in a recombinant microorganism or host cell engineered to express a non-native gene encoding a thioesterase and a non-native gene encoding a lysophosphatidic acid acyltransferase (LPAAT), in which the LPAAT is overexpressed in the recombinant microorganism compared to an otherwise identical microorganism that does not include the non-native LPAAT gene. The invention also provides methods of producing fatty acid products using such recombinant microorganisms.",2015,San Diego,US,32.7174202,-117.162772,"[""San Diego, CA"", ""Encinitas, CA"", ""San Deigo, CA""]","[[32.7174202, -117.162772], [33.0369867, -117.2919818]]",,,False,0.0,core_keyword
US10233470,patent,SECRETION OF FATTY ACIDS BY PHOTOSYNTHETIC MICROORGANISMS,SECRETION OF FATTY ACIDS BY PHOTOSYNTHETIC MICROORGANISMS. Recombinant photosynthetic microorganisms that convert inorganic carbon to secreted fatty acids are described. Methods to recover the secreted fatty acids from the culture medium without the need for cell harvesting are also described.,2019,SAN DIEGO,US,32.7174202,-117.162772,"[""SAN DIEGO, CA"", ""CARDIFF, CA""]","[[32.7174202, -117.162772], [33.6883572, -117.8063848]]",,,False,0.0,core_keyword
US8445257,patent,PRODUCTION OF BRANCHED-CHAIN ALCOHOLS BY PHOTOSYNTHETIC MICROORGANISMS,"PRODUCTION OF BRANCHED-CHAIN ALCOHOLS BY PHOTOSYNTHETIC MICROORGANISMS. The present invention provides genes, polypeptides and expression constructs therefor, recombinant photosynthetic microorganisms, and method of use thereof, such as for the production of branched-chain alcohols (including 2-methyl-1-butanol, 3-methyl-1-butanol, and isobutanol) and derivatives thereof for a variety of uses.",2013,San Diego,US,32.7174202,-117.162772,"[""San Diego, CA""]","[[32.7174202, -117.162772]]",,,False,0.0,core_keyword
US8940508,patent,ENHANCEMENT OF BIOMASS PRODUCTION BY DISRUPTION OF LIGHT ENERGY DISSIPATION PATHWAYS,"ENHANCEMENT OF BIOMASS PRODUCTION BY DISRUPTION OF LIGHT ENERGY DISSIPATION PATHWAYS. The invention provides a method of producing biomass or at least one biomolecule comprising culturing a photosynthetic microorganism that comprises a disrupted Non-Photochemical Quenching (NPQ) process, and isolating biomass or at least one biomolecule from the culture.",2015,Fort Collins,US,40.5871782,-105.0770113,"[""Fort Collins, CO""]","[[40.5871782, -105.0770113]]",,,False,0.0,core_keyword
US9187726,patent,CULTURING A MICROORGANISM IN A MEDIUM WITH AN ELEVATED LEVEL OF A CARBOXYLATE COUNTERION SOURCE,"CULTURING A MICROORGANISM IN A MEDIUM WITH AN ELEVATED LEVEL OF A CARBOXYLATE COUNTERION SOURCE. The invention provides a method of culturing a microorganism that produces a free fatty acid in a culture medium, comprising culturing the microorganism in the culture medium comprising a sufficient amount (e.g., at least about 0.5 mM) of a carboxylate counterion source to enhance viability of the microorganism in the culture medium. Fatty acids produced using the methods of the invention can be used to synthesize a variety of products, including biofuels.",2015,Austin,US,30.2711286,-97.7436995,"[""Austin, TX"", ""San Diego, CA""]","[[30.2711286, -97.7436995], [32.7174202, -117.162772]]",,,True,0.0714,core_keyword
US8846370,patent,GENETICALLY ENGINEERED MICROORGANISMS COMPRISING 4-HYDROXYBENZOYL-COA THIOESTERASES AND METHODS OF USING THE SAME FOR PRODUCING FREE FATTY ACIDS AND FATTY ACID DERIVATIVES,"GENETICALLY ENGINEERED MICROORGANISMS COMPRISING 4-HYDROXYBENZOYL-COA THIOESTERASES AND METHODS OF USING THE SAME FOR PRODUCING FREE FATTY ACIDS AND FATTY ACID DERIVATIVES. The described invention provides genetically engineered microorganisms, including photosynthetic microorganisms, expressing 4-hydroxybenzoyl-CoA thioesterases and methods of using the genetically engineered microorganisms for producing free fatty acids and/or fatty acid derivatives.",2014,San Diego,US,32.7174202,-117.162772,"[""San Diego, CA""]","[[32.7174202, -117.162772]]",,,False,0.0,core_keyword
US9175256,patent,PRODUCTION OF FATTY ACIDS AND FATTY ACID DERIVATIVES BY RECOMBINANT MICROORGANISMS EXPRESSING POLYPEPTIDES HAVING LIPOLYTIC ACTIVITY,"PRODUCTION OF FATTY ACIDS AND FATTY ACID DERIVATIVES BY RECOMBINANT MICROORGANISMS EXPRESSING POLYPEPTIDES HAVING LIPOLYTIC ACTIVITY. The invention provides transgenic photosynthetic microorganisms that include non-native genes encoding polypeptides having lipolytic activity for production of free fatty acids and fatty acid derivatives, and methods of producing free fatty acids and fatty acid derivatives using the transgenic microorganisms disclosed herein. The invention also provides transgenic microorganisms that include non-native genes encoding polypeptides having lipolytic activity, and novel genes encoding polypeptides demonstrating lipolytic activity.",2015,San Diego,US,32.7174202,-117.162772,"[""San Diego, CA"", ""Austin, TX""]","[[32.7174202, -117.162772], [30.2711286, -97.7436995]]",,,False,0.0,core_keyword
US8530207,patent,PHOTOSYNTHETIC MICROORGANISMS COMPRISING EXOGENOUS PROKARYOTIC ACYL-ACP THIOESTERASES AND METHODS FOR PRODUCING FATTY ACIDS,PHOTOSYNTHETIC MICROORGANISMS COMPRISING EXOGENOUS PROKARYOTIC ACYL-ACP THIOESTERASES AND METHODS FOR PRODUCING FATTY ACIDS. The described invention provides genetically engineered photosynthetic microorganisms expressing prokaryotic acyl-ACP thioesterases and methods of using the genetically engineered photosynthetic microorganisms for producing free fatty acids and/or fatty acid derivatives.,2013,Minneapolis,US,44.9772995,-93.2654692,"[""Minneapolis, MN"", ""San Diego, CA""]","[[44.9772995, -93.2654692], [32.7174202, -117.162772]]",,,False,0.0,core_keyword
US9080188,patent,METHYLBUTANOL AS AN ADVANCED BIOFUEL,"METHYLBUTANOL AS AN ADVANCED BIOFUEL. This invention describes genes, metabolic pathways, microbial strains and methods to produce methylbutanol and other compounds of interest from renewable feedstocks.",2015,Rancho Santa Fe,US,33.0242314,-117.1979781,"[""Rancho Santa Fe, CA"", ""San Diego, CA"", ""La Jolla, CA"", ""Minneapolis, MN"", ""Solana Beach, CA""]","[[33.0242314, -117.1979781], [32.7174202, -117.162772], [32.8458529, -117.2575702], [44.9772995, -93.2654692], [32.9919141, -117.2678124]]",,,True,0.0714,core_keyword
US8871525,patent,MASS SPECTROMETRY METHOD,MASS SPECTROMETRY METHOD. The invention provides a mechanism for semi-quantitatively measuring individual isotopomer species of a molecule using gas chromatograph mass spectrometry. The method allows for semi-quantitatively tracking the movement of ions by measuring the individual isotopomer species of a molecule.,2014,Solana Beach,US,32.9919141,-117.2678124,"[""Solana Beach, CA"", ""San Diego, CA""]","[[32.9919141, -117.2678124], [32.7174202, -117.162772]]",,,False,0.0,core_keyword
US9528061,patent,SOLUBILIZATION OF COAL OR LIGNOCELLULOSE BIOMASS,"SOLUBILIZATION OF COAL OR LIGNOCELLULOSE BIOMASS. The present methods deal with the solubilization of coal and lignocellulose biomass using pyrophosphates, polyphosphates, or derivatives thereof.",2016,Houston,US,29.7589382,-95.3676974,"[""Houston, TX"", ""San Diego, CA"", ""Roanoke, VA""]","[[29.7589382, -95.3676974], [32.7174202, -117.162772], [37.270973, -79.9414313]]",,,False,0.0,core_keyword
US8448702,patent,METHODS OF ENHANCING BIOGENIC PRODUCTION OF METHANE FROM HYDROCARBON-BEARING FORMATIONS,"METHODS OF ENHANCING BIOGENIC PRODUCTION OF METHANE FROM HYDROCARBON-BEARING FORMATIONS. The present invention describes methods of identifying stimulants for the biogenic production of methane in hydrocarbon-bearing formations. Methods involve the use of microbial nucleic acid sequence information for the determination of gene products that are enzymes in a variety of pathways involved in the conversion of hydrocarbons to methane. Enzymes and stimulants identified by invention methods can be used in processes for enhancing biogenic methane production, for example, by addition to coal seams and coalbed methane wells.",2013,San Diego,US,32.7174202,-117.162772,"[""San Diego, CA"", ""Encinitas, CA"", ""La Jolla, CA""]","[[32.7174202, -117.162772], [33.0369867, -117.2919818], [32.8458529, -117.2575702]]",,,False,0.0,core_keyword
US8871716,patent,NOVEL USE OF ANTIMICROBIAL PEPTIDES IN REGENERATION OF SKIN CELLS,"NOVEL USE OF ANTIMICROBIAL PEPTIDES IN REGENERATION OF SKIN CELLS. Disclosed are novel antimicrobial peptides which can promote the regeneration of skin cells, thus healing wounds. Pharmaceutical compositions comprising the peptides as active ingredients are also provided for wound healing and skin rejuvenation. The antimicrobial peptides exhibit inhibitory activity against antibiotic-resistant strains, and their antimicrobial activity is maintained without loss of structural stability even under a high salt condition. Also, being proven to promote the migration and regeneration of skin cells in mice as well as in vitro, the antimicrobial peptides may be widely used as an agent for regenerating skin cells. Further, they can find applications in various fields including the medical industry and the cosmetic industry. Hence, the novel antimicrobial peptides are anticipated to have considerable repercussions in the market for antibiotics, wound healing agents and cosmetics.",2014,Daejeon,KR,36.3497007,127.3849016,"[""Daejeon""]","[[36.3497007, 127.3849016]]",,,False,0.0,core_keyword
US8309323,patent,DIMETHYLOCTANE AS AN ADVANCED BIOFUEL,"DIMETHYLOCTANE AS AN ADVANCED BIOFUEL. This invention describes genes, metabolic pathways, microbial strains and methods to produce 2,6-dimethyloctane as an advanced biofuel from renewable feedstocks.",2012,Solana Beach,US,32.9919141,-117.2678124,"[""Solana Beach, CA"", ""Rancho Santa Fe, CA"", ""San Diego, CA"", ""Scandia, MN""]","[[32.9919141, -117.2678124], [33.0242314, -117.1979781], [32.7174202, -117.162772], [45.2533659, -92.8062958]]",,,True,0.0714,core_keyword
US8633002,patent,MICROBIAL PRODUCTION OF FATTY ALCOHOLS,"MICROBIAL PRODUCTION OF FATTY ALCOHOLS. Genes and strains of recombinant microorganisms are provided that are engineered to produce fatty alcohols and fatty alcohol derivatives. The organisms can include one, two, three or more transgenes that direct the biosynthesis of one or more fatty alcohols or derivatives. Methods of producing fatty alcohols using transgenic microorganisms are also provided.",2014,SAN DIEGO,US,32.7174202,-117.162772,"[""SAN DIEGO, CA"", ""Minneapolis, MN""]","[[32.7174202, -117.162772], [44.9772995, -93.2654692]]",,,False,0.0,core_keyword
US8859744,patent,RECOMBINANT HYDROGEN-PRODUCING CYANOBACTERIUM AND USES THEREOF,"RECOMBINANT HYDROGEN-PRODUCING CYANOBACTERIUM AND USES THEREOF. A recombinant cyanobacterium comprising an oxygen-tolerant, hydrogen-evolving hydrogenase, kit, and methods of use.",2014,Rockville,US,39.0817985,-77.1516844,"[""Rockville, MD"", ""San Diego, CA""]","[[39.0817985, -77.1516844], [32.7174202, -117.162772]]",,,False,0.0,core_keyword
US8956834,patent,ACYL-ACP THIOESTERASE GENES AND USES THEREFOR,"ACYL-ACP THIOESTERASE GENES AND USES THEREFOR. The present invention provides novel genes encoding Class II acyl-ACP thioesterases and variants thereof that are active on C8, C10, C12, C14, C16, and C18 acyl-ACP substrates. The thioesterases can be introduced into transgenic organisms, including microorganisms and photosynthetic organisms, for producing fatty acids and fatty acid products.",2015,San Diego,US,32.7174202,-117.162772,"[""San Diego, CA""]","[[32.7174202, -117.162772]]",,,False,0.0,core_keyword
US8435736,patent,METHOD FOR IN VITRO RECOMBINATION,"METHOD FOR IN VITRO RECOMBINATION. The present invention relates to an in vitro method, using isolated protein reagents, for joining two double-stranded (ds) DNA molecules of interest, wherein the distal region of the first DNA molecule and the proximal region of the second DNA molecule share a region of sequence identity. The method allows the joining of a number of DNA fragments, in a predetermined order and orientation, without the use of restriction enzymes. It can be used, e.g., to join synthetically produced sub-fragments of a gene or genome of interest.",2013,Crofton,US,39.0159547,-76.6842057,"[""Crofton, MD"", ""San Diego, CA""]","[[39.0159547, -76.6842057], [32.7174202, -117.162772]]",,,False,0.0,core_keyword
US9267132,patent,METHODS FOR CLONING AND MANIPULATING GENOMES,"METHODS FOR CLONING AND MANIPULATING GENOMES. Compositions and methods are disclosed herein for cloning a synthetic or a semi-synthetic donor genome in a heterologous host cell. In one embodiment, the donor genome can be further modified within a host cell. Modified or unmodified genomes can be further isolated from the host cell and transferred to a recipient cell. Methods disclosed herein can be used to alter donor genomes from intractable donor cells in more tractable host cells.",2016,Portland,US,45.5202471,-122.674194,"[""Portland, OR"", ""Germantown, MD"", ""La Jolla, CA"", ""Des Arenes Bayonne"", ""Boyds, MD"", ""Jessup, MD"", ""San Diego, CA"", ""Sykesville, MD"", ""Montgomery Village, MD"", ""Rockville, MD"", ""Crofton, MD""]","[[45.5202471, -122.674194], [39.1712341, -77.2655648], [32.8458529, -117.2575702], [43.4872014, -1.4886959], [39.1840886, -77.3122325], [39.1470015, -76.7699177], [32.7174202, -117.162772], [39.365992, -76.9688737], [39.175284, -77.2071214], [39.0817985, -77.1516844], [39.0159547, -76.6842057]]",,,False,0.0,core_keyword
US9481880,patent,METHODS OF GENOME INSTALLATION IN A RECIPIENT HOST CELL,"METHODS OF GENOME INSTALLATION IN A RECIPIENT HOST CELL. The presently disclosed invention relates to methods of installing a genome isolated from one species (the donor) into suitably prepared cells of a second species (the recipient). Introduction of the donor genetic material into the recipient host cell effectively converts the recipient host cell into a new cell that, as a result of the operation of the donated genetic material, is functionally classified as belonging to the genus and species of the donor genetic material.",2016,Germantown,US,39.1712341,-77.2655648,"[""Germantown, MD"", ""La Jolla, CA"", ""Gaithersburg, MD"", ""Sykesville, MD"", ""Boyds, MD""]","[[39.1712341, -77.2655648], [32.8458529, -117.2575702], [39.1399187, -77.1929215], [39.365992, -76.9688737], [39.1840886, -77.3122325]]",,,False,0.0,core_keyword
US8425946,patent,COMPOSITIONS OF VOLATILE ORGANIC COMPOUNDS AND METHODS OF USE THEREOF,"COMPOSITIONS OF VOLATILE ORGANIC COMPOUNDS AND METHODS OF USE THEREOF. The present invention provides compositions and methods for treating, inhibiting or preventing the developing of a plant pathogenic disease. The compositions comprise volatile organic compounds effective to inhibit the growth of, or kill pathogenic microbes, including Ganoderma boninense . Invention compositions are especially useful in preventing and treating basal stem rot in the oil palm, and can be applied in the vicinity of the plant or used to sterilize the plant growth medium prior to or concurrent with plant growth therein.",2013,Encinitas,US,33.0369867,-117.2919818,"[""Encinitas, CA"", ""Bozeman, MT""]","[[33.0369867, -117.2919818], [45.6794293, -111.044047]]",,,False,0.0,core_keyword
US9534251,patent,IN VITRO RECOMBINATION METHOD,"IN VITRO RECOMBINATION METHOD. The present invention relates, e.g., to in vitro method, using isolated protein reagents, for joining two double stranded (ds) DNA molecules of interest, wherein the distal region of the first DNA molecule and the proximal region of the second DNA molecule share a region of sequence identity, comprising contacting the two DNA molecules in a reaction mixture with (a) a non-processive 5&#x2032; exonuclease; (b) a single stranded DNA binding protein (SSB) which accelerates nucleic acid annealing; (c) a non strand-displacing DNA polymerase; and (d) a ligase, under conditions effective to join the two DNA molecules to form an intact double stranded DNA molecule, in which a single copy of the region of sequence identity is retained. The method allows the joining of a number of DNA fragments, in a predetermined order and orientation, without the use of restriction enzymes.",2017,Gaithersburg,US,39.1399187,-77.1929215,"[""Gaithersburg, MD"", ""San Diego, CA"", ""Crofton, MD""]","[[39.1399187, -77.1929215], [32.7174202, -117.162772], [39.0159547, -76.6842057]]",,,False,0.0,core_keyword
US9556413,patent,SYSTEM AND METHODS FOR ANAEROBIC ENVIRONMENTAL MICROBIAL COMPARTMENTALIZED CULTIVATION,"SYSTEM AND METHODS FOR ANAEROBIC ENVIRONMENTAL MICROBIAL COMPARTMENTALIZED CULTIVATION. The invention described below relates to an enclosed cell sorting device and methods of using the device. The device is constructed so that the entire process of cell sorting can be conducted under fully anaerobic conditions to retain viability of anaerobic cells before, during, and after cell sorting. This is accomplished by creating an anaerobic atmosphere for the high speed cell sorter and all its components and by the use of airlocks that allow the introduction of anaerobic containers into the chamber containing the sample.",2017,La Jolla,US,32.8458529,-117.2575702,"[""La Jolla, CA"", ""San Diego, CA"", ""Belmont, MA"", ""San Marcos, CA"", ""Encinitas, CA""]","[[32.8458529, -117.2575702], [32.7174202, -117.162772], [42.3959296, -71.1786655], [33.1352995, -117.1743395], [33.0369867, -117.2919818]]",,,False,0.0,core_keyword
US9273310,patent,METHODS FOR CLONING AND MANIPULATING GENOMES,"METHODS FOR CLONING AND MANIPULATING GENOMES. Compositions and methods are disclosed herein for cloning a donor genome in a heterologous host cell. In one embodiment, the donor genome can be further modified within a host cell. Modified or unmodified genomes can be further isolated from the host cell and transferred to a recipient cell. Methods disclosed herein can be used to alter donor genomes from intractable donor cells in more tractable host cells.",2016,PARTLAND,US,,,"[""PARTLAND, OR"", ""Germantown, MD"", ""La Jolla, CA"", ""Des Arenes Bayonne"", ""Boyds, MD"", ""Jessup, MD"", ""San Diego, CA"", ""Sykesville, MD"", ""Montgomery Village, MD"", ""Rockville, MD"", ""Crofton, MD""]","[[39.1712341, -77.2655648], [32.8458529, -117.2575702], [43.4872014, -1.4886959], [39.1840886, -77.3122325], [39.1470015, -76.7699177], [32.7174202, -117.162772], [39.365992, -76.9688737], [39.175284, -77.2071214], [39.0817985, -77.1516844], [39.0159547, -76.6842057]]",,,False,0.0,core_keyword
US8124400,patent,PRODUCTION OF BRANCHED-CHAIN ALCOHOLS BY PHOTOSYNTHETIC MICROORGANISMS,"PRODUCTION OF BRANCHED-CHAIN ALCOHOLS BY PHOTOSYNTHETIC MICROORGANISMS. The present invention provides genes, polypeptides and expression constructs therefor, recombinant photosynthetic microorganisms, and method of use thereof, such as for the production of branched-chain alcohols (including 2-methyl-1-butanol, 3-methyl-1-butanol, and isobutanol) and derivatives thereof for a variety of uses.",2012,San Diego,US,32.7174202,-117.162772,"[""San Diego, CA""]","[[32.7174202, -117.162772]]",,,False,0.0,core_keyword
US7977056,patent,METHODS OF IDENTIFYING STIMULANTS FOR BIOGENIC METHANE PRODUCTION FROM HYDROCARBON-BEARING FORMATIONS,"METHODS OF IDENTIFYING STIMULANTS FOR BIOGENIC METHANE PRODUCTION FROM HYDROCARBON-BEARING FORMATIONS. The present invention describes methods of identifying stimulants for the biogenic production of methane in hydrocarbon-bearing formations. Methods involve the use of microbial nucleic acid sequence information for the determination of gene products that are enzymes in a variety of pathways involved in the conversion of hydrocarbons to methane. Enzymes and stimulants identified by invention methods can be used in processes for enhancing biogenic methane production, for example, by addition to coal seams and coalbed methane wells.",2011,San Diego,US,32.7174202,-117.162772,"[""San Diego, CA"", ""Encinitas, CA"", ""La Jolla, CA""]","[[32.7174202, -117.162772], [33.0369867, -117.2919818], [32.8458529, -117.2575702]]",,,False,0.0,core_keyword
US9758810,patent,IDENTIFICATION OF CENTROMERE SEQUENCES AND USES THEREFOR,"IDENTIFICATION OF CENTROMERE SEQUENCES AND USES THEREFOR. Provided herein are methods for identifying centromeres and centromeres identified by such methods. Centromeres of organisms such as algae, fungi, and protists can be used, for example, for constructing artificial chromosomes and cells containing such artificial chromosomes.",2017,Del Mar,US,32.9594891,-117.2653146,"[""Del Mar, CA"", ""San Diego, CA""]","[[32.9594891, -117.2653146], [32.7174202, -117.162772]]",,,False,0.0,core_keyword
US8242242,patent,"PREPARATION OF AN ARTIFICIAL TRANSCRIPTION FACTOR COMPRISING ZINC FINGER PROTEIN AND TRANSCRIPTION FACTOR OF PROKARYOTE, AND A USE THEREOF","PREPARATION OF AN ARTIFICIAL TRANSCRIPTION FACTOR COMPRISING ZINC FINGER PROTEIN AND TRANSCRIPTION FACTOR OF PROKARYOTE, AND A USE THEREOF. The present invention relates to an artificial transcription factor which can artificially regulate gene expression of an E. coli , wherein the transcription factor comprising zinc finger proteins and transcription factors of prokaryote, and to be engineered E. coli using the same. Specifically, the artificial transcription factors comprising zinc finger domains and transcription factors in E. coli as effector domains are prepared and said artificial transcription library is introduced to E. coli to effectively and artificially regulate gene expression regardless of an activity of endogenous transcription factors in the E. coli and to induce E. coli having various desired phenotypes. Thus, only E. coli having the desired phenotypes useful for industries can be selected and used.",2012,Daejeon,KR,36.3497007,127.3849016,"[""Daejeon""]","[[36.3497007, 127.3849016]]",,,False,0.0,core_keyword
US9568839,patent,METHOD FOR PRODUCING POLYMERS,"METHOD FOR PRODUCING POLYMERS. The invention relates to a method for producing polymers, in particular synthetic nucleic acid double strands of optional sequence, comprising the steps: (a) provision of a support having a surface area which contains a plurality of individual reaction areas, (b) location-resolved synthesis of nucleic acid fragments having in each case different base sequences in several of the individual reaction areas, and (c) detachment of the nucleic acid fragments from individual reaction areas.",2017,Mannheim,DE,49.4892913,8.4673098,"[""Mannheim"", ""Hirschberg a.d. Bergstrasse/Grosssachsen"", ""Ladenburg""]","[[49.4892913, 8.4673098], [49.5126243, 8.6556535], [49.4724349, 8.6106455]]",,,False,0.0,core_keyword
US8173368,patent,PROGRAMMABLE OLIGONUCLEOTIDE SYNTHESIS,PROGRAMMABLE OLIGONUCLEOTIDE SYNTHESIS. The invention relates to methods and devices for preparing synthetic nucleic acids.,2012,Mannheim,DE,49.4892913,8.4673098,"[""Mannheim"", ""Strasbourg""]","[[49.4892913, 8.4673098], [48.584614, 7.7507127]]",,,False,0.0,core_keyword
US8968999,patent,METHODS FOR IN VITRO JOINING AND COMBINATORIAL ASSEMBLY OF NUCLEIC ACID MOLECULES,"METHODS FOR IN VITRO JOINING AND COMBINATORIAL ASSEMBLY OF NUCLEIC ACID MOLECULES. The present invention relates to methods of joining two or more double-stranded (ds) or single-stranded (ss) DNA molecules of interest in vitro, wherein the distal region of the first DNA molecule and the proximal region of the second DNA molecule of each pair share a region of sequence identity. The method allows the joining of a large number of DNA fragments, in a predetermined order and orientation, without the use of restriction enzymes. It can be used, e.g., to join synthetically produced sub-fragments of a gene or genome of interest. Kits for performing the method are also disclosed. The methods of joining DNA molecules may be used to generate combinatorial libraries useful to generate, for example, optimal protein expression through codon optimization, gene optimization, and pathway optimization.",2015,Crofton,US,39.0159547,-76.6842057,"[""Crofton, MD"", ""San Diego, CA"", ""La Jolla, CA"", ""Gaithersburg, MD""]","[[39.0159547, -76.6842057], [32.7174202, -117.162772], [32.8458529, -117.2575702], [39.1399187, -77.1929215]]",,,False,0.0,core_keyword
US8114641,patent,METHYLBUTANOL AS AN ADVANCED BIOFUEL,"METHYLBUTANOL AS AN ADVANCED BIOFUEL. This invention describes genes, metabolic pathways, microbial strains and methods to produce methyl butanol and other compounds of interest from renewable feedstocks.",2012,Solana Beach,US,32.9919141,-117.2678124,"[""Solana Beach, CA"", ""San Diego, CA"", ""La Jolla, CA"", ""SOLANA BEACH, CA""]","[[32.9919141, -117.2678124], [32.7174202, -117.162772], [32.8458529, -117.2575702], [32.9919141, -117.2678124]]",,,True,0.0714,core_keyword
US9593329,patent,ASSEMBLY OF LARGE NUCLEIC ACIDS,"ASSEMBLY OF LARGE NUCLEIC ACIDS. A method to assemble any desired nucleic acid molecule by combining cassettes in vitro to form assemblies which are further combined in vivo, or by assembling large numbers of DNA fragments by recombination in a yeast culture to obtain desired DNA molecules of substantial size is described.",2017,Crofton,US,39.0159547,-76.6842057,"[""Crofton, MD"", ""Gaithersburg, MD"", ""Germantown, MD"", ""San Diego, CA"", ""La Jolla, CA""]","[[39.0159547, -76.6842057], [39.1399187, -77.1929215], [39.1712341, -77.2655648], [32.7174202, -117.162772], [32.8458529, -117.2575702]]",,,False,0.0,core_keyword
US8835160,patent,SYNTHETIC BIOLOGY VECTORS,"SYNTHETIC BIOLOGY VECTORS. The present invention provides compositions, methods and kits for generating synthetic genetic circuits in biological systems. In particular, the present invention provides vectors, reagents and methods of their use in constructing synthetic genetic circuits in bacteria.",2014,Ann Arbor,US,42.2813722,-83.7484616,"[""Ann Arbor, MI"", ""Brighton, MI""]","[[42.2813722, -83.7484616], [42.5316918, -83.7846458]]",,,False,0.0,core_keyword
US8497069,patent,AMPLIFICATION AND CLONING OF SINGLE DNA MOLECULES USING ROLLING CIRCLE AMPLIFICATION,"AMPLIFICATION AND CLONING OF SINGLE DNA MOLECULES USING ROLLING CIRCLE AMPLIFICATION. The present invention relates, e.g., to a method for amplifying a small number of copies (e.g. a single copy) of a single-stranded circular DNA molecule (e.g. having a size of about 5-6 kb) by an isothermal rolling circle mechanism, using random or partially random primers and a F29-type DNA polymerase. The method, which can also be used for amplifying DNAs by non-rolling types of multiple displacement amplification, comprises incubating the reaction components in a small volume, e.g. about 10 &#x3bc;l or less, such as about 0.6 &#x3bc;l or less. The degree of amplification can be about 109 fold, or higher. A method for cell-free cloning of DNA, using the rolling circle amplification method of the invention, is described.",2013,Rockville,US,39.0817985,-77.1516844,"[""Rockville, MD"", ""Reisterstown, MD""]","[[39.0817985, -77.1516844], [39.4695489, -76.8294213]]",,,False,0.0,core_keyword
US9434974,patent,Installation of genomes or partial genomes into cells or cell-like systems,"Installation of genomes or partial genomes into cells or cell-like systems. A method is provided for introducing a genome into a cell or cell-like system. The introduced genome may occur in nature, be manmade with or without automation, or may be a hybrid of naturally occurring and manmade materials. The genome is obtained outside of a cell with minimal damage. Materials such as a proteins, RNAs, polycations, nucleoid condensation proteins, or gene translation systems may accompany the genome. The genome is installed into a naturally occurring cell or into a manmade cell-like system. A cell-like system or synthetic cell resulting from the practice of the provided method may be designed and used to yield gene-expression products, such as desired proteins. By enabling the synthesis of cells or cell-like systems comprising a wide variety of genomes, accompanying materials and membrane types, the provided method makes possible a broader field of experimentation and bioengineering than has been available using prior art methods.",2016,Germantown,US,39.1712341,-77.2655648,"[""Germantown, MD"", ""Rockville, MD"", ""Reisertown, MD"", ""Alexandria, VA""]","[[39.1712341, -77.2655648], [39.0817985, -77.1516844], [39.5115575, -76.8210496], [38.8051095, -77.0470229]]",,,False,0.0,core_keyword
US10041060,patent,METHOD OF NUCLEIC ACID CASSETTE ASSEMBLY,"METHOD OF NUCLEIC ACID CASSETTE ASSEMBLY. Methods are provided for constructing a synthetic genome, comprising generating and assembling nucleic acid cassettes comprising portions of the genome, wherein at least one of the nucleic acid cassettes is constructed from nucleic acid components that have been chemically synthesized, or from copies of the chemically synthesized nucleic acid components. In one embodiment, the entire synthetic genome is constructed from nucleic acid components that have been chemically synthesized, or from copies of the chemically synthesized nucleic acid components. Rational methods may be used to design the synthetic genome (e.g., to establish a minimal genome and/or to optimize the function of genes within a genome, such as by mutating or rearranging the order of the genes). Synthetic genomes of the invention may be introduced into vesicles (e.g., bacterial cells from which part or all of the resident genome has been removed, or synthetic vesicles) to generate synthetic cells. Synthetic genomes or synthetic cells may be used for a variety of purposes, including the generation of synthetic fuels, such as hydrogen or ethanol.",2018,Rockville,US,39.0817985,-77.1516844,"[""Rockville, MD"", ""Reisterstown, MD"", ""Crofton, MD""]","[[39.0817985, -77.1516844], [39.4695489, -76.8294213], [39.0159547, -76.6842057]]",,,False,0.0,core_keyword
US7704690,patent,SYNTHESIS OF ERROR-MINIMIZED NUCLEIC ACID MOLECULES,"SYNTHESIS OF ERROR-MINIMIZED NUCLEIC ACID MOLECULES. A method is provided for synthesis of error-minimized nucleic acid molecules. Oligonucleotides intended to have fragments of a desired, full-length nucleotide sequence, and optionally containing other desired nucleotides, such as nucleotides for binding the oligonucleotides to a substrate, are obtained. Oligonucleotides for both strands of the desired, full-length sequence may be obtained. The oligonucleotides are amplified and assembled into a first set of molecules intended to have the desired, full-length nucleotide sequence. The first set of molecules is denatured and annealed to form a second set of molecules intended to have the desired, full-length nucleotide sequence. The second set of molecules is cut into smaller segments, for example, by mixing the molecules with endonucleases that form blunt cuts in the second set of molecules where there are sequence errors, as well as randomly along the molecules. The smaller segments are assembled into a set of molecules intended to have the desired, full-length nucleotide sequence. By promoting cutting of the molecules in this manner near the end of the nucleic acid molecule synthesis process, a set of full-length molecules can be obtained with fewer nucleotide sequence errors than can be achieved with other methods.",2010,Rockville,US,39.0817985,-77.1516844,"[""Rockville, MD""]","[[39.0817985, -77.1516844]]",,,False,0.0,core_keyword
US7723077,patent,IN VITRO RECOMBINATION METHOD,"IN VITRO RECOMBINATION METHOD. The present invention relates, e.g., to in vitro method, using isolated protein reagents, for joining two double stranded (ds) DNA molecules of interest, wherein the distal region of the first DNA molecule and the proximal region of the second DNA molecule share a region of sequence identity, comprising contacting the two DNA molecules in a reaction mixture with (a) a non-processive 5&#x2032; exonculease; (b) a single stranded DNA binding protein (SSB) which accelerates nucleic acid annealing; (c) a non strand-displacing DNA polymerase; and (d) a ligase, under conditions effective to join the two DNA molecules to form an intact double stranded DNA molecule, in which a single copy of the region of sequence identity is retained. The method allows the joining of a number of DNA fragments, in a predetermined order and orientation, without the use of restriction enzymes.",2010,Rockville,US,39.0817985,-77.1516844,"[""Rockville, MD"", ""Reisterstown, MD"", ""Crofton, MD""]","[[39.0817985, -77.1516844], [39.4695489, -76.8294213], [39.0159547, -76.6842057]]",,,False,0.0,core_keyword
US7776532,patent,METHOD FOR IN VITRO RECOMBINATION,"METHOD FOR IN VITRO RECOMBINATION. The present invention relates, e.g., to an in vitro method, using isolated protein reagents, for joining two double-stranded (ds) DNA molecules of interest, wherein the distal region of the first DNA molecule and the proximal region of the second DNA molecule share a region of sequence identity, comprising (a) chewing back the DNA molecules with an enzyme having an exonuclease activity, to yield single-stranded overhanging portions of each DNA molecule which contain a sufficient length of the region of sequence identity to hybridize specifically to each other; (b) specifically annealing the single-stranded overhangs; and (c) repairing single-stranded gaps in the annealed DNA molecules and sealing the nicks thus formed (ligating the nicked DNA molecules). The region of sequence identity generally comprises at least 20 non-palindromic nucleotides (nt), e.g., at least about 40 non-palindromic nt. In some embodiments of the invention, about 5% PEG is present during all steps of the reaction, and/or the repair reaction is achieved with Taq DNA polymerase and a compatible ligase, such as Taq DNA ligase. The method allows the joining of a number of DNA fragments, in a predetermined order and orientation, without the use of restriction enzymes. It can be used, e.g., to join synthetically produced sub-fragments of a gene or genome of interest.",2010,Crofton,US,39.0159547,-76.6842057,"[""Crofton, MD"", ""Reisterstown, MD""]","[[39.0159547, -76.6842057], [39.4695489, -76.8294213]]",,,False,0.0,core_keyword
US7790369,patent,METHOD FOR PRODUCING POLYMERS,"METHOD FOR PRODUCING POLYMERS. The invention relates to a method for producing polymers, in particular synthetic nucleic acid double strands of optional sequence, comprising the steps: (a) providing a support having a surface area which contains a plurality of individual reaction areas, (b) location-resolved synthesizing nucleic acid fragments each having different base sequences in several of the individual reaction areas, and (c) detaching the nucleic acid fragments from individual reaction areas.",2010,Mannheim,DE,49.4892913,8.4673098,"[""Mannheim"", ""Weinheim"", ""Schriesheim""]","[[49.4892913, 8.4673098], [49.5462349, 8.6717458], [49.4751705, 8.6611149]]",,,False,0.0,core_keyword
US6586211,patent,METHOD FOR PRODUCING POLYMERS,METHOD FOR PRODUCING POLYMERS,2003,Mannheim,DE,49.4892913,8.4673098,"[""Mannheim"", ""Weinheim"", ""Schriesheim""]","[[49.4892913, 8.4673098], [49.5462349, 8.6717458], [49.4751705, 8.6611149]]",,,False,0.0,core_keyword
US11970696,patent,Optical Methods and Systems For DNA Assembly For Computer Data Storage,"Optical Methods and Systems For DNA Assembly For Computer Data Storage. An array-based system of assembled DNA for computer data storage is described. An array surface contains immobilized seed DNA initially having with blunt (or blocked) ends with a photocleavable optical linker at a forward end thereof holding the last few base pairs. A light source is light is applied to break the linker, generating a sticky end which allows for hybridization. Data-bearing DNA cassettes are introduced to the array and attach via their sticky ends to the unblock sites on the array surface. The attachment is made permanent via ligase.",2024,San Diego,US,32.7174202,-117.162772,"[""San Diego, CA""]","[[32.7174202, -117.162772]]",,,False,0.0,subfield_keyword
US11939570,patent,MICROFLUIDIC LAB-ON-A-CHIP FOR GENE SYNTHESIS,"MICROFLUIDIC LAB-ON-A-CHIP FOR GENE SYNTHESIS. A microfluidic lab-on-a-chip system for DNA gene assembly that utilizes a DNA symbol library and a DNA linker library. The lab-on-a-chip has a fluidic platform with a plurality of arrays operably connected to a voltage source and a controller for the voltage source, a set of first inlets operably connected to the fluidic platform, each first inlet for one DNA symbol from a DNA symbol library, a set of second inlets operably connected to the fluidic platform, each second inlet for one DNA linker from a DNA linker library, and a mixing area operably connected to the fluidic platform and to the plurality of first inlets and the plurality of second inlets.",2024,Farmington,US,44.6402434,-93.1435497,"[""Farmington, MN"", ""Cranberry Township, PA"", ""Minneapolis, MN""]","[[44.6402434, -93.1435497], [40.7099343, -80.1060506], [44.9772995, -93.2654692]]",,,False,0.0,subfield_keyword
US11655476,patent,MODULAR DNA ASSEMBLY SYSTEM,"MODULAR DNA ASSEMBLY SYSTEM. A modular and hierarchical DNA assembly platform for synthetic biology is described. This enabling technology, termed MIDAS (for Modular Idempotent DNA Assembly System), can precisely assemble multiple DNA fragments in a single reaction using a standardised assembly design. It can be used to build genes from libraries of sequence-verified, reusable parts and to assemble multiple genes in a single vector. We describe the design and use of MIDAS, and its application in the reconstruction of the metabolic pathway for production of paspaline, a key intermediate in the biosynthesis of a range of indole diterpenes&#x2014;a class of economically important secondary metabolites produced by several species of filamentous fungi.",2023,Wellington,NZ,-41.2887953,174.7772114,"[""Wellington"", ""Canterbury"", ""Prebbleton""]","[[-41.2887953, 174.7772114], [-43.4941761, 171.8098448], [-43.5800673, 172.5141224]]",,,False,0.0,subfield_keyword
US11932859,patent,NUCLEASE-MEDIATED DNA ASSEMBLY,"NUCLEASE-MEDIATED DNA ASSEMBLY. Methods are provided herein for assembling at least two nucleic acids using a sequence specific nuclease agent (e.g., a gRNA-Cas complex) to create end sequences having complementarity and subsequently assembling the overlapping complementary sequences. The nuclease agent (e.g., a gRNA-Cas complex) can create double strand breaks in dsDNA in order to create overlapping end sequences or can create nicks on each strand to produce complementary overhanging end sequences. Assembly using the method described herein can assemble any nucleic acids having overlapping sequences or can use a joiner oligo to assemble sequences without complementary ends.",2024,Piermont,US,41.0415342,-73.918426,"[""Piermont, NY"", ""Hastings-on-Hudson, NY"", ""White Plains, NY"", ""Boston, MA"", ""Harrison, NY"", ""Bayside, NY"", ""Newburgh, NY"", ""Seattle, WA"", ""Yorktown Heights, NY"", ""Croton-on-Hudson, NY""]","[[41.0415342, -73.918426], [40.9946622, -73.8785922], [41.0339862, -73.7629097], [42.3588336, -71.0578303], [40.9689871, -73.71263], [40.7684351, -73.7770774], [41.5000767, -74.0098299], [47.6038321, -122.330062], [41.2701781, -73.7753539], [41.2088215, -73.8905175]]",,,False,0.0,subfield_keyword
US11597958,patent,DNA ASSEMBLY METHOD AND ITS APPLICATION,"DNA ASSEMBLY METHOD AND ITS APPLICATION. The invention relates to a plasmid, a DNA assembly method and its application recombinant strain. The plasmid has single adjacent Type IIP and Type IIS RE recognition sites. The plasmid combines the properties of Type IIP and Type IIS REs to achieve recursive cycling, SCAR-free and repeat sequence assembly.",2023,Nanjing,CN,32.0438284,118.7788631,"[""Nanjing""]","[[32.0438284, 118.7788631]]",,,False,0.0,subfield_keyword
US11692199,patent,SYNTHETIC DESALINATION GENETIC CIRCUIT IN PLANTS,"SYNTHETIC DESALINATION GENETIC CIRCUIT IN PLANTS. The present disclosure provides compositions and methods for generating plants that can grow in saline conditions, or remove a salt or other impurity from water, for example plants that can remove sodium chloride from salt or sea water, and plants that can produce purified water from salt or sea water.",2023,Fort Collins,US,40.5871782,-105.0770113,"[""Fort Collins, CO""]","[[40.5871782, -105.0770113]]",,,False,0.0,subfield_keyword
US11749379,patent,SCAR-LESS MULTI-PART DNA ASSEMBLY DESIGN AUTOMATION,"SCAR-LESS MULTI-PART DNA ASSEMBLY DESIGN AUTOMATION. The present invention provides a method of a method of designing an implementation of a DNA assembly. In an exemplary embodiment, the method includes (1) receiving a list of DNA sequence fragments to be assembled together and an order in which to assemble the DNA sequence fragments, (2) designing DNA oligonucleotides (oligos) for each of the DNA sequence fragments, and (3) creating a plan for adding flanking homology sequences to each of the DNA oligos. In an exemplary embodiment, the method includes (1) receiving a list of DNA sequence fragments to be assembled together and an order in which to assemble the DNA sequence fragments, (2) designing DNA oligonucleotides (oligos) for each of the DNA sequence fragments, and (3) creating a plan for adding optimized overhang sequences to each of the DNA oligos.",2023,San Francisco,US,37.7879363,-122.4075201,"[""San Francisco, CA""]","[[37.7879363, -122.4075201]]",,,False,0.0,subfield_keyword
US10626402,patent,NUCLEASE-MEDIATED DNA ASSEMBLY,"NUCLEASE-MEDIATED DNA ASSEMBLY. Methods are provided herein for assembling at least two nucleic acids using a sequence specific nuclease agent (e.g., a gRNA-Cas complex) to create end sequences having complementarity and subsequently assembling the overlapping complementary sequences. The nuclease agent (e.g., a gRNA-Cas complex) can create double strand breaks in dsDNA in order to create overlapping end sequences or can create nicks on each strand to produce complementary overhanging end sequences. Assembly using the method described herein can assemble any nucleic acids having overlapping sequences or can use a joiner oligo to assemble sequences without complementary ends.",2020,Tarrytown,US,41.0762077,-73.8587461,"[""Tarrytown, NY"", ""Hastings-on-Hudson, NY"", ""White Plains, NY"", ""Boston, MA"", ""Harrison, NY"", ""Bayside, NY"", ""Newburgh, NY"", ""San Francisco, CA"", ""Yorktown Heights, NY"", ""Croton-on-Hudson, NY""]","[[41.0762077, -73.8587461], [40.9946622, -73.8785922], [41.0339862, -73.7629097], [42.3588336, -71.0578303], [40.9689871, -73.71263], [40.7684351, -73.7770774], [41.5000767, -74.0098299], [37.7879363, -122.4075201], [41.2701781, -73.7753539], [41.2088215, -73.8905175]]",,,False,0.0,subfield_keyword
US10897057,patent,COMPLETE OXIDATION OF SUGARS TO ELECTRICITY BY USING CELL-FREE SYNTHETIC ENZYMATIC PATHWAYS,"COMPLETE OXIDATION OF SUGARS TO ELECTRICITY BY USING CELL-FREE SYNTHETIC ENZYMATIC PATHWAYS. The present invention is in the field of bioelectricity. The present invention provides energy generating systems, methods, and devices that are capable of converting chemical energy stored in sugars into useful electricity.",2021,Blacksburg,US,37.2296566,-80.4136767,"[""Blacksburg, VA"", ""TIANJIN""]","[[37.2296566, -80.4136767], [39.3032619, 117.4163641]]",,,False,0.0,subfield_keyword
US10802021,patent,SYNTHETIC HYBRID RECEPTOR AND GENETIC CIRCUIT IN BACTERIA TO DETECT ENTERIC PATHOGENIC MICROORGANISMS,"SYNTHETIC HYBRID RECEPTOR AND GENETIC CIRCUIT IN BACTERIA TO DETECT ENTERIC PATHOGENIC MICROORGANISMS. Provided herein are microorganisms engineered with hybrid receptors and genetic circuits. Also provided are hybrid receptors having a CqsS polypeptide and a heterologous histidine kinase domain of a two-component system. Methods for using engineered microorganisms to sense and destroy pathogens (e.g., Vibrio cholerae ) are also provided.",2020,Cambridge,US,42.3656347,-71.1040018,"[""Cambridge, MA"", ""Brookline, MA"", ""Newton, MA""]","[[42.3656347, -71.1040018], [42.332918, -71.1187829], [42.3300435, -71.194862]]",,,False,0.0,subfield_keyword
US10273488,patent,NUCLEASE-MEDIATED DNA ASSEMBLY,"NUCLEASE-MEDIATED DNA ASSEMBLY. Methods are provided herein for assembling at least two nucleic acids using a sequence specific nuclease agent (e.g., a gRNA-Cas complex) to create end sequences having complementarity and subsequently assembling the overlapping complementary sequences. The nuclease agent (e.g., a gRNA-Cas complex) can create double strand breaks in dsDNA in order to create overlapping end sequences or can create nicks on each strand to produce complementary overhanging end sequences. Assembly using the method described herein can assemble any nucleic acids having overlapping sequences or can use a joiner oligo to assemble sequences without complementary ends.",2019,Piermont,US,41.0415342,-73.918426,"[""Piermont, NY"", ""Tarrytown, NY"", ""Boston, MA"", ""Harrison, NY"", ""Bayside, NY"", ""Newburgh, NY"", ""Tarrytown"", ""Yorktown Heights, NY"", ""Croton-on-Hudson, NY""]","[[41.0415342, -73.918426], [41.0762077, -73.8587461], [42.3588336, -71.0578303], [40.9689871, -73.71263], [40.7684351, -73.7770774], [41.5000767, -74.0098299], [41.0762077, -73.8587461], [41.2701781, -73.7753539], [41.2088215, -73.8905175]]",,,False,0.0,subfield_keyword
US10683510,patent,ENGINEERING GENETIC CIRCUIT INTERACTIONS WITHIN AND BETWEEN SYNTHETIC MINIMAL CELLS AND USE THEREOF,"ENGINEERING GENETIC CIRCUIT INTERACTIONS WITHIN AND BETWEEN SYNTHETIC MINIMAL CELLS AND USE THEREOF. The invention, in some aspects relates to compositions comprising synthetic minimal cells (SMCs) and use of SMCs, pluralities of SMCs in relation to engineering genetic circuit interactions.",2020,Cambridge,US,42.3656347,-71.1040018,"[""Cambridge, MA""]","[[42.3656347, -71.1040018]]",,,False,0.0,subfield_keyword
US10487323,patent,ONE-POT MULTIPLEX GENE SYNTHESIS,"ONE-POT MULTIPLEX GENE SYNTHESIS. The present invention provides methods for generating a library of synthetic polynucleotides. The present invention also provides methods for generating proteins encoded by the library of synthetic polynucleotides. In addition, provided herein are methods for determining the soluble expression of said proteins. This invention is based, in part, on the discovery of a method for selecting optimal oligonucleotides in combination with performing a phosphorylation reaction, ligation reaction and PCR amplification in a single reaction vessel to produce synthetic polynucleotides in a multiplex manner.",2019,Berkeley,US,37.8708393,-122.272863,"[""Berkeley, CA"", ""Santa Clara, CA""]","[[37.8708393, -122.272863], [37.2333253, -121.6846349]]",,,False,0.0,subfield_keyword
US10793888,patent,In vitro method for fast scarless DNA assembly using thermostable exonucleases and ligase,"In vitro method for fast scarless DNA assembly using thermostable exonucleases and ligase. The present invention provides a method for scarless in vitro DNA assembly using thermostable exonucleases and ligase, which relates to the field of genetic engineering. The present invention provides a fast method for assembling DNA subfragments with homologous ends, which employs thermostable polymerases and ligase in a thermal cycle of denaturation, annealing, digestion and ligation. After denaturation, DNA subfragments are assembled together via annealing of the homologous end sequences, the unpaired single-stranded overhangs are digested by polymerases, and the resulting nicked gaps are sealed by a ligase. Using this method, 2-6 DNA subfragments were successfully assembled within two hours. This method can be used in conventional DNA recombination and be adapted to high throughput assembly operations. In addition, combinatorial mutations can be easily introduced into the assembled sequence by use of primers with mutated bases. It is particularly suitable for making enzyme and synthetic pathways mutation libraries with high diversity, which can be used in directed evolution to screen for enzymes and synthetic pathways with desirable properties.",2020,Wuxi,CN,31.5776626,120.2952752,"[""Wuxi""]","[[31.5776626, 120.2952752]]",,,False,0.0,subfield_keyword
US10373703,patent,SCAR-LESS MULTI-PART DNA ASSEMBLY DESIGN AUTOMATION,"SCAR-LESS MULTI-PART DNA ASSEMBLY DESIGN AUTOMATION. The present invention provides a method of a method of designing an implementation of a DNA assembly. In an exemplary embodiment, the method includes (1) receiving a list of DNA sequence fragments to be assembled together and an order in which to assemble the DNA sequence fragments, (2) designing DNA oligonucleotides (oligos) for each of the DNA sequence fragments, and (3) creating a plan for adding flanking homology sequences to each of the DNA oligos. In an exemplary embodiment, the method includes (1) receiving a list of DNA sequence fragments to be assembled together and an order in which to assemble the DNA sequence fragments, (2) designing DNA oligonucleotides (oligos) for each of the DNA sequence fragments, and (3) creating a plan for adding optimized overhang sequences to each of the DNA oligos.",2019,San Francisco,US,37.7879363,-122.4075201,"[""San Francisco, CA""]","[[37.7879363, -122.4075201]]",,,False,0.0,subfield_keyword
US9968902,patent,Microfluidic Devices and Methods for Gene Synthesis,Microfluidic Devices and Methods for Gene Synthesis. Certain aspects of the present invention provide devices and methods for preparing oligonucleotides and for assembling nucleic acid molecules using microfluidic devices.,2018,Brighton,US,42.3491615,-71.1533859,"[""Brighton, MA""]","[[42.3491615, -71.1533859]]",,,False,0.0,subfield_keyword
US9580715,patent,NUCLEASE-MEDIATED DNA ASSEMBLY,"NUCLEASE-MEDIATED DNA ASSEMBLY. Methods are provided herein for assembling at least two nucleic acids using a sequence specific nuclease agent (e.g., a gRNA-Cas complex) to create end sequences having complementarity and subsequently assembling the overlapping complementary sequences. The nuclease agent (e.g., a gRNA-Cas complex) can create double strand breaks in dsDNA in order to create overlapping end sequences or can create nicks on each strand to produce complementary overhanging end sequences. Assembly using the method described herein can assemble any nucleic acids having overlapping sequences or can use a joiner oligo to assemble sequences without complementary ends.",2017,Tarrytown,US,41.0762077,-73.8587461,"[""Tarrytown, NY"", ""Harrison, NY"", ""Bayside, NY"", ""Newburgh, NY""]","[[41.0762077, -73.8587461], [40.9689871, -73.71263], [40.7684351, -73.7770774], [41.5000767, -74.0098299]]",,,False,0.0,subfield_keyword
US10128522,patent,COMPLETE OXIDATION OF SUGARS TO ELECTRICITY BY USING CELL-FREE SYNTHETIC ENZYMATIC PATHWAYS,"COMPLETE OXIDATION OF SUGARS TO ELECTRICITY BY USING CELL-FREE SYNTHETIC ENZYMATIC PATHWAYS. The present invention is in the field of bioelectricity. The present invention provides energy generating systems, methods, and devices that are capable of converting chemical energy stored in sugars into useful electricity.",2018,Blacksburg,US,37.2296566,-80.4136767,"[""Blacksburg, VA""]","[[37.2296566, -80.4136767]]",,,False,0.0,subfield_keyword
US10065154,patent,NANOFLUIDIC SORTING SYSTEM FOR GENE SYNTHESIS AND PCR REACTION PRODUCTS,"NANOFLUIDIC SORTING SYSTEM FOR GENE SYNTHESIS AND PCR REACTION PRODUCTS. Devices and methods integrate nanopore and microfluidic technologies for recording molecular characteristics of individual molecules such as, for example, biomolecules. Devices comprise a first substrate comprising a microchannel, a second substrate comprising a microchannel, the second substrate positioned below the first substrate, and a membrane having a thickness of about 0.3 nm to about 1 nm and comprising at least one nanopore, the membrane positioned between the first substrate and the second substrate, wherein a single nanopore of the membrane is constructed and arranged for electrical and fluid communication between the microchannel of the first substrate and the microchannel of the second substrate. To mitigate the effect of errors that occur during de novo DNA synthesis, longer DNA molecules are typically synthesized from shorter oligonucleotides by polymerase construction and amplification (PCA), or by other methods.",2018,Boston,US,42.3588336,-71.0578303,"[""Boston, MA"", ""New York, NY"", ""Cambridge, MA"", ""Medford, MA""]","[[42.3588336, -71.0578303], [40.7127281, -74.0060152], [42.3656347, -71.1040018], [42.4184296, -71.1061639]]",,,False,0.0,subfield_keyword
US9738897,patent,NUCLEASE-MEDIATED DNA ASSEMBLY,"NUCLEASE-MEDIATED DNA ASSEMBLY. Methods are provided herein for assembling at least two nucleic acids using a sequence specific nuclease agent (e.g., a gRNA-Cas complex) to create end sequences having complementarity and subsequently assembling the overlapping complementary sequences. The nuclease agent (e.g., a gRNA-Cas complex) can create double strand breaks in dsDNA in order to create overlapping end sequences or can create nicks on each strand to produce complementary overhanging end sequences. Assembly using the method described herein can assemble any nucleic acids having overlapping sequences or can use a joiner oligo to assemble sequences without complementary ends.",2017,Piermont,US,41.0415342,-73.918426,"[""Piermont, NY"", ""Tarrytown, NY"", ""New York, NY"", ""Ossining, NY"", ""Bayside, NY"", ""Yorktown Heights, NY"", ""Croton-on-Hudson, NY""]","[[41.0415342, -73.918426], [41.0762077, -73.8587461], [40.7127281, -74.0060152], [41.1613168, -73.8620367], [40.7684351, -73.7770774], [41.2701781, -73.7753539], [41.2088215, -73.8905175]]",,,False,0.0,subfield_keyword
US9834774,patent,METHODS AND COMPOSITIONS FOR RAPID SEAMLESS DNA ASSEMBLY,"METHODS AND COMPOSITIONS FOR RAPID SEAMLESS DNA ASSEMBLY. Provided herein are methods for assembling DNA fragments employing at least three enzymatic activities: DNA polymerase, flap endonuclease, and DNA ligase. Certain aspects include methods for generating closed circular DNA products, e.g., plasmid vectors, by assembling various DNA fragments having complementary ends that hybridize to one another. The resulting circular products can be introduced into host cells and selected for desired properties. Kits for performing the method are also provided.",2017,Loveland,US,40.3977612,-105.07498,"[""Loveland, CO""]","[[40.3977612, -105.07498]]",,,False,0.0,subfield_keyword
US10030253,patent,Microfluidic-based Gene Synthesis,Microfluidic-based Gene Synthesis. A method for synthesizing long DNA constructs from oligonucleotide precursors directly within a microfluidic device uses several oligonucleotides at once. A precursor mix containing at least two oligonucleotide precursors with at least partial base complementarity is introduced into an input of a microfluidic chip and at least one cycle of at least one gene synthesis protocol is applied to fabricate a DNA construct containing the sequence of at least two oligonucleotide precursors. A method for the synthesis of a modified DNA construct includes electroporating at least one oligonucleotide encoding for at least one point mutation and having homology with at least one DNA region of a target cell into the target cell and incorporating the oligonucleotide into the target cell DNA through the action of recombination protein beta or a recombination protein beta functional homolog.,2018,Lexington,US,42.4473175,-71.2245003,"[""Lexington, MA"", ""Medford, MA"", ""Newton, MA""]","[[42.4473175, -71.2245003], [42.4184296, -71.1061639], [42.3300435, -71.194862]]",,,False,0.0,subfield_keyword
US9963696,patent,METHOD FOR SCREENING MUTANT MICROORGANISM OVERPRODUCING TARGET METABOLITE USING SYNTHETIC SUICIDE GENETIC CIRCUIT,"METHOD FOR SCREENING MUTANT MICROORGANISM OVERPRODUCING TARGET METABOLITE USING SYNTHETIC SUICIDE GENETIC CIRCUIT. The present invention relates to a method of screening a target metabolite-overproducing mutant strain using a synthetic suicide genetic circuit, and more particularly to a method of screening only a metabolite-overproducing mutant strain while killing a mutant strain that does not produce the metabolite, by introducing into mutant strains a synthetic suicide genetic circuit comprising a suicide gene coupled with a riboswitch. The method for screening a target metabolite-overproducing mutant strain according to the present invention has advantages in that a metabolite-overproducing mutant strain having a relatively fast or slow growth rate can be separated by visual observation, and in that the riboswitch that is used in the synthetic suicide genetic circuit can be replaced depending on the kind of target metabolite, and thus the synthetic suicide genetic circuit can be applied commonly to various strains.",2018,Gyeonggi-do,KR,37.2884675,127.0535231,"[""Gyeonggi-do""]","[[37.2884675, 127.0535231]]",,,False,0.0,subfield_keyword
US9970040,patent,ENGINEERING DNA ASSEMBLY IN VIVO AND METHODS OF MAKING AND USING THE REVERSE TRANSCRIPTASE TECHNOLOGY,ENGINEERING DNA ASSEMBLY IN VIVO AND METHODS OF MAKING AND USING THE REVERSE TRANSCRIPTASE TECHNOLOGY. Cells that can synthesize oligonucleotides in vivo to produce a nucleic acid nanostructure are described. Methods for producing oligonucleotide nanostructures for use in regulating gene expression and altering biological pathways are provided. Methods of performing multiplex automated genome editing (MAGE) are also provided.,2018,Brookline,US,42.332918,-71.1187829,"[""Brookline, MA"", ""Belmont, MA""]","[[42.332918, -71.1187829], [42.3959296, -71.1786655]]",,,False,0.0,subfield_keyword
US9862991,patent,"GENE SYNTHESIS PROCESS, GENE CHIP AND KIT","GENE SYNTHESIS PROCESS, GENE CHIP AND KIT. Provided is a chip process of gene synthesis, and the process comprises incorporating the whole procedure, which comprises amplifying oligonucleotides and assembling the oligonucleotides into a gene in parallel, onto a single chip. A specific mismatch endonuclease is also used in the process to establish an error repair system in gene synthesis, and the error rate is decreased to about 0.19 mismatched bases/kb. The high-throughput, high-fidelity and low-cost chip process of gene synthesis provided in the present invention can meet the requirements of gene synthesis and the optimization and screening of protein expression on a large scale at the frontier of life sciences such as synthetic biology, genomics, and systems biology.",2018,Beijing,CN,39.9057136,116.3912972,"[""Beijing""]","[[39.9057136, 116.3912972]]",,,False,0.0,subfield_keyword
US10421957,patent,DNA ASSEMBLY USING AN RNA-PROGRAMMABLE NICKASE,"DNA ASSEMBLY USING AN RNA-PROGRAMMABLE NICKASE. This disclosure provides, among other things, a method of combining nucleic acid fragments, comprising: (a) providing two double-stranded DNA molecules with a common sequence, wherein the common sequence is at the end of each molecule; (b) nicking one strand in the common sequence of both molecules at a respective nicked site; (c) moderately denaturing both molecules to remove a single-stranded fragment from the nicked site to one end of each molecule, wherein the single-stranded fragment includes the common sequence in part or in whole, resulting in an overhanging sequence in each molecule, and the overhanging sequences in both molecules are complementary to each other; (d) allowing the overhanging sequences of both molecules to anneal to each other, and ligating the molecules. Alternative ways for performing the method are also provided.",2019,Loveland,US,40.3977612,-105.07498,"[""Loveland, CO""]","[[40.3977612, -105.07498]]",,,False,0.0,subfield_keyword
US9216414,patent,Microfluidic Devices and Methods for Gene Synthesis,Microfluidic Devices and Methods for Gene Synthesis. Certain aspects of the present invention provide devices and methods for preparing oligonucleotides and for assembling nucleic acid molecules using microfluidic devices.,2015,Cambridge,US,42.3656347,-71.1040018,"[""Cambridge, MA""]","[[42.3656347, -71.1040018]]",,,False,0.0,subfield_keyword
US9361427,patent,Scar-Less Multi-Part DNA Assembly Design Automation,"Scar-Less Multi-Part DNA Assembly Design Automation. The present invention provides a method of a method of designing an implementation of a DNA assembly. In an exemplary embodiment, the method includes (1) receiving a list of DNA sequence fragments to be assembled together and an order in which to assemble the DNA sequence fragments, (2) designing DNA oligonucleotides (oligos) for each of the DNA sequence fragments, and (3) creating a plan for adding flanking homology sequences to each of the DNA oligos. In an exemplary embodiment, the method includes (1) receiving a list of DNA sequence fragments to be assembled together and an order in which to assemble the DNA sequence fragments, (2) designing DNA oligonucleotides (oligos) for each of the DNA sequence fragments, and (3) creating a plan for adding optimized overhang sequences to each of the DNA oligos.",2016,San Francisco,US,37.7879363,-122.4075201,"[""San Francisco, CA""]","[[37.7879363, -122.4075201]]",,,False,0.0,subfield_keyword
US9670480,patent,"Genome-Wide Construction of Schizosaccharomyces Pombe Heterozygous Deletion Mutants Containing Gene-Specific Barcodes by the Methods of 4-Round Serial or Block PCR, or Total Gene Synthesis Thereof","Genome-Wide Construction of Schizosaccharomyces Pombe Heterozygous Deletion Mutants Containing Gene-Specific Barcodes by the Methods of 4-Round Serial or Block PCR, or Total Gene Synthesis Thereof. A method comprising transforming Schizosaccharomyces pombe with a deletion cassette, constructed by four-round serial PCR, block PCR or total gene synthesis, containing a homologous recombination site is provided for preparing gene-targeted heterozygous deletion Schizosaccharomyces pombe . Also provided are gene-targeted hetero2ygous deletion Schizosaccharomyces pombe mutants prepared by the method, and a library of gene-targeted heterozygous deletion Schizosaccharomyces pombe mutants. Further, the library is useful in constructing a method and a kit for screening a drug's modes of action.",2017,Daejeon,KR,36.3497007,127.3849016,"[""Daejeon"", ""Seoul"", ""Chungcheongnam-do""]","[[36.3497007, 127.3849016], [37.5666791, 126.9782914], [36.6593, 126.6729]]",,,False,0.0,subfield_keyword
US9068209,patent,GENE SYNTHESIS BY CONVERGENT ASSEMBLY OF OLIGONUCLEOTIDE SUBSETS,"GENE SYNTHESIS BY CONVERGENT ASSEMBLY OF OLIGONUCLEOTIDE SUBSETS. The invention provides a system and method for synthesizing polynucleotides by solid phase assembly oligonucleotide precursors, in accordance with the method, a polynucleotide is partitioned into an ordered set of subunits, wherein each subunit is assembled in a single reaction from a subset of oligonucleotide precursors that uniquely anneal together to produce the subunit. The subunits are then assembled to form the desired polynucleotide. An important feature of the invention is the selection of subunits that are free of undesired sequence elements, such as palindromes, repetitive sequences, and the like, which would result in more than one subunit product alter ligating a pool of oligonucleotide precursors.",2015,Vancouver,CA,49.2608724,-123.113952,"[""Vancouver"", ""Montreal"", ""North Vancouver""]","[[49.2608724, -123.113952], [45.5031824, -73.5698065], [49.3206294, -123.0737925]]",,,False,0.0,subfield_keyword
US7587284,patent,GENE SYNTHESIS SOFTWARE,"GENE SYNTHESIS SOFTWARE. Pieces of software and databases are used to facilitate the design and synthesis of genes. The synthesis techniques allow identification, quantification, transcription, translation, and manipulation of portions of the gene sequence represented as 0's and 1's in a computing system. These pieces of software and databases compile constraint information provided by a user to create synthetic genes to express proteins lacking disordered or variable regions and containing surface mutations that promote solubility and/or crystallization. Regions of the gene sequence that do not form stable structures can be removed and replaced by a short biological linker to improve crystallization of proteins.",2009,Bainbridge Island,US,47.6515096,-122.5246791,"[""Bainbridge Island, WA"", ""Kingston, WA"", ""Seattle, WA""]","[[47.6515096, -122.5246791], [47.790832, -122.5018617], [47.6038321, -122.330062]]",,,False,0.0,subfield_keyword
