cluster,cluster_label,type,year,title,abstract,city,country,theme_primary,case_study_flag,id
62,Industrial Fermentation,paper,2004,Insight into the Mechanism of the B <sub>12</sub> -Independent Glycerol Dehydratase from <i>Clostridium butyricum</i> :  Preliminary Biochemical and Structural Characterization,"The molecular characterization of a B12-independent glycerol dehydratase from Clostridium butyricum has recently been reported [Raynaud, C., et al. (2003) Proc. Natl. Acad. Sci. U.S.A. 100, 5010-5015]. In this work, we have further characterized this system by biochemical and crystallographic methods. Both the glycerol dehydratase (GD) and the GD-activating enzyme (GD-AE) could be purified to homogeneity under aerobic conditions. In this form, both the GD and GD-AE were inactive. A reconstitution procedure, similar to what has been reported for pyruvate formate lyase activating enzyme (PFL-AE), was employed to reconstitute the activity of the GD-AE. Subsequently, the reconstituted GD-AE could be used to reactivate the GD under strictly anaerobic conditions. We also report here the crystal structure of the inactive GD in the native (2.5 A resolution, Rcryst = 17%, Rfree = 20%), glycerol-bound (1.8 A resolution, Rcryst = 21%, Rfree = 24%), and 1,2-propanediol-bound (2.4 A resolution, Rcryst = 20%, Rfree = 24%) forms. The overall fold of the GD monomer was similar to what has been observed for pyruvate formate lyase (PFL) and anaerobic ribonucleotide reductase (ARNR), consisting of a 10-stranded beta/alpha barrel motif. Clear density was observed for both substrates, and a mechanism for the dehydration reaction is presented. This mechanism clearly supports a concerted pathway for migration of the OH group through a cyclic transition state that is stabilized by partial protonation of the migrating OH group. Finally, despite poor alignment (rmsd approximately 6.8 A) of the 10 core strands that comprise the barrel structure of the GD and PFL, the C-terminal domains of both proteins align well (rmsd approximately 0.7 A) and have structural properties consistent with this being the docking site for the activating enzyme. A single point mutation within this domain, at a strictly conserved arginine residue (R782K) in the GD, resulted in formation of a tight protein-protein complex between the GD and the GD-AE in vivo, thereby supporting this hypothesis.",Athens,US,,False,https://openalex.org/W2085204013
62,Industrial Fermentation,paper,2010,Modular electron transfer circuits for synthetic biology,"Electron transfer is central to a wide range of essential metabolic pathways, from photosynthesis to fermentation. The evolutionary diversity and conservation of proteins that transfer electrons makes these pathways a valuable platform for engineered metabolic circuits in synthetic biology. Rational engineering of electron transfer pathways containing hydrogenases has the potential to lead to industrial scale production of hydrogen as an alternative source of clean fuel and experimental assays for understanding the complex interactions of multiple electron transfer proteins in vivo. We designed and implemented a synthetic hydrogen metabolism circuit in Escherichia coli that creates an electron transfer pathway both orthogonal to and integrated within existing metabolism. The design of such modular electron transfer circuits allows for facile characterization of in vivo system parameters with applications toward further engineering for alternative energy production.",Cambridge,US,,False,https://openalex.org/W1597595455
62,Industrial Fermentation,paper,2011,A systems biology approach to investigate the effect of pH-induced gene regulation on solvent production by Clostridium acetobutylicum in continuous culture,"Incorporating gene regulation into the model of solvent production by C. acetobutylicum enables an accurate representation of the pH-induced switch to solvent production to be obtained and theoretical investigations of possible synthetic-biology approaches to be pursued. Steady-state analyses suggest that, to increase butanol yield, alterations in the expression of single solvent-associated genes are insufficient; a more complex approach targeting two or more genes is required.",Prague,CZ,,False,https://openalex.org/W2120115025
62,Industrial Fermentation,paper,2012,Pathway engineering and synthetic biology using acetogens,"Acetogenic anaerobic bacteria are defined as organisms employing the Wood-Ljungdahl pathway to synthesize acetyl-CoA from CO(2) or CO. Their autotrophic mode of metabolism offers the biotechnological chance to combine use of abundantly available substrates with reduction of greenhouse gases. Several companies have already established pilot and demonstration plants for converting waste gases into ethanol, an important biofuel and a natural product of many acetogens. Recombinant DNA approaches now opened the door to construct acetogens, synthesizing important industrial bulk chemicals and biofuels such as acetone and butanol. Thus, novel microbial production platforms are available that no longer compete with nutritional feedstocks.",Ulm,DE,,True,https://openalex.org/W2011704289
62,Industrial Fermentation,paper,2012,Commercial Biomass Syngas Fermentation,"The use of gas fermentation for the production of low carbon biofuels such as ethanol or butanol from lignocellulosic biomass is an area currently undergoing intensive research and development, with the first commercial units expected to commence operation in the near future. In this process, biomass is first converted into carbon monoxide (CO) and hydrogen (H2)-rich synthesis gas (syngas) via gasification, and subsequently fermented to hydrocarbons by acetogenic bacteria. Several studies have been performed over the last few years to optimise both biomass gasification and syngas fermentation with significant progress being reported in both areas. While challenges associated with the scale-up and operation of this novel process remain, this strategy offers numerous advantages compared with established fermentation and purely thermochemical approaches to biofuel production in terms of feedstock flexibility and production cost. In recent times, metabolic engineering and synthetic biology techniques have been applied to gas fermenting organisms, paving the way for gases to be used as the feedstock for the commercial production of increasingly energy dense fuels and more valuable chemicals.",Auckland,NZ,,True,https://openalex.org/W1973808917
62,Industrial Fermentation,paper,2012,Novel CAD-like enzymes from Escherichia coli K-12 as additional tools in chemical production,"In analyzing the reductive power of Escherichia coli K-12 for metabolic engineering approaches, we identified YahK and YjgB, two medium-chain dehydrogenases/reductases subgrouped to the cinnamyl alcohol dehydrogenase family, as being important. Identification was achieved using a stepwise purification protocol starting with crude extract. For exact characterization, the genes were cloned into pET28a vector and expressed with N-terminal His tag. Substrate specificity studies revealed that a large variety of aldehydes but no ketones are converted by both enzymes. YahK and and YjgB strongly preferred NADPH as cofactor. The structure of YjgB was modeled using YahK as template for a comparison of the active center giving a first insight to the different substrate preferences. The enzyme activity for YahK, YjgB, and YqhD was determined on the basis of the temperature. YahK showed a constant increase in activity until 60 °C, whereas YjgB was most active between 37 and 50 °C. YqhD achieved the highest activity at 50 °C. Comparing YjgB and Yahk referring to the catalytic efficiency, YjgB achieved for almost all substrates higher rates (butyraldehyde 221 s⁻¹ mM⁻¹, benzaldehyde 1,305 s⁻¹ mM⁻¹). Exceptions are the two substrates glyceraldehydes (no activity for YjgB) and isobutyraldehyde (YjgB 0.26 s⁻¹ mM⁻¹) which are more efficiently converted by YahK (glyceraldehyde 2.8 s⁻¹ mM⁻¹, isobutyraldehyde 14.6 s⁻¹ mM⁻¹). YahK and even more so YjgB are good candidates for the reduction of aldehydes in metabolic engineering approaches and could replace the currently used YqhD.",Munich,DE,,False,https://openalex.org/W2011272739
62,Industrial Fermentation,paper,2012,Expanding the Product Profile of a Microbial Alkane Biosynthetic Pathway,"Microbially produced alkanes are a new class of biofuels that closely match the chemical composition of petroleum-based fuels. Alkanes can be generated from the fatty acid biosynthetic pathway by the reduction of acyl-ACPs followed by decarbonylation of the resulting aldehydes. A current limitation of this pathway is the restricted product profile, which consists of n-alkanes of 13, 15, and 17 carbons in length. To expand the product profile, we incorporated a new part, FabH2 from Bacillus subtilis, an enzyme known to have a broader specificity profile for fatty acid initiation than the native FabH of Escherichia coli. When provided with the appropriate substrate, the addition of FabH2 resulted in an altered alkane product profile in which significant levels of n-alkanes of 14 and 16 carbons in length are produced. The production of even chain length alkanes represents initial steps toward the expansion of this recently discovered microbial alkane production pathway to synthesize complex fuels. This work was conceived and performed as part of the 2011 University of Washington international Genetically Engineered Machines (iGEM) project.",Seattle,US,,True,https://openalex.org/W1978740720
62,Industrial Fermentation,paper,2013,Bacterial synthesis gas (syngas) fermentation,"Acetogenic bacteria employing the Wood-Ljungdahl pathway can be used as biocatalysts in syngas fermentation for the production ofbiofuels such as ethanol or butanol as well as biocommodities such as acetate, lactate, butyrate, 2,3 butanediol, and acetone. The potential of such processes can be projected by the global syngas output, which was 70,817 megawatts thermal in 2010 and is expected to increase up to 72% in 2016. To date, different acetogens are used as commercial production strains for industrial syngas fermentations in pilot or demonstration plants (Coskata, INEOS Bio, LanzaTech) and first commercial units are expected to launch operation in the near future (INEOS Bio, LanzaTech). Considerations on potential yields are quite promising for fermentative production. New methods for metabolic engineering were established to construct novel recombinant acetogenic biocatalysts. Synthetic biology will certainly play a major role in constructing strains for commercial operations. This way, a cheap and abundant carbon source most probably replace, processes based on crude oil or sugar in the near future.",Ulm,DE,,True,https://openalex.org/W2113128408
62,Industrial Fermentation,paper,2014,"A Set of Versatile Brick Vectors and Promoters for the Assembly, Expression, and Integration of Synthetic Operons in <i>Methylobacterium extorquens</i> AM1 and Other Alphaproteobacteria","The discipline of synthetic biology requires standardized tools and genetic elements to construct novel functionalities in microorganisms; yet, many model systems still lack such tools. Here, we describe a novel set of vectors that allows the convenient construction of synthetic operons in Methylobacterium extorquens AM1, an important alphaproteobacterial model organism for methylotrophy and a promising platform organism for methanol-based biotechnology. In addition, we provide a set of constitutive alphaproteobacterial promoters of different strengths that were characterized in detail by two approaches: on the single-cell scale and on the cell population level. Finally, we describe a straightforward strategy to deliver synthetic constructs to the genome of M. extorquens AM1 and other Alphaproteobacteria. This study defines a new standard to systematically characterize genetic parts for their use in M. extorquens AM1 by using single-cell fluorescence microscopy and opens the toolbox for synthetic biological applications in M. extorquens AM1 and other alphaproteobacterial model systems.",Zurich,CH,,False,https://openalex.org/W2334066342
62,Industrial Fermentation,paper,2016,Production of farnesene from agro-industrial waste by synthetic biology,"The cultivation of pineapple, sugar cane and coffee, mean lucrative industries in Costa Rica, however, it associated with waste generation. About 300 metric tons of stubble are generated per hectare of planted pineapple, in the case of sugar cane, the main residue is bagasse. On the other hand, in the processing of coffee, the pulp and molasses are released as waste water. The use of this wastes are imperative to generate products and services that benefit the community and parallel decrease the environmental impact while reducing production costs. An alternative for the management of these wastes, is its use for the production of farnesene, precursor in the generation of biofuels and other high-value products in the pharmaceutical and cosmetic industry [18], by using synthetic biology as a tool for transformation of model organisms such as E. coli to introduce selected geneblocks, are capable of processing these wastes and generate farnesene or their precursors that may subsequently be used for generation biofuel or other.",Cartago,CR,,True,https://openalex.org/W2621722182
62,Industrial Fermentation,paper,2016,Utilising Synthetic Biology to Produce Renewable Energy from Indonesia’s Biodiversity: Inspiration from iGEM Competition,"The emerging field of synthetic biology focuses on engineering biomolecular systems and cellular capabilities. It can be applied to a wide variety of applications, one of them is renewable energy production. Teams competing in the International Genetically Engineered Machine (iGEM) competition design and assemble biological devices able to do certain purposes such as producing renewable energy. Their ideas can be adapted by using compatible organisms available from Indonesia’s rich biodiversity. Several ideas are highlighted in this review. One of them is the idea of recycling methanol in glycogen that can be used as carbon source for biofuel production. Methanol dehydrogenase from Indonesia’s methylotrophic bacteria can substitute Bacillus methanolycus used in the system. The adapted ideas can serve as starting points for research, production, and implementation of renewable energy in Indonesia. Keywords: Biodiversity; iGEM; Indonesia; renewable energy; synthetic biology",Malang,ID,,True,https://openalex.org/W2486048276
62,Industrial Fermentation,paper,2016,Gas Fermentation—A Flexible Platform for Commercial Scale Production of Low-Carbon-Fuels and Chemicals from Waste and Renewable Feedstocks,"There is an immediate need to drastically reduce the emissions associated with global fossil fuel consumption in order to limit climate change. However, carbon-based materials, chemicals, and transportation fuels are predominantly made from fossil sources and currently there is no alternative source available to adequately displace them. Gas-fermenting microorganisms that fix carbon dioxide (CO2) and carbon monoxide (CO) can break this dependence as they are capable of converting gaseous carbon to fuels and chemicals. As such, the technology can utilize a wide range of feedstocks including gasified organic matter of any sort (e.g., municipal solid waste, industrial waste, biomass, and agricultural waste residues) or industrial off-gases (e.g., from steel mills or processing plants). Gas fermentation has matured to the point that large-scale production of ethanol from gas has been demonstrated by two companies. This review gives an overview of the gas fermentation process, focusing specifically on anaerobic acetogens. Applications of synthetic biology and coupling gas fermentation to additional processes are discussed in detail. Both of these strategies, demonstrated at bench-scale, have abundant potential to rapidly expand the commercial product spectrum of gas fermentation and further improve efficiencies and yields.",Huntsville,US,,False,https://openalex.org/W2412234405
62,Industrial Fermentation,paper,2016,Energetics and Application of Heterotrophy in Acetogenic Bacteria,"Acetogenic bacteria are a diverse group of strictly anaerobic bacteria that utilize the Wood-Ljungdahl pathway for CO2 fixation and energy conservation. These microorganisms play an important part in the global carbon cycle and are a key component of the anaerobic food web. Their most prominent metabolic feature is autotrophic growth with molecular hydrogen and carbon dioxide as the substrates. However, most members also show an outstanding metabolic flexibility for utilizing a vast variety of different substrates. In contrast to autotrophic growth, which is hardly competitive, metabolic flexibility is seen as a key ability of acetogens to compete in ecosystems and might explain the almost-ubiquitous distribution of acetogenic bacteria in anoxic environments. This review covers the latest findings with respect to the heterotrophic metabolism of acetogenic bacteria, including utilization of carbohydrates, lactate, and different alcohols, especially in the model acetogen Acetobacterium woodii Modularity of metabolism, a key concept of pathway design in synthetic biology, together with electron bifurcation, to overcome energetic barriers, appears to be the basis for the amazing substrate spectrum. At the same time, acetogens depend on only a relatively small number of enzymes to expand the substrate spectrum. We will discuss the energetic advantages of coupling CO2 reduction to fermentations that exploit otherwise-inaccessible substrates and the ecological advantages, as well as the biotechnological applications of the heterotrophic metabolism of acetogens.",Frankfurt am Main,DE,,True,https://openalex.org/W2384560189
62,Industrial Fermentation,paper,2016,Controlling Citrate Synthase Expression by CRISPR/Cas9 Genome Editing for <i>n</i>-Butanol Production in <i>Escherichia coli</i>,"Genome editing using CRISPR/Cas9 was successfully demonstrated in Esherichia coli to effectively produce n-butanol in a defined medium under microaerobic condition. The butanol synthetic pathway genes including those encoding oxygen-tolerant alcohol dehydrogenase were overexpressed in metabolically engineered E. coli, resulting in 0.82 g/L butanol production. To increase butanol production, carbon flux from acetyl-CoA to citric acid cycle should be redirected to acetoacetyl-CoA. For this purpose, the 5'-untranslated region sequence of gltA encoding citrate synthase was designed using an expression prediction program, UTR designer, and modified using the CRISPR/Cas9 genome editing method to reduce its expression level. E. coli strains with decreased citrate synthase expression produced more butanol and the citrate synthase activity was correlated with butanol production. These results demonstrate that redistributing carbon flux using genome editing is an efficient engineering tool for metabolite overproduction.",Seoul,KR,,False,https://openalex.org/W2529420003
62,Industrial Fermentation,paper,2016,Industrial Acetogenic Biocatalysts: A Comparative Metabolic and Genomic Analysis,"Synthesis gas (syngas) fermentation by anaerobic acetogenic bacteria employing the Wood-Ljungdahl pathway is a bioprocess for production of biofuels and biocommodities. The major fermentation products of the most relevant biocatalytic strains (Clostridium ljungdahlii, C. autoethanogenum, C. ragsdalei, and C. coskatii) are acetic acid and ethanol. A comparative metabolic and genomic analysis using the mentioned biocatalysts might offer targets for metabolic engineering and thus improve the production of compounds apart from ethanol. Autotrophic growth and product formation of the four wild type (WT) strains were compared in uncontrolled batch experiments. The genomes of C. ragsdalei and C. coskatii were sequenced and the genome sequences of all four biocatalytic strains analyzed in comparative manner. Growth and product spectra (acetate, ethanol, 2,3-butanediol) of C. autoethanogenum, C. ljungdahlii, and C. ragsdalei were rather similar. In contrast, C. coskatii produced significantly less ethanol and its genome sequence lacks two genes encoding aldehyde:ferredoxin oxidoreductases (AOR). Comparative genome sequence analysis of the four WT strains revealed high average nucleotide identity (ANI) of C. ljungdahlii and C. autoethanogenum (99.3%) and C. coskatii (98.3%). In contrast, C. ljungdahlii WT and C. ragsdalei WT showed an ANI-based similarity of only 95.8%. Additionally, recombinant C. ljungdahlii strains were constructed that harbor an artificial acetone synthesis operon (ASO) consisting of the following genes: adc, ctfA, ctfB, and thlA (encoding acetoacetate decarboxylase, acetoacetyl-CoA:acetate/butyrate:CoA-transferase subunits A and B, and thiolase) under the control of thlA promoter (P thlA ) from C. acetobutylicum or native pta-ack promoter (P pta-ack ) from C. ljungdahlii. Respective recombinant strains produced 2-propanol rather than acetone, due to the presence of a NADPH-dependent primary-secondary alcohol dehydrogenase that converts acetone to 2-propanol. Furthermore, the ClosTron(TM) system was used to construct an adhE1 integration mutant. These results provide extensive insights into genetic features of industrially relevant bacterial biocatalysts and expand the toolbox for metabolic engineering of acetogenic bacteria able to ferment syngas.",Ulm,DE,,True,https://openalex.org/W2463416766
62,Industrial Fermentation,paper,2017,Part by Part: Synthetic Biology Parts Used in Solventogenic Clostridia,"The solventogenic Clostridia are of interest to the chemical industry because of their natural ability to produce chemicals such as butanol, acetone and ethanol from diverse feedstocks. Their use as whole cell factories presents multiple metabolic engineering targets that could lead to improved sustainability and profitability of Clostridium industrial processes. However, engineering efforts have been held back by the scarcity of genetic and synthetic biology tools. Over the past decade, genetic tools to enable transformation and chromosomal modifications have been developed, but the lack of a broad palette of synthetic biology parts remains one of the last obstacles to the rapid engineered improvement of these species for bioproduction. We have systematically reviewed existing parts that have been used in the modification of solventogenic Clostridia, revealing a narrow range of empirically chosen and nonengineered parts that are in current use. The analysis uncovers elements, such as promoters, transcriptional terminators and ribosome binding sites where increased fundamental knowledge is needed for their reliable use in different applications. Together, the review provides the most comprehensive list of parts used and also presents areas where an improved toolbox is needed for full exploitation of these industrially important bacteria.",York,GB,,False,https://openalex.org/W2770906202
62,Industrial Fermentation,paper,2017,"Metabolic engineering strategies for acetoin and 2,3-butanediol production: advances and prospects","Acetoin and 2,3-butanediol (2,3-BD) have a large number of industrial applications. The production of acetoin and 2,3-BD has traditionally relied on oil supplies. Microbial production of acetoin and 2,3-BD will alleviate the dependence on oil. Acetoin and 2,3-BD are neighboring metabolites in the 2,3-BD metabolic pathway of bacteria. This review summarizes metabolic engineering strategies for improvement of microbial acetoin and 2,3-BD production. We also propose enhancements to current acetoin and 2,3-BD production strategies, by offering a metabolic engineering approach that is guided by systems biology and synthetic biology.",Wuxi,CN,,False,https://openalex.org/W2605712730
62,Industrial Fermentation,paper,2017,Genome Editing in Clostridium saccharoperbutylacetonicum N1-4 with the CRISPR-Cas9 System,"<i>Clostridium saccharoperbutylacetonicum</i> N1-4 is well known as a hyper-butanol-producing strain. However, the lack of genetic engineering tools hinders further elucidation of its solvent production mechanism and development of more robust strains. In this study, we set out to develop an efficient genome engineering system for this microorganism based on the clustered regularly interspaced short palindromic repeats (CRISPR) and CRISPR-associated 9 (CRISPR-Cas9) system. First, the functionality of the CRISPR-Cas9 system previously customized for <i>Clostridium beijerinckii</i> was evaluated in <i>C. saccharoperbutylacetonicum</i> by targeting <i>pta</i> and <i>buk</i>, two essential genes for acetate and butyrate production, respectively. <i>pta</i> and <i>buk</i> single and double deletion mutants were successfully obtained based on this system. However, the genome engineering efficiency was rather low (the mutation rate is <20%). Therefore, the efficiency was further optimized by evaluating various promoters for guide RNA (gRNA) expression. With promoter P <sub><i>J23119</i></sub> , we achieved a mutation rate of 75% for <i>pta</i> deletion without serial subculturing as suggested previously for <i>C. beijerinckii</i> Thus, this developed CRISPR-Cas9 system is highly desirable for efficient genome editing in <i>C. saccharoperbutylacetonicum</i> Batch fermentation results revealed that both the acid and solvent production profiles were altered due to the disruption of acid production pathways; however, neither acetate nor butyrate production was eliminated with the deletion of the corresponding gene. The butanol production, yield, and selectivity were improved in mutants, depending on the fermentation medium. In the <i>pta buk</i> double deletion mutant, the butanol production in P2 medium reached 19.0 g/liter, which is one of the highest levels ever reported from batch fermentations.<b>IMPORTANCE</b> An efficient CRISPR-Cas9 genome engineering system was developed for <i>C. saccharoperbutylacetonicum</i> N1-4. This paves the way for elucidating the solvent production mechanism in this hyper-butanol-producing microorganism and developing strains with desirable butanol-producing features. This tool can be easily adapted for use in closely related microorganisms. As also reported by others, here we demonstrated with solid data that the highly efficient expression of gRNA is the key factor determining the efficiency of CRISPR-Cas9 for genome editing. The protocol developed in this study can provide essential references for other researchers who work in the areas of metabolic engineering and synthetic biology. The developed mutants can be used as excellent starting strains for development of more robust ones for desirable solvent production.",Auburn,US,,False,https://openalex.org/W2591715427
62,Industrial Fermentation,paper,2017,Fermentation of lactose to ethanol in cheese whey permeate and concentrated permeate by engineered Escherichia coli,"Whey permeate is a lactose-rich effluent remaining after protein extraction from milk-resulting cheese whey, an abundant dairy waste. The lactose to ethanol fermentation can complete whey valorization chain by decreasing dairy waste polluting potential, due to its nutritional load, and producing a biofuel from renewable source at the same time. Wild type and engineered microorganisms have been proposed as fermentation biocatalysts. However, they present different drawbacks (e.g., nutritional supplements requirement, high transcriptional demand of recombinant genes, precise oxygen level, and substrate inhibition) which limit the industrial attractiveness of such conversion process. In this work, we aim to engineer a new bacterial biocatalyst, specific for dairy waste fermentation. We metabolically engineered eight Escherichia coli strains via a new expression plasmid with the pyruvate-to-ethanol conversion genes, and we carried out the selection of the best strain among the candidates, in terms of growth in permeate, lactose consumption and ethanol formation. We finally showed that the selected engineered microbe (W strain) is able to efficiently ferment permeate and concentrated permeate, without nutritional supplements, in pH-controlled bioreactor. In the conditions tested in this work, the selected biocatalyst could complete the fermentation of permeate and concentrated permeate in about 50 and 85 h on average, producing up to 17 and 40 g/l of ethanol, respectively. To our knowledge, this is the first report showing efficient ethanol production from the lactose contained in whey permeate with engineered E. coli. The selected strain is amenable to further metabolic optimization and represents an advance towards efficient biofuel production from industrial waste stream. The online version of this article (doi:10.1186/s12896-017-0369-y) contains supplementary material, which is available to authorized users.",Pavia,IT,,True,https://openalex.org/W2620591140
62,Industrial Fermentation,paper,2018,Recent Developments of the Synthetic Biology Toolkit for Clostridium,"The <i>Clostridium</i> genus is a large, diverse group consisting of Gram-positive, spore-forming, obligate anaerobic firmicutes. Among this group are historically notorious pathogens as well as several industrially relevant species with the ability to produce chemical commodities, particularly biofuels, from renewable biomass. Additionally, other species are studied for their potential use as therapeutics. Although metabolic engineering and synthetic biology have been instrumental in improving product tolerance, titer, yields, and feed stock consumption capabilities in several organisms, low transformation efficiencies and lack of synthetic biology tools and genetic parts make metabolic engineering within the <i>Clostridium</i> genus difficult. Progress has recently been made to overcome challenges associated with engineering various <i>Clostridium</i> spp. For example, developments in CRISPR tools in multiple species and strains allow greater capability to produce edits with greater precision, faster, and with higher efficiencies. In this mini-review, we will highlight these recent advances and compare them to established methods for genetic engineering in <i>Clostridium</i>. In addition, we discuss the current state and development of <i>Clostridium</i>-based promoters (constitutive and inducible) and reporters. Future progress in this area will enable more rapid development of strain engineering, which would allow for the industrial exploitation of <i>Clostridium</i> for several applications including bioproduction of several commodity products.",New Orleans,US,,True,https://openalex.org/W2793258243
62,Industrial Fermentation,paper,2018,Efficient Conversion of Acetate to 3-Hydroxypropionic Acid by Engineered Escherichia coli,"Acetate, which is an abundant carbon source, is a potential feedstock for microbial processes that produce diverse value-added chemicals. In this study, we produced 3-hydroxypropionic acid (3-HP) from acetate with engineered Escherichia coli. For the efficient conversion of acetate to 3-HP, we initially introduced heterologous mcr (encoding malonyl-CoA reductase) from Chloroflexus aurantiacus. Then, the acetate assimilating pathway and glyoxylate shunt pathway were activated by overexpressing acs (encoding acetyl-CoA synthetase) and deleting iclR (encoding the glyoxylate shunt pathway repressor). Because a key precursor malonyl-CoA is also consumed for fatty acid synthesis, we decreased carbon flux to fatty acid synthesis by adding cerulenin. Subsequently, we found that inhibiting fatty acid synthesis dramatically improved 3-HP production (3.00 g/L of 3-HP from 8.98 g/L of acetate). The results indicated that acetate can be used as a promising carbon source for microbial processes and that 3-HP can be produced from acetate with a high yield (44.6% of the theoretical maximum yield).",Pohang,KR,,False,https://openalex.org/W2899869046
62,Industrial Fermentation,paper,2018,Stringency of Synthetic Promoter Sequences in <i>Clostridium</i> Revealed and Circumvented by Tuning Promoter Library Mutation Rates,"Collections of characterized promoters of different strengths are key resources for synthetic biology, but are not well established for many important organisms, including industrially relevant Clostridium spp. When generating promoters, reporter constructs are used to measure expression, but classical fluorescent reporter proteins are oxygen-dependent and hence inactive in anaerobic bacteria like Clostridium. We directly compared oxygen-independent reporters of different types in Clostridium acetobutylicum and found that glucuronidase (GusA) from E. coli performed best. Using GusA, a library of synthetic promoters was first generated by a typical approach entailing complete randomization of a constitutive thiolase gene promoter (P<sub>thl</sub>) except for the consensus -35 and -10 elements. In each synthetic promoter, the chance of each degenerate position matching P<sub>thl</sub> was 25%. Surprisingly, none of the tested synthetic promoters from this library were functional in C. acetobutylicum, even though they functioned as expected in E. coli. Next, instead of complete randomization, we specified lower promoter mutation rates using oligonucleotide primers synthesized using custom mixtures of nucleotides. Using these primers, two promoter libraries were constructed in which the chance of each degenerate position matching P<sub>thl</sub> was 79% or 58%, instead of 25% as before. Synthetic promoters from these ""stringent"" libraries functioned well in C. acetobutylicum, covering a wide range of strengths. The promoters functioned similarly in the distantly related species Clostridium sporogenes, and allowed predictable metabolic engineering of C. acetobutylicum for acetoin production. Besides generating the desired promoters and demonstrating their useful properties, this work indicates an unexpected ""stringency"" of promoter sequences in Clostridium, not reported previously.",London,GB,,False,https://openalex.org/W2767407549
62,Industrial Fermentation,paper,2018,"Engineered E. coli W enables efficient 2,3-butanediol production from glucose and sugar beet molasses using defined minimal medium as economic basis","Efficient microbial production of chemicals is often hindered by the cytotoxicity of the products or by the pathogenicity of the host strains. Hence 2,3-butanediol, an important drop-in chemical, is an interesting alternative target molecule for microbial synthesis since it is non-cytotoxic. Metabolic engineering of non-pathogenic and industrially relevant microorganisms, such as Escherichia coli, have already yielded in promising 2,3-butanediol titers showing the potential of microbial synthesis of 2,3-butanediol. However, current microbial 2,3-butanediol production processes often rely on yeast extract as expensive additive, rendering these processes infeasible for industrial production. The aim of this study was to develop an efficient 2,3-butanediol production process with E. coli operating on the premise of using cost-effective medium without complex supplements, considering second generation feedstocks. Different gene donors and promoter fine-tuning allowed for construction of a potent E. coli strain for the production of 2,3-butanediol as important drop-in chemical. Pulsed fed-batch cultivations of E. coli W using microaerobic conditions showed high diol productivity of 4.5 g l−1 h−1. Optimizing oxygen supply and elimination of acetoin and by-product formation improved the 2,3-butanediol titer to 68 g l−1, 76% of the theoretical maximum yield, however, at the expense of productivity. Sugar beet molasses was tested as a potential substrate for industrial production of chemicals. Pulsed fed-batch cultivations produced 56 g l−1 2,3-butanediol, underlining the great potential of E. coli W as production organism for high value-added chemicals. A potent 2,3-butanediol producing E. coli strain was generated by considering promoter fine-tuning to balance cell fitness and production capacity. For the first time, 2,3-butanediol production was achieved with promising titer, rate and yield and no acetoin formation from glucose in pulsed fed-batch cultivations using chemically defined medium without complex hydrolysates. Furthermore, versatility of E. coli W as production host was demonstrated by efficiently converting sucrose from sugar beet molasses into 2,3-butanediol. The online version of this article (10.1186/s12934-018-1038-0) contains supplementary material, which is available to authorized users.",Vienna,AT,,False,https://openalex.org/W2903185930
62,Industrial Fermentation,paper,2019,Phage-Assisted Evolution of <i>Bacillus methanolicus</i> Methanol Dehydrogenase 2,"Synthetic methylotrophy, the modification of organisms such as E. coli to grow on methanol, is a longstanding goal of metabolic engineering and synthetic biology. The poor kinetic properties of NAD-dependent methanol dehydrogenase, the first enzyme in most methanol assimilation pathways, limit pathway flux and present a formidable challenge to synthetic methylotrophy. To address this bottleneck, we used a formaldehyde biosensor to develop a phage-assisted noncontinuous evolution (PANCE) selection for variants of Bacillus methanolicus methanol dehydrogenase 2 (Bm Mdh2). Using this selection, we evolved Mdh2 variants with up to 3.5-fold improved V<sub>max</sub>. The mutations responsible for enhanced activity map to the predicted active site region homologous to that of type III iron-dependent alcohol dehydrogenases, suggesting a new critical region for future methanol dehydrogenase engineering strategies. Evolved Mdh2 variants enable twice as much <sup>13</sup>C-methanol assimilation into central metabolites than previously reported state-of-the-art methanol dehydrogenases. This work provides improved Mdh2 variants and establishes a laboratory evolution approach for metabolic pathways in bacterial cells.",Cambridge,US,,False,https://openalex.org/W2921467141
62,Industrial Fermentation,paper,2019,RiboCas: A Universal CRISPR-Based Editing Tool for <i>Clostridium</i>,"Members of the genus Clostridium represent a diverse assemblage of species exhibiting both medical and industrial importance. Deriving both a greater understanding of their biology, while at the same time enhancing their exploitable properties, requires effective genome editing tools. Here, we demonstrate the first implementation in the genus of theophylline-dependent, synthetic riboswitches exhibiting a full set of dynamic ranges, also suitable for applications where tight control of gene expression is required. Their utility was highlighted by generating a novel riboswitch-based editing tool-RiboCas-that overcomes the main obstacles associated with CRISPR/Cas9 systems, including low transformation efficiencies and excessive Cas9 toxicity. The universal nature of the tool was established by obtaining chromosomal modifications in C. pasteurianum, C. difficile, and C. sporogenes, as well as by carrying out the first reported example of CRISPR-targeted gene disruption in C. botulinum. The high efficiency (100% mutant generation) and ease of application of RiboCas make it suitable for use in a diverse range of microorganisms.",Nottingham,GB,,False,https://openalex.org/W2952041885
62,Industrial Fermentation,paper,2019,A Strongly Fluorescing Anaerobic Reporter and Protein-Tagging System for <i>Clostridium</i> Organisms Based on the Fluorescence-Activating and Absorption-Shifting Tag Protein (FAST),"Visualizing protein localization and characterizing gene expression activity in live <i>Clostridium</i> cells is limited for lack of a real-time, highly fluorescent, oxygen-independent reporter system. Enzymatic reporter systems have been used successfully for many years with <i>Clostridium</i> spp.; however, these assays do not allow for real-time analysis of gene expression activity with flow cytometry or for visualizing protein localization through fusion proteins. Commonly used fluorescent reporter proteins require oxygen for chromophore maturation and cannot be used for most strictly anaerobic <i>Clostridium</i> organisms. Here we show that the fluorescence-activating and absorption-shifting tag protein (FAST), when associated with the fluorogenic ligand 4-hydroxy-3-methylbenzylidene-rhodanine (HMBR; now commercially available) and other commercially available ligands, is highly fluorescent in <i>Clostridium acetobutylicum</i> under anaerobic conditions. Using flow cytometry and a fluorescence microplate reader, we demonstrated FAST as a reporter system by employing the promoters of the <i>C. acetobutylicum</i> thiolase (<i>thl</i>), acetoacetate decarboxylase (<i>adc</i>), and phosphotransbutyrylase (<i>ptb</i>) metabolic genes, as well as a mutant P<sub>thl</sub> and modified ribosome binding site (RBS) versions of P<sub>adc</sub> and P<sub>ptb</sub> Flow cytometry-based sorting was efficient and fast in sorting FAST-expressing cells, and positively and negatively sorted cells could be effectively recultured. FAST was also used to tag and examine protein localization of the predicted cell division FtsZ partner protein, ZapA, to visualize the divisome localization in live <i>C. acetobutylicum</i> cells. Our findings suggest that FAST can be used to further investigate <i>Clostridium</i> divisomes and more broadly the localization and expression levels of other proteins in <i>Clostridium</i> organisms, thus enabling cell biology studies with these organisms.<b>IMPORTANCE</b> FAST in association with the fluorogenic ligand HMBR is characterized as a successful, highly fluorescent reporter system in <i>C. acetobutylicum</i> FAST can be used to distinguish between promoters in live cells using flow cytometry or a fluorescence microplate reader and can be used to tag and examine protein localization in live, anaerobically grown cells. Given that FAST is highly fluorescent under anaerobic conditions, it can be used in several applications of this and likely many <i>Clostridium</i> organisms and other strict anaerobes, including studies involving cell sorting, sporulation dynamics, and population characterization in pure as well as mixed cultures, such as those in various native or synthetic microbiomes and syntrophic cultures.",Newark,US,,True,https://openalex.org/W2945633820
62,Industrial Fermentation,paper,2019,Microbial biosynthesis of lactate esters,"Green organic solvents such as lactate esters have broad industrial applications and favorable environmental profiles. Thus, manufacturing and use of these biodegradable solvents from renewable feedstocks help benefit the environment. However, to date, the direct microbial biosynthesis of lactate esters from fermentable sugars has not yet been demonstrated. In this study, we present a microbial conversion platform for direct biosynthesis of lactate esters from fermentable sugars. First, we designed a pyruvate-to-lactate ester module, consisting of a lactate dehydrogenase (ldhA) to convert pyruvate to lactate, a propionate CoA-transferase (pct) to convert lactate to lactyl-CoA, and an alcohol acyltransferase (AAT) to condense lactyl-CoA and alcohol(s) to make lactate ester(s). By generating a library of five pyruvate-to-lactate ester modules with divergent AATs, we screened for the best module(s) capable of producing a wide range of linear, branched, and aromatic lactate esters with an external alcohol supply. By co-introducing a pyruvate-to-lactate ester module and an alcohol (i.e., ethanol, isobutanol) module into a modular Escherichia coli (chassis) cell, we demonstrated for the first time the microbial biosynthesis of ethyl and isobutyl lactate esters directly from glucose. In an attempt to enhance ethyl lactate production as a proof-of-study, we re-modularized the pathway into (1) the upstream module to generate the ethanol and lactate precursors and (2) the downstream module to generate lactyl-CoA and condense it with ethanol to produce the target ethyl lactate. By manipulating the metabolic fluxes of the upstream and downstream modules through plasmid copy numbers, promoters, ribosome binding sites, and environmental perturbation, we were able to probe and alleviate the metabolic bottlenecks by improving ethyl lactate production by 4.96-fold. We found that AAT is the most rate-limiting step in biosynthesis of lactate esters likely due to its low activity and specificity toward the non-natural substrate lactyl-CoA and alcohols. We have successfully established the biosynthesis pathway of lactate esters from fermentable sugars and demonstrated for the first time the direct fermentative production of lactate esters from glucose using an E. coli modular cell. This study defines a cornerstone for the microbial production of lactate esters as green solvents from renewable resources with novel industrial applications.",Oak Ridge,US,,False,https://openalex.org/W2974729151
62,Industrial Fermentation,paper,2020,Synthetic Biology on Acetogenic Bacteria for Highly Efficient Conversion of C1 Gases to Biochemicals,"Synthesis gas, which is mainly produced from fossil fuels or biomass gasification, consists of C1 gases such as carbon monoxide, carbon dioxide, and methane as well as hydrogen. Acetogenic bacteria (acetogens) have emerged as an alternative solution to recycle C1 gases by converting them into value-added biochemicals using the Wood-Ljungdahl pathway. Despite the advantage of utilizing acetogens as biocatalysts, it is difficult to develop industrial-scale bioprocesses because of their slow growth rates and low productivities. To solve these problems, conventional approaches to metabolic engineering have been applied; however, there are several limitations owing to the lack of required genetic bioparts for regulating their metabolic pathways. Recently, synthetic biology based on genetic parts, modules, and circuit design has been actively exploited to overcome the limitations in acetogen engineering. This review covers synthetic biology applications to design and build industrial platform acetogens.",Daejeon,KR,,False,https://openalex.org/W3093198057
62,Industrial Fermentation,paper,2020,Synthetic Biology Tools for Genome and Transcriptome Engineering of Solventogenic Clostridium,"Strains of <i>Clostridium</i> genus are used for production of various value-added products including fuels and chemicals. Development of any commercially viable production process requires a combination of both strain and fermentation process development strategies. The strain development in <i>Clostridium</i> sp. could be achieved by random mutagenesis, and targeted gene alteration methods. However, strain improvement in <i>Clostridium</i> sp. by targeted gene alteration method was challenging due to the lack of efficient tools for genome and transcriptome engineering in this organism. Recently, various synthetic biology tools have been developed to facilitate the strain engineering of solventogenic <i>Clostridium</i>. In this review, we consolidated the recent advancements in toolbox development for genome and transcriptome engineering in solventogenic <i>Clostridium</i>. Here we reviewed the genome-engineering tools employing mobile group II intron, <i>pyrE</i> alleles exchange, and CRISPR/Cas9 with their application for strain development of <i>Clostridium</i> sp. Next, transcriptome engineering tools such as untranslated region (UTR) engineering and synthetic sRNA techniques were also discussed in context of <i>Clostridium</i> strain engineering. Application of any of these discussed techniques will facilitate the metabolic engineering of clostridia for development of improved strains with respect to requisite functional attributes. This might lead to the development of an economically viable butanol production process with improved titer, yield and productivity.",Jinju-si,KR,,False,https://openalex.org/W3016792481
62,Industrial Fermentation,paper,2020,Reprogramming Acetogenic Bacteria with CRISPR-Targeted Base Editing <i>via</i> Deamination,"Acetogenic bacteria are rising in popularity as chassis microbes for biotechnology due to their capability of converting inorganic one-carbon (C1) gases to organic chemicals. To fully uncover the potential of acetogenic bacteria, synthetic biology tools are imperative to either engineer designed functions or to interrogate the physiology. Here, we report a genome-editing tool at a one-nucleotide resolution, namely base editing, for acetogenic bacteria based on CRISPR-targeted deamination. This tool combines nuclease deactivated Cas9 with activation-induced cytidine deaminase to enable cytosine-to-thymine substitution without DNA cleavage, homology-directed repair, and donor DNA, which are generally the bottlenecks for applying conventional CRISPR-Cas systems in bacteria. We designed and validated a modularized base-editing tool in the model acetogenic bacterium <i>Clostridium ljungdahlii</i>. The editing principles were investigated, and an <i>in-silico</i> analysis revealed the capability of base editing across the genome and the potential for off-target events. Moreover, genes related to acetate and ethanol production were disrupted individually by installing premature STOP codons to reprogram carbon flux toward improved acetate production. This resulted in engineered <i>C. ljungdahlii</i> strains with the desired phenotypes and stable genotypes. Our base-editing tool promotes the application and research in acetogenic bacteria and provides a blueprint to upgrade CRISPR-Cas-based genome editing in bacteria in general.",Tübingen,DE,,False,https://openalex.org/W3038849885
62,Industrial Fermentation,paper,2020,Metabolic diversification of anaerobic methanotrophic archaea in a deep-sea cold seep,"Abstract Anaerobic methanotrophic archaea (ANME) can assimilate methane and govern the greenhouse effect of deep-sea cold seeps. In this study, a total of 13 ANME draft genomes representing five ANME types (ANME-1a, ANME-1b, ANME-2a, ANME-2b and ANME-2c), in size between 0.8 and 1.8 Mbp, were obtained from the Jiaolong cold seep in the South China Sea. The small metagenome-assembled genomes (MAGs) contained all the essential pathways for methane oxidization and carbon dioxide fixation. All genes related to nitrate and sulfate reduction were absent from the MAGs, indicating their syntrophic dependence on partner organisms. Aside from acetate secretion and sugar storage, propanoate synthesis pathway, as an alternative novel carbon flow, was identified in all the MAGs and transcriptionally active. Regarding type-specific features of the MAGs, the genes encoding archaellum and bacteria-derived chemotaxis were specific to ANME-2, perhaps for fitness under fluctuation of methane and sulfate concentration flux. Our genomic and transcriptomic results strongly suggested that ANME could carry out simple carbon metabolism from C1 assimilation to C3 biosynthesis in the SCS cold seep, which casts light on a novel approach for synthetic biology.",Sanya,CN,,True,https://openalex.org/W3080256649
62,Industrial Fermentation,paper,2021,Metabolic Engineering and the Synthetic Biology Toolbox for<i>Clostridium</i>,"The Clostridium genus contains a diverse range of Gram-positive, sporulating, obligate anaerobes that have been of historical biotechnological interest due to their acetone–butanol–ethanol (ABE) solvent production. Within the last few decades, interest has grown in the Clostridium spp. capable of consuming a wider variety of feedstocks, which include gaseous and renewable biomass sources. Additionally, attenuated pathogens have been of interest as potential therapeutics. The fruition of the genus's great promise has been limited by the slow progress in genetic engineering and synthetic biology methods and tools, relative to workhorse organisms such as Escherichia coli . Recent advances in these areas, not least of which include CRISPR-based tools, renew the promise of metabolic engineering for a broad range of feedstock consumption and production of chemicals. In this chapter, we describe the current state of engineering in the Clostridium genus by describing efforts and continued challenges in directed evolution, the use of systems biology for greater understanding, methods for performing genomic editing, and the expanding library of genetic parts. These new capabilities and tools have expanded the number of species that are able to be engineered for biotechnological purposes, increased the throughput of genetic studies, and expanded the range of products made from Clostridium.",New Orleans,US,,False,https://openalex.org/W3166189730
62,Industrial Fermentation,paper,2021,"Development of Clostridium saccharoperbutylacetonicum as a Whole Cell Biocatalyst for Production of Chirally Pure (R)-1,3-Butanediol","Chirally pure (R)-1,3-butanediol ((R)-1,3-BDO) is a valuable intermediate for the production of fragrances, pheromones, insecticides and antibiotics. Biotechnological production results in superior enantiomeric excess over chemical production and is therefore the preferred production route. In this study (R)-1,3-BDO was produced in the industrially important whole cell biocatalyst Clostridium saccharoperbutylacetonicum through expression of the enantio-specific phaB gene from Cupriavidus necator. The heterologous pathway was optimised in three ways: at the transcriptional level choosing strongly expressed promoters and comparing plasmid borne with chromosomal gene expression, at the translational level by optimising the codon usage of the gene to fit the inherent codon adaptation index of C. saccharoperbutylacetonicum, and at the enzyme level by introducing point mutations which led to increased enzymatic activity. The resulting whole cell catalyst produced up to 20 mM (1.8 g/l) (R)-1,3-BDO in non-optimised batch fermentation which is a promising starting position for economical production of this chiral chemical.",Swindon,GB,,False,https://openalex.org/W3160259467
62,Industrial Fermentation,paper,2023,Directed evolution of a neutrophilic and mesophilic methanol dehydrogenase based on high-throughput and accurate measurement of formaldehyde,"Methanol is a promising one-carbon feedstock for biomanufacturing, which can be sustainably produced from carbon dioxide and natural gas. However, the efficiency of methanol bioconversion is limited by the poor catalytic properties of nicotinamide adenine dinucleotide (NAD+)-dependent methanol dehydrogenase (Mdh) that oxidizes methanol to formaldehyde. Herein, the neutrophilic and mesophilic NAD+-dependent Mdh from Bacillus stearothermophilus DSM 2334 (MdhBs) was subjected to directed evolution for enhancing the catalytic activity. The combination of formaldehyde biosensor and Nash assay allowed high-throughput and accurate measurement of formaldehyde and facilitated efficient selection of desired variants. MdhBs variants with up to 6.5-fold higher Kcat/KM value for methanol were screened from random mutation libraries. The T153 residue that is spatially proximal to the substrate binding pocket has significant influence on enzyme activity. The beneficial T153P mutation changes the interaction network of this residue and breaks the α-helix important for substrate binding into two short α-helices. Reconstructing the interaction network of T153 with surrounding residues may represent a promising strategy to further improve MdhBs, and this study provides an efficient strategy for directed evolution of Mdh.",Tianjin,CN,,False,https://openalex.org/W4379878394
62,Industrial Fermentation,paper,2024,Assembly and engineering of BioBricks to develop an efficient NADH regeneration system,"The alcohol dehydrogenase (ADH)-based coenzyme regeneration system serves as a useful tool in redox biocatalysis. This system effectively replenishes NAD(P)H by utilizing isopropanol as a substrate, with the added advantage of easily separable acetone as a by-product. Previous studies focused on discovering new <i>adh</i> genes and engineering the ADH protein for higher catalytic efficiency, neglecting the optimization of other gene components. In this study, a remarkably efficient NADH regeneration system was developed using BioBricks assembly for system initialization. The ADH engineering was used to enhance catalytic efficiency, and RBS optimization for elevated ADH expression, which resulted in not only a 2.1-fold increase in catalytic efficiency but also a 3.2-fold increase in translation rate. Together, these improvements resulted in an overall 6.7-fold enhancement in performance. This system finds application in a wide range of NADH-dependent biocatalysis processes and is particularly advantageous for the biosynthesis of fine chemicals.",Hangzhou,CN,,False,https://openalex.org/W4405279928
62,Industrial Fermentation,paper,2024,Engineering a non-oxidative glycolysis pathway in escherichia coli for high-level citramalate production,"Methyl methacrylate (MMA) is a key precursor of polymethyl methacrylate, extensively used as a transparent thermoplastic in various industries. Conventional MMA production poses health and environmental risks; hence, citramalate serves as an alternative bacterial compound precursor for MMA production. The highest citramalate titer was previously achieved by Escherichia coli BW25113. However, studies on further improving citramalate production through metabolic engineering are limited, and phage contamination is a persistent problem in E. coli fermentation. This study aimed to construct a phage-resistant E. coli BW25113 strain capable of producing high citramalate titers from glucose. First, promoters and heterologous cimA genes were screened, and an effective biosynthetic pathway for citramalate was established by overexpressing MjcimA3.7, a mutated cimA gene from Methanococcus jannaschii, regulated by the BBa_J23100 promoter in E. coli. Subsequently, a phage-resistant E. coli strain was engineered by integrating the Ssp defense system into the genome and mutating key components of the phage infection cycle. Then, the strain was engineered to include the non-oxidative glycolysis pathway while removing the acetate synthesis pathway to enhance the supply of acetyl-CoA. Furthermore, glucose utilization by the strain improved, thereby increasing citramalate production. Ultimately, 110.2 g/L of citramalate was obtained after 80 h fed-batch fermentation. The citramalate yield from glucose and productivity were 0.4 g/g glucose and 1.4 g/(L·h), respectively. This is the highest reported citramalate titer and productivity in E. coli without the addition of expensive yeast extract and additional induction in fed-bath fermentation, emphasizing its potential for practical applications in producing citramalate and its derivatives. The online version contains supplementary material available at 10.1186/s12934-024-02505-y.",Beijing,CN,,False,https://openalex.org/W4401819922
62,Industrial Fermentation,paper,2024,Construction of a broad-host-range Anderson promoter series and particulate methane monooxygenase promoter variants expand the methanotroph genetic toolbox,"Methanotrophic bacteria are currently used industrially for the bioconversion of methane-rich natural gas and anaerobic digestion-derived biogas to valuable products. These bacteria may also serve to mitigate the negative effects of climate change by capturing atmospheric greenhouse gases. Several genetic tools have previously been developed for genetic and metabolic engineering of methanotrophs. However, the available tools for use in methanotrophs are significantly underdeveloped compared to many other industrially relevant bacteria, which hinders genetic and metabolic engineering of these biocatalysts. As such, expansion of the methanotroph genetic toolbox is needed to further our understanding of methanotrophy and develop biotechnologies that leverage these unique microbes for mitigation and conversion of methane to valuable products. Here, we determined the copy number of three broad-host-range plasmids in Methylococcus capsulatus Bath and Methylosinus trichosporium OB3b, representing phylogenetically diverse Gammaproteobacterial and Alphaproteobacterial methanotrophs, respectively. Further, we show that the commonly used synthetic Anderson series promoters are functional and exhibit similar relative activity in M. capsulatus and M. trichosporium OB3b, but the synthetic series had limited range. Thus, we mutagenized the native M. capsulatus particulate methane monooxygenase promoter and identified variants with activity that expand the activity range of synthetic, constitutive promoters functional not only in M. capsulatus, but also in Escherichia coli. Collectively, the tools developed here advance the methanotroph genetic engineering toolbox and represent additional synthetic genetic parts that may have broad applicability in Pseudomonadota bacteria.",Denton,US,,False,https://openalex.org/W4391933753
62,Industrial Fermentation,paper,2024,Development of a genetic engineering toolbox for syngas-utilizing acetogen Clostridium sp. AWRP,"Clostridium sp. AWRP (AWRP) is a novel acetogenic bacterium isolated under high partial pressure of carbon monoxide (CO) and can be one of promising candidates for alcohol production from carbon oxides. Compared to model strains such as C. ljungdahlii and C. autoethanogenum, however, genetic manipulation of AWRP has not been established, preventing studies on its physiological characteristics and metabolic engineering. We were able to demonstrate the genetic domestication of AWRP, including transformation of shuttle plasmids, promoter characterization, and genome editing. From the conjugation experiment with E. coli S17-1, among the four replicons tested (pCB102, pAMβ1, pIP404, and pIM13), three replicated in AWRP but pCB102 was the only one that could be transferred by electroporation. DNA methylation in E. coli significantly influenced transformation efficiencies in AWRP: the highest transformation efficiencies (102–103 CFU/µg) were achieved with unmethylated plasmid DNA. Determination of strengths of several clostridial promoters enabled the establishment of a CRISPR/Cas12a genome editing system based on Acidaminococcus sp. BV3L6 cas12a gene; interestingly, the commonly used CRISPR/Cas9 system did not work in AWRP, although it expressed the weakest promoter (C. acetobutylicum Pptb) tested. This system was successfully employed for the single gene deletion (xylB and pyrE) and double deletion of two prophage gene clusters. The presented genome editing system allowed us to achieve several genome manipulations, including double deletion of two large prophage groups. The genetic toolbox developed in this study will offer a chance for deeper studies on Clostridium sp. AWRP for syngas fermentation and carbon dioxide (CO2) sequestration. The online version contains supplementary material available at 10.1186/s12934-023-02272-2.",Busan,KR,,False,https://openalex.org/W4390571467
62,Industrial Fermentation,paper,2025,A synthetic biology toolkit for the plasmid-dependent and thermophilic methylotroph Bacillus methanolicus,"Bacillus methanolicus, a unique plasmid-dependent and thermophilic methylotroph, is an ideal chassis for one-carbon (C1) biomanufacturing. Despite its evolutionary uniqueness and industrial promise, the synthetic biology toolkit remains limited in comparison to that of conventional model microorganisms. Here, we present a comprehensive toolkit comprising a high-efficiency electroporation protocol, a CRISPR-Cas9 method enabling robust and multiplex genome editing, diverse neutral loci for gene integration, and a cloud-based genome-scale metabolic model iBM822 for user-friendly biodesign. Leveraging this toolkit, we systematically dissected plasmid-dependent methylotrophy, restriction-modification machinery, and the functional significance of chromosomal methylotrophic genes. To address plasmid loss-induced strain degeneration, we integrated the large endogenous plasmid pBM19 into the chromosome for stable and intact methylotrophic growth. Finally, by integrating metabolic modeling with CRISPR-Cas9 editing, we engineered L-arginine feedback regulation to achieve L-arginine overproduction from methanol. This study establishes a synthetic biology framework for B. methanolicus, promoting mechanistic exploration of methylotrophy and C1 biomanufacturing.",Beijing,CN,,False,https://openalex.org/W7117100518
62,Industrial Fermentation,paper,2025,A synthetic biology toolkit for interrogating plasmid-dependent methylotrophy and enhancing methanol-based biosynthesis of <i>Bacillus methanolicus</i>,"Abstract Bacillus methanolicus represents a thermophilic methylotroph whose methanol utilization depends on plasmid-encoded genes. It serves as a unique model for deciphering plasmid-dependent methylotrophy and an ideal chassis for low-carbon biomanufacturing using CO2-derived C1 substrates. Despite its evolutionary uniqueness and industrial potential, the lack of synthetic biology tools has hindered both mechanistic understanding and strain engineering. Here, we present a comprehensive synthetic biology platform comprising a high-efficiency electroporation protocol, a CRISPR method enabling robust and multiplex genome editing, diverse neutral loci for gene integration and overexpression, and a cloud-based genome-scale metabolic model iBM822 for user-friendly biodesign. Leveraging this toolkit, we systematically dissected plasmid-dependent methylotrophy, host restriction-modification systems, and functional significance of the chromosomal methylotrophic genes through targeted deletion. To address plasmid loss-induced strain degeneration, we integrated the large endogenous plasmid pBM19 into the chromosome for stable and intact methylotrophic growth. Finally, by integrating metabolic modeling with CRISPR editing, we engineered L-arginine feedback regulation to achieve the first L-arginine biosynthesis from methanol. This study establishes a synthetic biology framework for B. methanolicus, promoting mechanistic exploration of methylotrophy and low-carbon biomanufacturing.",Tianjin,CN,,False,https://openalex.org/W4410139728
62,Industrial Fermentation,paper,2025,A synthetic methylotroph achieves accelerated cell growth by alleviating transcription-replication conflicts,"Microbial utilization of methanol for valorization is an effective way to advance green bio-manufacturing technology. Although synthetic methylotrophs have been developed, strategies to enhance their cell growth rate and internal regulatory mechanism remain underexplored. In this study, we design a synthetic methanol assimilation (SMA) pathway containing only six enzymes linked to central carbon metabolism, which does not require energy and carbon emissions. Through rational design and laboratory evolution, E. coli harboring with the SMA pathway is converted into a synthetic methylotroph. By self-adjusting the expression of TOPAI (topoisomerase I inhibitor) to alleviate transcriptional-replication conflicts (TRCs), the doubling time of methylotrophic E. coli is reduced to 4.5 h, approaching that of natural methylotrophs. This work has the potential to overcome the growth limitation of C1-assimilating microbes and advance the development of a circular carbon economy.",Wuxi,CN,,False,https://openalex.org/W4405986599
62,Industrial Fermentation,paper,2025,Construction and Characterization of Novel Shuttle Expression Vectors for Actinobacillus succinogenes,"Actinobacillus succinogenes is a ruminal microorganism of biotechnological importance due to its capacity to produce succinic acid at high yields. Despite the scientific interest in this organism, molecular vehicles for the transfer and expression of genetic material are limited compared to the existing demand. To facilitate gene cloning and expression in A. succinogenes, we report the generation and characterization of two novel shuttle expression vectors containing the chloramphenicol acetyltransferase gene (catA) as a selection marker and replication origins from A. succinogenes, other members of the Pasteurellaceae family, and Escherichia coli. Vector pAVP
trc
 includes the following features from the E. coli expression vector pTrc99A2: lacI
q gene, an IPTG‐inducible trc promoter (P
trc
), the lacZ ribosome‐binding site, a multiple cloning site, and the rrnB transcription terminator. The second novel vector pAVP
mdh
 contains 200 bp of the promoter region (P
mdh
) from the A. succinogenes malate dehydrogenase (MDH) gene Asuc_1612 (mdh). Gene mdh was cloned in the two novel vectors to generate pAVP
trc
mdh and pAVP
mdh
mdh. Promoter activity in these vectors was determined by measuring transcript levels with RT‐qPCR analysis and MDH specific activity. In cultures with A. succinogenes/pAVP
trc
mdh with 2 mM IPTG, a two‐fold increase in MDH specific activity and a 22‐fold increase in mdh transcript level were observed. In the case of pAVP
mdh
mdh, a four‐fold increase in MDH‐specific activity and a 19‐fold increase in mdh transcript level were observed. Analysis by qPCR showed plasmids pAVP
trc
, pAVP
trc
mdh, pAVP
mdh
, and pAVP
mdh
mdh to be present in a range of seven to nine copies per cell.",Cuernavaca,MX,,False,https://openalex.org/W4407666977
62,Industrial Fermentation,paper,2025,A megatransposon drives the adaptation of Thermoanaerobacter kivui to carbon monoxide,"Acetogens are promising industrial biocatalysts for upgrading syngas, a gas mixture containing CO, H2 and CO2 into fuels and chemicals. However, CO severely inhibits growth of many acetogens, often requiring extensive adaptation to enable efficient CO conversion (carboxydotrophy). Here, we adapt the thermophilic acetogen Thermoanaerobacter kivui to use CO as sole carbon and energy source. Isolate CO-1 exhibits rapid growth on CO and syngas (co-utilizing CO, H2 and CO2) in batch and continuous cultures (µmax ~ 0.25 h−1). The carboxydotrophic phenotype is attributed to the mobilization of a CO-dependent megatransposon originating from the locus responsible for autotrophy in T. kivui. Transcriptomics reveal the crucial role the redox balance plays during carboxydotrophic growth. These insights are exploited to rationally engineer T. kivui to grow on CO. Collectively, our work elucidates a primary mechanism responsible for the acquisition of carboxydotrophy in acetogens and showcases how transposons can orchestrate evolution. Carbon monoxide (CO) present in syngas severely inhibits growth of many acetogens. Here, the authors adapt, characterize, and engineer utilization of CO as sole carbon and energy source by the thermophilic acetogen Thermoanaerobacter kivui.",Vienna,AT,,False,https://openalex.org/W4410106554
62,Industrial Fermentation,project,2013,<b> A Shuttle Vector for Clostridial Chassis Organisms</b>,"Concerns about energy security, sustainability, and the environmental impact of fossil fuels have renewed the interest of both the public and the scientific community in the development of renewable energy sources, including biofuels. Recent research in synthetic biology has resulted in the production of alcohols not known to be produced naturally, and the extension of carbon chain length. These systems have been expressed in <i>E. coli</i>. Historically, the alcohol titer obtained with native alcohol producers, such as <i>Clostridium acetobutylicum</i>, an acetone/butanol/ethanol producer, and <i>Clostridium beijerinckii</i>, an isopropanol/butanol/ethanol producer, has been greater than that obtained wtih non-native producers. One major problem with these systems is the lack of tools available for genetically manipulating them. The goal of our project has been to develop a shuttle vector that will allow the heterologous expression of these and similar biosynthetic pathways in these organisms.",Norman,US,,True,igem_OU-Norman_OK_2013
62,Industrial Fermentation,project,2015,Upcycling Methanol into a Universal Carbon Source,"Nowadays, mankind uses 94 million barrels of oil per day. But as agreed on by various nations, we have to become independent from fossil resources during the next decades. As a consequence, not only fuels, but many other products including drugs, fine chemicals and plastic will have to be produced from renewable carbon sources. In parallel, we observe arable land per capita shrinking and more frequent droughts. But even by increasing agricultural productivity, plants will not be able to meet our massive demands. Therefore, we are developing an alternative route to sustainably produce complex carbon which significantly reduces the space and water needs. By using new synthetic pathways, we are upcycling a simple, renewable chemical into a universal carbon source.",Aachen,DE,,False,igem_Aachen_2015
62,Industrial Fermentation,project,2019,NoTox: Making Botulism prevention cheaper and more effective.,"Our project aims to create Clostridium reporter strains that may be used to safely monitor the likelihood of botulinum neurotoxin production in food. Our proof-of-concept studies will use the non-toxic surrogate strain, Clostridium sporogenes, in place of the toxic Clostridium botulinum. This will be modified to produce a volatile reporter  Acetone, under the influence of BotR (the transcription factor that controls production of Botulinum neurotoxin). The amount of acetone produced will, therefore, positively correlate with the amount of Botulinum toxin produced. This volatile solvent will be detected using a self-designed electronic nose, giving an accurate description of the level of toxin that would be produced. The system can then be used to test whether food packaging will support the production of botulinum toxin, serving as proof of concept that reporter-strain technology can be useful in botulism prevention.",Nottingham,GB,,False,igem_Nottingham_2019
62,Industrial Fermentation,project,2022,From Wastegas to Biofuel,"The extensive emission of carbon oxides by fossil fuel combustion leads to a rapidly increasing greenhouse effect. Biofuels are providing great potential for sustainable fuels as they are produced from cell material instead of fossil resources. However, these agricultural products compete with food production. Biofuel production utilising CO2 as substrate can contribute to a drastic reduction of greenhouse gases. The acetogenic Wood-Ljungdahl pathway of Clostridia utilises CO or Syngas (CO2, CO, H2) as metabolic substrate to produce the central intermediate Acetyl-CoA. Biofuel production by these bacteria failed in the past due to low yields of valuable products. To overcome this obstacle, we introduced metabolic pathway genes of the Wood-Ljungdahl pathway into a high yield butanol producing organism to generate high biofuel yields from industrial waste gas. Our work presents a sustainable approach for the production of biofuel which is usable for various combustion engines by expressing central metabolic pathway genes.",Göttingen,DE,,True,igem_Goettingen_2022
62,Industrial Fermentation,project,2023,Engineering Methanotrophs for the Synthesis of Value-Added Products,"Greenhouse gasses are major contributors to climate change, of which methane and carbon dioxide are some of the most potent. Genetic modification of the methanotroph species, a bacteria able to naturally metabolize methane and carbon dioxide, is a solution to this issue. Considerable work has been dedicated to the genetic engineering of methanotrophs, but a lack in diverse, adaptable, and consistent gene editing remains an issue. Engineering of the Anderson Promoter Series in Methylococcus capsulatus (Bath) and Escherichia coli was performed for the series dynamic range of activity with little restrictions on cellular growth. The series led to an inconsistent expression of fluorescent activity for our purposes, resulting in the development of a novel mutagenesis promoter library. The mutagenized promoters were able to successfully generate a full dynamic range of expression, demonstrating an effective biocatalyst with the potential for simultaneous greenhouse gas mitigation and yield of industrially relevant products.",Denton County,US,,False,igem_UNT_2023
62,Industrial Fermentation,patent,2005,"PROCESS FOR THE PREPARATION OF 2,4-DIDEOXYHEXOSES AND 2,4,6-TRIDEOXYHEXOSES","The invention relates to a process for the preparation of a 2,4-dideoxyhexose or a 2,4,6-trideoxyhexose from a substituted or unsubstituted carbonyl compound with at least 2 carbon atoms and at least one &#x3b1;-hydrogen atom and a substituted or unsubstituted aldehyde in the presence of an aldolase and water, the reaction between the substituted or unsubstituted carbonyl compound with at least 2 carbon atoms and at least one &#x3b1;-hydrogen atom and the substituted or unsubstituted aldehyde being carried out at a carbonyl concentration of at most 6 moles/l of reaction mixture and the final concentration of the 2,4-dideoxyhexose or the 2,4,6-trideoxyhexose being at least 2 mass % of the reaction mixture. The invention also relates to the use of a 2,4-dideoxyhexose or a 2,4,6-trideoxyhexose obtained by means of a process according to the invention in the preparation of a medicine, particularly in the preparation of a statine.",Sittard,NL,,False,s2sm1b1r2h2n68173v353r1i6z1r4c196l1ge
62,Industrial Fermentation,patent,2005,Ethanol production by recombinant hosts,"The subject invention concerns the transformation of Gram-positive bacteria with heterologous genes which confer upon these microbes the ability to produce ethanol as a fermentation product. Specifically exemplified is the transformation of bacteria with genes, obtainable from Zymomonas mobilis , which encode pyruvate decarboxylase and alcohol dehydrogenase.",Gainesville,US,,True,3f62c3s1x3t3k642s2r2s1u5t6qip421l1s4j
62,Industrial Fermentation,patent,2006,Methods and compositions for simultaneous saccharification and fermentation,The invention provides compositions and methods for the synergistic degradation of oligosaccharides by endoglucanases. The invention further provides recombinant host cells containing one or more genes encoding endoglucanses which are capable of the synergistic degradation of oligosaccharides. Preferred host cells of the invention are ethanologenic and capable of carrying out simultaneous saccharification and fermentation resulting in the production of ethanol from complex cellulose substrates.,Gainesville,US,,False,181su6o5t59k626z5g2b6dr4e2b4g665p542j
62,Industrial Fermentation,patent,2006,"Method of producing 1,2-propanediol using Klebsiella pneumoniae","A method of producing 1,2-propandiol is provided. The method includes incubating Klebsiella pneumoniae in a medium containing 10&#x2013;30 g/L of a sugar carbon source excluding 6-deoxyhexose, in aerobic conditions; and separating 1,2-propandiol from the cultures. Using the method, 1,2-propandiol can be produced with a high yield by incubating Klebsiella pneumoniae in a medium containing a cheaper sugar carbon source.",Seongnam-city,KR,,False,5n20153w3k2d2j356q611b2s1r4b5p24c724c1o
62,Industrial Fermentation,patent,2006,Process for production of R-phenylacetylcarbinol by an enzymatic process in a two-phase system,This application relates to a new process for the production of R-phenylacetylcarbinol by an enzymatic process in a liquid two-phase system.,Fussgonheim,DE,,False,591h48x5s5158703t622o3l5120623x3221126o
62,Industrial Fermentation,patent,2006,Natural promoters for gene expression in C1 metabolizing bacteria,"Genes have been identified in the Methylomonas genome that are responsive to various metabolic and growth conditions. The identified responsiveness of these genes allows for the use of their promoters in regulated gene expression in C1 metabolizing bacteria. In particular, the hps promoter, which in its native state drives the expression of 3-hexulose-6-phosphate synthase (HPS), was found to be useful for directing expression of heterolgous coding regions (e.g., crtZ) in the obligate methanotroph Methylomonas sp. 16a.",Rockland,,,False,47671u6f2rq2h433m3b17663tg2y2pb3e1o13
62,Industrial Fermentation,patent,2006,"PRODUCTION OF CHEMICALS FROM LIGNOCELLULOSE, BIOMASS OR SUGARS",The subject invention relates to newly isolated organisms from nature that produce L(+)-lactic acid high yield from hexose and pentose sugars found in biomass. Organisms and processes or methods for the production of lactic acid and other industrially important chemicals from cellulose and hemicellulose are also provided.,Gainesville,,,False,223t2121403g7036b2l5t36115k3u1n551s4nn
62,Industrial Fermentation,patent,2007,Recombinant hosts suitable for simultaneous saccharification and fermentation,"The invention provides recombinant host cells containing at least one heterologous polynucleotide encoding a polysaccharase under the transcriptional control of a surrogate promoter capable of increasing the expression of the polysaccharase. In addition, the invention further provides such hosts with genes encoding secretory protein/s to facilitate the secretion of the expressed polysaccharase. Preferred hosts of the invention are ethanologenic and capable of carrying out simultaneous saccharification fermentation resulting in the production of ethanol from complex cellulose substrates.",Gainesville,US,,False,3r1g64133g436sd2e486s1395m3g6665s565y
62,Industrial Fermentation,patent,2007,Gene encoding formate dehydrogenases D & E and method for preparing succinic acid using the same,"Nucleotide sequences encoding formate dehydrogenases D &#x26; E and a method for preparing succinic acid using the same, more particularly, formate dehydrogenases D &#x26; E converting formate to carbon dioxide and hydrogen, fdhD and fdhE nucleotide sequences encoding the formate dehydrogenases D &#x26; E, recombinant vectors containing the nucleotide sequences, microorganisms transformed with the recombinant vectors, and a method for preparing succinic acid using the transformed microorganism.",Daejeon,KR,,False,2q6o2841241t1h1a6b3s4h3o505x6w5r64q1e61
62,Industrial Fermentation,patent,2008,CLONING AND SEQUENCING OF PYRUVATE DECARBOXYLASE (PDC) GENES FROM BACTERIA AND USES THEREFOR,"The invention provides isolated nucleic acids molecules which encode pyruvate decarboxylase enzymes having improved decarboxylase activity, substrate affinity, thermostability, and activity at different pH. The nucleic acids of the invention also have a codon usage which allows for high expression in a variety of host cells. Accordingly, the invention provides recombinant expression vectors containing such nucleic acid molecules, recombinant host cells comprising the expression vectors, host cells further comprising other ethanologenic enzymes, and methods for producing useful substances, e.g., acetaldehyde and ethanol, using such host cells.",Gainesville,US,,True,2k6e6q1u5s2y2q2w1j2h431x6n4o4e1d584a456l
62,Industrial Fermentation,patent,2008,Gene encoding malic enzyme and method for preparing succinic acid using the same,"A nucleotide sequence encoding a malic enzyme and a method for preparing succinic acid using the same, more particularly, a maeB nucleotide sequence encoding a malic enzyme B having the activity of converting pyruvic acid or pyruvate to malic acid or malate, or vice versa, a recombinant vector containing the gene, a microorganism transformed with the recombinant vector, and a method for preparing succinic acid using the transformed microorganism.",Yuseong-gu,KR,,False,6z1t72d1q2kz2i5so3h724b5w3ma6o5n4n2
62,Industrial Fermentation,patent,2008,NOVEL RUMEN BACTERIA VARIANTS AND PROCESS FOR PREPARING SUCCINIC ACID EMPLOYING THE SAME,"Provided are novel rumen bacterial mutants resulted from the disruption of a lactate dehydrogenase gene (ldhA) and a pyruvate formate-lyase gene (pfl) from rumen bacteria; a novel bacterial mutant ( Mannheimia sp. LPK7) having disruptions of a ldhA, a pfl,a phosphotransacetylase gene (pta), and a acetate kinase gene (ackA); a novel bacterial mutant ( Mannheimia sp. LPK4) having disruptions of a ldhA, a pfl, and a phosphoenolpyruvate carboxylase gene (ppc) involved in the immobilization of CO 2 in a metabolic pathway of producing succinic acid; and a method for producing succinic acid, characterized by culture of the above mutants in anaerobic conditions. The bacterial mutants have the property of producing succinic acid at high concentration while producing little or no organic acids, as compared to the prior wild-type strains of producing various organic acids. Thus, the bacterial mutants are useful as strains for the industrial production of succinic acid.",Daejeon,KR,,True,5f3x3x171b364rv402ay1s5g6h2y27566j5z
62,Industrial Fermentation,patent,2009,Materials and methods for efficient lactic acid production,The present invention provides derivatives of ethanologenic Escherichia coli K011 constructed for the production of lactic acid. The transformed E. coli of the invention are prepared by deleting the genes that encode competing pathways followed by a growth-based selection for mutants with improved performance. These transformed E. coli are useful for providing an increased supply of lactic acid for use in food and industrial applications.,Sycamore,US,,False,2e6n1d6a2h3h4t3x535i6d4a5d3p3m1b6j5m1a21
62,Industrial Fermentation,patent,2009,Methods for the production of 3-methylamino-1-(thiene-2-yl)-propane-1-ol,"The present invention relates to enzymic and nonenzymic processes for preparing 3-methylamino-1-(thien-2-yl)propan-1-ol; as well as to enzymes for implementing these processes; and to nucleic acid sequences encoding these enzymes, to expression cassettes containing these nucleic acid sequences, to vectors and to recombinant hosts.",Rodersheim- Gronau,DE,,False,1b40o2g3241q3e64183d4c4u4pxzo26354k
62,Industrial Fermentation,patent,2009,Gene encoding fumarate hydratase C and use thereof,"A nucleotide sequence encoding a fumarate hydratase C and a method for preparing succinic acid using the same, more particularly, a fumarate hydratase C having the activity of converting malate to fumarate, a fumC nucleotide sequence encoding the fumarate hydratase C, a recombinant vector containing the nucleotide sequence, a microorganism transformed with the recombinant vector, and a method for preparing succinic acid using the transformed microorganism.",Daejeon,KR,,False,5l5p2d3e6b521j6yk523x56y632e1d521z5y28
62,Industrial Fermentation,patent,2010,Enhanced Alcohol Tolerant Microorganism and Methods of Use Thereof,"Embodiments of the present invention provide methods and compositions for microorganisms having increased alcohol tolerance. In certain embodiments, methods for using such microorganisms, and methods for identifying gene or genetic regions responsible for increased alcohol tolerance are contemplated.",Denver,US,,False,243j2k1l2fy423b1w2l1r311w2z5c3e2g532h64
62,Industrial Fermentation,patent,2010,Esterases and their use for processes for kinetic resolution of butinolesters,New enzymes having esterase activity and their use for processes for kinetic resolution of butinolesters.,Greifswald,DE,,False,4u611s3w06b3e3g1sg113f1o1533k153b1e3k
62,Industrial Fermentation,patent,2010,Method For Producing Optically Active Alcohols From Alkanones Using a Dehydrogenase of Azoarcus,"The invention relates to a method for producing the optically active alkanols of formula (I), wherein n is an integer of from 0 to 5; Cyc represents an optionally substituted, mononuclear or polynuclear, saturated or unsaturated, carbocylic or heterocyclic ring, and R 1 represents halogen, SH, OH, NO 2 , NR 2 R 3 or NR 2 R 3 R 4+ X &#x2212; , wherein R 2 , R 3 and R 4 independently represent H or a lower alkyl or lower alkoxy group and X &#x2212; represents a counterion. According to the invention, an enzyme (E) selected from the groups of dehydrogenases, aldehyde reductases and carbonyl reductases is incubated in a medium containing the alkanone of formula (II), wherein n, Cyc and R 1 are defined as above, in the presence of reduction equivalents. The compound of formula (II) is enzymatically reduced to the compound of formula (I) and the reduction equivalents consumed during reaction are regenerated by reacting a sacrificial alcohol to the corresponding sacrificial ketone using enzyme (E) and at least partially removing the sacrificial ketone from the reaction medium, and then isolating the product (I) so produced.",Rodersheim-Gronau,DE,,False,601c5v4ybw3ay3m3s3n5j1s6tv5at361i3
62,Industrial Fermentation,patent,2010,Method for production of (1S)-3-chloro-1-(2-thienyl)-propan-1-ol using alcohol dehydrogenase from thermoanaerobacter,"A process for preparing optically active (1S)-3-chloro-1-(2-thienyl)propan-1-ol of the formula I by, in a medium comprising 3-chloro-1-(2-thienyl)propan-1-one of the formula II reducing this compound to the compound of the formula I by means of an alcohol dehydrogenase from the Thermoanaerobacter genus, and isolating the product formed in substantially enantiomerically pure form.",Darmstadt,DE,,False,111c3x48lf4p6e12b06r6u2bj695h1zq5a
62,Industrial Fermentation,patent,2010,Method for the production of isobutanol by recombinant yeast,"Methods for the fermentative production of four carbon alcohols is provided. Specifically, butanol, preferably isobutanol is produced by the fermentative growth of a recombinant bacterium expressing an isobutanol biosynthetic pathway.",Newark,US,,False,2r6f6n1j186v695c54576y2k3v1e6u2l403w4q6f
62,Industrial Fermentation,patent,2010,"MICROORGANISMS FOR THE PRODUCTION OF 1,4-BUTANEDIOL","The invention provides non-naturally occurring microbial organisms comprising a 1,4-butanediol (BDO) pathway comprising at least one exogenous nucleic acid encoding a BDO pathway enzyme expressed in a sufficient amount to produce BDO. The invention additionally provides methods of using such microbial organisms to produce BDO.",San Diego,US,,False,4g6lsl2k3h174i6h6d6g3c7248l2u2ab6s2m
62,Industrial Fermentation,patent,2011,DNA CODING FOR PROTEIN HAVING D-LACTIC ACID DEHYDROGENASE ACTIVITY AND USE THEREOF,"This invention provides a polynucleotide that encodes a protein having lactate dehydrogenase activity and such protein that can be used for producing D-lactic acid. This polynucleotide has the nucleotide sequence as shown in SEQ ID NO: 1 (a), and it hybridizes under stringent conditions with a probe comprising all or part of the nucleotide sequence as shown in SEQ ID NO: 1 or a complementary strand thereof and encodes a protein having D-lactate dehydrogenase activity (b).",Aichi-gun,JP,,False,4du186v2y135tj4u6626491m2e5a4o1z6m1w1a
62,Industrial Fermentation,patent,2011,PROCESS FOR THE PREPARATION OF (S)-BUTAN-2-OL,"The present invention relates to enzymic processes for preparing S-butan-2-ol; and to enzymes for carrying out said processes; to nucleic acid sequences coding for said enzymes, to expression cassettes, vectors and recombinant hosts containing said nucleic acid sequences.",Rodersheim-Gronau,DE,,False,2z5p17nf4i6g4b566l3w5a3zo181g366d5k20
62,Industrial Fermentation,patent,2011,ENZYMATIC REDUCTION FOR PRODUCING OPTICALLY ACTIVE ALCOHOLS,"A process for preparing optically active alkanols of the formula I in which n is an integer from 0 to 5; Cyc is an optionally substituted, mono- or polynuclear, saturated or unsaturated, carbocyclic or heterocyclic ring, and R 1 is halogen, SH, OH, NO 2 , NR 2 R 3 or NR 2 R 3 R 4+ X &#x2212; , with R 2 , R 3 and R 4 independently of one another being hydrogen or a lower alkyl or lower alkoxy radical and X &#x2212; being a counterion, which process comprises incubating in a medium comprising alkanone of the formula II &#x2003;in which n, Cyc and R 1 are as defined above, an enzyme having a polypeptide sequence (i) SEQ ID NO: 1 or (ii) in which, compared to SEQ ID NO:1, up to 25% of the amino acid radicals have been altered by deletion, insertion, substitution or a combination thereof and which retains at least 50% of the enzymic activity of SEQ ID NO:1, with the compound of the formula II being enzymically reduced to give the compound of the formula I, and isolating the product formed.",R¿dersheim-Gronau,DE,,False,6u1m1lm5a384b58g345n5e6de4c91w1p3c2n
62,Industrial Fermentation,patent,2011,"Aldolases, nucleic acids encoding them and methods for making and using them","This invention relates to polypeptides having aldolase activity, including pyruvate activity such as, without limitation, HMG and/or KHG aldolase activity, polynucleotides encoding these polypeptides, and methods of making and using these polynucleotides and polypeptides. In some embodiments, the invention is directed to polypeptides having aldolase activity, including pyruvate activity such as, without limitation, HMG and/or KHG aldolase activity, including thermostable and thermotolerant activity, and polynucleotides encoding these enzymes, and making and using these polynucleotides and polypeptides. The polypeptides in accordance with the invention can be used in a variety of pharmaceutical, agricultural and industrial contexts. In some embodiments, the invention provides polypeptides and biosynthetic pathways that are useful in the production of R-2-hydroxy 2-(indol-3ylmethyl)-4-keto glutaric acid (R-MP) and certain stereoisomers of monatin, such as R,R and S,R monatin, and salts thereof, as well as certain stereoisomers of monatin derivatives, such as the R,R and S,R configurations, and salts thereof.",San Diego,US,,False,3h596v3o1r4v5z93d3a3t3rd5j1243l06t40
62,Industrial Fermentation,patent,2011,Microbial hydrogen-producing process and system thereof,"The present invention provides a microbial hydrogen-producing process, comprising: providing at least one Clostridium microbe and at least one Bacillus microbe; and co-culturing said at least one Clostridium microbe and said at least one Bacillus microbe in a fermentation culture system to produce hydrogen. The present invention also provides a microbial hydrogen-producing system, characterized by that the system comprises at least one Clostridium microbe and at least one Bacillus microbe, and it uses an organic waste medium as the substrate to perform a hydrogen-producing fermentation having high efficiency, high stability, and high reproducibility.",Taichung City,TW,,False,4p2a142y443p5u2t1t256717115l3n2x43u5o2u
62,Industrial Fermentation,patent,2011,"Host Cells and Methods for Producing 3-Methyl-2-buten-1-ol, 3-Methyl-3-buten-1-ol, and 3-Methyl-butan-1-ol","The invention provides for a method for producing a 5-carbon alcohol in a genetically modified host cell. In one embodiment, the method comprises culturing a genetically modified host cell which expresses a first enzyme capable of catalyzing the dephosphorylation of an isopentenyl pyrophosphate (IPP) or dimethylallyl diphosphate (DMAPP), such as a Bacillus subtilis phosphatase (YhfR), under a suitable condition so that 5-carbon alcohol is 3-methyl-2-buten-1-ol and/or 3-methyl-3-buten-1-ol is produced. Optionally, the host cell may further comprise a second enzyme capable of reducing a 3-methyl-2-buten-1-ol to 3-methyl-butan-1-ol, such as a reductase.",Berkeley,US,,False,2i6k6ej51131n3k3lw516v1v2r6j6c5n3w63p
62,Industrial Fermentation,patent,2011,"Methods and organisms for the growth-coupled production of 1,4-butanediol","The invention provides a non-naturally occurring microorganism comprising one or more gene disruptions, the one or more gene disruptions occurring in genes encoding an enzyme obligatory to coupling 1,4-butanediol production to growth of the microorganism when the gene disruption reduces an activity of the enzyme, whereby the one or more gene disruptions confers stable growth-coupled production of 1,4-butanediol onto the non-naturally occurring microorganism. The microorganism can further comprise a gene encoding an enzyme in a 1,4-butanediol (BDO) biosynthetic pathway. The invention additionally relates to methods of using microorganisms to produce BDO.",Bellefonte,US,,False,4f6v6g2y1m2s5h525z5n2g6m5k681s4w2d1n1q
62,Industrial Fermentation,patent,2011,Materials and methods for the efficient production of acetate and other products,"The subject invention provides materials and methods wherein unique and advantageous combinations of gene mutations are used to direct carbon flow from sugars to a single product. The techniques of the subject invention can be used to obtain products from native pathways as well as from recombinant pathways. In preferred embodiments, the subject invention provides new materials and methods for the efficient production of acetate and pyruvic acid.",Gainesville,US,,False,2o36n5c1e10d1f1e6e6l6m5gqk4z673y2l2b
62,Industrial Fermentation,patent,2011,Methods for the synthesis of olefins and derivatives,The invention provides a method of producing acrylic acid. The method includes contacting fumaric acid with a sufficient amount of ethylene in the presence of a cross-metathesis transformation catalyst to produce about two moles of acrylic acid per mole of fumaric acid. Also provided is an acrylate ester. The method includes contacting fumarate diester with a sufficient amount of ethylene in the presence of a cross-metathesis transformation catalyst to produce about two moles of acrylate ester per mole of fumarate diester. An integrated process for process for producing acrylic acid or acrylate ester is provided which couples bioproduction of fumaric acid with metathesis transformation. An acrylic acid and an acrylate ester production also is provided.,San Diego,US,,False,u286p3o4p302f3j3u182z4g4r4m5m455b5z5m6t
62,Industrial Fermentation,patent,2011,"COMPOSITIONS AND METHODS FOR THE BIOSYNTHESIS OF 1,4-BUTANEDIOL AND ITS PRECURSORS","The invention provides a non-naturally occurring microbial organism having 4-hydroxybutanoic acid (4-HB) and 1,4-butanediol (1,4-BDO) biosynthetic pathways. The pathways include exogenous nucleic acids encoding a) an &#x3b1;-ketoglutarate decarboxylase; b) a 4-hydroxybutanoate dehydrogenase; c) a 4-hydroxybutyryl-CoA:acetyl-CoA transferase or a butyrate kinase and a phosphotransbutyrylase; d) an aldehyde dehydrogenase, and e) an alcohol dehydrogenase, wherein the exogenous nucleic acids are expressed in sufficient amounts to produce 1,4-butanediol (1,4-BDO). Also provide is a method for the production of 1,4-BDO. The method includes culturing the non-naturally occurring microbial organism having 4-HB and 1,4-BDO biosynthetic pathways substantially anaerobic conditions for a sufficient period of time to produce 1,4-BDO.",San Diego,US,,True,2x5c415z1h4g13v66n6e5y123w5fg5l3f5p52
62,Industrial Fermentation,patent,2011,MICROBIAL FERMENTATION OF GASEOUS SUBSTRATES TO PRODUCE ALCOHOLS,"The present invention relates to methods for increasing the efficiency of anaerobic fermentation processes (1) that produce acetate as a by-product in addition to a desired product, and (2) that can utilize hydrogen and/or carbon dioxide in the fermentation. The method comprises the steps of converting acetate produced by the fermentation process into hydrogen gas and carbon dioxide gas, and utilizing hydrogen gas and/or carbon dioxide gas obtained from the acetate conversion in the anaerobic fermentation process. In particular aspects, the invention relates to processes of producing alcohols, particularly ethanol.",Auckland,NZ,,False,1v153t4p642445g5q3m1y81k5v6t193cb1m6d
62,Industrial Fermentation,patent,2011,Methods for production of xylitol in microorganisms,The invention provides biosynthetic routes to xylitol production that do not require pure D -xylose for synthesis and that can utilize inexpensive substrates such as hemicellulose hydrolysates.,Arlington Heights,,,False,6w5h1v1n3m557385n5m6y206u3xl141p444k5d
62,Industrial Fermentation,patent,2012,Process for producing optically active alcohols employing an dehydrogenase derived from Azoarcus sp. EbN1,"A process for preparing optically active alcohols of the formula Ia or Ib in which R 1 ,R 2 are alkyl, alkenyl, aryl, or alkylaryl groups which may in turn be substituted one or more times by alkyl, halogen, SH, SR 2 , OH, OR 2 , NO 2 , CN, CO, COOR 2 , NR 2 R 3 or NR 2 R 3 R 4+ X, where R 2 , R 3 and R 4 are independently of one another H or a lower alkyl or lower alkoxy radical, and X &#x2212; is a counter ion, with the proviso that R 1 is not equal to R 2, by reducing the corresponding ketone, where the reduction is carried out with a dehydrogenase having the polypeptide sequence of SEQ ID NO: 2 or NO: 4, or with a polypeptide sequence in which up to 25% of the amino acid residues are altered by comparison with SEQ ID NO: 2 or NO: 4 by deletion, insertion, substitution or a combination thereof.",Darmstadt,DE,,False,q62w22236n1i364d255f15453z2v2x3n324c
62,Industrial Fermentation,patent,2012,IMPROVED FERMENTATION OF GASEOUS SUBSTRATES,"The invention relates to the microbial fermentation of gaseous substrates, particularly to gas/liquid contact modules and bioreactors configured to improve the efficiency of fermentations, particularly microbial fermentations of substrates comprising CO. In a particular embodiment, a gas/liquid contact module with multiple channels is configured to produce products in a liquid fermentation broth. In a further particular embodiment, there is provided a method of fermentation of a gaseous substrate to produce a product in a liquid fermentation broth.",Parnell,NZ,,False,5l6ze6k5u6h6j44273c4m3u1c2e1cg3k5k69
62,Industrial Fermentation,patent,2012,REDUCTION OF THE TOXIC EFFECT OF IMPURITIES FROM RAW MATERIALS BY EXTRACTIVE FERMENTATION,"There are provided bioproducts and methods of improving production of the bioproducts from engineered microbial cells, the methods comprising: providing a fermentation broth comprising a crude carbon source; inoculating said fermentation broth with said microbial cells; and incubating the inoculated fermentation broth; wherein said bioproduct is a hydrophobic solvent immiscible with said fermentation broth, and wherein a toxic side product present in said crude carbon source is soluble in said hydrophobic solvent. Also, provided are kits for practicing the methods of improving production of bioproducts.",So. San Francisco,US,,False,nc6644554z5y5y5h5m423yy4c2k3v2x2nz4m
62,Industrial Fermentation,patent,2012,Biofuel production,"Methods, enzymes, recombinant microorganism, and microbial systems are provided for converting polysaccharides, such as those derived from biomass, into suitable monosaccharides or oligosaccharides, as well as for converting suitable monosaccharides or oligosaccharides into commodity chemicals, such as biofuels. Commodity chemicals produced by the methods described herein are also provided. Commodity chemical enriched, refinery-produced petroleum products are also provided, as well as methods for producing the same.",ALBANY,US,,True,721h1t32221z23956e3c2e26106b13196n5j3n
62,Industrial Fermentation,patent,2012,ENGINEERED MICROORGANISMS CAPABLE OF PRODUCING TARGET COMPOUNDS UNDER ANAEROBIC CONDITIONS,"The present invention is generally provides recombinant microorganisms comprising engineered metabolic pathways capable of producing C3-C5 alcohols under aerobic and anaerobic conditions. The invention further provides ketol-acid reductoisomerase enzymes which have been mutated or modified to increase their NADH-dependent activity or to switch the cofactor preference from NADPH to NADH and are expressed in the modified microorganisms. In addition, the invention provides isobutyraldehyde dehydrogenase enzymes expressed in modified microorganisms. Also provided are methods of producing beneficial metabolites under aerobic and anaerobic conditions by contacting a suitable substrate with the modified microorganisms of the present invention.",Denver,US,,False,v351e6q1jy621t31323p6d6j3b2f1a6g6t1v72
62,Industrial Fermentation,patent,2012,Methods and compositions for producing hydrocarbons,"Compositions and methods for producing hydrocarbons such as aldehydes, alkanes, and alkenes are described herein. Certain hydrocarbons can be used in biofuels.",SOUTH SAN FRANCISCO,US,,True,5d376y46v4u5l1u1t61a6cr3q57234i5k3958
62,Industrial Fermentation,patent,2012,PRODUCTION OF C5-C8 ALCOHOLS USING EVOLVED ENZYMES AND METABOLICALLY ENGINEERED MICROORGANISMS,"Provided herein are metabolically-modified microorganisms useful for producing biofuels. More specifically, provided herein are methods of producing higher alcohols including C5-C8 alcohol from a suitable substrate.",Los Angeles,US,,True,5e5w4n3z3q1z424p5r4k2g4i223215g36w1v5
62,Industrial Fermentation,patent,2012,Anaerobic fermentation of glycerol,"The invention relates to the development of appropriate cultivation conditions for a bacteria to grow anaerobically (fermentatively) on a glycerol substrate. The method requires culturing bacteria having a functional 1,2-propanediol pathway and a functional type II glycerol dehydrogenase-dihydroxyacetone kinase pathway in a culture medium containing high concentrations of glycerol, a neutral to mildly acidic pH, low levels of potassium and phosphate, and high levels of CO2, such that glycerol is thus converted into a desirable product, such as ethanol, hydrogen, formate, succinate, or 1,2-propanediol.",Houston,US,,False,3f3j10m4h702z2v3s42703m43695j396051i3p
62,Industrial Fermentation,patent,2012,Methylbutanol as an advanced biofuel,"This invention describes genes, metabolic pathways, microbial strains and methods to produce methyl butanol and other compounds of interest from renewable feedstocks.",Solana Beach,US,,True,701138m4f6h73342k6m1523o4q1a1c644uj3w
62,Industrial Fermentation,patent,2012,Alcohol production process,"The invention relates to methods for the production of alcohols by microbial fermentation, particularly microbial fermentation of substrates comprising glycerol and/or acetate, to butanol.","Parnell, Auckland",NZ,,False,6s3h5z5856184h5j3c1b3w5k5f523o1d8fk46
62,Industrial Fermentation,patent,2012,"Microorganisms for the production of 1,4-butanediol and related methods","The invention provides non-naturally occurring microbial organisms comprising a 1,4-butanediol (BDO) pathway comprising at least one exogenous nucleic acid encoding a BDO pathway enzyme expressed in a sufficient amount to produce BDO and further optimized for expression of BDO. The invention additionally provides methods of using such microbial organisms to produce BDO.",SAN DIEGO,US,,False,132044g596b2i3g2f4t6j4g404ny35712m602g
62,Industrial Fermentation,patent,2012,Hexatriene-β-carbonyl compound,"A label with which labeling is easy when labeling a molecule, i.e., a label that has a high reaction rate upon labeling and that produces a high reaction yield, as well as a precursor for the production of the label are provided. This is achieved by a hexatriene-&#x3b2;-carbonyl compound represented by Formula (I), a hexatriene-&#x3b2;-carbonyl compound represented by Formula (II), a hexatriene-&#x3b2;-carbonyl compound represented by Formula (III) and a hexatriene-&#x3b2;-carbonyl compound represented by Formula (IV). (wherein R 1 , R 2 , R 3 , R 4 , R 5 , X 1 , X 2 and Z are as defined in the specification)",Osaka,JP,,False,175m19081s30112j2g2d4e3u68625f385h732
62,Industrial Fermentation,patent,2012,Dimethyloctane as an advanced biofuel,"This invention describes genes, metabolic pathways, microbial strains and methods to produce 2,6-dimethyloctane as an advanced biofuel from renewable feedstocks.",Solana Beach,US,,True,1e5b4b5ml2o3z94c76t1y5y6g5e6p441aw2m
62,Industrial Fermentation,patent,2012,Regioselective alkane hydroxylation with a mutant AlkB enzyme,"AlkB from Pseudomonas putida was engineered using in-vivo directed evolution to hydroxylate small chain alkanes. Mutant AlkB-BMO1 hydroxylates propane and butane at the terminal carbon at a rate greater than the wild-type to form 1-propanol and 1-butanol, respectively. Mutant AlkB-BMO2 similarly hydroxylates propane and butane at the terminal carbon at a rate greater than the wild-type to form 1-propanol and 1-butanol, respectively. These biocatalysts are highly active for small chain alkane substrates and their regioselectivity is retained in whole-cell biotransformations.",Seeheim-Jugenheim,DE,,False,5g4fh4o2731582l6803d1g1m61252s3z2k2k67
62,Industrial Fermentation,patent,2012,ALCOHOL PRODUCTION PROCESS,"The invention relates to biological processes for producing one or more desired products, including alcohols such as ethanol and butanol. The processes comprise carrying out first and second fermentations of substrates in first and second bioreactors, wherein each fermentation produces one or more desired products and/or one or more by-products that can be utilized in the other fermentation. A product and/or by-product of the first fermentation is introduced to the second bioreactor during the fermentation, and a product and/or by-product of the second fermentation is introduced to the first bioreactor during the fermentation.",Auckland,NZ,,False,391768224043j4t5k1k6455r4x3f38li4k6w
62,Industrial Fermentation,patent,2012,NOVEL BACTERIA AND METHODS OF USE THEREOF,A novel class of bacteria is described which has improved efficiency in the production of thanol by anaerobic fermentation of substrates containing carbon monoxide.,Mount Albert Auckland,NZ,,False,6n382h2n134c3m71s4y3ay3n293g5c3w70396y
62,Industrial Fermentation,patent,2012,MICROBIAL ALCOHOL PRODUCTION PROCESS,"The invention relates to the production of alcohols by microbial fermentation, particularly to production of alcohols by microbial fermentation of substrates comprising CO. It more particularly relates to processes for the production of alcohols from their corresponding acids in the presence of a substrate comprising CO. In particular embodiments, a fermentation reaction producing acid(s) and optionally alcohol(s) is perturbed such that at least a portion one or more of acid(s) is converted to alcohol.","Parnell, Aucland",NZ,,False,5b532c3t5k6o4k3r4z506c3h3r3k111i654p392f
62,Industrial Fermentation,patent,2012,ENGINEERED MICROORGANISMS WITH ENHANCED FERMENTATION ACTIVITY,"Provided herein are genetically modified microorganisms that have enhanced fermentation activity, and methods for making and using such microorganisms.",Carlsbad,US,,False,z22l116z2k5x2o2t5a5z6666i1q3w931141a
62,Industrial Fermentation,patent,2012,METHODS FOR PRODUCING END-PRODUCTS FROM CARBON SUBSTRATES,"The present invention provides means for the production of desired end-products of in vitro and/or in vivo bioconversion of biomass-based feed stock substrates, including but not limited to such materials as starch and cellulose. In particularly preferred embodiments, the methods of the present invention do not require gelatinization and/or liquefaction of the substrate. In particularly preferred embodiments, the present invention provides means for the production of ethanol.",Belvidere,US,,False,726d1e2u2a4z383t1p4z5tc3km494d57262k34
62,Industrial Fermentation,patent,2012,"Process for the biological production of 1,3-propanediol from glycerol with high yield","The present invention provides a method for the anaerobic production of 1,3 propanediol, by culturing a Clostridium strain in an appropriate culture medium comprising glycerol as a source of carbon, wherein said Clostridium strain does not produce substantially other products of the glycerol metabolism selected among the group consisting of: butyrate, lactate, butanol and ethanol, and recovering of 1,3-propanediol.",Deyme,FR,,False,v5e271v6r19g24542a3sx5558662n6n5r1b42
62,Industrial Fermentation,patent,2013,Method and device for microbial production of a certain product and methane,"The process according to the invention for the microbial production of a specific product and methane comprises the following steps: a) the production in a bioreactor ( 2, 10 ) of a specific product from a specific substrate using a specific organism, the producer, wherein during the production of this product metabolites such as e.g. low-molecular alcohols, aldehydes and acids, hydrogen and CO 2 , which may inhibit the production of the product, are obtained; and b) the production of methane by means of a methanogen, wherein in the production of the methane at least one metabolite is decomposed and by this means removed from the bioreactor ( 2, 10 ) and its energy is made usable.",Scheyern-Fernhag,DE,,False,5f5k8663e254o1s5h2k2l44q5b11113g16j6q
62,Industrial Fermentation,patent,2013,"NOVEL DEHYDROGENASES, THE DERIVATIVES THEREOF, AND METHOD FOR THE PRODUCTION OF OPTICALLY ACTIVE ALKANOLS","The present invention relates to proteins having an enzymatic activity of reducing substituted alkanones such as 3-methylamino-1-(2-thienyl)-propan-1-one. The invention furthermore relates to nucleic acids coding for said proteins, nucleic acid constructs, vectors, genetically modified microorganisms and to methods for preparing optically active substituted alkanols, such as, for example, (S)-3-methylamino-1-(2-thienyl)-(S)-propanol.",Darmstadt,DE,,False,172703b5c2e5t190ipv5w3t2w4n3s6r733i
62,Industrial Fermentation,patent,2013,Ethanol production in non-recombinant hosts,"Non-recombinant bacteria that produce ethanol as the primary fermentation product, associated nucleic acids and polypeptides, methods for producing ethanol using the bacteria, and kits are disclosed.",Oakland,US,,False,2l1h2a1w1jf2f4u6r5o2z3z13s3y5x1vv2d6j
62,Industrial Fermentation,patent,2013,"Aldolases, Nucleic Acids Encoding Them and Methods for Making and Using Them","This invention relates to polypeptides having aldolase activity, including pyruvate activity such as, without limitation, HMG and/or KHG aldolase activity, polynucleotides encoding these polypeptides, and methods of making and using these polynucleotides and polypeptides. In some embodiments, the invention is directed to polypeptides having aldolase activity, including pyruvate activity such as, without limitation, HMG and/or KHG aldolase activity, including thermostable and thermotolerant activity, and polynucleotides encoding these enzymes, and making and using these polynucleotides and polypeptides. The polypeptides in accordance with the invention can be used in a variety of pharmaceutical, agricultural and industrial contexts. In some embodiments, the invention provides polypeptides and biosynthetic pathways that are useful in the production of R-2-hydroxy 2-(indol-3ylmethyl)-4-keto glutaric acid (R-MP) and certain stereoisomers of monatin, such as R,R and S,R monatin, and salts thereof, as well as certain stereoisomers of monatin derivatives, such as the R,R and S,R configurations, and salts thereof.",Del Mar,US,,False,6y454uc42v2im6q4y3a5bm3r4d4w1x69t6k
62,Industrial Fermentation,patent,2013,"CONVERSION OF NATURAL PRODUCTS INCLUDING CELLULOSE TO HYDROCARBONS, HYDROGEN AND/OR OTHER RELATED COMPOUNDS","A process for the conversion of sugars and/or other biomass to produce hydrocarbons, hydrogen, and/or other related compounds is described. In one aspect, the process includes fermenting biomass to produce one or more organic intermediates, for example, a carboxylic acid, and optionally, hydrogen. The carboxylic acids may then be decarboxylated to produce carbon dioxide and one or more hydrocarbon compounds. Also described are steps to further react the hydrocarbon compounds to form polymers, hydrocarbon compounds having at least 4 carbon atoms, or the like.",Boston,US,,False,63176y10131e2s66534y5l4e6w161g561qv024
62,Industrial Fermentation,patent,2013,Microbial production of 3-hydroxyacids from glucose and glycolate,"The invention relates to recombinant cells and their use in the production of 3-hydroxyacids such as 3,4-dihydroxybutyrate and 3-hydroxybutyrolactone.",North Wales,US,,False,3f565k2t45432su6224z476w302s1z6p16116n
62,Industrial Fermentation,patent,2013,Carbon Capture in Fermentation,"The invention relates to methods of capturing carbon by microbial fermentation of a gaseous substrate comprising CO. The methods of the invention include converting CO to one or more products including alcohols and/or acids and optionally capturing CO2 to improve overall carbon capture. In certain aspects, the invention relates to processes for producing alcohols, particularly ethanol, from industrial waste streams, particularly steel mill off-gas.",Auckland,NZ,,True,2t3z1i1y5v1e5vnm6s4rq2a5e5br632lx64
62,Industrial Fermentation,patent,2013,"Methods and compositions for improving sugar transport, mixed sugar fermentation, and production of biofuels","The present disclosure relates to host cells containing a recombinant polynucleotide encoding a polypeptide where the polypeptide transports cellodextrin into the cell. The present disclosure further relates to methods of increasing transport of cellodextrin into a cell, methods of increasing growth of a cell on a medium containing cellodextrin, methods of co-fermenting cellulose-derived and hemicellulose-derived sugars, and methods of making hydrocarbons or hydrocarbon derivatives by providing a host cell containing a recombinant polynucleotide encoding a polypeptide where the polypeptide transports cellodextrin into the cell. The present disclosure relates to host cells containing a recombinant polynucleotide encoding a polypeptide where the polypeptide transports a pentose into the cell, methods of increasing transport of a pentose into a cell, methods of increasing growth of a cell on a medium containing pentose sugars, and methods of making hydrocarbons or hydrocarbon derivatives by providing a host cell containing a recombinant polynucleotide encoding a polypeptide where the polypeptide transports a pentose into the cell.",Orinda,US,,True,462q686d4s624lk62j4u1554q5n63443l1m4
62,Industrial Fermentation,patent,2013,DIRECT LIQUID FUEL CELL HAVING HYDRAZINE OR DERIVATIVES THEREOF AS FUEL,"A fueled cell system comprising: an anode compartment comprising a compound having the formula R1R2N&#x2014;NR3R4, a salt, a hydrate or a solvate thereof, as fuel, and a catalyst layer which comprises copper or a copper alloy; a cathode compartment comprising an oxidant; and a separator interposed between said cathode and said anode compartments, wherein each of R1-R4 is independently selected from the group consisting of hydrogen, alkyl, alkenyl, alkynyl, heteroalicyclic, alkoxy, carboxy, ketone, amide, hydrazide and amine, provided that at least one of R1-R4 is hydrogen.",Rechovot,IL,,False,5d653u6w6u2p4c4i322p1k4s6075v586xt6zg
62,Industrial Fermentation,patent,2013,METHOD FOR PRODUCING OPTICALLY ACTIVE ALCOHOLS,"The present invention relates to a multi-stage process for producing substituted, optically active alcohols, comprising an enzyme-catalyzed synthesis step, in particular a synthesis step which is catalyzed by an alcohol dehydrogenase. The inventive method is particularly suitable for producing phenylephrine, i.e. 3-[(1R)-1-hydroxy-2-methylamino-ethyl]-phenol.",Darmstadt,DE,,False,3c20i2k2y2a6k5130g6d74a2q5ib9524h6u
62,Industrial Fermentation,patent,2013,OPTIMISED FERMENTATION MEDIA,"The invention relates to improvements in the production of alcohols by microbial fermentation, particularly to production of alcohols by microbial fermentation of substrates comprising CO. It more particularly relates to the provision of an improved fermentation media, comprising nickel, to a fermentation system such that one or more micro-organisms convert a substrate comprising CO to one or more alcohols, such as ethanol. In particular embodiments, a microbial culture is provided with at least 10 &#x3bc;M nickel, such that CO uptake by the microbial culture increases and ethanol productivity improves.",Auckland,NZ,,False,70wc3a1c412f714u6m303i106a6y1ax66y3d
62,Industrial Fermentation,patent,2013,Fermentation of CO by using an electrical potential,The invention relates to methods for improving the efficiency of carbon capture in microbial fermentation of a gaseous substrate comprising CO and/or H2. In certain aspects the invention relates to improving the efficiency of carbon capture in the microbial fermentation of gaseous substrate comprising CO and/or H2 to produce alcohol(s) and/or acid(s). In particular the invention relates to methods for improving the efficiency of carbon capture in carboxydotrophic fermentation.,Auckland,NZ,,True,4d3w2m5n294j142s2i4th2a6b505s2uj43552y
62,Industrial Fermentation,patent,2013,"Metabolically enhanced photoautotrophic ethanol producing host cells, method for producing the host cells, constructs for the transformation of the host cells, and method of producing ethanol using the host cells","One embodiment of the invention provides a metabolically enhanced photoautotrophic, ethanol producing host cell comprising: at least two first metabolic enhancements reducing the enzymatic activity or affinity of at least two endogenous host cell enzymes involved in acetate and lactate fermentation, the first metabolic enhancements resulting in an enhanced level of biosynthesis of acetaldehyde, pyruvate, acetyl-CoA or precursors thereof compared to the respective wild type host cell, at least one second metabolic enhancement different from the first metabolic enhancement comprising an overexpressed enzyme for the formation of ethanol.",Kleinmachnow,DE,,True,1x1t604w6w31325d1d4y2k383w6c2f23502s4d
62,Industrial Fermentation,patent,2013,Preparing method for (S)-3hydroxybutyric acid and (S)-3 hydroxybutyrate ester using recombinant microorganism,"A method of synthesizing optically-active (S)-3-hydroxybutyric acid and (S)-3-hydroxybutyrate ester using a mutated microorganism is provided. More particularly, a mutated microorganism for preparing (S)-3-hydroxybutyric acid transformed with a gene encoding &#x3b2;-ketothiolase, a gene encoding (S)-3-hydroxybutyryl CoA dehydrogenase and a gene encoding acyl CoA hydrolase; a method of preparing (S)-3-hydroxybutyric acid using the mutated microorganism; a mutated microorganism for preparing (S)-3-hydroxybutyrate ester transformed with a gene encoding &#x3b2;-ketothiolase, a gene encoding (S)-3-hydroxybutyryl CoA dehydrogenase, a gene encoding acyl CoA hydrolase and a gene encoding lipase; and a method of preparing (S)-3-hydroxybutyrate ester using the mutated microorganism are provided. Accordingly, (S)-3-hydroxybutyric acid with high optical purity may be produced from acetyl CoA produced in glycolysis of a microorganism by a simple process involving the manipulation of a metabolic pathway by a recombinant gene introduced into the microorganism without using a high-cost metal catalyst or a substrate. Further, (S)-3-hydroxybutyrate ester and lactone of (S)-3-hydroxybutyrate ester may be simply produced from (S)-3-hydroxybutyric acid produced by the above method using lipase.",Daejeon,KR,,False,5zz5kk6wy536l4r3lh325v11v2j16682y1w
62,Industrial Fermentation,patent,2013,MUTANT METHYLGLYOXAL SYNTHASE (MGS) FOR THE PRODUCTION OF A BIOCHEMICAL BY FERMENTATION,"The present invention concerns a method for the production of a biochemical selected among lactic acid, acetol and 1,2-propanediol, comprising culturing a microorganism modified for an improved production of the biochemical selected among lactic acid, acetol and 1,2-propanediol in an appropriate culture medium and recovery of the desired biochemical which may be further purified wherein the microorganism expresses a methylglyoxal synthase (MGS) enzyme which activity is not inhibited by orthophosphate. The present invention concerns a mutant methylglyoxal synthase (MGS) comprising at least one amino acid residue in the protein sequence of the parent enzyme replaced by a different amino acid residue at the same position wherein the mutant enzyme has retained more than 50% of the methylglyoxal synthase activity of the parent enzyme and the methylglyoxal synthase activity of the mutant MGS is not inhibited by orthophosphate as compared to the parent enzyme.",Montrond Les Bains,FR,,False,2z1134x205n2q2o4g4l6g226t46621k3mm5k19
62,Industrial Fermentation,patent,2013,BACILLUS COAGULANS STRAIN USED IN PRODUCING L-LACTIC ACID AND USE THEREOF,"The invention is concerned with the strains of B. coagulans for lactic acid production and the related methods, in which the carbon sources are pentose or hexose or the agricultural or industrial wastes containing pentose or hexose or a mixture of both. According to the invention, the highest amount of L -lactic acid produced from glucose is 173 g/L, the optical purity is over 99%, the yield is up to 0.98, and the productivity is up to 2.4 g/L per hour. The highest amount of L -lactic acid produced from xylose is 195 g/L, the optical purity is over 99%, the yield is up to 0.98, and the productivity is up to 2.7 g/L per hour. The highest amount of L -lactic acid produced from reducing sugars in xylitol byproducts is 106 g/L, the optical purity is over 99%, and the productivity is up to 2.08 g/L per hour. The B. coagulans strains XZL4 (DSM No. 23183) and XZL9 (DSM No. 23184) of the invention can directly utilize various reducing sugars in xylitol byproducts to produce high amounts of L -lactic acid, which improves the production efficiency at low costs, and the strains are, thus, appropriate for industrial productions.",Shanghai,CN,,False,5816a3g2x5e1a2n67f5o6g6mo223314r1ge
62,Industrial Fermentation,patent,2013,Methods and compositions for producing alkenes of various chain length,"The NonA alkene synthase in Synechococcus sp. displays selective synthesis of 1-nonadecene. Heterologous recombination of a domain, i.e. the acyl binding domain, with other acyl binding proteins, affects acyl substrate chain-length binding selectivity and therefore the chain-length of the synthesized 1-alkenes. Compositions and methods are provided to selectively synthesize 1-alkenes of various chain lengths.",Bedford,US,,False,1r55625k125b6m6l3j1x6g3y656p283h1fy4l4n
62,Industrial Fermentation,patent,2013,Methods and Systems for Chemoautotrophic Production of Organic Compounds,"The present disclosure identifies pathways, mechanisms, systems and methods to confer chemoautotrophic production of carbon-based products of interest, such as sugars, alcohols, chemicals, amino acids, polymers, fatty acids and their derivatives, hydrocarbons, isoprenoids, and intermediates thereof, in organisms such that these organisms efficiently convert inorganic carbon to organic carbon-based products of interest using inorganic energy, such as formate, and in particular the use of organisms for the commercial production of various carbon-based products of interest.",CAMBRIDGE,US,,True,5h221h5t2i2m6h2h622r2y4n40482762x2g2o
62,Industrial Fermentation,patent,2013,"Microorganism fo the production of 1, 4-butanediol, 4-hydroxyl butyraldehyde, 4-hydroxy butyryl-COA, putrescine and related compound and method related thereto","The invention provides non-naturally occurring microbial organisms comprising a 1,4-butanediol (BDO), 4-hydroxybutyryl-CoA, 4-hydroxybutanal or putrescine pathway comprising at least one exogenous nucleic acid encoding a BDO, 4-hydroxybutyryl-CoA, 4-hydroxybutanal or putrescine pathway enzyme expressed in a sufficient amount to produce BDO, 4-hydroxybutyryl-CoA, 4-hydroxybutanal or putrescine and further optimized for expression of BDO. The invention additionally provides methods of using such microbial organisms to produce BDO, 4-hydroxybutyryl-CoA, 4-hydroxybutanal or putrescine.",San Diego,US,,False,4l2i5634422l376q266oj2sg2r3f5o6g4v944
62,Industrial Fermentation,patent,2014,Materials and methods for efficient succinate and malate production,Genetically engineered microorganisms have been constructed to produce succinate and malate in mineral salt media in pH-controlled batch fermentations without the addition of plasmids or foreign genes. The subject invention also provides methods of producing succinate and malate comprising the culture of genetically modified microorganisms.,Chiang Mai,TH,,False,37dn4c483sdp3t2c1o6550273gb342h2y1e
62,Industrial Fermentation,patent,2014,"NOVEL MUTANT MICROORGANISM PRODUCING SUCCINIC ACID SIMULTANEOUSLY USING SUCROSE AND GLYCEROL, AND METHOD FOR PREPARING SUCCINIC ACID USING SAME","The present invention relates to a succinic acid-producing mutant microorganism that is able to utilize sucrose and glycerol simultaneously as carbon sources. More particularly, the present invention relates to a succinic acid-producing mutant microorganism that is able to utilize sucrose and glycerol simultaneously for succinic acid production, the mutant organism being obtained by relieving the mechanism of sucrose-mediated catabolite repression of glycerol in a succinic acid-producing microorganism. As described above, when the succinic acid-producing mutant microorganism is cultured, it utilizes sucrose and glycerol simultaneously so that succinic acid can be produced with high productivity in a maximum yield approaching the theoretical yield while the production of byproducts is minimized. In addition, according to the present invention, various reduced chemicals which have been produced in low yields in conventional methods can be more effectively produced.",Daejeon,KR,,False,4u44h3b4e72x5d1p6t652q111q5u3m612w7057
62,Industrial Fermentation,patent,2014,Homo-Succinic Acid Producing Microorganism Variant and Process for Preparing Succinic Acid Using the Same,"The present invention relates to microbial variants producing homo-succinic acid at high yields and a method for producing homo-succinic acid using the same, more particularly, to a microbial variant constructed by disrupting a lactate dehydro-genase-encoding gene (idhA) and an acetate kinase-encoding gene (ackA), as well as a method for producing homo-succinic acid at high concentration, which comprises culturing such variants using glucose as a carbon source in anaerobic conditions.",Daejeon,KR,,False,1l6a6c1t4o1g5l26l6y1q3e5i6j3b5y232q5v5y
62,Industrial Fermentation,patent,2014,Recombinant Microorganisms Having Enhanced Propanol and Method for Preparing Propanol Using the Same,"The present invention relates to mutant microorganisms having the ability to produce propanol in high concentration and high yield, and to a method of producing propanol using the same. More particularly, the invention relates to mutant microorganisms having the ability to produce propanol in high concentration and high yield, which have introduced therein genes that encodes enzymes which are involved in the biosynthesis of propanol from threonine, and to a method of producing propanol using the same.",Daejeon,KR,,False,5rk6n2635345f4f6v4m41u3wq356r715d2a1r
62,Industrial Fermentation,patent,2014,Re-engineering bacteria for ethanol production,"The invention provides recombinant bacteria, which comprise a full complement of heterologous ethanol production genes. Expression of the full complement of heterologous ethanol production genes causes the recombinant bacteria to produce ethanol as the primary fermentation product when grown in mineral salts medium, without the addition of complex nutrients. Methods for producing the recombinant bacteria and methods for producing ethanol using the recombinant bacteria are also disclosed.",Gainesville,US,,False,2i1131s6o6o4m5l6q2g2u2b31p1n584q5m322l
62,Industrial Fermentation,patent,2014,MICROAEROBIC CULTURES FOR CONVERTING GLYCEROL TO CHEMICALS,"Glycerol or other reduced carbon sources may be used as a feedstock for the microbial production of chemical products under certain microaerobic conditions. For example, such production may occur under microaerobic or microrespiratory conditions in which electron acceptors are consumed in the reaction as quickly as they are added. In such reactions, the reaction product is at least as reduced as carbon source. Further, during such a reaction, at least some of the carbon source is used to generate cell mass. In addition, microorganisms with modified genomes are provided for carrying out the methods herein.",Houston,US,,False,6r373u5ry555c5e6m5y3p5l91e2252c2t6b25
62,Industrial Fermentation,patent,2014,ACID PRODUCTION BY FERMENTATION,"The invention provides methods for producing Lactate by anaerobic Fermentation. According to particular methods of the invention, Lactate is produced by anaerobic fermentation of a substrate comprising hydrogen and carbon monoxide.",Auckland,NZ,,False,6z406g4h33x4z2o5p2z4a2d28202a144b222t10
62,Industrial Fermentation,patent,2014,Engineering of thermotolerant bacillus coagulans for production of d(-)-lactic acid,"Genetically modified microorganisms having the ability to produce D(&#x2212;)-lactic acid at temperatures between 30&#xb0; C. and 55&#xb0; C. are provided. In various embodiments, the microorganisms may have the chromosomal lactate dehydrogenase (ldh) gene and/or the chromosomal acetolactate synthase (alsS) gene inactivated. Exemplary microorganisms for use in the disclosed methods are Bacillus spp., such as Bacillus coagulans.",Gainesville,US,,False,2xu2e4x6vl4f2y1z642i5b105m1b1nq69683c
62,Industrial Fermentation,patent,2014,METHODS FOR PRODUCING 3-HYDROXYPROPIONIC ACID AND OTHER PRODUCTS,"This invention relates to metabolically engineered microorganism strains, such as bacterial strains, in which there is an increased utilization of malonyl-CoA for production of a chemical product, which includes 3-hydroxypropionic acid.",Boulder,US,,False,5l1o3i5c6u1s32393b4p2b1v6c3a371a1b5b206x
62,Industrial Fermentation,patent,2014,MICROORGANISM VARIANTS HAVING HYDROCARBON PRODUCING ABILITY AND METHOD FOR PRODUCING HYDROCARBON USING THE SAME,"The present invention relates to a microorganism variant having the ability to produce hydrocarbons, including alkane, and a method of producing hydrocarbons, including alkane, using the same, and more particularly, to a microorganism variant obtained by introducing a gene encoding an enzyme converting fatty acyl-acp to free fatty acid, a gene encoding an enzyme converting free fatty acid to fatty acyl-CoA, a gene encoding an enzyme converting fatty acyl-CoA to fatty aldehyde and a gene encoding an enzyme converting fatty aldehyde to alkane into a microorganism improved so as to be suitable for the production of hydrocarbons, including alkane, and a method of producing hydrocarbons, including alkane, using the same. The microorganism variant of the present invention has high potential to be used to improve strains by additional metabolic flux engineering, and thus is useful for the industrial production of hydrocarbons, including alkane.",Daejeon,KR,,False,e4f632x696i2a71h4k2g1k503k254k3r3k1r2x
62,Industrial Fermentation,patent,2014,Process for production of alcohols by microbial fermentation,"The invention provides method for producing butanediol and specifically 2,3-butanediol by anaerobic fermentation of a gaseous substrate comprising CO by a culture of at least one micro-organism. In accordance with particular methods of the invention, 2,3-butanediol is produced by anaerobic fermentation of substrates including carbohydrates and carbon monoxide. The invention further provides for the up-regulation of a native 2,3-butanediol dehydrogenase gene in the at least one micro-organism. The 2,3-butanediol can be further converted to compounds such as butene(s), butadiene and methyl ethyl ketone. These compounds can be further converted to chemical products such as 2-butanol.",Auckland,NZ,,False,3nmy74a1s4w5x65206w2r1i5b201n5w5b2e5y
62,Industrial Fermentation,patent,2014,"Microbial production of 3,4-dihydroxybutyrate (3,4-DHBA), 2,3-dihydroxybutyrate (2,3-DHBA) and 3-hydroxybutyrolactone (3-HBL)","The invention relates to recombinant cells and their use in the production of 3,4-dihydroxybutyrate, 2,3-dihydroxybutyrate and 3-hydroxybutyrolactone.",Cambridge,US,,False,y6h643x706812hm2012464r2649245i1k2x4o
62,Industrial Fermentation,patent,2014,Method for controlling the sulphur concentration in a fermentation method,"This invention relates generally to methods for increasing the efficiency of microbial growth and production of products, such as alcohols and acids by microbial fermentation of substrates containing carbon monoxide. More particularly the invention relates to the provision of an alternative sulphur source to a liquid nutrient medium, such that sulphur is available to one or more microorganisms of the fermentation.",Auckland,NZ,,False,605r3h644v2oea6kq6j3oy4en3z3h3d324l
62,Industrial Fermentation,patent,2014,ALKANE OXIDATION BY MODIFIED HYDROXYLASES,This invention relates to modified hydroxylases. The invention further relates to cells expressing such modified hydroxylases and methods of producing hydroxylated alkanes by contacting a suitable substrate with such cells.,Pasadena,US,,False,6p1f3v125ok6ir5n1f5w2w484x2h2u5us642w
62,Industrial Fermentation,patent,2014,RECOMBINANT HOST CELLS AND MEDIA FOR ETHANOL PRODUCTION,"Disclosed are recombinant host cells suitable for degrading an oligosaccharide that have been optimized for growth and production of high yields of ethanol, and methods of making and using these cells. The invention further provides minimal media comprising urea-like compounds for economical production of ethanol by recombinant microorganisms. Recombinant host cells in accordance with the invention are modified by gene mutation to eliminate genes responsible for the production of unwanted products other than ethanol, thereby increasing the yield of ethanol produced from the oligosaccharides, relative to unmutated parent strains. The new and improved strains of recombinant bacteria are capable of superior ethanol productivity and yield when grown under conditions suitable for fermentation in minimal growth media containing inexpensive reagents. Systems optimized for ethanol production combine a selected optimized minimal medium with a recombinant host cell optimized for use in the selected medium. Preferred systems are suitable for efficient ethanol production by simultaneous saccharification and fermentation (SSF) using lignocellulose as an oligosaccharide source. The invention also provides novel isolated polynucleotide sequences, polypeptide sequences, vectors and antibodies.",Gainesville,US,,False,4k3p3hn5h3f392b2u613p143p5fr2i95y4a4y
62,Industrial Fermentation,patent,2014,IMPROVED PRODUCTION OF ACID AND SOLVENT IN MICROORGANISMS,"The invention relates to a method and means for the bioengineered fermentative production of solvents, in particular of butanol, acetone and ethanol, and of short-chained carboxylic acids such as acetic acid and butyric acid, in particular in host cells of the species Clostridium . The invention provides new methods and means for regulating the expression of the enzyme activities involved in acid production and or solvent production of the host cell.",Worms,DE,,False,3q6r1m2h4r1563693o3c3x3j1a2x2e1p252a1e3p
62,Industrial Fermentation,patent,2014,PREPARATION METHOD FOR BIO-FUEL MATERIALS AND BIO-CHEMICALS,"Disclosed is a preparation method for bio-fuel materials and bio-chemicals comprising the following steps: preparing a medium comprising fermentation waste generated in an alcohol production process; inoculating a first microorganism into the medium; and culturing the medium wherein the first microorganism was inoculated. More specifically, the preparation method for bio-fuel materials and bio-chemicals comprises the following steps: fermenting hexoses from a mixture of pentoses and hexoses to produce an ethanol fermentation broth; separating and purifying the ethanol fermentation broth; preparing a medium comprising the fermentation waste produced in the separation and purification step; inoculating a first microorganism into the medium; and culturing the medium wherein the first microorganism was inoculated.",Gyeonggi-do,KR,,False,6w23511n681g1162133l6h50541h481p82s6o5g
62,Industrial Fermentation,patent,2014,"RECOMBINANT MUTANT MICROORGANISM WITH INCREASED ALCOHOL PRODUCTION ABILITY, AND PREPARATION METHOD OF ALCOHOL USING SAME","The present invention relates to recombinant mutant microorganisms having an increased ability to produce alcohol and a method of producing alcohol using the same, and more particularly to recombinant mutant microorganisms which have an increased ability to produce butanol, ethanol, isopropanol or mixed alcohols, which can be used as fuel, while producing little or no producing acetone as a byproduct, and to a method of producing butanol, ethanol, isopropanol or mixed alcohols using the same. The inventive recombinant mutant microorganisms having an increased ability to produce butanol or mixed alcohols and to remove acetone are those in which genes that encode enzymes involved in producing butanol from butyryl-CoA or butylaldehyde and in producing isopropanol from acetone were amplified or introduced in host microorganisms. The recombinant mutant microorganisms produce little or no byproducts such as acetone and can have an increased ability to produce alcohols, as a result of manipulating metabolic pathways. Thus, the recombinant mutant microorganisms are useful for industrial production of butanol or mixed alcohols comprising butanol and isopropanol.",Daejeon,KR,,False,oz541d6b43103e385m34636u22426r1ig6i25
62,Industrial Fermentation,patent,2014,"LIGAND FOR ASYMMETRIC SYNTHESIS CATALYST, AND PROCESS FOR PRODUCTION OF α-ALKENYL CYCLIC COMPOUND USING SAME","Disclosed are: a ligand for an asymmetric synthesis catalyst; and a process for producing an &#x3b1;-alkenyl cyclic compound using the ligand. Specifically disclosed are: a ligand for an asymmetric synthesis catalyst, which is represented by any one of formulae (1) to (4) [wherein R 1 represents &#x2014;Cl or &#x2014;Br; R 2 represents &#x2014;CH 3 or &#x2014;CF 3 ; and R 3 represents &#x2014;CH 2 &#x2014;CH&#x2550;CH 2 or &#x2014;H]; and a process for producing an &#x3b1;-alkenyl cyclic compound using the ligand.",Nagoya-shi,JP,,False,4187160gt313d6qs72m5c1fy3n5c2x33
62,Industrial Fermentation,patent,2014,RECOMBINANT CLOSTRIDIA THAT FIX CO2 AND CO AND USES THEREOF,"The present invention relates a recombinant Clostridium expressing one or more heterologous Wood-Ljungdahl (WL) genes. In particular, the recombinant Clostridium produces a metabolite at an increased level. The present invention also relates to a method for producing a metabolite by the recombinant Clostridium.",Newark,US,,False,5o16r693f2x725kb2kc2s6q422a5x2d485h60
62,Industrial Fermentation,patent,2014,METHODS AND SYSTEMS FOR THE PRODUCTION OF HYDROCARBON PRODUCTS,"Methods and systems for the production of hydrocarbon products, including providing a substrate comprising CO to a bioreactor containing a culture of one or more micro-organisms; and fermenting the culture in the bioreactor to produce one or more hydrocarbon products. The substrate comprising CO is derived from an industrial process selected from the group comprising steam reforming processes, refinery processes, steam cracking processes, and reverse water gas shift processes.",Roselle,US,,False,2g5g4e2725424a323d2t5c7345i6ar3c4b1o53
62,Industrial Fermentation,patent,2014,MUTANT MICROORGANISM WITH ENHANCED SUGAR UTILIZATION AND METHODS FOR PREPARING THE SAME,"The present invention relates to a mutant microorganism with enhanced sugar utilization and methods for preparing the same. The mutant strain is capable of effectively utilizing various sugars including cellobiose and xylose, and can thus be useful in the production of biofuels, physiologically active materials, medicinal materials or industrial chemicals from cellulosic biomass. It also reduces the need for addition of one out of the three enzymes used in the saccharification of lignocellulose. It also eliminates the need for separate reactors to ferment pentose and hexose sugar.",Ulsan,KR,,True,4q6m331w57dg4c6h1r5u513w6g48403xk5o42
62,Industrial Fermentation,patent,2014,A FERMENTATION PROCESS FOR CONTROLLING BUTANEDIOL PRODUCTION,"Methods for improving the efficiency of 2,3-butanediol fermentations are disclosed. More specifically methods of increasing the butanediol productivity from the anaerobic fermentation of a substrate comprising carbon monoxide or carbon monoxide and hydrogen by one or more caboxydotrophic acetogenic bacteria are disclosed. The method includes supplying a hydrogen depleted substrate to increase butanediol productivity. The method includes producing butanediol at a volumetric productivity rate of at least 15 g/L/day.",Auckland,NZ,,False,6v26171q1j6q2s3p6w4j663kf1za2a2r6q1023
62,Industrial Fermentation,patent,2014,ALCOHOL PRODUCTION PROCESS,"The invention relates to a process for optimizing the production of ethanol by microbial fermentation, particularly microbial fermentation of substrates comprising CO. The process involves monitoring the hydrogen production by the microorganism, determining an optimum hydrogen production and adjusting the substrate supply rate in response to a change in the hydrogen production thereby keeping the hydrogen production within a desired range.",Auckland,NZ,,False,5m4w5l401x4y45q6y1i6q671q92i2n3v4f6m
62,Industrial Fermentation,patent,2014,Biological production of pentose sugars using recombinant cells,"The invention provides, inter alia, compositions and methods for the biological production of pentose sugars, such as 2-methylerythritol (2-ME), 1-deoxyxylulose (1-DX), and monoacetylated-2-C-methylerythritols, using recombinant cells.",Sunnyvale,US,,False,6z256bf2x2h5qh1l2f1a3i5sl5r434p6x3h6
62,Industrial Fermentation,patent,2014,Method for enzymatic production of decarboxylated polyketides and fatty acids,Disclosed herein are methods of preparing alkenes from beta-hydroxy or beta-sulfate carboxylic acid or carboxylic acid derivatives using thioesterase and optionally a sulfotransferase.,Ann Arbor,US,,False,4a356z5v15721g535p5v5u623c6826z5tx32c
62,Industrial Fermentation,patent,2014,"Method for the preparation of 1,3-propanediol from sucrose","A microorganism genetically modified for the bioproduction of 1,3-propanediol from sucrose, wherein the microorganism includes: a two-step metabolic pathway for the production of 1,3-propanediol, including a first step of decarboxylation of 4-hydroxy-2-ketobutyrate with an enzyme having a 2-keto acid decarboxylase activity, and a second step of reduction of the obtained 3-hydroxypropionaldehyde with an enzyme having hydroxy aldehyde reductase activity, and genes enabling the microorganism to utilize sucrose as sole carbon source. A method for the biological preparation of 1,3-propanediol by fermentation, including cultivating said microorganism genetically modified, wherein the culture is performed in an appropriate medium including a source of sucrose, and recovering the 1,3-propanediol being produced.",Deyme,FR,,True,6g6g1434w641w423l275ka2oz194t1i206te
62,Industrial Fermentation,patent,2014,Production of volatile dienes by enzymatic dehydration of light alkenols,"Described is a method for generating conjugated dienes through a biological process. More specifically, the application describes a method for producing conjugated dienes (for example butadiene, isoprene or dimethylbutadiene) from light alkenols via enzymatic dehydration, in particular by making use of an alkenol dehydratase.",Mouscron,BE,,False,6r15603f86r2d426b42333j2x713v4d3c142ky
62,Industrial Fermentation,patent,2014,METHODS AND ORGANISMS FOR GROWTH-COUPLED PRODUCTION OF 3-HYDROXYPROPIONIC ACID,"The invention provides a non-naturally occurring microorganism having one or more gene disruptions, the one or more gene disruptions occurring in genes encoding an enzyme obligatory coupling 3-hydroxypropionic acid production to growth of the microorganism when the gene disruption reduces an activity of the enzyme, whereby the one or more gene disruptions confers stable growth-coupled production of 3-hydroxypropionic acid onto the non naturally occurring microorganism. The disruptions can be complete gene disruptions and the non-naturally occurring organisms can include a variety of prokaryotic or eukaryotic microorganisms. A method of producing a non-naturally occurring microorganism having stable growth-coupled production of 3-hydroxypropionic acid is further provided. The method includes: (a) identifying in silico a set of metabolic modifications requiring 3-hydroxypropionic acid production during exponential growth, and (b) genetically modifying a microorganism to contain the set of metabolic modifications requiring 3-hydroxypropionic acid production.",Bellefonte,US,,False,3v5q4tl6w3h166k632x3e75q93612o6x2t40
62,Industrial Fermentation,patent,2014,Microorganisms for producing organic acids,"Organic acid-tolerant microorganisms and methods of using same. The organic acid-tolerant microorganisms comprise modifications that reduce or ablate AcsA activity or AcsA homolog activity. The modifications increase tolerance of the microorganisms to such organic acids as 3-hydroxypropionic acid (3HP), acrylic acid, and propionic acid. Further modifications to the microorganisms such as increasing expression of malonyl-CoA reductase and/or acetyl-CoA carboxylase provide or increase the ability of the microorganisms to produce 3HP. Methods of generating an organic acid with the modified microorganisms are provided. Methods of using acsA or homologs thereof as counter-selectable markers include replacing acsA or homologs thereof in cells with genes of interest and selecting for the cells comprising the genes of interest with amounts of organic acids effective to inhibit growth of cells harboring acsA or the homologs.",Madison,US,,True,6g735l47203h3w1t3b91e6f5o16351c594g436
62,Industrial Fermentation,patent,2014,Production of hydrocarbons in microorganisms,"A recombinant microorganism employing a bacterial pathway to produce a cyclic amino acid (e.g., coronamic acid or norcoronamic acid) and a plant enzyme (ACC oxidase) to oxidize the amino acid and produce an alkene (e.g., 1-butene or propene) is provided herein. Expression of these two biosynthetic modules in various microbial chassis will facilitate alkene production from diverse energy and carbon sources, including sugars, glycerol, CO 2 , CH 4 , H 2 , and sunlight.",Chesterfield,US,,False,1r252j3vlt5v4a3j5g1q3q435w6n4z2w62h62
62,Industrial Fermentation,patent,2015,NOVEL ENGINEERED MICROORGANISM PRODUCING HOMO-SUCCINIC ACID AND METHOD FOR PREPARING SUCCINIC ACID USING THE SAME,"The present invention relates to a mutant microorganism, which is selected from the group consisting of genus Mannheimia , genus Actinobacillus and genus Anaerobiospirillum , producing homo-succinic acid and a method for producing homo-succinic acid using the same, and more particularly to a mutant microorganism producing succinic acid at a high concentration while producing little or no other organic acids in anaerobic conditions, which is obtained by disrupting a gene encoding lactate dehydrogenase (ldhA), a gene encoding phosphotransacetylase (pta), and a gene encoding acetate kinase (ackA), without disrupting a gene encoding pyruvate formate lyase (pfl), as well as a method for producing succinic acid using the same. The inventive mutant microorganism has the property of having a high growth rate and succinic acid productivity while producing little or no organic acids, as compared to the prior strains producing succinic acid. Thus, the inventive mutant microorganism is useful to produce succinic acid for industrial use.",Daejeon,KR,,False,k6x4xf3yb3w1w5y292w96x1u6g3qn4g3x43
62,Industrial Fermentation,patent,2015,"MUTANTS HAVING CAPABILITY TO PRODUCE 1,4-BUTANEDIOL AND METHOD FOR PREPARING 1,4-BUTANEDIOL USING THE SAME","A mutant capable of producing 1,4-butanediol and a method of preparing 1,4-butanediol using the same are provided. The mutant microorganism is prepared by introducing and amplifying genes encoding enzymes converting succinate into 4-hydroxybutyrate and 4-hydroxybutyrate into 1,4-butanediol in a microorganism capable of producing succinate. The method includes culturing the mutant in a medium containing carbohydrate and obtaining 1,4-butanediol from the culture. Thus, 1,4-butanediol, which is essential in chemical industry, can be prepared in a biological process.",Daejeon,KR,,False,6t6m4b6a4o2t31403r434f44i705y3v4g414h3a
62,Industrial Fermentation,patent,2015,"RECOMBINANT MICROORGANISM WITH INCREASED BUTANOL PRODUCTION ABILITY, AND PREPARATION METHOD OF BUTANOL USING SAME","The present invention relates to recombinant microorganisms having an increased ability to produce butanol, and a method of producing butanol using the same. More specifically, the invention relates to recombinant microorganisms whose ability to produce butanol was increased by manipulation of their metabolic networks, and a method of producing butanol using the same. The recombinant microorganisms having an increased ability to produce butanol comprise a deletion of a gene, which encodes an enzyme that converts acetyl CoA to acetate, in host microorganisms having genes that encode enzymes involved in acetyl CoA and butyryl CoA biosynthetic pathway. The recombinant microorganisms obtained by manipulating the metabolic flux of microorganisms are able to selectively produce butanol with high efficiency, and thus are useful as microorganisms for producing industrial solvents and transportation fuels.",Daejeon,KR,,False,564x4u5o261v3t2m514e4o7016345u332q2z2c3
62,Industrial Fermentation,patent,2015,ELECTRO-AUTOTROPHIC SYNTHESIS OF HIGHER ALCOHOLS,"The disclosure provides a process that converts CO 2 to higher alcohols (e.g. isobutanol) using electricity as the energy source. This process stores electricity (e.g. from solar energy, nuclear energy, and the like) in liquid fuels that can be used as high octane number gasoline substitutes. Instead of deriving reducing power from photosynthesis, this process derives reducing power from electrically generated mediators, either H 2 or formate. H 2 can be derived from electrolysis of water. Formate can be generated by electrochemical reduction of CO 2 . After delivering the reducing power in the cell, formate becomes CO 2 and recycles back. Therefore, the biological CO 2 fixation process can occur in the dark.",Los Angeles,US,,True,20o2e4e6f4i725o35q3n1f38jo26f126270
62,Industrial Fermentation,patent,2015,New malonate decarboxylases for industrial applications,"The present invention relates to a method for the enzymatic decarboxylation of malonic acid (propanedioic acid) derivatives catalyzed by enzymes structurally and/or functionally related to arylmalonate decarboxylase (AMDase) as isolated from microorganisms of the genus Bordetella . The present invention also relates to novel enzymes with a decarboxylase activity, useful for performing the claimed method, mutants thereof, corresponding coding sequences and expression systems, methods of preparing said novel enzymes, and screening methods for obtaining further suitable enzymes also having said decarboxylase activity.",Fussgonheim,DE,,True,35yo4n2vo183q2u4o5v14t1i1f5i494h1x
62,Industrial Fermentation,patent,2015,Biofuel production by recombinant microorganisms,"Provided herein are metabolically-modified microorganisms useful for producing biofuels. More specifically, provided herein are methods of producing high alcohols including isobutanol, 1-butanol, 1-propanol, 2-methyl-1-butanol, 3-methyl-1-butanol and 2-phenylethanol from a suitable substrate.",Los Angeles,US,,True,3y1v1r23355y2j1a2f2r5q1t2c4c1j6k5a5a1j6j
62,Industrial Fermentation,patent,2015,FERMENTATIVE PRODUCTION OF ACETONE FROM RENEWABLE RESOURCES BY MEANS OF NOVEL METABOLIC PATHWAY,"The invention describes a process for preparing acetone starting from acetyl-coenzyme A comprising process steps A. enzymatic conversion of acetyl-CoA into acetoacetyl-CoA B. enzymatic conversion of acetoacetyl-CoA into acetoacetate and CoA and C. decarboxylation of acetoacetate to acetone and CO 2 , which is characterized in that the coenzyme A is not transferred in process step B to an acceptor molecule. In addition, process step B is surprisingly catalyzed by enzymes of the classes of acyl-CoA thioesterase, acyl-CoA synthetase or acyl-CoA thiokinase. A completely novel metabolic pathway is concerned, because the enzymatic hydrolysis of acetoacetyl-CoA without simultaneous transfer of CoA to a receptor molecule has never previously been described for any microbial enzyme.",40721 Hilden,DE,,False,5cf6p3o3m1i6j5x3i4q732w30692y556t85a2p
62,Industrial Fermentation,patent,2015,METHOD FOR PRODUCING ALDEHYDE FROM CO2,The invention provides recombinant microorganisms capable of producing isobutyraldehyde using CO 2 as a carbon source. The invention further provides methods of preparing and using such microorganisms to produce isobutyraldehyde.,Los Angeles,US,,False,ir6d5qt3u1wqq3e494jd2026r5p153c4z
62,Industrial Fermentation,patent,2015,ACETOLACTATE SYNTHASE HAVING 2-KETOISOVALERATE DECARBOXYLASE ACTIVITY AND USES THEREOF,"Provided herein are metabolically-modified microorganisms useful for producing biofuels. More specifically, provided herein are methods of producing high alcohols including isobutanol, 1-butanol, 1-propanol, 2-methyl-1-butanol, 3-methyl-1-butanol, and 2-phenylethanol from a suitable substrate and a recombinant acetolactate synthase having both synthase and decarboxylase activity.",Los Angeles,US,,True,1w6v85x6343w1l0911s333k4l1g1e5n2t
62,Industrial Fermentation,patent,2015,Ethanologenic bacteria and their use in ethanol production,The invention relates to bacterium that have increased resistance to furfural and methods of preparation. The invention also relates to methods of producing ethanol using the bacterium and corresponding kits.,Gainesville,US,,False,n1v5f54dgb672j46q4es2z4q2w5816c5b
62,Industrial Fermentation,patent,2015,OVER-EXPRESSION OF NADH-DEPENDENT OXIDOREDUCTASE (FUCO) FOR INCREASING FURFURAL OR 5-HYDROXYMETHYLFURFURAL TOLERANCE,"The subject invention pertains to the discovery that the NADH-dependent propanediol oxidoreductase (FucO) can reduce furfural. This allows for a new approach to improve furfural tolerance in bacterial and/or yeast cells used to produce desired products. Thus, novel biocatalysts (bacterial, fungal or yeast cells) exhibiting increased tolerance to furfural and 5-hydroxymethylfurfural (5-HMF) are provided as are methods of making and using such biocatalysts for the production of a desired product.",Indianapolis,US,,False,3k2r5o1p1q101j4sz2a505z1g6oh3exm1e5
62,Industrial Fermentation,patent,2015,"PRODUCTION OF 1,4-BUTANEDIOL BY RECOMBINANT MICROORGANISMS","Provided herein are metabolically-modified microorganisms useful for producing 1,4-butanediol.",Los Angeles,US,,False,4d4u1l63534m2f4d5a6k1m2az1o6i31304b4m4j
62,Industrial Fermentation,patent,2015,L-MALATE PRODUCTION BY METABOLICALLY ENGINEERED ESCHERICHIA COLI,A process for the production of malic acid in commercially significant quantities from the carbon compounds by genetically modified bacterial strains (GMBS; also referred to as biocatalysts or genetically modified microorganisms) is disclosed. Microorganisms suitable for the production of malic acid can be cultured in one or two-step processes as disclosed herein.,Tianjin,CN,,False,4n2h42o6c702h103k73c1q2e3e3l4o4l6j4368
62,Industrial Fermentation,patent,2015,SYSTEMS AND METHODS FOR BIOTRANSFORMATION OF CARBON DIOXIDE INTO HIGHER CARBON COMPOUNDS,"Systems, compounds and methods for the conversion of C1 carbon compounds to higher carbon compounds useful for the generation of commodity compounds.",Davis,US,,False,3g4x1c5g5r625a192ch131k1m2x4c1b6clgp
62,Industrial Fermentation,patent,2015,MICROBIAL SYNTHESES OF ALDEHYDES AND CORRESPONDING ALCOHOLS,An improved process for alcohol production includes microbial fermentation using a genetically modified microorganism to produce substantial quantities of aldehydes that are stripped from the fermentation medium and condensed. So produced aldehydes are converted in an ex vivo process to corresponding alcohols.,Los Angeles,US,,False,5f3b2zp3vw1of3k05n51do4bb3q4q357
62,Industrial Fermentation,patent,2015,PROCESS FOR THE ENZYMATIC PRODUCTION OF BUTADIENE FROM CROTYL ALCOHOL,"Described is a method for the enzymatic production of butadiene which allows to produce butadiene from crotyl alcohol. Also described are enzyme combinations and compositions containing such enzyme combinations which allow the enzymatic conversion of crotyl alcohol into butadiene. Furthermore, the invention relates to microorganisms which have been genetically modified so as to be able to produce butadiene from crotyl alcohol. Moreover, the invention relates to a method for the enzymatic production of crotyl alcohol from crotonyl-Coenzyme A. The obtained crotyl alcohol can be further converted into butadiene as described herein. Also described are enzyme combinations which allow to convert crotonyl-Coenzyme A into crotyl alcohol as well as (micro)organisms which express such enzyme combinations.",Mouscron,BE,,False,6c3m6h4w351z67b6418572r6u2h1339h2z2r
62,Industrial Fermentation,patent,2015,RECOMBINANT MICROORGANISMS AND METHODS OF USE THEREOF,"The invention relates to methods for the production of chemical compounds, particularly but not exclusively ethanol, by microbial fermentation. Also described are genetically modified micro-organisms capable of using carbon monoxide to produce one or more products, particularly but not exclusively ethanol as a main product, and producing a reduced amount or substantially no 2,3-butanediol and/or a precursor thereof.",Auckland,NZ,,False,374d2e12t6c4m3m3g727716zx1712dk6i3c
62,Industrial Fermentation,patent,2015,CATALYST FOR ETHANOL PRODUCTION VIA HYDROGENATION OF OXALATE ESTERS AND PREPARATION METHOD AND USE THEREOF,"A catalyst including: a support, the support including a mixture of SiO 2 and ZrO 2 ; an active ingredient including copper; a first additive including a metal, an oxide thereof, or a combination thereof; and a second additive including Li, Na, K, or a combination thereof. The metal is Mg, Ca, Ba, Mn, Fe, Co, Zn, Mo, La, or Ce. Based on the total weight of the catalyst, the weight percentages of the different components are as follows: SiO 2 =50-90 wt. %; ZrO 2 =0.1-10 wt. %; copper=10-50 wt. %; the first additive=0.1-10 wt. %; and the second additive=0.1-5 wt. %.",Tianjin,CN,,False,4x242962q56q622h4f5q5v4g104s1i4i6w967
62,Industrial Fermentation,patent,2015,"MICROORGANISMS AND METHODS FOR PRODUCTION OF 1,2-PROPANEDIOL AND ACETOL","The present invention concerns a modified microorganism with an increased methylglyoxal reductase activity, and its use for the preparation of 1,2-propanediol and/or acetol. In particular this increased methylglyoxal reductase activity is obtained by increasing the expression of specific genes from microorganisms. This invention is also related to a method for producing 1,2-propanediol and/or acetol by fermentation of a microorganism having an increased methylglyoxal reductase activity.",Deyme,FR,,False,2tv9222n4g205y541j1a11x455w6422a1q
62,Industrial Fermentation,patent,2015,MUTANT GLYCEROL DEHYDROGENASE (GLYDH) FOR THE PRODUCTION OF A BIOCHEMICAL BY FERMENTATION,"The present invention concerns a method for the production of 1,2-propanediol, comprising culturing a microorganism modified for an improved production of 1,2-propanediol in an appropriate culture medium and recovery of the 1,2-propanediol which may be further purified wherein the microorganism expresses a glycerol dehydrogenase (GlyDH) enzyme the inhibition of which activity by NAD+ and/or its substrate and/or its product is reduced. The present invention also relates to a mutant glycerol dehydrogenase (GlyDH) comprising at least one amino acid residue in the protein sequence of the parent enzyme replaced by a different amino acid residue at the same position wherein the mutant enzyme has retained more than 50% of the glycerol dehydrogenase activity of the parent enzyme and the glycerol dehydrogenase activity of the mutant GlyDH is less inhibited by NAD+ and/or by its substrate as compared to the parent enzyme and/or by its product as compared to the parent enzyme.",Montrond Les Bains,FR,,False,d1j5v4cl6r712e5p5y2q5t6n4n28475y6y5b3z
62,Industrial Fermentation,patent,2015,Highly productive isopropyl alcohol-producing bacterium,"An isopropyl alcohol-producing Escherichia coli equipped with an isopropyl alcohol production system, having at least one enhanced enzyme activity selected from the group consisting of an enhanced malate dehydrogenase activity, an enhanced NAD(P) + transhydrogenase (AB-specific) activity, and an enhanced thiolase activity, and an isopropyl alcohol producing method including producing isopropyl alcohol from a plant-derived raw material using the isopropyl alcohol-producing Escherichia coli.",Mobara-shi,JP,,False,1n3e1b1e6tpm506bj3i41p5u1s5t2m6l2ze
62,Industrial Fermentation,patent,2015,"Enzyme used in biosynthesis of 1, 4-BDO and screening method of the same","Recombinant butyraldehyde dehydrogenases (Blds) with improved production of 1,4-BDO, as well as recombinant microorganisms comprising polynucleotides encoding the recombinant Blds, and methods of producing 1,4-BDO by using the recombinant microorganisms.",Suwon-si,KR,,False,1j32z5h6p362l1o3f21311o66lu331p3u1f39
62,Industrial Fermentation,patent,2015,Method for producing glycolic acid using an inducible promoter,"The present invention relates to use of inducible promoters in the production of glycolic acid by fermentation. The present invention concerns a method for the production of glycolic acid in a fermentative process comprising the following steps: culturing a modified microorganism in an appropriate culture medium comprising a source of carbon, modulating in said microorganism the expression of a target gene with an external stimulus, and recovering glycolic acid from the culture medium, wherein in said modified microorganism, the expression of at least one gene involved in glycolic acid production is under the control of a heterologous inducible promoter whose activity is modulated with said external stimulus. The invention also concerned the modified microorganism used in the method of glycolic acid production.",Vic-Le-Comte,FR,,False,6u2u6x171x4u3m1p66v4v4t1k6q4t2lay96u
62,Industrial Fermentation,patent,2015,Biocatalytic oxidation process with AlkL gene product,"The invention provides a biocatalytic process for oxidation of organic compounds with the aid of an alkL gene product, and microorganisms used in this process.",Muenster,DE,,False,2vm3j2b4l23353z6v2o5l4f5f1e1w1i69191c66
62,Industrial Fermentation,patent,2015,Ketol-acid reductoisomerase enzymes and methods of use,"Provided herein are polypeptides having ketol-aid reductoisomerase activity as well as microbial host cells comprising such polypeptides. Polypeptides provided herein may be used in biosynthetic pathways, including, but not limited to, isobutanol biosynthetic pathways.",Los Altos,US,,False,3h4m1v1j246w3l4i2we6n5z6s271q5q67w33m
62,Industrial Fermentation,patent,2015,PRODUCTION OF ALKENES BY COMBINED ENZYMATIC CONVERSION OF 3-HYDROXYALKANOIC ACIDS,"The present invention relates to a method for generating alkenes through a biological process. More specifically, the invention relates to a method for producing alkenes (for example propylene, ethylene, 1-butylene, isobutylene or isoamylene) from molecules of the 3-hydroxyalkanoate type.",Mouscron,BE,,False,k5939452x5k4e583g4b46328p1i4r2l492a3o
62,Industrial Fermentation,patent,2015,Compositions and methods for identifying and modifying carbonaceous compositions,"This invention generally relates to natural gas and methylotrophic energy generation, bio-generated fuels and microbiology. In alternative embodiments, the invention provides nutrient amendments and microbial compositions, e.g., consortia, that are both specifically optimized to stimulate methanogenesis, or for &#x201c;methylotrophic&#x201d; or other conversions. In alternative embodiments, the invention provides methods to develop nutrient amendments and microbial compositions that are both specifically optimized to stimulate methanogenesis in a given reservoir. The invention also provides methods for the evaluation of potentially damaging biomass formation and scale precipitation resulting from the addition of nutrient amendments. In other embodiments, the invention provides methods for simulating biogas in sub-surface conditions using a computational model.",Mill Valley,US,,False,3b2k355t4m3l4n4v1x4eq4w462b1yd536o3855
62,Industrial Fermentation,patent,2015,"Method and Apparatus for Growing Microbial Cultures that Require Gaseous Electron Donors, Electron Acceptors, Carbon Sources, or Other Nutrients","Compositions and methods and apparatus for growth and maintenance of microorganisms and/or bioprocesses using one or more gases as electron donors, electron acceptors, carbon sources, or other nutrients, and for a bioprocess that converts hydrogen and carbon dioxide, or syngas, or producer gas into lipid products, bio-based oils, or other biochemical products.",Hayward,US,,False,6k2s551a72zy3m262a736yz4c6d3x3ak505c
62,Industrial Fermentation,patent,2015,Methods and compositions for producing solvents,"Described herein are methods, compositions and synthetic biology approaches for solvent production, including but not limited to butanol production. Described herein are recombinant bacteria and yeast strains which may be used in production of a solvent, including but not limited to butanol, from lignocellulosic and other plant-based feedstocks. Described herein are methods of producing solvents, including but not limited to butanol, using bacteria and yeast strains. Described herein are methods of producing organisms that display highly efficient butanol production.",Champaign,US,,False,3w84w1k152f42ti46143q33r1i1525g5d51
62,Industrial Fermentation,patent,2015,"BIOLOGICAL AND CHEMICAL PROCESS UTILIZING CHEMOAUTOTROPHIC MICROORGANISMS FOR THE CHEMOSYTHETIC FIXATION OF CARBON DIOXIDE AND/OR OTHER INORGANIC CARBON SOURCES INTO ORGANIC COMPOUNDS, AND THE GENERATION OF ADDITIONAL USEFUL PRODUCTS","Compositions and methods for a hybrid biological and chemical process that captures and converts carbon dioxide and/or other forms of inorganic carbon and/or C1 carbon sources including but not limited to carbon monoxide, methane, methanol, formate, or formic acid, and/or mixtures containing C1 chemicals including but not limited to various syngas compositions, into organic chemicals including biofuels or other valuable biomass, chemical, industrial, or pharmaceutical products are provided. The present invention, in certain embodiments, fixes inorganic carbon or C1 carbon sources into longer carbon chain organic chemicals by utilizing microorganisms capable of performing the oxyhydrogen reaction and the autotrophic fixation of CO 2 in one or more steps of the process.",Berkeley,US,,True,0404ee461j1h1b113b2z253f543w5s2t1f2338
62,Industrial Fermentation,patent,2015,A method for generating 6 carbon chemicals by carbon storage related CoA-dependent chain extension,"This document describes biochemical pathways for producing adipic acid, caprolactam, 6-aminohexanoic acid, hexamethylenediamine or 1,6-hexanediol by forming two terminal functional groups, comprised of carboxyl, amine or hydroxyl groups, in a C6 aliphatic backbone substrate. These pathways, metabolic engineering and cultivation strategies described herein rely on CoA-dependent elongation enzymes or analogues enzymes associated with the carbon storage pathways from polyhydroxyalkanoate accumulating bacteria.",Cleveland,GB,,False,4k1l4j3y50493x4d1y1x2y4ma81n3556j4226
62,Industrial Fermentation,patent,2016,FERMENTATION PROCESS FOR PRODUCING CHEMICALS,"The invention refers to a method of biotransforming a carbohydrate of a raw material into a chemical, by cultivating Lactobacillus diolivorans in the presence of the raw material to produce a chemical substance, and isolating the chemical substance in the purified form, and the use of L. diolivorans in one of a series of biotransformation methods, wherein carbohydrates from at least two different carbohydrate sources of low purity are transformed into chemicals.",Vienna,AT,,False,1v4a4y3g3p1v693i06q5k6o4e225a4w2f3d5m27
62,Industrial Fermentation,patent,2016,RECOMBINANT MICROORGANISM AND METHODS OF PRODUCTION THEREOF,"The invention relates, inter alia, to novel genetically modified microorganisms capable of using CO to produce 1-butanol and/or a precursor thereof, novel methyltransferases and nucleic acids encoding same, methods for producing genetically modified microorganisms using said novel methyltransferases, and methods of producing 1-butanol and/or a precursor thereof by microbial fermentation.",Auckland,NZ,,False,312416l402d5n1363e2f3q4m6q6c3bh3ye49
62,Industrial Fermentation,patent,2016,FERMENTATION PROCESS FOR PRODUCING ISOPROPANOL USING A RECOMBINANT MICROORGANISM,"The invention provides, inter alia, methods for the production of acetone, isopropanol and/or precursors of acetone and/or isopropanol by microbial fermentation of substrates comprising CO, genetically modified microorganisms of use in such methods, nucleic acids suitable for preparation of genetically modified microorganisms, a novel alcohol dehydrogenase and nucleic acids encoding same.",Auckland,NZ,,False,3k3j2c5a4ry5i5n65y2a4l50406p43681e5r3i
62,Industrial Fermentation,patent,2016,ENZYMATIC SYSTEMS FOR CARBON FIXATION AND METHODS OF GENERATING SAME,"A system for carbon fixation is provided. The system comprises enzymes which catalyze reactions of a carbon fixation pathway, wherein at least one of the reactions of the carbon fixation pathway is a carboxylation reaction, wherein products of the reactions of the carbon fixation pathway comprise oxaloacetate and malonyl-CoA, wherein an enzyme which performs the carboxylation reaction is selected from the group consisting of phophoenolpyruvate (PEP) carboxlase, pyruvate carboxylase and acetyl-CoA carboxylase and wherein an export product of the carbon fixation pathway is glyoxylate. Additional carbon fixation pathways are also provided and methods of generating same.",Kfar-Saba,IL,,True,2a30sp3ko2y1np2p333bsd4e8a3i2r3q
62,Industrial Fermentation,patent,2016,OVER-EXPRESSION OF A PUTATIVE OXIDOREDUCTASE (UCPA) FOR INCREASING FURFURAL OR 5-HYDROXYMETHYLFURFURAL TOLERANCE,"The subject invention pertains to overexpression of a putative oxidoreductase (ucpA) for increasing furfural tolerance in genetically modified microorganisms. Genetically modified microorganisms capable of overexpressing UcpA are also provided. Increased expression of ucpA was shown to increase furfural tolerance by 50%, and to permit the fermentation of sugars to products in the presence of 15 mM furfural.",Chandler,US,,False,p2s3x5t124l1s34h1m1m5j4d5x2w725s5c683s
62,Industrial Fermentation,patent,2016,ISOBUTANOL PRODUCTION USING YEASTS WITH MODIFIED TRANSPORTER EXPRESSION,"The present invention relates to recombinant microorganisms comprising an isobutanol producing metabolic pathway and methods of using said recombinant microorganisms to produce isobutanol. In various aspects of the invention, the recombinant microorganisms may comprise one or more modifications resulting in the reduction in the expression and/or activity of an endogenous transporter protein. In various embodiments described herein, the recombinant microorganisms may be microorganisms of the Saccharomyces clade, Crabtree-negative yeast microorganisms, Crabtree-positive yeast microorganisms, post-WGD (whole genome duplication) yeast microorganisms, pre-WGD (whole genome duplication) yeast microorganisms, and non-fermenting yeast microorganisms.",ENGLEWOOD,US,,False,1x314n176l1q321s1o1m64112y3k4i701506p2k
62,Industrial Fermentation,patent,2016,BIOFUEL AND CHEMICAL PRODUCTION BY RECOMBINANT MICROORGANISMS VIA FERMENTATION OF PROTEINACIOUS BIOMASS,"Provided herein are metabolically modified microorganisms characterized by having an increased keto-acid flux when compared with the wild-type organism and comprising at least one polynucleotide encoding an enzyme that when expressed results in the production of a greater quantity of a chemical product when compared with the wild-type organism. The recombinant microorganisms are useful for producing a large number of chemical compositions from various nitrogen containing biomass compositions and other carbon sources. More specifically, provided herein are methods of producing alcohols, acetaldehyde, acetate, isobutyraldehyde, isobutyric acid, n-butyraldehyde, n-butyric acid, 2-methyl-1-butyraldehyde, 2-methyl-1-butyric acid, 3-methyl-1-butyraldehyde, 3-methyl-1-butyric acid, ammonia, ammonium, amino acids, 2,3-butanediol, 1,4-butanediol, 2-methyl-1,4-butanediol, 2-methyl-1,4-butanediamine, isobutene, itaconate, acetoin, acetone, isobutene, 1,5-diaminopentane, L-lactic acid, D-lactic acid, shikimic acid, mevalonate, polyhydroxybutyrate (PHB), isoprenoids, fatty acids, homoalanine, 4-aminobutyric acid (GABA), succinic acid, malic acid, citric acid, adipic acid, p-hydroxy-cinnamic acid, tetrahydrofuran, 3-methyl-tetrahydrofuran, gamma-butyrolactone, pyrrolidinone, n-methylpyrrolidone, aspartic acid, lysine, cadeverine, 2-ketoadipic acid, and/or S-adenosyl-methionine (SAM) from a suitable nitrogen rich biomass.",Los Angeles,US,,True,2z2o633b226e45w5x5x66d4a416m5w2i543b6a
62,Industrial Fermentation,patent,2016,REVERSE BETA OXIDATION PATHWAY,"The invention relates to recombinant microorganisms that have been engineered to produce various chemicals using genes that have been repurposed to create a reverse beta oxidation pathway. Generally speaking, the beta oxidation cycle is expressed and driven in reverse by modifying various regulation points for as many cycles as needed, and then the CoA thioester intermediates are converted to useful products by the action of termination enzymes.",Houston,US,,False,4m4w1rk222u5d18675h1b17502d048c6dx13
62,Industrial Fermentation,patent,2016,NEW MEANS AND METHODS FOR PRODUCING PROPANEDIOL,"The present invention relates to a host cell having an elevated expression or activity of an enzyme as compared with the parent cell from which it has been derived, said enzyme having lactoyl-CoA reductase activity. Furthermore, provided is a method of producing lactaldehyde and/or 1,2-propanediol, said method comprising culturing said host cell and/or utilizing said enzyme to produce said compound.",Campinas,BR,,False,y1i3c714v481tc1z5x5h83t3574j3x1ib6d
62,Industrial Fermentation,patent,2016,RECOMBINANT MICROORGANISM FOR THE PRODUCTION OF USEFUL METABOLITES,"Described are recombinant microorganisms characterized by having phosphoketolase activity, having a diminished or inactivated Embden-Meyerhof-Parnas pathway (EMPP) by inactivation of the gene(s) encoding phosphofructokinase or by reducing phosphofructokinase activity as compared to a non-modified microorganism and having a diminished or inactivated oxidative branch of the pentose phosphate pathway (PPP) by inactivation of the gene(s) encoding glucose-6-phosphate dehydrogenase or by reducing glucose-6-phosphate dehydrogenase activity as compared to a non-modified microorganism. These microorganisms can be used for the production of useful metabolites such as acetone, isobutene or propene.",Mouscron,BE,,False,6e69392w34z6w6j915c242k4r1jz5oa715e
62,Industrial Fermentation,patent,2016,PRODUCTION METHOD FOR ORGANIC ACID USING CoA-TRANSFERASE,"The present invention relates to a method of producing organic acids, comprising biochemical synthesis of organic acid-CoA using acetyl-CoA as a substrate and conducting CoA elimination reaction of the organic acid-CoA using CoA transferase in the presence of acetic acid, in which organic acid is obtained by culturing transformed microorganisms which have an enzyme gene cluster for the synthesis of organic acid-CoA using acetyl-CoA as a substrate and a CoA transferase gene.",Sapporo-shi,JP,,False,1o6h1384p5l113t6b1b3f53112u6r44122m2z4q
62,Industrial Fermentation,patent,2016,MODIFIED MICROORGANISMS AND METHODS OF MAKING BUTADIENE USING SAME,"The present disclosure generally relates to microorganisms that comprise one or more polynucleotides coding for enzymes in one or more pathways that catalyze a conversion of a fermentable carbon source to butadiene. Also provided are methods of using the microorganisms in industrial processes including, for use in the production of butadiene and products derived therefrom.",Sao Paulo,BR,,False,60191bt2o105i1x6i4i684j4qp3ny3b2w2u1a
62,Industrial Fermentation,patent,2016,RECOMBINANT MICROORGANISMS AND USES THEREFOR,"A stereospecific enzyme in C. autoethanogenum permits the conversion of racemic propanediol to acetone and/or propionaldehyde. Entantiomeric starting materials lead to different products. If desired, the products may be reduced to form alcohols. The reaction can be performed in various host cells, so that various materials may be used as carbon and/or energy sources.",Auckland,NZ,,False,2c203k4x63473m3w2o664822a6r1s1396a5e
62,Industrial Fermentation,patent,2016,Consolidated bioprocessing method using thermophilic microorganisms,"The present invention is directed to a method of converting biomass to biofuel, and particularly to a consolidated bioprocessing method using a co-culture of thermophilic and extremely thermophilic microorganisms which collectively can ferment the hexose and pentose sugars produced by degradation of cellulose and hemicelluloses at high substrate conversion rates. A culture medium therefor is also provided as well as use of the methods to produce and recover cellulosic ethanol.",Rockwood,US,,True,wc4f33d5q445r1r4t705di295kx3q5j3d46
62,Industrial Fermentation,patent,2016,Isopropyl alcohol-producing bacterium having improved productivity by GntR destruction,"An isopropyl alcohol-producing Escherichia coli includes an isopropyl alcohol production system, wherein an activity of transcriptional repressor GntR is inactivated, and the isopropyl alcohol-producing Escherichia coli preferably further includes a group of auxiliary enzymes having an enzyme activity expression pattern with which isopropyl alcohol production capacity achieved by the inactivation of the GntR activity is maintained or enhanced. A method of producing isopropyl alcohol includes producing isopropyl alcohol from a plant-derived raw material using the isopropyl alcohol-producing Escherichia coli . A method of producing acetone includes contacting the isopropyl alcohol obtained by the isopropyl alcohol production method with a complex oxide that includes zinc oxide and at least one oxide containing a Group 4 element, and that is prepared by coprecipitation. A method of producing propylene includes contacting isopropyl alcohol and acetone obtained by the production method with a solid acidic substance and a Cu-containing hydrogenation catalyst as catalysts.",Mobara-shi Chiba,JP,,False,73q3f1e5br4c602f1m1u1v1zg1ma4h6l3w35
62,Industrial Fermentation,patent,2016,Methanol dehydrogenase enzymes from Bacillus,"The present invention relates to a nucleic acid molecule, which encodes a polypeptide having alcohol dehydrogenase activity, in particular methanol dehydrogenase activity, comprising having a nucleotide sequence selected from the group consisting of: (i) a nucleotide sequence as set forth in any one of SEQ ID NOs: 1 (mdh2-MGA3), 3 (mdh3-MGA3), or 5 (mdh2-PB1); (ii) a nucleotide sequence having at least 90% sequence identity, more particularly at least 91, 92, 93, 94, 95, 96, 97, 98 or 99% sequence identity, with a nucleotide sequence as set forth in any one of SEQ ID NOs: 1, 3 or 5; (iii) a nucleotide sequence which is degenerate with any one of the nucleotide sequences of SEQ ID NOs: 1, 3 or 5; (iv) a nucleotide sequence which is a part of the nucleotide sequence of any one of SEQ ID NOs: 1, 3 or 5, or of a nucleotide sequence which is degenerate with a sequence of SEQ ID NOs: 1, 3 or 5; (v) a nucleotide sequence encoding all or part of a polypeptide whose amino acid sequence is set forth in any one of SEQ ID NOs: 2 (Mdh2-MGA3), 4 (Mdh3-MGA3) or 6 (Mdh2-PB1); and (vi) a nucleotide sequence encoding all or part of a polypeptide which has an amino acid sequence having at least 90% sequence identity, preferably at least 91, 92, 93, 94, 95, 96, 97, 98 or 99% sequence identity, with an amino acid sequence as set forth in any one of SEQ ID NOs: 2, 4 or 6; or a nucleic acid molecule comprising a nucleotide sequence which is complementary to the nucleotide sequence of any one of (i) to (vi). Also provided are recombinant constructs, vectors and host cells comprising such a nucleic acid molecule and polypeptides encoded thereby. Such molecules may advantageously be used in the genetic modification of host cells, for example to introduce or modify methanol dehydrogenase activity.",Trondheim,NO,,False,1p3g3y5d4v621w60294j6up4j1033511h2g453v
62,Industrial Fermentation,patent,2016,Production method for 2-alkenylamine compound,"Provided is a method for producing a 2-alkenylamine compound efficiently and at low cost, using a primary or secondary amine compound and a 2-alkenyl compound as the starting materials therefor. The 2-alkenyleamine compound is produced by 2-alkenylating a primary or secondary amine compound, using a specified 2-alkenylating agent and in the presence of a catalyst comprising a complexing agent and a transition metal precursor stabilized by a monovalent anionic five-membered conjugated diene.",Minato-ku,JP,,False,4vg5a5q383b2y4j175g6z3w51n5g20425s2h7
62,Industrial Fermentation,patent,2016,"Microorganisms and methods for enhancing the availability of reducing equivalents in the presence of methanol, and for producing 3-hydroxyisobutyrate or methacrylic acid related thereto","Provided herein is a non-naturally occurring microbial organism having a methanol metabolic pathway that can enhance the availability of reducing equivalents in the presence of methanol. Such reducing equivalents can be used to increase the product yield of organic compounds produced by the microbial organism, such as 3-hydroxyisobutyrate or MAA. Also provided herein are methods for using such an organism to produce 3-hydroxyisobutyrate or MAA.",Bellefonte,US,,False,1b96ip2b5o564k6t656z63s2w2b1cm3b153n
62,Industrial Fermentation,patent,2016,Genetically engineered bacterium with altered carbon monoxide dehydrogenase (CODH) activity,"The invention provides genetically engineered microorganisms with altered carbon monoxide dehydrogenase (CODH) activity and methods related thereto. In particular, the invention provides a genetically engineered carboxydotrophic acetogenic bacterium having decreased or eliminated activity of CODH1 and/or CODH2. In certain embodiments, the bacterium may also have increased activity of CODH/ACS. The invention further provides a method for producing a product by culturing the bacterium in the presence of a gaseous substrate comprising one or more of carbon monoxide, carbon dioxide, and hydrogen.",Skokie,US,,False,535d65i4n713ku113q2g1u2t1wv1b66683k2p
62,Industrial Fermentation,patent,2016,Production method for 2-alkenylamine compound,"Provided is a method for producing a 2-alkenylamine compound efficiently and at low cost, using a primary or secondary amine compound and a 2-alkenyl compound as the starting materials therefor. The 2-alkenylamine compound is produced by adding Bronsted acid when 2-alkenylating by reacting the primary or secondary amine compound with the 2-alkenyl compound, and 2-alkenylating in the presence of a catalyst comprising a complexing agent and a transition metal precursor stabilized by a monovalent anionic five-membered conjugated diene.",Minato-ku,JP,,False,6d5n1q584c1e401b471pu6a5v5enu534o2z45
62,Industrial Fermentation,patent,2016,Glycerol 3- phosphate dehydrogenase for butanol production,Provided herein are glycerol-3-phosphate dehydrogenase (GPD) enzymes with increased K M for NADH and GPD enzymes with substantially the same affinity for NADH and NADPH and/or are feedback inhibited by glycerol-3-phosphate. Also provided herein are recombinant microorganisms comprising a heterologous gene encoding GPD and a deletion or disruption in an endogenous gene encoding GPD. Also provided are recombinant microorganisms comprising a heterologous gene encoding GPD and a butanol biosynthetic pathway. Further provided are methods of producing butanol comprising providing the recombinant microorganisms described herein and contacting the recombinant microorganism with at least one fermentable carbon substrate under conditions wherein butanol is produced.,"Tirmulgherry, Secunderabad",IN,,False,3p591n2z2m6i31732a3d3t6p47275p436b153l5
62,Industrial Fermentation,patent,2016,Method for producing a monoalkene by enzymatic conversion of an alkyl monoester,"The present invention relates to a method for producing a monoalkene comprising the step of enzymatically converting an alkyl monoester. The conversion preferably makes use of an enzyme which belongs to the group of terpene synthases or to the family of prenyltransferases. Moreover, the present invention relates to the use of a terpene synthase or of a prenyltransferase for enzymatically converting an alkyl monoester into a monoalkene.",Mouscron,BE,,False,6o32a14f4j1u5b105r4t81e3k2y2f2k4j5i34
62,Industrial Fermentation,patent,2016,"Fermentation route for the production of levulinic acid, levulinate esters and valerolactone and derivatives thereof","The invention provides processes for the conversion of pyruvate obtained from sugars or other carbon sources, to valuable C5 materials such as levulinic acid, levulinate esters, valerolactone, and derivatives thereof.",Seattle,US,,False,134z5004d444x6f3m4v3n6r1zqx1440725t6u
62,Industrial Fermentation,patent,2016,"VARIANT MICROORGANISM ABLE TO PRODUCE LARGE AMOUNT OF FERMENTATION PRODUCT, AND FERMENTATION PRODUCT PRODUCTION METHOD USING SAME","The present invention relates to mutant microorganisms having a high ability to produce fermentation products, and methods for producing fermentation products using the same, and more particularly, to mutant microorganisms having a high ability to produce fermentation products such as lactic acid, succinic acid and ethanol, which has a deletion of genes selected from the genome of enteric bacteria and involved in respiration, electron transport, redox reactions and the like, and methods of producing fermentation products in high yield by culturing the mutant microorganisms under anaerobic conditions. The present invention provides mutant microorganisms, which have a deletion of genes involved in the redox pathways and regulation of microorganisms and having the property of producing a high concentration of lactic acid, succinic acid or ethanol with significantly reduced production of other fermentation products under anaerobic conditions, and a method of producing lactic acid, succinic acid or ethanol in high yield by culturing the mutant microorganisms.",Daejeon,KR,,False,212jx06o5n5i1s4v3j6b61433w1m6464o3
62,Industrial Fermentation,patent,2016,NON-CO2 EVOLVING METABOLIC PATHWAY FOR CHEMICAL PRODUCTION,"Provided are microorganisms that catalyze the synthesis of chemicals and biochemicals from a methanol, methane and/or formaldehyde. Also provided are methods of generating such organisms and methods of synthesizing chemicals and biochemicals using such organisms.",Los Angeles,US,,False,2m316tj4m24i4zp3w555u4vdm135n1e4849
62,Industrial Fermentation,patent,2016,Host Cells and Methods for Producing 1-Deoxyxylulose 5-phosphate (DXP) and/or a DXP Derived Compound,"The present invention provides for a genetically modified host cell capable of producing 1-deoxyxylulose 5-phosphate or 1-deoxy-D-xylulose 5-phosphate (DXP) (12), and optionally one or more DXP derived compounds, comprising: (a) a mutant RibB, or functional variant thereof, capable of catalyzing xylulose 5-phosphate and/or ribulose 5-phosphate to DXP, or (b) a YajO, or functional variant thereof, and a XylB, or functional variant thereof.",Berkeley,US,,False,1a5z392p6v2p133963w4ibt3k4e2mw5z2e5o
62,Industrial Fermentation,patent,2016,Biological Conversion of Multi-Carbon Compounds from Methane,"Multi-carbon compounds such as ethanol, n-butanol, sec-butanol, isobutanol, tert-butanol, fatty (or aliphatic long chain) alcohols, fatty acid methyl esters, 2,3-butanediol and the like, are important industrial commodity chemicals with a variety of applications. The present invention provides metabolically engineered host microorganisms which metabolize methane (CH 4 ) as their sole carbon source to produce multi-carbon compounds for use in fuels (e.g., bio-fuel, bio-diesel) and bio-based chemicals. Furthermore, use of the metabolically engineered host microorganisms of the invention (which utilize methane as the sole carbon source) mitigate current industry practices and methods of producing multi-carbon compounds from petroleum or petroleum-derived feedstocks, and ameliorate much of the ongoing depletion of arable food source &#x201c;farmland&#x201d; currently being diverted to grow bio-fuel feedstocks, and as such, improve the environmental footprint of future bio-fuel, bio-diesel and bio-based chemical compositions.",Redwood City,US,,False,3j5p5y1j34a6c521a646j1z71305q6w376c20
62,Industrial Fermentation,patent,2016,Method and System for Converting Electricity Into Alternative Energy Resources,"The invention provides an isolated Methanothermobacter microorganism that is (a) a microorganism of Methanothermobacter thermautotrophicus strain UC 120910, deposited on Dec. 21, 2010, with the American Type Culture Collection (ATCC) under ATCC&#xae; Patent Deposit Designation No. PTA-11561, (b) a variant thereof, or (c) a progeny thereof, as further described herein.",Chicago,US,,True,3e5g5h1i4059c4f6b55c6l1h232f4z26b53m
62,Industrial Fermentation,patent,2016,COMPOSITION AND METHOD FOR PRODUCING CHEMICAL SUBSTANCE AND DERIVATIVE THEREOF,"The present invention provides methods for producing a product of one or more enzymatic pathways. The pathways used in the methods of the invention involve one or more conversion steps such as, for example, an enzymatic conversion of guluronic acid into D-glucarate (Step 7); an enzymatic conversion of 5-ketogluconate (5-KGA) into L-Iduronic acid (Step 15); an enzymatic conversion of L-Iduronic acid into Idaric acid Step 7b); and an enzymatic conversion of 5-ketocluconate into 4,6-dihydroxy 2,5-diketo hexanoate (2,5-DDH) (Step 16). In some embodiments the methods of the invention produce 2,5-furandicarboxylic acid (FDCA) as a product. The methods include both enzymatic and chemical conversions as steps. Various pathways are also provided for converting glucose into 5-dehdyro-4-deoxy-glucarate (DDG), and for converting glucose into 2,5-furandicarboxylic acid (FDCA). The methods also involve the use of engineered enzymes that perform reactions with high specificity and efficiency. Additional products that can be produce include metabolic products such as, but not limited to, guluronic acid, L-iduronic acid, idaric acid, glucaric acid. Any of the products can be produced using glucose as a substrate or using any intermediate in any of the methods or pathways of the invention.",San Diego,US,,False,6wj3f38d4m5t213y6d17495s1h152n2l6h4s47
62,Industrial Fermentation,patent,2017,PRODUCTION OF XYLITOL FROM A MIXTURE OF HEMICELLULOSIC SUGARS,"Materials and methods are described to produce xylitol from a mixture of hemicellulosic sugars by several routes. Examples include either as a direct co-product of a biorefinery or ethanol facility, or as a stand-alone product produced from an agricultural or forestry biomass feedstock including using, e.g. ethanol waste streams.",Champaign,US,,False,2x6r3w1i6h261k4d3ya142e6w1j6g6a312kc3
62,Industrial Fermentation,patent,2017,ALCOHOL PRODUCTION PROCESS,"The invention relates to the production of products such as alcohols and acids by microbial fermentation, particularly microbial fermentation of substrates comprising CO. It more particularly relates to methods and systems for improving efficiency of products by microbial fermentation. In particular embodiments, the invention provides a method of optimizing production of desired products including the step of ascertaining the proportion of CO converted to CO2.",Auckland,NZ,,False,615o3s3h3u593w5g4o15jw3d674y5t2o6r5z5i
62,Industrial Fermentation,patent,2017,PRODUCTION OF CARBOXYLATES AND METHANE FROM BIOMASS WASTE,"Methods and systems for producing and removing C 6 and/or C 8 carboxylates and/or methane from carbohydrate containing biomass, an alcohol, and mixtures of microorganisms under an anaerobic environment. The C 6 and/or C 8 carboxylates are removed continuously or in-line. Methanogenesis is not inhibited and very little input carbon is lost as carbon dioxide.",Ithaca,US,,False,t1v4f4b196i6j3v58532y45t6v5w5w1j4grv
62,Industrial Fermentation,patent,2017,METHODS FOR INCREASING PRODUCTION OF 3-METHYL-2-BUTENOL USING FUSION PROTEINS,The present invention relates to methods and compositions for increasing production of 3-methyl-2-butenol in a de novo synthetic pathway in a genetically modified host cell using isopentenyl disphosphate (IPP) as a substrate.,94608,US,,False,34642p3w1542d5s5a2z2o60i391n2n4k5m1l3p
62,Industrial Fermentation,patent,2017,HOST CELLS AND METHOD FOR MAKING ACRYLATE AND PRECURSORS THEREOF USING AN ODD-NUMBERED ALKANE FEEDSTOCK,"Provided herein is an alkane-metabolizing cell that is unable to convert propionyl-CoA into methylmalonyl-CoA or 2-metylcitrate synthase. Depending on which enzymes are present in the cell, the cell can produce acrylate or a precursor for the same (e.g., propionate, 3-hydroxypropionyl-CoA, 3-hydroxypropionate, acrylyl-CoA) that can be readily converted to acrylate enzymatically (e.g., in the cell) or by chemical treatment. In one embodiment, the cell may contain a cytochrome P450 or alkane oxidase enzyme that allows the production of 3-hydroxypropionyl-CoA, which can be readily converted to 3-hydroxypropionate. In order to make such compounds, the cell may be grown in the presence of an odd-numbered chain alkane (e.g., pentane or heptane), although another odd-numbered chain alkane may be used. In another embodiment, the cell may contain acyl-CoA oxidase, enoyl-CoA hydratase, and hydrolase.",Redwood City,US,,False,145n735v3om5f6x5yp421d2h4b2o2jd6s6x2d
62,Industrial Fermentation,patent,2017,BACTERIAL PRODUCTION OF METHYL KETONES,The present invention relates to methods and compositions for increasing production of methyl ketones in a genetically modified host cell that overproduces &#x3b2;-ketoacyl-CoAs through a re-engineered &#x3b2;-oxidation pathway and overexpresses FadM.,Berkeley,US,,False,1uf3m3g2d2x271x4h655249u50612e1k3565h
62,Industrial Fermentation,patent,2017,ENZYME-ALTERED METABOLITE ACTIVITY,"The present invention relates to mutant alcohol dehydrogenase enzymes, microorganisms comprising the mutant alcohol dehydrogenase enzymes, and methods for the production of products by microbial fermentation using the microorganisms.",Auckland,NZ,,False,104e3363yl6h5u265r2i7122f34557048g2q
62,Industrial Fermentation,patent,2017,MICROBIAL PRODUCTION OF ALKANOLAMIDES AND AMIDOAMINES AND USES THEREOF,The disclosure relates to a recombinant microorganism engineered to express an enzyme which catalyzes the conversion of a primary amine and an acyl thioester to a fatty amide. The disclosure further encompasses a method of producing a fatty amide by culturing the recombinant microorganism in the presence of a carbon source.,South San Francisco,US,,False,4kj4h6q51h2g2t3r192m6y111muzy6b5630
62,Industrial Fermentation,patent,2017,ESCHERICHIA COLI ENGINEERED FOR ISOBUTYRALDEHYDE PRODUCTION,"The present disclosure provides recombinant E. coli and other bacteria with reduced alcohol dehydrogenase and/or aldehyde reductase activity. The present disclosure further provides recombinant E. coli and other bacteria with reduced isobutyraldehyde reductase activity. Methods for the production and the uses of the recombinant bacteria are also provided. Specifically, recombinant bacteria further expressing 2-keto-acid decarboxylase can be used for producing higher aldehydes or other non-alcohol chemicals derived from aldehydes.",Davis,US,,True,1c2g3z94o3z3j682n5i4x5f271c133p2w6s131n
62,Industrial Fermentation,patent,2017,MICROORGANISM HAVING CARBON DIOXIDE FIXATION CYCLE INTRODUCED THEREINTO,"An acetyl-CoA-producing microorganism, which is capable of efficiently synthesizing acetyl-CoA using carbon dioxide, and a substance production method using the same are provided. An acetyl-CoA-producing microorganism including an acetyl-CoA production cycle obtained by imparting at least one type of enzymatic activity selected from the group consisting of malate thiokinase, malyl-CoA lyase, glyoxylate carboligase, 2-hydroxy-3-oxopropionate reductase, and hydroxypyruvate reductase, to a microorganism.",Singapore,SG,,True,5me6h314k5x6u5rd2x323p39g6p186q3i3o2s
62,Industrial Fermentation,patent,2017,METABOLICALLY ENGINEERED ORGANISMS FOR THE PRODUCTION OF ADDED VALUE BIO-PRODUCTS,"The present invention relates to genetically engineered organisms, especially microorganisms such as bacteria and yeasts, for the production of added value bio-products such as specialty saccharide, activated saccharide, nucleoside, glycoside, glycolipid or glycoprotein. More specifically, the present invention relates to host cells that are metabolically engineered so that they can produce said valuable specialty products in large quantities and at a high rate by bypassing classical technical problems that occur in biocatalytical or fermentative production processes.",Gent,BE,,False,4n0144o401t1x4t6z4c5s1x6m4f5p5i5yea4f
62,Industrial Fermentation,patent,2017,"MICROORGANISMS AND METHODS FOR PRODUCTION OF 4-HYDROXYBUTYRATE, 1,4-BUTANEDIOL AND RELATED COMPOUNDS","The invention provides non-naturally occurring microbial organisms having a 4-hydroxybutyrate pathway and being capable of producing 4-hydroxybutyrate, wherein the microbial organism comprises one or more genetic modifications. The invention additionally provides methods of producing 4-hydroxybutyrate or related products using the microbial organisms.",San Diego,US,,False,5g1w494f62r1c5k7341z1d1e323p15e5g28k
62,Industrial Fermentation,patent,2017,Oxidation and amination of primary alcohols,"A method including the steps a) providing a primary alcohol of the formula HO&#x2014;(CH 2 ) x &#x2014;R 1 , where R 1 is &#x2014;OH, &#x2014;SH, &#x2014;NH 2 or &#x2014;COOR 2 ; x is at least 3; and R 2 is H, alkyl or aryl, b) oxidizing the primary alcohol by contacting it with an NAD(P) + -dependent alcohol dehydrogenase, and c) contacting the oxidation product of step a) with a transaminase, where the NAD(P) + -alcohol dehydrogenase and/or the transaminase is a recombinant or isolated enzyme. A whole cell catalyst for carrying out the method. The use of such a whole cell catalyst for oxidizing a primary alcohol.",Shanghai,CN,,False,1t103u2qc1k672l5e37475l6m106q4h6z3u92k
62,Industrial Fermentation,patent,2017,Escherichia coli containing mutated lpdA gene and application thereof,"The invention relates to the field of modifying E. coli through genetic engineering. Specifically, the invention provides an E. coli containing a mutated lpdA gene. The invention also relates to use of the E. coli in the production of chemical material such as ethanol, and succinate etc. The invention also provides a method of producing chemical materials such as ethanol and succinate etc. by using the E. coli , as well as a method for increasing the activity of pyruvate dehydrogenase in E. coli by introducing a mutated lpdA gene.",Tianjin,CN,,False,202a5zs1x6y5h4j6o84t1u592ny6u2d5qr4a
62,Industrial Fermentation,patent,2017,"Microorganisms and methods for enhancing the availability of reducing equivalents in the presence of methanol, and for producing 1,4-butanediol related thereto","Provided herein is a non-naturally occurring microbial organism having a methanol metabolic pathway that can enhance the availability of reducing equivalents in the presence of methanol. Such reducing equivalents can be used to increase the product yield of organic compounds produced by the microbial organism, such as 1,4-butanediol (BDO). Also provided herein are methods for using such an organism to produce BDO.",San Diego,US,,False,3p34r5j4x6ah6h3t26g2r23t4y1b2m432d1l
62,Industrial Fermentation,patent,2017,Partial adaptation for butanol production,"Provided herein are processes for producing an improved culture of cells comprising an engineered butanol biosynthetic pathway. The processes comprise (a) providing a cell culture of recombinant microorganisms comprising an engineered butanol biosynthetic pathway, wherein the engineered butanol biosynthetic pathway is minimal or not activated; and (b) growing the culture of recombinant microorganisms under adaptive conditions whereby pathway activation is increased to produce an improved cell culture and whereby the improved cell culture is capable of continuing to grow in fermentation.",Tirmulgherry,IN,,False,3m4w5g2j2i394i6y3u1c704d85y2q1l1k6826z
62,Industrial Fermentation,patent,2017,Biotechnological method for producing butanol and butyric acid,"The present invention relates to a method for producing C4 bodies, preferably butyric acid and/or butanol, comprising the steps contacting an aqueous medium comprising an acetogenic bacterial cell in an aqueous medium with syngas and incubating the mixture obtained in step a) at a temperature between 0 and 100&#xb0; C. for at least 30 minutes, wherein the aqueous medium comprises, in step b), ethanol and/or acetate at a total combined concentration is at least 0.1 gL &#x2212;1 .",Essen,DE,,False,3c5l4b552f5t2i2l2up6d6m543l666662i211k
62,Industrial Fermentation,patent,2017,Fermentation process,"A methods for altering the metabolite profile of a fermentation, by increasing flux through acetolactate. The methods comprises increasing production of one or more products derived from acetolactate. Further provided is a method for increasing the production of 2,3-butandiol by microbial fermentation of gaseous substrates, the method comprising providing a compound which inhibits one or more enzymes which convert acetolactate to branched chain amino acids to the fermentation. The present invention further provides methods for increasing the production of 2,3-butandiol relative to other fermentation products such as ethanol and acetic acid.",Chicago,US,,False,27qi5z2q36tb292c3y1w352241ht2m1v40
62,Industrial Fermentation,patent,2017,Process for the production of methyl methacrylate,"The invention includes a process of producing methyl methacrylate or derivatives thereof is described. The process includes the steps of converting 2-butanone to methyl propionate using a Baeyer-Villiger monooxygenase, and treating the methyl propionate produced to obtain methyl methacrylate or derivatives thereof. A method of preparing polymers or copolymers of methyl methacrylate or its derivatives is also described.","Wilton Centre, Wilton, Redcar",GB,,False,673n1t4e3h722y2q3f1o4ia482qj1y3jng2m
62,Industrial Fermentation,patent,2017,PRODUCTION OF ALKENES FROM 3-HYDROXY-1-CARBOXYLIC ACIDS VIA 3-SULFONYLOXY-1-CARBOXYLIC ACIDS,"The application describes a method for producing alkenes (for example propylene, ethylene, 1-butylene, isobutylene, isoamylene, butadiene or isoprene) from 3-hydroxy-1-carboxylic acids via 3-sulfonyloxy-1-carboxylic acids.",Tournai,BE,,False,6f2m5344f105q1t4g44y442zx5m404v4d2l2q
62,Industrial Fermentation,patent,2017,METHOD FOR THE ENZYMATIC PRODUCTION OF 3-BUTEN-2-ONE,"Described is a method for the production of 3-buten-2-one comprising the enzymatic conversion of 4-hydroxy-2-butanone into 3-buten-2-one by making use of an enzyme catalyzing 4-hydroxy-2-butanone dehydration, wherein said enzyme catalyzing 4-hydroxy-2-butanone dehydration is (a) a 3-hydroxypropiony-CoA dehydratase (EC 4.2.1.116), (b) a 3-hydroxybutyryl-CoA dehydratase (EC 4.2.1.55), (c) an enoyl-CoA hydratase (EC 4.2.1.17), (d) a 3-hydroxyoctanoyl-[acyl-carrier-protein] dehydratase (EC 4.2.1.59), (e) a crotonyl-[acyl-carrier-protein] hydratase (EC 4.2.1.58), (f) a 3-hydroxydecanoyl-[acyl-carrier-protein] dehydratase (EC 4.2.1.60), (g) a 3-hydroxypalmitoyl-[acyl-carrier-protein] dehydratase (EC 4.2.1.61), (h) a long-chain-enoyl-CoA hydratase (EC 4.2.1.74), or (i) a 3-methylglutaconyl-CoA hydratase (EC 4.2.1.18). The produced 3-buten-2-one can be further converted into 3-buten-2-ol and finally into 1,3-butadiene.",Tournai,BE,,False,563p2q3z2z2b4h2u3d4t346l4i436t6j525a436
62,Industrial Fermentation,patent,2017,Genetically engineered bacterium comprising energy-generating fermentation pathway,"The invention relates to a genetically engineered bacterium comprising an energy-generating fermentation pathway and methods related thereto. In particular, the invention provides a bacterium comprising a phosphate butyryltransferase (Ptb) and a butyrate kinase (Buk) (Ptb-Buk) that act on non-native substrates to produce a wide variety of products and intermediates. In certain embodiments, the invention relates to the introduction of Ptb-Buk into a C1-fixing microoorgansim capable of producing products from a gaseous substrate.",Skokie,US,,False,n5w1o373f531q1pz3a371j4w4c68165c472633
62,Industrial Fermentation,patent,2017,VARIANTS OF GLYCEROL DEHYDROGENASE HAVING D-LACTATE DEHYDROGENASE ACTIVITY AND USES THEREOF,The present invention provides methods of designing and generating glycerol dehydrogenase (GlyDH) variants that have altered function as compared to a parent polypeptide. The present invention further provides nucleic acids encoding GlyDH polypeptide variants having altered function as compared to the parent polypeptide. Host cells comprising polynucleotides encoding GlyDH variants and methods of producing lactic acids are also provided in various aspects of the invention.,Scarsdale,US,,False,6u224t3j2x3k3l403x213z5033i4r4n1c5n6h2j
62,Industrial Fermentation,patent,2017,Biological and Chemical Process Utilizing Chemoautotrophic Microorganisms,"Methods and systems to achieve clean fuel processing systems in which carbon dioxide emissions ( 1 ) from sources ( 2 ) may be processed in at least one processing reactor ( 4 ) containing a plurality of chemoautotrophic bacteria ( 5 ) which can convert the carbon dioxide emissions into biomass ( 6 ) which may then be used for various products ( 21 ) such as biofuels, fertilizer, feedstock, or the like. Sulfate reducing bacteria ( 13 ) may be used to supply sulfur containing compounds to the chemoautotrophic bacteria ( 5 ).",Fort Collins,US,,True,4k2e33l93i5e4n5w1u121u2v2n40513r2b3n
62,Industrial Fermentation,patent,2017,A method for enhancing the fermentative poteltial and growth rate of microorganisms under anaerobiosis,"The present invention concerns a method for enhancing the growth rate, the biomass production and/or the fermentative potential of an anaerobic microorganism, comprising the steps consisting in: (a) modifying said anaerobic microorganism by inactivating the ohrR gene, the ohrR gene product or homolog thereof; (b) culturing the modified anaerobic microorganism obtained in step (a) under low-ORP anaerobic conditions.",Villeuve-lez-Avignon,FR,,False,4x2j231122626p252c6a1w3p6j334bk1747j28
62,Industrial Fermentation,patent,2017,Methods for Production of Xylosylxylitol Oligomers,"The present disclosure relates generally to the production of xylosyl-xylitol oligomers, and more specifically to biological methods for producing xylosyl-xylitol oligomers in host cells.",Berkeley,US,,False,40d3c2w4915336t2g6m93p5a3p191u42g3b6r
62,Industrial Fermentation,patent,2018,PRODUCTION OF ALKENES BY ENZYMATIC DECARBOXYLATION OF 3-HYDROXYALKANOIC ACIDS,"The present invention relates to a method for generating alkenes biologically. It relates more particularly to a method for producing terminal alkenes by enzymatic decarboxylation of 3-hydroxyalkanoate molecules. The invention also relates to the enzymatic systems and the microbial strains used, and also to the products obtained.",Sceaux,FR,,False,352l54433x5a3t656052576w2y5f4vx1u32o3
62,Industrial Fermentation,patent,2018,RECOMBINANT MICROORGANISMS AND USES THEREFOR,"Bacteria are genetically engineered to produce 3-hydroxypropionate (3-HP). The bacteria are carboxydotrophic acetogens. The bacteria produce acetyl-coA using the Wood-Ljungdahl pathway for fixing CO/CO 2 . A malonyl-coA reductase from a bacterium that contains such an enzyme is introduced. Additionally, an acetyl-coA carboxylase may also be introduced The production of 3-HP can be improved by overproduction of acetyl-CoA carboxylase or by overproduction of biotin. This can be effected by improved promoters or higher copy number or enzymes that are catalytically more efficient.",Auckland,NZ,,True,4ms3f02d5p40526b38672in3j6m164m65641a
62,Industrial Fermentation,patent,2018,RECOMBINANT MICROORGANISMS AND USES THEREFOR,"Carboxydotrophic acetogenic microorganisms do not produce MEK and/or 2-butanol. They lack the biosynthesis pathways to make these products. In addition, they produce the intermediate (R,R)-2,3-butanediol whereas the production of MEK and 2-butanol requires production of the intermediate (R,S)-2,3-butanediol. Nonetheless, the production of MEK and/or 2-butanol can be accomplished using recombinant microorganisms adapted to express or overexpress key enzymes in the MEK and/or 2-butanol biosynthesis pathways. Such microorganisms, such as the carboxydotrophic acetogen Clostridium autoethanogenum , can ferment substrates comprising CO. The overall scheme involves the production of 2-butanol from (R,S)-2,3-butanediol and the conversion of (R)-acetoin to (S)-2,3-butanediol. These steps are involved in the production of both MEK and 2-butanol. Such fermentation methods offer a means of using carbon monoxide from industrial processes which would otherwise be released into the atmosphere and pollute the environment.",Auckland,NZ,,False,2u5x23686k3t518h94x4d65572k635b114y67
62,Industrial Fermentation,patent,2018,"MICROORGANISMS AND METHODS FOR ENHANCING THE AVAILABILITY OF REDUCING EQUIVALENTS IN THE PRESENCE OF METHANOL, AND FOR PRODUCING SUCCINATE RELATED THERETO","Provided herein is a non-naturally occurring microbial organism having a methanol metabolic pathway that can enhance the availability of reducing equivalents in the presence of methanol. Such reducing equivalents can be used to increase the product yield of organic compounds produced by the microbial organism, such as succinate. Also provided herein are methods for using such an organism to produce succinate.",Bellefonte,US,,False,2o714y163d5s611s1p7f5s2w4yi2211456f38
62,Industrial Fermentation,patent,2018,SYNTHETIC METHYLOTROPHY TO LIQUID FUELS AND CHEMICALS,"A non-naturally occurring microbe capable of growing in a medium comprising methanol is provided. The methanol contributes to a significant percentage (e.g., at least 40%) of the carbon source for the non-naturally occurring microbe, which expresses heterologous methanol dehydrogenase (MDH) and heterologous ribulose monophosphate (RuMP) pathway enzymes. Methods for producing liquid fuels and chemicals by the non-naturally occurring microbe and methods for preparing the non-naturally occurring microbe are also provided.",Newark,US,,False,45276l29x6m3jb41322m4s4u6i4a3k5d376ru
62,Industrial Fermentation,patent,2018,OLEFINS AND METHODS FOR MAKING THE SAME,"Provided herein are isoparaffins derived from hydrocarbon terpenes such as myrcene, ocimene and farnesene, and methods for making the same. In certain variations, the isoparaffins have utility as lubricant base stocks.",Emeryville,US,,False,3l6c405u6412w13531t5zbk1v34o663k4k6c
62,Industrial Fermentation,patent,2018,"PRODUCTION OF 1,3-DIENES BY ENZYMATIC CONVERSION OF 3-HYDROXYALK-4-ENOATES AND/OR 3-PHOSPHONOXYALK-4-ENOATES","The present invention relates to a method for generating 1,3-diene compounds through a biological process. More specifically, the invention relates to a method for producing 1,3-diene compounds (for example butadiene or isoprene) from molecules of the 3-hydroxyalk-4-enoate type or from 3-phosphonoxyalk-4-enoates.",Mouscron,BE,,False,5s273o441u4a3m2l4y5u3y1it1zc202t1b21k
62,Industrial Fermentation,patent,2018,FERMENTATIVE PRODUCTION OF ALCOHOLS,"The invention relates to the fields of industrial microbiology and alcohol production. The invention also relates to the development of a microorganism capable of producing fermentation products via an engineered pathway, and uses of the microorganism. The invention also relates to the methods to improve cell viability and productivity and the use of recycling and acid washing to increase the yield of fermentation products.",Secundrabad,IN,,False,4c57u5x5m514i5w54g4t64j3g2k56z6z01n
62,Industrial Fermentation,patent,2018,BIOSYNTHETIC PATHWAYS AND METHODS,"This disclosure describes a recombinant microbial cells and methods of making and using such recombinant microbial cells. Generally, the recombinant cells may be modified to exhibit increased biosynthesis of a TCA derivative compared to a wild-type control. In some embodiments, the TCA derivative can include 1,4-butanediol. In various embodiments, the microbial cell is a fungal cell or a bacterial cell. In some embodiments, the increased biosynthesis of the TCA derivative can include an increase in xylose dehydrogenase activity, xylonolactonase activity, xylonate dehydratase activity, or 2-keto-3-deoxyaldonic acid dehydratase activity.",Roseville,US,,False,1qa6c3t6e2f3156h12126y3r4f593y74q5x4k
62,Industrial Fermentation,patent,2018,ALKENOL DEHYDRATASE VARIANTS,"Described are alkenol dehydratase variants having improved activity in catalyzing the conversion of a compound corresponding to the general formula CnH2nO into CnH2n-2 +H2O with 3&#x3c;n&#x3c;7. In particular, described are alkenol dehydratase variants having, e.g., an improved activity in converting but-2-en-1-ol (crotyl alcohol) into 1,3 butadiene and/or an improved activity in converting but-3-en-2-ol into 1,3 butadiene and/or an improved activity in converting 3-methylbut-2-en-1-ol (prenol) or 3-methylbut-3-en-2-ol (isoprenol) into isoprene and/or an improved activity in converting 2,3-dimethyl-but-2-en-1-ol into dimethyl-butadiene.",Tournai,BE,,False,6r64h3b16341ld4k493i644t1yd2b2f3i1yv
62,Industrial Fermentation,patent,2018,RECOMBINANT ESCHERICHIA COLI FOR PRODUCING SUCCINIC ACID AND APPLICATION THEREOF,"The invention relates to the field of producing succinate by E. coli fermentation. Specifically, the invention provides an engineered recombinant E. coli for producing succinate, wherein said E. coli contains one or more of the following modifications: a) enhanced activity of the protein(s) encoded by the gene(s) involved in pentose phosphate pathway (PPP), b) enhanced activity of the protein encoded by sthA gene, and optionally c) mutant lpdA gene. The invention also relates to use of the engineered recombinant E. coli for producing succinate, and a method of using the engineered recombinant E. coli for producing succinate.",Tianjin,CN,,False,146d1y3e191o3r25721a1n3mn473h383u36236
62,Industrial Fermentation,patent,2018,PRODUCTION OF ALKENES FROM 3-HYDROXYCARBOXYLIC ACIDS VIA 3-HYDROXYCARBOXYL-NUCLEOTIDYLIC ACIDS,"The application describes a method for producing alkenes (for example propylene, ethylene, 1-butylene, isobutylene, isoamylene, butadiene or isoprene) from 3-hydroxycarboxylic acids via 3-hydroxycarboxyl-nucleotidylic acids.",Nozay,FR,,False,4y4m613m67475j3i23x3u3y714h6u6v632a65l
62,Industrial Fermentation,patent,2018,USE OF ENZYMES WHICH CATALYZE PYRUVATE SYNTHESIS FROM FORMATE AND ACETYL-COA AND BACTERIA EXPRESSING SAME,"An isolated microorganism is disclosed being genetically modified to express pyruvate formate lyase (PFL) or 2-ketobutyrate formate lyase, wherein acetyl-CoA of the microorganism is converted to pyruvate in the presence of formate in a single step reaction, wherein the net flux of the reaction is in the direction of pyruvate synthesis. Uses of the microorganism and products comprising same are also disclosed.",Tel-Aviv,IL,,False,1i4q2z5f6u613v31l3o5u3q5x1l5t411n3d2j
62,Industrial Fermentation,patent,2018,USE OF HYDROPHOBINS TO INCREASE GAS TRANSFERIN AEROBIC FERMENTATION PROCESSES,"The present disclosure provides methods, compositions and apparatuses for increasing gas transfer in fermentation processes.",San Francisco,US,,False,8322a3x296p384h4d4y5g3j4a616u4g6w652k
62,Industrial Fermentation,patent,2018,BIOSYNTHESIS OF 1-UNDECENCE AND RELATED TERMINAL OLEFINS,"The present disclosure relates to the biosynthesis of 1-undecene and related terminal olefins. Specifically, the present disclosure relates to methods of using proteins to produce 1-undecene and related terminal olefins.",Berkeley,US,,False,1u5w5x5n5p3s3s576op3h4z1u204z5v5u3j5oy
62,Industrial Fermentation,patent,2018,SOLVENT COMPOSITIONS BASED ON DIHYDROFARNESENE,"Provided herein are compositions comprising partially hydrogenated farnesene. In certain embodiments, the compositions are useful as solvents, degreasers, cleaning products, personal care products, and for other uses. Also provided herein are methods of making the compositions and methods of their use.",Emeryville,US,,False,a1g3m356j6m3r5m6p473x6u1s2v3x481qa253c
62,Industrial Fermentation,patent,2018,PROCESSES TO PREPARE ELONGATED 2-KETOACIDS AND C6-C10 COMPOUNDS THEREFROM VIA GENETIC MODIFICATIONS TO MICROBIAL METABOLIC PATHWAYS,"Modification of metabolic pathways includes genetically engineering at least one enzyme involved in elongating 2-ketoacids during leucine biosynthesis, and preferably at least isopropylmalate dehydrogenase or synthase (LeuB or LeuA in E. coli ), to include at least such non-native enzyme, enzyme complex, or combination thereof to convert 2-ketobutyrate or 2-ketoisovalerate to a C7-C11 2-ketoacid, wherein the production of such is at a higher efficiency than if a purely native pathway is followed. The C7-C11 2-ketoacid may then be converted, via a native or genetically engineered thiamin dependent decarboxylase, to form a C6-C10 aldehyde having one less carbon than the C7-C11 2-ketoacid being converted. In some embodiments the C6-C10 aldehyde may then be converted via additional native or genetically engineered enzymes to form other C6-C10 products, including alcohols, carboxylic acids, and alkanes. This genetic engineering offers the opportunity for commercial scale of in vivo biosynthetic processes that may be more cost-efficient than non-biobased approaches to produce the same products.",Carmel,US,,True,37n2c5t3e2y3x2w413h4e21563h706m20l6z
62,Industrial Fermentation,patent,2018,PROCESS FOR PRODUCTING AN ORGANIC PRODUCT FROM A CARBON-BASED MATTER FEEDSTOCK USING GASIFICATION FOLLOWED BY FERMENTATION OF THE SYNTHESIS GAS,"The invention relates to a process for producing a fuel, in particular a liquid fuel, or another organic product, from a carbon-based matter feedstock, comprising the following steps: a/ gasification of the carbon-based matter feedstock in a first reactor, termed gasifier ( 1 ), b/ downstream of the gasification, fermentation of the synthesis gas produced according to step a/, by means of microorganisms, water and nutrients in a second reactor, termed fermenter ( 2 ), c/ recovery, downstream of the fermenter, of the microorganisms and of the water, d/ injection of at least a part of the recovered microorganisms and, where appropriate, of at least a part of the recovered water at the inlet ( 10 ) of the gasifier.",Bourgoin-Jallieu,FR,,False,5t553m2f723820w6k6zb6q165x213k34c3h6t
62,Industrial Fermentation,patent,2018,MICROBIAL ELECTROSYNTHETIC CELLS,"Methods are provided for microbial electrosynthesis of H 2 and organic compounds such as methane and acetate. Method of producing mature electrosynthetic microbial populations by continuous culture is also provided. Microbial populations produced in accordance with the embodiments as shown to efficiently synthesize H 2 , methane and acetate in the presence of CO 2 and a voltage potential. The production of biodegradable and renewable plastics from electricity and carbon dioxide is also disclosed.",Charleston,US,,False,wz5y437214p4y3d4h13661p345a512l49m5d
62,Industrial Fermentation,patent,2018,FUNCTIONALIZED CARBOXYLIC ACIDS AND ALCOHOLS BY REVERSE FATTY ACID OXIDATION,"Bacteria that run the beta oxidation cycle in reverse anabolic direction are provided, along with many novel primers to start the reverse cycle, pathways to make such primers, and a large variety of products produced thereby. Methods for making desired product by using such primers in the reverse pathway are also disclosed.",Houston,US,,False,1e1l43e2p3y4k3g2k5p2r6d7114553e6h4x81z
62,Industrial Fermentation,patent,2018,FERMENTATION OF GLYCEROL TO ORGANIC ACIDS,The present invention is in the field of producing organic acids and other useful chemicals via biological fermentation using glycerol as a source of carbon. Novel microorganisms and fermentation processes are described that are capable of converting glycerol to useful organic acids in high yield and high purity.,Lexington,US,,False,57636e5g6f6v2t4u3y4s1e2l4m4h172mz5v332b
62,Industrial Fermentation,patent,2018,"Method and system for obtaining 1, 4-butanediol from fermentation broth","A process of purifying 1,4-butanediol (1,4-BDO) from a fermentation broth including separating solid materials, salts and water, and subjecting the resulting material to a two, three or four column distillation system, that can include a wiped film evaporator to produce a purified 1,4-butanediol product.",San Diego,US,,False,1j2e4f03q4k1r57344916h5c6o6k4d4a4s1355
7,Cyanobacterial Metabolic Engineering,paper,2001,Iron-Binding Activity of FutA1 Subunit of an ABC-type Iron Transporter in the Cyanobacterium Synechocystis sp. Strain PCC 6803,"The futA1 (slr1295) and futA2 (slr0513) genes encode periplasmic binding proteins of an ATP-binding cassette (ABC)-type iron transporter in Synechocystis sp. PCC 6803. FutA1 was expressed in Escherichia coli as a GST-tagged recombinant protein (rFutA1). Solution containing purified rFutA1 and ferric chloride showed an absorption spectrum with a peak at 453 nm. The absorbance at this wavelength rose linearly as the amount of iron bound to rFutA1 increased to reach a plateau when the molar ratio of iron to rFutA1 became unity. The association constant of rFutA1 for iron in vitro was about 1 x 10(19). These results demonstrate that the FutA1 binds the ferric ion with high affinity. The activity of iron uptake in the Delta futA1 and Delta futA2 mutants was 37 and 84%, respectively, of that in the wild-type and the activity was less than 5% in the Delta futA1/Delta futA2 double mutant, suggesting their redundant role for binding iron. High concentrations of citrate inhibited ferric iron uptake. These results suggest that the natural iron source transported by the Fut system is not ferric citrate.",Nagoya,JP,,False,https://openalex.org/W2135478698
7,Cyanobacterial Metabolic Engineering,paper,2007,"The Structure of the Iron-binding Protein, FutA1, from Synechocystis 6803","Cyanobacteria account for a significant percentage of aquatic primary productivity even in areas where the concentrations of essential micronutrients are extremely low. To better understand the mechanism of iron selectivity and transport, the structure of the solute binding domain of an ATP binding cassette iron transporter, FutA1, was determined in the presence and absence of iron. The iron ion is bound within the ""C-clamp"" structure via four tyrosine and one histidine residues. There are extensive interactions between these ligating residues and the rest of the protein such that the conformations of the side chains remain relatively unchanged as the iron is released by the opening of the metal binding cleft. This is in stark contrast to the zinc-binding protein, ZnuA, where the domains of the metal-binding protein remain relatively fixed, whereas the ligating residues rotate out of the binding pocket upon metal release. The rotation of the domains in FutA1 is facilitated by two flexible beta-strands running along the back of the protein that act like a hinge during domain motion. This motion may require relatively little energy since total contact area between the domains is the same whether the protein is in the open or closed conformation. Consistent with the pH dependence of iron binding, the main trigger for iron release is likely the histidine in the iron-binding site. Finally, neither FutA1 nor FutA2 binds iron as a siderophore complex or in the presence of anions, and both preferentially bind ferrous over ferric ions.",St Louis,US,,False,https://openalex.org/W2005227262
7,Cyanobacterial Metabolic Engineering,paper,2007,The Circadian Clock-Related Gene <i>pex</i> Regulates a Negative <i>cis</i> Element in the <i>kaiA</i> Promoter Region,"In the cyanobacterium Synechococcus sp. strain PCC 7942, a circadian clock-related gene, pex, was identified as the gene prolonging the period of the clock. A PadR domain, which is a newly classified transcription factor domain, and the X-ray crystal structure of the Pex protein suggest a role for Pex in transcriptional regulation in the circadian system. However, the regulatory target of the Pex protein is unknown. To determine the role of Pex, we monitored bioluminescence rhythms that reported the expression activity of the kaiA gene or the kaiBC operon in pex deficiency, pex constitutive expression, and the wild-type genotype. The expression of kaiA in the pex-deficient or constitutive expression genotype was 7 or 1/7 times that of the wild type, respectively, suggesting that kaiA is the target of negative regulation by Pex. In contrast, the expression of the kaiBC gene in the two pex-related genotypes was the same as that in the wild type, suggesting that Pex specifically regulates kaiA expression. We used primer extension analysis to map the transcription start site for the kaiA gene 66 bp upstream of the translation start codon. Mapping with deletion and base pair substitution of the kaiA upstream region revealed that a 5-bp sequence in this region was essential for the regulation of kaiA. The repression or constitutive expression of the kaiA transgene caused the prolongation or shortening of the circadian period, respectively, suggesting that the Pex protein changes the period via the negative regulation of kaiA.",Nagoya,JP,,False,https://openalex.org/W2095997255
7,Cyanobacterial Metabolic Engineering,paper,2008,FutA2 Is a Ferric Binding Protein from Synechocystis PCC 6803,"Synechocystis PCC 6803 has a high demand for iron (10 times greater than Escherichia coli) to sustain photosynthesis and is unusual in possessing at least two putative iron-binding proteins of a type normally associated with ATP-binding cassette-type importers. It has been suggested that one of these, FutA2, binds ferrous iron, but herein we clearly demonstrate that this protein avidly binds Fe(III), the oxidation state preference of periplasmic iron-binding proteins. Structures of apo-FutA2 and Fe-FutA2 have been determined at 1.7 and 2.7A, respectively. The metal ion is bound in a distorted trigonal bipyramidal arrangement with no exogenous anions as ligands. The metal-binding environment, including the second coordination sphere and charge properties, is consistent with a preference for Fe(III). Atypically, FutA2 has a Tat signal peptide, and its inability to coordinate divalent cations may be crucial to prevent metals from binding to the folded protein prior to export from the cytosol. A loop containing the His(43) ligand undergoes considerable movement in apo-versus Fe-FutA2 and may control metal release to the importer. Although these data are consistent with FutA2 being the periplasmic component involved in iron uptake, deletion of another putative ferric binding protein, FutA1, has a greater effect on the accumulation of iron and is more analogous to a DeltafutA1DeltafutA2 double mutant than DeltafutA2. Here, we also discover that there is a reduced level of ferric FutA2 in the periplasm of the DeltafutA1 mutant providing an explanation for its severe iron-uptake phenotype.",Newcastle upon Tyne,GB,,False,https://openalex.org/W2009378702
7,Cyanobacterial Metabolic Engineering,paper,2012,Two distinct pathways for iron acquisition by iron-limited cyanobacterial cells: evidence from experiments using siderophores and synthetic chelators,"Iron-limited cyanobacterial cells are generally considered to acquire extracellular iron through a siderophore-dependent system, although evidence has started to accumulate that other, as yet poorly characterized, iron acquisition systems may also play a role. Iron-limited cells of the cyanobacterium Anabaena flos-aquae (Lyng.) Brèb. are well known to produce the relatively low Fe(III) affinity dihydroxamate siderophore schizokinen. In this set of experiments we show that iron-limited A. flos-aquae cells (i) acquired iron at substantial rates in the absence of the schizokinen and (ii) acquired iron from a bacterial siderophore (the trihydroxamate molecule desferrioxamine B (DFB)), and also a synthetic chelator (N, N-bis(2-(bis(carboxymethyl)amino)ethyl)glycine (DTPA)), with substantially higher affinities for Fe(III) than schizokinen, indicating that a schizokinen-independent iron acquisition pathway was operating. We suggest that there exists a siderophore-independent iron acquisition system that is able to acquire Fe(III) from high stability Fe(III)-chelates, which are not accessible to iron-limited cells via the schizokinen-based system. As well, we present two possible models for iron acquisition by iron-limited A. flos-aquae cells. Both of these models suggest that there are two major routes for Fe(III) entry into the periplasm of iron-limited cells: (1) the well-characterized siderophore (schizokinen) dependent process and (2) a siderophore-independent process that is able to access Fe(III) sources not biologically available to the schizokinen system.",Regina,CA,,False,https://openalex.org/W1949586203
7,Cyanobacterial Metabolic Engineering,paper,2014,A green-light inducible lytic system for cyanobacterial cells,"Cyanobacteria are an attractive candidate for the production of biofuel because of their ability to capture carbon dioxide by photosynthesis and grow on non-arable land. However, because huge quantities of water are required for cultivation, strict water management is one of the greatest issues in algae- and cyanobacteria-based biofuel production. In this study, we aim to construct a lytic cyanobacterium that can be regulated by a physical signal (green-light illumination) for future use in the recovery of biofuel related compounds. We introduced T4 bacteriophage-derived lysis genes encoding holin and endolysin under the control of the green-light regulated cpcG2 promoter in Synechocystis sp. PCC 6803. When cells harboring the lysis genes were illuminated with both red and green light, we observed a considerable decrease in growth rate, a significant increase in cellular phycocyanin released in the medium, and a considerable fraction of dead cells. These effects were not observed when these cells were illuminated with only red light, or when cells not containing the lysis genes were grown under either red light or red and green light. These results indicate that our constructed green-light inducible lytic system was clearly induced by green-light illumination, resulting in lytic cells that released intracellular phycocyanin into the culture supernatant. This property suggests a future possibility to construct photosynthetic genetically modified organisms that are unable to survive under sunlight exposure. Expression of the self-lysis system with green-light illumination was also found to greatly increase the fragility of the cell membrane, as determined by subjecting the induced cells to detergent, osmotic-shock, and freeze-thaw treatments. A green-light inducible lytic system was constructed in Synechocystis sp. PCC 6803. The engineered lytic cyanobacterial cells should be beneficial for the recovery of biofuels and related compounds from cells with minimal effort and energy, due to the fragile nature of the induced cells. Furthermore, the use of light-sensing two-component systems to regulate the expression of exogenous genes in cyanobacteria promises to replace conventional chemical inducers in many bioprocess applications, impacting the limiting water management issues.",Tokyo,JP,,True,https://openalex.org/W2170901696
7,Cyanobacterial Metabolic Engineering,paper,2016,PowerCell Payload on Eu:CROPIS - Measuring Synthetic Biology in Space,"NASA’s PowerCell payload, as part of the German Space Agency’s (DLR’s) Eu:CROPIS (Euglena Combined Regenerative Organic-food Production In Space) mission, will compare the effect of multiple simulated gravity regimes on basic processes required for synthetic biology in space including growth, protein production, and genetic transformation of the bacterium Bacillus subtilis. In addition, it will pioneer the use of a cyanobacterially-produced feedstock for microbial growth in space, a concept we call “PowerCell.” The PowerCell experiment system will be integrated on the DLR's compact satellite as a secondary payload to be launched during the summer of 2017. In order to simulate the gravitational range of different celestial bodies, the satellite will establish an artificial gravity level in the 1.4% – 52% of terrestrial gravity range prior to conducting each set of biological experiments, with experimental results compared to ground controls. Experiments will be carried out in microfluidics cards with experimental progress measured through absorbance as detected by the LED-based optical system. Here we describe the ground studies that led to these experiments, along with a description of the experiment system hardware and its performance. The mission results will provide foundational data for the use and production of genetically engineered organisms for extraterrestrial missions.",Arlington,US,,False,https://openalex.org/W2529093121
7,Cyanobacterial Metabolic Engineering,paper,2022,Expression of the Cyanobacterial FoF1 ATP Synthase Regulator AtpΘ Depends on Small DNA-Binding Proteins and Differential mRNA Stability,"FoF1 ATP synthases produce ATP, the universal biological energy source. ATP synthase complexes on cyanobacterial thylakoid membranes use proton gradients generated either by photosynthesis or respiration. AtpΘ is an ATP synthase regulator in cyanobacteria which is encoded by the gene atpT. AtpΘ prevents the hydrolysis of ATP (reverse reaction) that otherwise would occur under unfavorable conditions. In the cyanobacterium Synechocystis sp. PCC 6803, AtpΘ is expressed maximum in darkness but at very low levels under optimum phototrophic growth conditions or in the presence of glucose. DNA coimmunoprecipitation experiments followed by mass spectrometry identified the binding of the two transcriptional regulators cyAbrB1 and cyAbrB2 to the promoter and the histone-like protein HU to the 5’UTR of atpT. Analyses of nucleotide substitutions in the promoter and GFP reporter assays identified a functionally relevant sequence motif resembling the HLR1 element bound by the RpaB transcription factor. Electrophoretic mobility shift assays confirmed interaction of cyAbrB1, cyAbrB2, and RpaB with the promoter DNA. However, overall the effect of transcriptional regulation was comparatively low. In contrast, atpT transcript stabilities differed dramatically, half-lives were 1.6 min in the light, 33 min in the dark and substantial changes were observed if glucose or DCMU were added. These findings show that transcriptional control of atpT involves nucleoid-associated DNA-binding proteins, positive regulation through RpaB, while the major effect on the condition-dependent regulation of atpT expression is mediated by controlling mRNA stability, which is related to the cellular redox and energy status. IMPORTANCE FoF1 ATP synthases produce ATP, the universal biological energy source. Under unfavorable conditions, ATP synthases can operate in a futile reverse reaction, pumping protons while ATP is used up. Cyanobacteria perform plant-like photosynthesis, but they cannot use the same mechanism as plant chloroplasts to inhibit ATP synthases during the night because respiratory and photosynthetic complexes are both located in the same membrane system. AtpΘ is a small protein encoded by the gene atpT in cyanobacteria that can prevent the ATP synthase reverse reaction (ATPase activity). Here we found that three transcription factors contribute to the regulation of atpT expression. However, the control of mRNA stability was identified as the major regulatory process governing atpT expression. Thus, it is the interplay between transcriptional and posttranscriptional regulation that position the AtpΘ-based regulatory mechanism within the context of the cellular redox and energy balance.",Freiburg im Breisgau,DE,,False,https://openalex.org/W4224209695
7,Cyanobacterial Metabolic Engineering,project,2009,Booze Bugs : Sun To Alcohol,"In the long run our crude oil resources will be on the decline but most importantly the effects of the climate change demand a quick shift to a sustainable fuel economy.  Approaching biofuel production by direct synthesis from sunlight has the potential to solve the problems that arise with the conventional fermentation of starches and sugars such as the direct competition of fuel feedstock with food crops. Thus the Uppsala iGEM Team 2009 investigated the production of ethanol and butanol with the use of the cyanobacteria Synechocystis sp PCC6803. Also known as blue-green algae, cyanobacteria possess the ability to directly convert sunlight into biofuels. We engineered constructs for ethanol and butanol production as well as strategies to increase the yields of photosynthetic ethanol production.",Uppsala,SE,,True,igem_Uppsala-Sweden_2009
7,Cyanobacterial Metabolic Engineering,project,2010,CyanoBricks: Genomic Engineering Tools for the Photosynthetic Cyanobacterium Synechocystis,"The future of synthetic biology lies in expanding our ability to engineer genes in new organisms. Our project develops a system to engineer the genome of the photosynthetic cyanobacterium Synechocystis sp. PCC6803, establishes expression standards for this species, and adds a set of characterized Synechocystis promoters and ribosome binding sites to the BioBrick toolbox. We developed a BioBrick vector that can be used to assemble parts and devices in E. coli. Upon transformation into Synechocystis, it integrates the device directly into the genome through homologous recombination. We utilized genes that were activated under a variety of conditions, from those responding to heat stress to ones oscillating under a circadian rhythm. The promoters and ribosome binding sites were converted into BioBrick-compatible parts, and subsequently characterized. Our success will enable the use of existing parts in new species, and will expand the range of devices that can be built.",Logan,US,,False,igem_Utah_State_2010
7,Cyanobacterial Metabolic Engineering,project,2011,So Happy Together: A Cooperative Relationship between Cyanobacteria and E. Coli for production of biofuels,"Traditional methods for obtaining biofuels have relied on the fermentation of agricultural crops. The problems are reduction in land available for food production relatively low levels of CO2 biofixation  and large biomass requirements. Our project aims to overcome these problems by utilizing E. coli for the production of biodiesel (C-12 fatty acids) and bioethanol. There have been a number of examples of biofuel production in E. coli; however 30-40% of production cost is based on media costs. Our project will surmount these high production costs by engineering the cyanobacteria  Synechocystis PCC6803  to secrete large quantities of glucose that will feed our biofuel-producing E .coli. Cyanobacteria and E.coli will be co-cultivated to allow the mutual transfer of carbon to produce biofuels.  This project provides an efficient means for producing biofuels without a carbon source.  It will also create a novel cooperative system between bacterial species that may have further industrial implications.""""",Reno,US,,True,igem_Nevada_2011
7,Cyanobacterial Metabolic Engineering,project,2011,CyanoBricks: Expression Testing and Bioproduct Development,"Building upon the CyanoBrick toolkit developed by the 2010 Utah State iGEM team our project focuses on producing valuable bioproducts using Synechocystis sp. PCC 6803. Our project will attempt to produce three different bioproducts: fatty alcohols  wax esters  and alkanes/alkenes. In order to optimize expression levels of various gene products  we constructed a dual luciferase expression measurement device. We used this device to provide more detailed characterization of promoters and ribosome binding sites from E. coli and Synechocystis. We also produced a variety of useful intermediate parts for the dual luciferase device  which are currently not available through the registry  allowing this measurement system to be easily adapted to new organisms and new reference standards.""""",Logan,US,,False,igem_Utah_State_2011
7,Cyanobacterial Metabolic Engineering,project,2011,Mars BioTools: Synthetic Biology for Space Exploration,"One of the major challenges of space exploration is the enormous cost of launching materials limiting the size and affordability of long-term missions. Synthetic Biology can revolutionize space exploration and settlement by providing a microbial platform for catalyzing critical reactions and manufacturing essential products. Biological devices have a major advantage over classical machines: the ability to self-replicate and regenerate.<BR>Project RegoBrick uses bacteria to cement Martian and Lunar regolith simulant into a concrete-like compound. Extraterrestrial settlements will be able to use such a process to build structures using resources readily available in the environment  instead of having to transport materials from Earth.<BR>Project PowerCell develops a universal energy source from engineered cyanobacteria  which generate carbon and nitrogenous nutrients from sunlight and air and secrete them to sustain other microbes. This system will allow future settlers to transform resources on other planets into fuel  food  drugs  and other useful products.""""",Providence,US,,False,igem_Brown-Stanford_2011
7,Cyanobacterial Metabolic Engineering,project,2011,Production of Isoprenoids in Synechococcus: A model for sustainable manufacturing,"Cyanobacteria such as Synechococcus elongatus  are prokaryotic photoautotrophic model organisms  which are responsible for a large proportion of global photosynthesis. Our group endeavored to develop S. elongatus as an emergent platform for synthetic biology and metabolic engineering.<BR>While Synechococcus elongatus has been used in previous synthetic biology projects  our group sought not only to characterize functional promoters  but also promoters capable of tailoring expression to circadian rhythms or transcriptional factors. Concurrently  our team experimented with fluorescent proteins to find a quick-folding  robust  and transient reporter that may be used to characterize dynamic parts (such as those involved in circadian rhythms).<BR>As proof of concept  the VCU iGEM team also aspired to integrate isoprenoid pathways into Synechococcus - isoprenoids being precursors of many commercially and pharmaceutically relevant molecules. By demonstrating production of these industrially important metabolites we hope to show the practicality of utilizing cyanobacteria as a superior sustainable production platform. """"",Richmond,US,,True,igem_VCU_2011
7,Cyanobacterial Metabolic Engineering,project,2012,Luxilla: a light rechargeable and programmable biolamp,"Synchronization of biological processes in populations is essential to achieve strong measurable and functional traits. Circadian rhythms are one of nature's most exquisite mechanisms to regulate and synchronize biological processes over time. Our team has taken advantage of the fine time control offered by the circadian clock machinery to construct a genetic circuit that allows robust oscillatory behavior in a synchronized and predictable manner. We have coupled the expression of genes of a bioluminescent pathway to the endogenous circadian clock of <i>Synechocystis PCC 6803</i>. The benefits of using <i>Synechocystis</i> as our chassis for practical applications include minimal production costs due to its autotrophic growth capacity and precise synchronization to time-dependent events using environmental cues such as light. As a direct application we designed the first self-rechargeable programmable bio-lamp. Secondary projects include a novel secretion system, the first spider-silk biobrick and an optimization of the Gibson assembly reaction for small parts.",Santiago,CL,,True,igem_UC_Chile_2012
7,Cyanobacterial Metabolic Engineering,project,2012,Project Synechosunshine: photosynthetically powered biolamp,"We present an artificial consortium between 2 specialized bacteria by the means of genetic engineering, in order to obtain a photosynthetically fed biolamp. It is a novel proposal of synthetic ecology, based on the use of an efficient photosynthesizer (the cyanobacterium Synechococcus elongatus) modified to become an exporter of sucrose and diel switch of the activity of Aliivibrio fischeri, a marine bacterium widely known for its bioluminescent properties in response to quorum sensing signals. Our modified cyanobacteria feed the population of A. fischeri through a transporter protein and produce AHL to induce bioluminescence in response to the activity of a photosensitive operator, which would activate only at night. We also have tried to transform different microalgae with bioluminescence genes to test their effectiveness. We look forward to develop an efficient and autosufficient environmentally friendly biolamp, with potential application to cover the illumination needs of many infrastructure sectors.",Valencia,ES,,False,igem_Valencia_2012
7,Cyanobacterial Metabolic Engineering,project,2012,CyanoDelux,"Our overall objective is to create cyanobacteria that glow exclusively in darkness. To accomplish this, we will use a native promoter (lrtA) that normally functions as a light-regulated promoter in cyanobacteria. We will insert it into a plasmid together with the luxCDABE cassette. The cassette contains the luciferase enzyme and enzymes necessary for regeneration of its substrates. The final goal is to make cyanobacteria (Synechococcus elongatus PCC 7002) glow because cyanobacteria perform photosynthesis and therefore do not need supplied nutrients. First, the experiment is carried out in E. coli and afterwards the plasmid is transferred to the cyanobacteria. Both of the systems will subsequently be thoroughly analyzed to determine important characteristics of the system including kinetics and efficiency of the expression levels. To achieve this quantification we will collaborate with a fellow Physics student at University of Copenhagen.",Copenhagen,DK,,False,igem_Copenhagen_2012
7,Cyanobacterial Metabolic Engineering,project,2012,"The Production of Safranal, Picrocrocin, and Crocin in Synechocystis sp. PCC 6803 and Escherichia coli","Saffron is highly valued as a spice that adds unmatched flavor, aroma, and color to food. A project was designed to synthesize three chemicals which compose a significant portion of the aroma and coloration of the spice saffron: safranal, picrocrocin, and crocin. Synechocystis sp. PCC 6803 was chosen as the chassis because of its photosynthetic nature and native production of the substrate, zeaxanthin. It was proposed that the cloning of two genes ZCD and UGTCs2, would be sufficient to make the compounds in this organism.  These two were cloned into E. coli in conjunction with the genes necessary to produce zeaxanthin.  ZCD was successfully cloned into E. coli with the aid of a fusion protein to minimize the presence of inclusion bodies.  This result was confirmed by SDS-PAGE followed by trypsin digestion and LC-MS/MS. With this groundwork laid, future work can produce a biosynthetic alternative to saffron.",St. Louis,US,,False,igem_WashU_2012
7,Cyanobacterial Metabolic Engineering,project,2013,The Effects of Increased Pyruvate Kinase Expression on the Production of Alkanes in Cyanobacteria,"Humans rely on carbon resources for nutrition and energy.  Through industrialization we have become dependent on non-renewable fossil fuels to the detriment of the environment.  Recent research into renewable biofuels has included work on the production of corn-based ethanol and the microbial degradation of cellulose from terrestrial plants.  Biofuels derived from these sources are not fully sustainable.  Third generation biofuels include those derived from microalgae.  Cyanbacteria are microalgae known to fix carbon dioxide into alkanes through the collective processes of photosynthesis, glycolysis, and fatty acid biosynthesis.  The CAPS iGEM Team 2013 begins metabolic engineering of these pathways by expressing a rabbit muscle derived pyruvate kinase, known to be a key regulator of glycolysis, within the cyanobacteria Synechocystis PCC 6803 in an effort to increase alkane production.  Pathways will be modeled using TinkerCell and assays for the production of pyruvate, fatty acids, and alkanes will be used to characterize our system.",Kansas,US,,True,igem_BV_CAPS_Kansas_2013
7,Cyanobacterial Metabolic Engineering,project,2014,NitroGENIUS: Engineering <i>E. coli</i> to Fix Nitrogen and Regulating Transcription with Light,"We have a nitrogen problem. The atmosphere has a bunch; our crops need it to grow, but they rely on nitrogen fixing bacteria in the soil to utilize it. To keep up with our population growth, farmers are more dependent on inorganic fertilizers (which can be expensive, inaccessible, and harmful) to enrich the soil and increase yield. If only we could engineer crops to fix nitrogen! Endosymbiotic theory states that chloroplasts in plants originally came from a symbiotic relationship between prokaryotes. A certain cyanobacterium, <i>Cyanothece </i> sp. 51142, can photosynthesize and fix nitrogen within the same cell. Another photosynthetic cyanobacterium, <i>Synechocystis </i> sp. 6803, has light activated proteins. Our project is to study the systems in a simpler environment by expressing nitrogen-fixing genes in <i> E. coli,</i> and to work on a light repressed system for gene expression, because the nitrogenase enzyme is poisoned by oxygen, a product of photosynthesis.",St Louis,US,,False,igem_WashU_StLouis_2014
7,Cyanobacterial Metabolic Engineering,project,2014,SynECO2 - Light driven carbon capture,"The changes observed in the global climate within the last hundred years have been attributed to rising atmospheric levels of carbon dioxide (CO2). This heavy increase in atmospheric CO2 is thought to be caused by the heavy industrialisation of our civilisation with the use of fossil fuels. With the potential impact climate change could have for many ecosystems globally, it becomes apparent we need to slow-down, if not prevent these changes in order to preserve our current habitat. One strategy for reducing the CO2 concentrations in the atmosphere is biological carbon fixation. The project undertaken will look at establishing the lactate inducible expression system into Synechocystis sp. PCC 6803. Once established, glucose oxidase (GOx) will be incorporated into this expression system. It is proposed that Glucose oxidase will prevent respiration of the organism, thereby increasing its carbon fixation capacity.",Trondheim,NO,,True,igem_NTNU_Trondheim_2014
7,Cyanobacterial Metabolic Engineering,project,2014,Cyanobacterial photovoltaic cell: electrons from unexpected places,"Photovoltaics are one of the main sources of renewable energy and are likely to become more widely used in the future, but their production is expensive and involves toxic materials. Biological photovoltaics (BPVs) have the potential to provide a cheaper and more sustainable alternative, especially where energy demand is lower. They could power the social, welfare and economic growth for the 1.2 billion people without access to electricity. BPVs take advantage of photosynthetic organisms by harnessing the electrons they produce from water and sunlight. We aim to increase their output by redirecting electron flow in the cyanobacteria Synechocystis sp. PCC 6803. To achieve this we have targeted areas in the photosynthetic electron transport chain to increase electrons, and pilus production to improve transfer to the anode.",Reading,GB,,False,igem_Reading_2014
7,Cyanobacterial Metabolic Engineering,project,2014,Engineering A Halophillic Archaeon For Butanol Production,"Today our energy needs are met by burning ancient fuels, accumulated from historic, decayed organic carbon, and stored deep in the earth. Every atom of this ancient carbon was once present as a simpler molecule, synthesized to more complex carbon molecules by plants using solar power and through our burning, returned to the atmosphere in a multi-thousand year cycle. Today, we are burning more of this slow-solar petroleum than is being made and we accumulate CO2 as a greenhouse gas. We intend to directly address global CO2 accumulation through a fast-solar strategy that relies on rapid conversion of cellulose from plants to an energy-rich liquid fuel. For 2014, Team UCSC will focus on production of butanol fermented by a salt-loving microbe.",Santa Cruz,US,,False,igem_UCSC_2014
7,Cyanobacterial Metabolic Engineering,project,2015,Cyano Pac-man,"This year, we will engineer a recombinant cyanobacteria to achieve biodesalination, which means to extract sodium chloride from seawater through biological membranes. There are already some methods to convert saltwater into freshwater, such as distillation and reverse osmosis. However, the high energy consumption of these technologies has limited their application. Therefore the development of an innovative, low-energy biological desalination process, by biological membranes of cyanobacteria, would be very attractive. Many cyanobacteria possess salt-tolerance mechanisms, among which sodium export is the most important one. Halorhodopsin is a light-driven inward-directed chloride pump from halobacteria. We will functionally express it in cyanobacteria to drive influx of chloride together with sodium, thus conferring cyanobacteria the ability to absorb salts to a significant degree.",Shanghai,CN,,False,igem_SJTU-BioX-Shanghai_2015
7,Cyanobacterial Metabolic Engineering,project,2015,Innovating living photovoltaics: Renewable energy from Cyanobacteria,"Conventional photovoltaics provide a clean source of renewable energy but have the disadvantages of being expensive and containing toxic materials. This years iGEM project was to develop a cheaper, non-toxic, alternative to conventional fuel cells; using synthetic biology. Biological photovoltaics (BPV) are a promising candidate to provide an alternative. Our BPV uses the Cyanobacterium Synechocystis sp. PCC 6803 as the electron source. Using a purpose built fuel cell and Synechocystis, which has been genetically modified to improve interactions between the bacterium and the anode surface, enables the BPV to generate a greater voltage. This BPV will be considered for large scale usage in homes and communities worldwide as a cheap, simple and clean alternative to conventional energy sources.",Reading,GB,,False,igem_Reading_2015
7,Cyanobacterial Metabolic Engineering,project,2015,Synthetic Romance - Harnessing the power of Cyanobacteria to construct a sustainable consortia,"Researchers are starting to recognize that synthetic ecosystems, consortia of multiple bacterial species, can be used for higher yields, robustness and more diverse purposes. Our goal is to tap into this potential by creating a self-sustaining bio-factory of cyanobacteria - little fellows that need only CO2 and light - and product-producing E. coli, the general workhorse of the synthetic biology world. The cyanobacteria will create sugars from CO2 and sunlight, which it will release and feed to E. coli as a result of our applied synthetic genetic circuits. E. coli will then be engineered to use these sugars to create a product. In our proof-of-concept bio-factory, this product will be fuel. This platform, however, can be expanded to produce any product E. coli can make - medicine, plastics, commodity chemicals - as long as it is fueled by the cyanobacteria that only needs light and CO2.",Amsterdam,NL,,False,igem_Amsterdam_2015
7,Cyanobacterial Metabolic Engineering,project,2016,"CyanoLogic: A novel, modular production system in Synechocystis 6803","Lights, Quorum, Action! Boolean logic is used in computer processes by stipulating necessary inputs to produce a desired outcome. We designed a logic gate in Synechocystis sp. PCC 6803 to optimize product production. Utilizing the Boolean operator AND, gene expression accommodates the organism’s natural metabolic regulation combined with the quorum sensing mechanism from Vibrio fischeri to create an autoinduction system. With the cost of large scale production in mind, our system eliminates the need for expensive induction molecules, such as IPTG. Under the control of light and a quorum of cells, the T7 promoter, from T7 bacteriophage, drives production of a wide range of products from biofuels to pharmaceuticals. CyanoLogic, coming soon to a lab near you!",Fort Collins,US,,True,igem_CSU_Fort_Collins_2016
7,Cyanobacterial Metabolic Engineering,project,2016,SYNDUSTRY - fuse. produce. use.,"Globalization radically changed the world we live in; the way we communicate and travel has become much easier. On the downside, our need for resources has dramatically increased causing ecological and social problems like land-grabbing and fracking. The emergence of Synthetic Biology is initiating another bio-based industrial revolution. It is time to take the next step towards a sustainable bio-industry. In 'Syndustry', we follow nature’s own design principles by combining the strengths of individual microorganisms for the production of valuable biochemicals. We introduce a novel ‘plug-and-play’ production platform based on artificial endosymbiosis. This system goes beyond co-culturing microbes and overcomes current production limitations in fermentation. By employing cyanobacteria, capable of photosynthetic growth, we achieve a self-sustainable and versatile production platform for biochemicals from carbon dioxide. 'Syndustry – fuse. produce. use.' is the next industrial revolution and will change the face of the world as we know it today!",Marburg,DE,,False,igem_Marburg_2016
7,Cyanobacterial Metabolic Engineering,project,2016,CosmoCrops: A modular platform for sustainable bioproduction in space,"Space missions face the problems that transporting mass is expensive and the needs of long expeditions are unknown in advance.  It would be revolutionary to have the capacity to manufacture various resources needed without prior knowledge of exact mission requirements.  We have designed a modular co-culture system to accomplish this: containing the cyanobacterium Synechococcus elongatus to use CO2 and light, which are plentiful on Mars, to produce sucrose.  This is used as a common feedstock by Bacillus subtilis to generate essential end-products.  We used polylactic acid as a proof-of-concept, since 3D printers can use it for tools and machine parts.  To examine the co-culture’s practicality in extraterrestrial environments, the cutting-edge Jens Martin Mars Chamber was used to test stresses including UV exposure and pressure extremes. We propose that Bacillus’s sporulation ability will enable missions to maintain libraries of strains for constructing a versatile array of materials for future space exploration.",Copenhagen,DK,,False,igem_UNIK_Copenhagen_2016
7,Cyanobacterial Metabolic Engineering,project,2016,"In vivo production of fatty acid methyl esters in cyanobacteria utilizing the insect methyltransferase, DmJHAMT","Biodiesel is mainly composed of fatty acid methyl esters (FAMEs) and is a renewable energy source. Currently FAMEs are synthesized through transesterification of free fatty acids (FFAs) using a methyl donor, such as methanol, along with an alkaline catalyst to speed up the reaction. Both the extraction of FFAs and the chemicals used in this process are expensive. We intend to reduce the production cost of biodiesel by producing FAMEs in vivo using an insect methyltransferase called Drosophila melanogaster Juvenile hormone acid O-methyltransferase (DmJHAMT) within Synechococcus elongatus PCC 7942. DmJHAMT transfers the methyl groups from endogenous S-adenosyl-L-methionine (SAM) to FFAs therefore synthesizing FAMEs.  To minimize extraction costs, we aim to induce self-lysis in Synechococcus at maximum optical densities using quorum sensing.  By regulating the production of autoinducers with promoters of various strengths, we plan to tune the optical density at which gene expression is activated.",La Verne,US,,False,igem_ULV-LC-CV_2016
7,Cyanobacterial Metabolic Engineering,project,2016,Turning pollution into a solution,"Current methods of chemical synthesis from petroleum have led to great environmental disruption and continue to be a strong contributor to the emission of carbon dioxide. To overcome this problem, biosynthesis is the most viable alternative. The main drawback of biosynthesis is the high price of raw material, comprising over 60% of the production cost. Our solution for this complex problem is to create a self-sustaining co-culture of microorganisms that produces its own raw material, using light and carbon dioxide. Cyanobacteria provide the carbon source for the production organism, which in exchange produces an essential amino acid for the cyanobacteria while creating the desired product. By making several species compatible with this synthetic symbiosis, the platform will allow efficient conversion of atmospheric carbon dioxide into products in an environmentally friendly and sustainable way.",Gothenburg,SE,,False,igem_Chalmers_Gothenburg_2016
7,Cyanobacterial Metabolic Engineering,project,2016,Cyanobacteria as a Platform for Dye Production,"Cyanobacteria inhabit a range of environments and exhibit an array of biogeochemical specific processes as they capture light and concentrate CO2 into biomass. They can be installed in a variety of location and can actually thrive in wastewater and assist in bioremediation. Like many molecules explored in materials applications, dye-stuffs are challenging to synthesize because of low yields over several expensive synthetic steps. Interestingly, dye motifs are produced in cyanobacteria in the form of tetrapyrollic dyes motifs including; heme, chlorophyll and phycocyanobilin (PCB), where PCB proteins have also been utilized in immunoassay kits. In fact, the biosynthesis of PCB is an attractive pathway to manipulate owing to the potential to prepare a myriad of tetrapyrrollic derivatives. These derivatives, have been studied extensively for light-based applications and the ability to genetically direct the bacterial synthetic machinery would be significantly beneficial towards CO2 sequestration, and the production of low-cost dyes.",Toronto,CA,,False,igem_Ryerson_Toronto_2016
7,Cyanobacterial Metabolic Engineering,project,2016,Engineering Cyanobacteria for Improved Tolerance to a Freeze/Thaw Cycle,"Currently, the biotechnologically relevant model strain of cyanobacteria, Synechococcus elongatus PCC 7942, lacks resilience to cold temperature perturbations. If large-scale operations for photosynthetic production of industrial compounds are to be realized, robustness to unpredictable weather conditions must be considered. Two complementary approaches are being proposed to increase cold adaptation and resistance to freezing in S. elongatus. Previously, it was shown the expression of lipid desaturase desA increases the cold-growth tolerance of S. elongatus. We now aim to improve this range by fine-tuning the expression of a riboswitch-controlled desA. We also hypothesize that introduction of SFR2 from Arabidopsis thaliana—responsible for remodeling the outer chloroplast membrane for increased freezing tolerance—will increase cellular viability to freezing events. Through this two-pronged approach, we aspire to engineer a cyanobacterial strain that ultimately could be used for the production of industrially-relevant products in unreliable environment conditions.",East Lansing,US,,False,igem_MSU-Michigan_2016
7,Cyanobacterial Metabolic Engineering,project,2017,SynEco: A Xenobiotics-derived Co-culture System of S. elongatus and E. coli for Applications in Bioproduction,"Currently, the biofuel industry uses glucose as feedstock for E. coli. Methods to prevent contamination require expensive process sterilization or excess antibiotics dosage which become ineffective over time by promoting antibiotic resistance. In our project, we use a xenobiotic approach to engineer autotrophic cyanobacteria, Synechococcus elongatus PCC 7942, to produce the rare sugar D-tagatose in a five-step enzymatic pathway. After detecting tagatose via HPLC, we will seek to engineer a transporter for tagatose secretion, a mechanism that is currently not known. The cyanobacteria will be harnessed in conjunction with genetically engineered E. coli that can metabolize tagatose; by using a multifaceted approach, we could leverage xenobiotic technology in a unique way to create a novel production platform that uses tagatose as a nutrient source and an anti-contamination agent. Because our system utilizes photosynthetic cyanobacteria to cheaply produce the rare sugar carbon source, our co-culture system is both self-sustainable and cost-effective.",San Diego,US,,True,igem_UC_San_Diego_2017
7,Cyanobacterial Metabolic Engineering,project,2017,Bugs Without Borders,"Much of the world struggles with inadequate access to essential medicines and nutrition due to high pharmaceutical prices and unreliable distribution. Our solution is to decentralize production of these resources by engineering the robust cyanobacterium, Arthrospira platensis, to produce essential medicines and supplements self-sustainably, photosynthetically, and on-site at healthcare facilities. However, due to insufficient research into the genetics of A. platensis, we have undertaken two separate engineering endeavors in the metabolically similar Synechococcus elongatus PCC 7942 to produce acetaminophen and human-usable vitamin B12. The genes for acetaminophen production, 4ABH and nhoA, and those for B12 production, ssuE and bluB, have been transformed into PCC 7942 with the aim of method validation and subsequent migration to A. platensis, once a genetic system has been established.  In addition, we are performing a whole genome sequencing of A. platensis UTEX 2340 to further this research and its potential medical applications.",Santa Cruz,US,,False,igem_UCSC_2017
7,Cyanobacterial Metabolic Engineering,project,2017,Photosynthetic magic: Producing fumarate out of thin air using cyanobacterial cell factories,"Irrespective of where you come from, we all share the global responsibility of ensuring that our societies are sustainable. We have been depleting the worlds resources and filling the atmosphere with abnormal levels of CO2 for too long. Our team has decided to take on this challenge by creating photosynthetic cell factories, to directly use the pollutant CO2 as a resource for synthesizing fumarate - a versatile chemical traditionally manufactured from petroleum. We aim to stably produce, sense and export fumarate under conditions mimicking industrial settings. Stable production is achieved by activating and evolving different metabolic modules in response to natural day/night cycles. To detect fumarate, we developed a biosensor suitable for high-throughput screening. Finally, to allow optimal fumarate export, we investigate its transport mechanism. These efforts attracted attention from beyond academia, as our cell factories may help in taking CO2 out of thin air and into a bio-based economy.",Amsterdam,NL,,False,igem_Amsterdam_2017
7,Cyanobacterial Metabolic Engineering,project,2018,The Sucrose Factory,"In 2017, humans released ~32.5 gigatons of CO2 into the atmosphere. Even if anthropogenic carbon emissions ended today, the CO2 in our atmosphere would persist for thousands of years, causing ocean acidification and global warming. Current carbon sink technology is not economically feasible and would cost trillions of dollars at modest estimates. We believe the solution lies in cyanobacteria - photosynthetic prokaryotes - as they were the first organisms to sink carbon dioxide billions of years ago and are some of the most efficient autotrophs. Our approach is to induce sucrose secretion for the industrial production of biofuels and bioplastics, while simultaneously sinking CO2. Additionally, to address the lack of promoters available for cyanobacteria synthetic biology research, our team developed a variety of constitutive, light-inducible, and nutrient-repressible promoter BioBricks for our strain of Synechococcus elongatus. We hope these promoters will be used to produce other high value carbon sinking products.",Stony Brook,US,,True,igem_Stony_Brook_2018
7,Cyanobacterial Metabolic Engineering,project,2019,SynMylk - an eco-friendly synthetic cows milk to save the environment,"Our project is the production of the natural components of cows milk using methods from synthetic biology to modify microorganisms. This solution can provide the world with milk without risking the environmental damage caused by massive animal farms, while providing an authentic alternative. This lactose-free milk will be available to a larger number of people around the world. The first step to creating our SynMylk is the production of the components of cows milk that the chemical industry cannot provide without using animal products. These components are the milks proteins and lipids.  We modified Bacillus subtilis, Pichia pastoris and the photosynthetic cyanobacterium Synechocystis sp. PCC 6803 to produce the milk proteins heterologously.  The synthesis of lipids is enhanced by overexpressing enzymes that are bottlenecks in Synechocystis natural fatty acid production. Heterologous enzymes are also expressed to specifically obtain certain lengths of lipids, which are not naturally produced.",Dusseldorf,DE,,False,igem_Duesseldorf_2019
7,Cyanobacterial Metabolic Engineering,project,2019,OCYANO - The development of two low-input photosynthetic systems for sustainable protein production,"Traditional biosynthesis platforms such as E. coli and yeast require external energy supplies, commonly in the form of sugars or starch. Besides the economic cost associated with these energy sources, such systems are often not considered durable. Indeed, the production processes of sugars and starch are energy inefficient and farmland intensive. To circumvent these issues, photosynthetic systems like cyanobacteria and algae have been gaining increasing interest for biosynthetic purposes as they require only light and CO2. With our project, OCYANO, we present two new cyanobacterial technologies for protein production. The first design comprises the production and secretion of proteins in an ultra-fast growing cyanobacterium. The second system relies on a cyanophage for the conversion of its hosts biomass to the protein of interest. Along with wet-lab exploration of these platforms, the economic and ecological relevances of both systems were investigated and compared to state of the art biosynthesis platforms.",Leuven,BE,,False,igem_KU_LEUVEN_2019
7,Cyanobacterial Metabolic Engineering,project,2019,RubisCO,"In RubisCO, we are thinking of new ways in which we can manage the waste we put in the environment through the gas and wastewater streams that come from the city and the industry, by harnessing the capability of cyanobacteria to grow in brackish water and to fix carbon dioxide through its metabolism. But this process has become slow and prone to errors, losing part of its output through photorespiration. From this understanding, we are focusing on enhancing the carbon fixing mechanisms of Synechococcus sp. and conducting the surplus of carbon flow to the synthesis of high added-value chemical intermediates, such as free fatty acids, to increase the economic feasibility of the implementation of  Carbon Capture and Utilization technologies, which are urgently needed to fight back Climate Change. Systems Biology, Bioprocess Simulation, and integral stakeholder management have been performed to assess the feasibility and impact of the proposal here presented.",Guadalajara,MX,,True,igem_ITESO_Guadalajara_2019
7,Cyanobacterial Metabolic Engineering,project,2020,Improving Iron Uptake and Processing in Synechococcus CB0101 to Bolster Marine Ecosystems,"In 1/3 of the worlds oceans, the iron concentration limits phytoplankton growth. Iron is required for photosynthesis and is critical for the base of the marine food web. A better ability to capture iron could increase phytoplankton populations which would have benefits such as reducing atmospheric carbon dioxide by acting as a carbon sink. We decided to engineer Synechococcus (cyanobacteria) because it consumes high levels of CO2, has a high replication rate, and has been used by many previous iGEM teams. Our project will engineer cyanobacteria to transport iron into cells and reduce it to the bioavailable Fe(II) form.  The increased iron utilization  will increase photosynthesis and growth of phytoplankton. To prevent harmful phytoplankton blooms, a kill switch will also be added to the cells to prevent overgrowth of cells if iron concentration increased significantly. These modifications will stabilize the marine food chain and absorb CO2 from the atmosphere.",Baltimore,US,,False,igem_Baltimore_BioCrew_2020
7,Cyanobacterial Metabolic Engineering,project,2021,4C_Fuels: Cyanobacterial Cyclic Carbon Capture (for sustainable bioFuel production),"We will use cyanobacteria as living catalysts for light-driven direct carbon dioxide conversion to valuable products, upgrading the conventional biomass-based biorefineries. To do so, we will engineer the newly discovered Synechococcus PCC11801. A robust fast-growing cyanobacteria for direct sun to chemicals production. Our goal is to test the potential of photosynthetical chemical manufacturing producing n-butanol; an ideal biofuel and comodity chemical. We are implementing an artificial n-butanol biosynthetic pathway, an synthetic pathway for enhanced carbon fixation towards acetyl-CoA as central metabollite and genetic modifications for enhanced solvent tolerance. In addition we will explore cyanobacterial encapsulation in nano-structured biohybrid materials, while performing an insight into the requirements for the industrial scale-up of photobiocatalytic technology. Likewise, we will develop tools for easing cyanobacteria genetic engineering. We will develop a software for neutral integration sites identification. Also a recombination-based system for the easy generation of unmarked mutants will be developed.",Madrid,ES,,True,igem_MADRID_UCM_2021
7,Cyanobacterial Metabolic Engineering,project,2021,SynBactory - Recycling carbon dioxide for biomanufacturing using a co-culture of cyanobacteria and E. coli,"Fossil fuels are the primary contributors to greenhouse gas emissions, making chemical synthesis based on petrochemical feedstocks unsustainable. Photoautotrophic microbial biomass is a promising alternative to produce renewable carbon feedstocks for chemical synthesis. We have cultured previously engineered cyanobacteria, S. elongatus UTEX 2973, which can recycle carbon dioxide as secreted sucrose. Parallelly, we have engineered butanol-producing E. coli KJK01 to consume sucrose as a carbon source. Growing the two organisms together in a co-culture would allow for a sustainable, single-step, single-pot conversion of carbon dioxide into biobutanol. Our in silico models probed the stability and dynamics of the co-culture system to identify optimal conditions for the production of butanol. We used genome-scale metabolic models to identify key gene deletion and overexpression targets to improve butanol and sucrose yields. Furthermore, we designed constructs to characterise the strengths of native promoters to boost sucrose secretion in cyanobacteria.",Pune,IN,,True,igem_IISER-Pune-India_2021
7,Cyanobacterial Metabolic Engineering,project,2021,Tropane alkaloid biosynthesis in prokaryotes,"Tropane alkaloids are plant secondary metabolites and include important medicinal compounds. Most applications are related to neurochemistry and range from the treatment of neuromuscular disorders, including Parkinsons disease, to the use as stimulants. There is increasing need for large-scale, climate-independent, and local production of tropane alkaloids as precursors for medicinal drugs. Our goal is to remedy the impact of world crises on the cultivation and exportation of these drugs. To this avail, we aim to develop a biosynthetic route for a tropane alkaloid intermediate, tropine, in Escherichia coli and the cyanobacterium Synechococcus elongatus. To the best of our knowledge this would be the first production of tropine in a prokaryotic organism and could provide an effective and cheap alternative to current tropine production methods.",Wellington,NZ,,False,igem_Victoria_Wellington_2021
7,Cyanobacterial Metabolic Engineering,project,2022,The genetic engineering of cyanobacteria for the degradation of organophosphate pesticides in wastewater,"With uses ranging from agricultural to industrial, organophosphates are some of the most commonly-used pesticides in the world. However, when these pesticides are improperly managed, they accumulate in wastewater, which may cause harm to human health, wildlife, and the surrounding environment. Moreover, current pesticide degradation methodsFenton and Photo-Fenton treatmentsare costly and unsustainable. Our bioremediation project seeks to use biological processes as an efficient and economic solution for the degradation of organophosphates. Using organophosphate hydrolases (opH and opdB), we aim to genetically engineer two strains of cyanobacteria (PCC 6803 and PCC 7942) to degrade Fenitrothion and Malathion. In order to prevent biocontainment breaches, a controlled cell death system was incorporated into our project. The kill switch is activated in the presence of residual pesticides and their by-products, ensuring that the GMO remains confined to a controlled environment.",Montreal,CA,,False,igem_Concordia-Montreal_2022
7,Cyanobacterial Metabolic Engineering,project,2022,Aestuarium -  A Strategy for the Use of Photosynthetic Bacteria in Water Treatment,"Droughts and water shortages are becoming more frequent due to climate change. Accordingly, our team had to design a novel method of water desalination to solve the ongoing challenge of water scarcity, building on earlier efforts. Current desalination systems use fossil fuels, an expensive process that emits greenhouse gases. Our strategy is to create an energy-efficient solution. We accomplish this by genetically altering marine cyanobacteria to take up more salt. The NpHR pump is responsible for Cl- removal, and we went one step further by adding a pH-dependent antiporter in charge of Na+ absorption. The pump's activity is controlled by green light, and our strains are enclosed in beads to offer a biocontainment system. Relying on our models, we demonstrate that our modified cyanobacteria can desalinate with minimal energy use. Hence, industries and water management firms have shown great interest in the project, generating new prospects for water security.",Maastricht,NL,,False,igem_MSP-Maastricht_2022
7,Cyanobacterial Metabolic Engineering,project,2022,CyanoSpectre,"Cyanobacteria are fast-emerging as effective chassis for the sustainable synthesis of organic compounds. They are currently being used to produce plastics, proteins, biofuels, and more. Cyanophages are cyanobacteria-infecting viruses that regulate cyanobacterial populations in nature. This makes them a promising vehicle for cyanobacterial engineering. To aid scientists and iGEM teams who work with cyanobacteria, this project aims to create a cyanophage toolkit for their use. Our project will create a ghost phage that can recognize and bind marine cyanobacteria. A minimal set of cyanophage genes will be assembled into a phagemid vector that can replicate in E. coli and produce the structural proteins of the phage. To allow our phage to be utilized to immobilize modified cyanobacteria, a biotin-tagged variant of the capsid will be created. Further development of the phage toolkit will enable it to be used as a DNA delivery vehicle in cyanobacterial engineering.",Oneonta,US,,True,igem_SUNY_Oneonta_2022
7,Cyanobacterial Metabolic Engineering,project,2022,Life Bulb: An Autobioluminescent Lighting System in Cyanobacteria using Fungal Genes,"Autobioluminescent organisms are the future of lighting. Electrical light contributes to 20% of energy consumption and 6% of global CO2 emissions, which are projected to increase 60% by 2030. Thus, we propose an autobioluminescent lighting system to tackle the climate crisis by reducing energy consumption and greenhouse gas emissions. We will engineer the cyanobacteria Synechocystis sp. PCC 6803 with a cyclical bioluminescent pathway elucidated from fungi, which has previously only been expressed in eukaryotes. Our genetic circuit was designed based on the analysis of genomic differences and field observations of different species of luminous fungi. With these fungal genes we will create a scalable, versatile, and carbon-negative lighting source.   We engineered E. Coli with a codon optimized version of this pathway as a stepping-stone for expression and characterization of the system in Synechocystis. This proof-of-concept study will open the doors for an adaptable and efficient way of growing light.",Kelowna,CA,,False,igem_UBC-Okanagan_2022
7,Cyanobacterial Metabolic Engineering,project,2023,Air BioClean System,"Indoor air pollution is a significant global health concern. To tackle this issue, our team utilized a microbial co-culture system and gene editing techniques to modify Escherichia coli strains. These modified E.coli strains can absorb and eliminate common indoor pollutants, such as formaldehyde, and also hydrogen sulfide. Moreover, they can produce distinct fluorescent signals to indicate the presence of pollutant concentrations that surpass safety standards. The co-culture system also incorporates cyanobacteria, which perform photosynthesis to absorb carbon dioxide and release oxygen, thus regulating indoor carbon dioxide levels. The energy and carbon sources provided by the cyanobacteria sustain the growth and function of the E. coli strains. Our project aims to offer an environmentally friendly and sustainable approach to controlling indoor air pollution.",Shenzhen,CN,,False,igem_SUSTech-OCE_2023
7,Cyanobacterial Metabolic Engineering,project,2023,Pollinator-friendly Biophotovoltaic Solar Panel,"Our interdisciplinary project tackles climate change and rising energy demands, revolutionizing renewable energy with biophotovoltaics (BPVs). Facing a 32% surge in energy demand by 2040, a shift to sustainable technologies is imperative. Solar energy, though promising, grapples with challenges in silicon-based panel manufacturing. BPVs, while promising, suffer from low conversion efficiencies. Focused on Synechocystis sp. PCC 6803, we enhance photosynthetic output with the MTR complex, and salt tolerance. Beyond energy, we repurpose BPV waste into artificial pollen for pollinator-friendly panels, aligning with circular economy principles by enriching essential amino acids, histidine, and lysine in our cyanobacteria waste. Biosafety is paramount, ensured by a zinc-inducible kill switch. Our project strides towards a sustainable energy future, marrying efficient BPVs, circular economy principles, and responsible deployment, addressing climate challenges within a concise framework.",City of Edinburgh,GB,,False,igem_Edinburgh_2023
7,Cyanobacterial Metabolic Engineering,project,2023,CyanoScent,"Aromatherapy can serve as a complementary therapy to alleviate stress. However, traditional methods of producing aromatic substances, such as terpenes, are often both complex and environmentally damaging. Therefore, we endeavored to discover a synthetic approach to produce these aroma substances, replacing traditional processes and making them directly usable in daily life. We finally decided to use cyanobacteria as a chassis. Through photosynthesis, our engineering cyanobacteria can utilize carbon dioxide and sunlight to produce these terpenes.  Following we are committed to developing our scent-producing cyanobacteria into bioreactors that can meet people's daily needs. We have designed several bioreactors to support the growth and scent production of cyanobacteria. Additionally, we have incorporated suicide switches within the cyanobacteria to prevent biohazards associated with the engineered organisms.",Beijing,CN,,False,igem_BASIS-China_2023
7,Cyanobacterial Metabolic Engineering,project,2024,CyanoVolt: Creating Carbon-Negative Energy Through Cyanobacteria Based Biophotovoltaics,"Due to the photosynthetic capability of cyanobacteria, they are an attractive model for synthesizing new biocompounds and have gained interest in producing bioenergy. Therefore, the development of genetically engineered cyanobacteria has increased in relevance over the last two decades. Our project aims to use genetically engineered cyanobacteria to create a biophotovoltaic fuel cell that can sequester CO2 from the environment and create a source of carbon-negative electricity, all while also producing a valuable byproduct, ethanol. Our biophotovoltaic fuel cell consists of two electrodes screen printed on paper substrate, with a layer of printed cyanobacteria on the anode. This “cell” is then covered by a hydrogel to act as a proton exchange membrane and collect ethanol. In order to efficiently assemble our biophotovoltaic fuel cells, we designed an automated screen printer to mass produce our cells.",Rochester,US,,False,igem_Rochester_2024
7,Cyanobacterial Metabolic Engineering,project,2024,E2 SAFE：A temperature-sensing biocontainment system for mobility and growth arresting for engineered photosynthetic Cyanobacteria.,"Our project developed a biocontainment system integrating a temperature-based mobility arresting and logic gate-based killing “double-safe” system, eventually achieving goal of minimizing environmental risks due to the unintentional leakage and consequences of engineered chassis organisms from the lab. The logic gate based killing system coupled the temperature-sensitive regulatory system PR-cI857 regulatory system with a genetic circuit employing toxin-antitoxin systems, to ensure that the engineered cyanobacteria are not able to survive in non-permissive conditions, such as natural environments with night temperature typically below 30°C, but grow normally under laboratory conditions (37°C). The mobility arresting system is constructed based on the crRNA (CRISPR-dCas12a) targeting cell pili.  Our temperature sensing system avoids the addition of any exogenous chemical inducer, not only cutting down the cost but also decease any secondary chemical contamination. Our system could also be implemented in many other bacterial chasses readily with minor modification.",Beijing,CN,,False,igem_THISDL-United_2024
7,Cyanobacterial Metabolic Engineering,project,2024,Innovative CO2 Reduction and Sustainable PHB Bioplastic Reduction Using Synechocystis Sp.,"Each year, over 350 million metric tons of plastic waste pollute our planet. To address this, Korea-HS focuses on utilizing the cyanobacterium Synechocystis sp. PCC 6803 to produce polyhydroxybutyrate (PHB), a biodegradable plastic. Synechocystis naturally absorbs atmospheric CO₂, providing both a sustainable plastic alternative and contributing to climate change mitigation. We optimized PHB production through Adaptive Laboratory Evolution (ALE), selecting strains that thrive in high-pH environments, enhancing both carbon fixation and PHB synthesis. Our results show a peak PHB content of 31.3 wt% at pH 11.0, compared to 20.0 wt% at neutral pH, supported by RNA sequencing data revealing that fructose and mannose metabolism-associated genes were upregulated. Beyond the lab, Korea-HS promotes public awareness through social media, online conferences, and an Awareness Policy Framework, aiming to educate and encourage the adoption of sustainable alternatives like PHB in the fight against plastic pollution.",Seoul,KR,,False,igem_Korea-HS_2024
7,Cyanobacterial Metabolic Engineering,project,2025,SOLARIS,"Billions of years ago, cyanobacteria transformed Earth’s atmosphere through carbon fixation, enabling the metabolic foundation of modern ecosystems. Yet, despite its central role, photosynthetic carbon fixation has not changed much since its origin. With SOLARIS, we reexamine this long-standing process from the perspective of synthetic biology, foundationally changing and advancing CO₂ fixation in cyanobacteria. Our solution lays the groundwork for photosynthesis 2.0 to overcome the kinetic and oxygen-sensitivity limitations of RuBisCO by introducing a distinct carbon fixation cycle supported by a carbonic anhydrase system we newly identified and confirmed for activity. This has the potential to make cyanobacteria far better at fixing CO₂ from the atmosphere and turning it into biomass. SOLARIS offers the tools and methodologies for rewriting core metabolic pathways with synthetic biology for optimizing synthetic carbon fixation cycles in vivo and in vitro, a foundational step toward programmable photosynthesis and a new generation of engineered phototrophs.",Evry-Courcouronnes,FR,,True,igem_Evry-Paris-Saclay_2025
7,Cyanobacterial Metabolic Engineering,project,2025,CO2llectors—Overexpressing cmpABCD Fusion Bicarbonate Transporters Improves the Carbon Concentrating Mechanism in Cyanobacteria,"Greenhouse gas emission is a major factor driving climate change. Considering the limitations of conventional mitigation approaches, our team proposed a synthetic biology approach by genetically modifying cyanobacteria Synechococcus elongatus PCC 7942 to enhance CO2 fixation efficiency. Our strategy involves overexpressing the cmpAB and CD fusion genes containing a light-sensitive promoter to increase the amount of bicarbonate transporter 1 (BCT1) within the cyanobacterial carbon concentrating mechanism (CCM). Ultimately, we aim to increase inorganic carbon uptake and saturate RuBisCO’s CO2 binding sites, facilitating photosynthetic CO2 sequestration. Coupling protein modeling and functional assays performed on wild-type cyanobacteria to obtain a dry lab model quantifying the cyanobacterial carbon intake, we envision integrating the engineered cyanobacteria into a carbon fixation photobioreactor. In addition, besides evaluating the scalability and sustainability of our hardware from a scientific and economic perspective, we also extended our outreach into the local and global community by educating about synthetic biology.",New Taipei,TW,,True,igem_KCIS-Xiugang-Taipei_2025
7,Cyanobacterial Metabolic Engineering,patent,2015,L-LACTATE PRODUCTION IN CYANOBACTERIA,"A process of producing L-lactate by feeding carbon dioxide to a culture of a cyanobacterial cell and subjecting this culture to light, wherein the cell is capable of expressing a nucleic acid molecule, which upon expression confers on the cell the ability to convert a glycolytic intermediate into L-lactate and wherein aforementioned nucleic acid molecule is under the control of a regulatory system which responds to light or to a change in the concentration of a nutrient in the culture.",Amsterdam,NL,,False,1m5f4906u1a705z5x58023v434i25y4w5f28
7,Cyanobacterial Metabolic Engineering,patent,2017,Transformed Synechococcus elongatus having capability of producing acetone from carbon dioxide,"Disclosed herein are a transformed Synechococcus elongatus strain having improved capability of producing acetone and a method for producing acetone and a method for removing carbon dioxide using the same. In an aspect, the transformed Synechococcus elongatus strain of the present disclosure can produce acetone with high selectivity using carbon dioxide as a carbon source. The present disclosure is economical because the Synechococcus elongatus strain can economically produce high value-added acetone using carbon dioxide existing in the atmosphere as a carbon source without requiring an additional catalytic reaction. Also, the present disclosure is environment-friendly because carbon dioxide in the atmosphere can be removed or reduced using the microorganism.",Seoul,KR,,False,yc4vw1a1m3u6oa6c3gl2k1y4g1q514q4v1d
8,Cyanobacterial Chassis Development,paper,2001,Measurement of the glycogen synthetic pathway in permeabilized cells of cyanobacteria,"A simple, rapid and reliable procedure for permeabilizing cyanobacterial cells and measuring the glycogen synthetic pathway in situ, is presented. Cells from Anabaena sp. strain PCC 7120 were permeabilized with a mixture of toluene:ethanol (1:4 v/v). Fluorescence microscopy of cells incubated with fluorescein diacetate showed Anabaena non-permeabilized cells as green fluorescents, whereas permeabilized (viable) cells exhibited the intrinsic red fluorescence. Labelled alpha-1,4-glucan was recovered when permeabilized cells were incubated with the substrates of ADP-glucose pyrophosphorylase or glycogen synthase. The kinetic and regulatory properties of both enzymes could be reproduced in situ. The simplicity of the procedure and the ability to measure in situ glucan fluxes show the methodology as useful for studying the intracellular regulation of storage polysaccharides in a photosynthetic prokaryote.",Buenos Aires,AR,,False,https://openalex.org/W2145492141
8,Cyanobacterial Chassis Development,paper,2001,Measurement of the glycogen synthetic pathway in permeabilized cells of cyanobacteria,"A simple, rapid and reliable procedure for permeabilizing cyanobacterial cells and measuring the glycogen synthetic pathway in situ, is presented.Cells from Anabaena sp.strain PCC 7120 were permeabilized with a mixture of toluene:ethanol (1:4 v/v).Fluorescence microscopy of cells incubated with fluorescein diacetate showed Anabaena non-permeabilized cells as green fluorescents, whereas permeabilized (viable) cells exhibited the intrinsic red fluorescence.Labelled K-1,4-glucan was recovered when permeabilized cells were incubated with the substrates of ADP-glucose pyrophosphorylase or glycogen synthase.The kinetic and regulatory properties of both enzymes could be reproduced in situ.The simplicity of the procedure and the ability to measure in situ glucan fluxes show the methodology as useful for studying the intracellular regulation of storage polysaccharides in a photosynthetic prokaryote.",Buenos Aires,AR,,False,https://openalex.org/W4244142433
8,Cyanobacterial Chassis Development,paper,2003,"Genome sequence of the cyanobacterium <i>Prochlorococcus marinus</i> SS120, a nearly minimal oxyphototrophic genome","Prochlorococcus marinus, the dominant photosynthetic organism in the ocean, is found in two main ecological forms: high-light-adapted genotypes in the upper part of the water column and low-light-adapted genotypes at the bottom of the illuminated layer. P. marinus SS120, the complete genome sequence reported here, is an extremely low-light-adapted form. The genome of P. marinus SS120 is composed of a single circular chromosome of 1,751,080 bp with an average G+C content of 36.4%. It contains 1,884 predicted protein-coding genes with an average size of 825 bp, a single rRNA operon, and 40 tRNA genes. Together with the 1.66-Mbp genome of P. marinus MED4, the genome of P. marinus SS120 is one of the two smallest genomes of a photosynthetic organism known to date. It lacks many genes that are involved in photosynthesis, DNA repair, solute uptake, intermediary metabolism, motility, phototaxis, and other functions that are conserved among other cyanobacteria. Systems of signal transduction and environmental stress response show a particularly drastic reduction in the number of components, even taking into account the small size of the SS120 genome. In contrast, housekeeping genes, which encode enzymes of amino acid, nucleotide, cofactor, and cell wall biosynthesis, are all present. Because of its remarkable compactness, the genome of P. marinus SS120 might approximate the minimal gene complement of a photosynthetic organism.",Paris,FR,,False,https://openalex.org/W2044151730
8,Cyanobacterial Chassis Development,paper,2006,The cyanobacterial genome core and the origin of photosynthesis,"Comparative analysis of 15 complete cyanobacterial genome sequences, including ""near minimal"" genomes of five strains of Prochlorococcus spp., revealed 1,054 protein families [core cyanobacterial clusters of orthologous groups of proteins (core CyOGs)] encoded in at least 14 of them. The majority of the core CyOGs are involved in central cellular functions that are shared with other bacteria; 50 core CyOGs are specific for cyanobacteria, whereas 84 are exclusively shared by cyanobacteria and plants and/or other plastid-carrying eukaryotes, such as diatoms or apicomplexans. The latter group includes 35 families of uncharacterized proteins, which could also be involved in photosynthesis. Only a few components of cyanobacterial photosynthetic machinery are represented in the genomes of the anoxygenic phototrophic bacteria Chlorobium tepidum, Rhodopseudomonas palustris, Chloroflexus aurantiacus, or Heliobacillus mobilis. These observations, coupled with recent geological data on the properties of the ancient phototrophs, suggest that photosynthesis originated in the cyanobacterial lineage under the selective pressures of UV light and depletion of electron donors. We propose that the first phototrophs were anaerobic ancestors of cyanobacteria (""procyanobacteria"") that conducted anoxygenic photosynthesis using a photosystem I-like reaction center, somewhat similar to the heterocysts of modern filamentous cyanobacteria. From procyanobacteria, photosynthesis spread to other phyla by way of lateral gene transfer.",Osnabrück,DE,,False,https://openalex.org/W2000024082
8,Cyanobacterial Chassis Development,paper,2009,"Choreography of the Transcriptome, Photophysiology, and Cell Cycle of a Minimal Photoautotroph, Prochlorococcus","The marine cyanobacterium Prochlorococcus MED4 has the smallest genome and cell size of all known photosynthetic organisms. Like all phototrophs at temperate latitudes, it experiences predictable daily variation in available light energy which leads to temporal regulation and partitioning of key cellular processes. To better understand the tempo and choreography of this minimal phototroph, we studied the entire transcriptome of the cell over a simulated daily light-dark cycle, and placed it in the context of diagnostic physiological and cell cycle parameters. All cells in the culture progressed through their cell cycles in synchrony, thus ensuring that our measurements reflected the behavior of individual cells. Ninety percent of the annotated genes were expressed, and 80% had cyclic expression over the diel cycle. For most genes, expression peaked near sunrise or sunset, although more subtle phasing of gene expression was also evident. Periodicities of the transcripts of genes involved in physiological processes such as in cell cycle progression, photosynthesis, and phosphorus metabolism tracked the timing of these activities relative to the light-dark cycle. Furthermore, the transitions between photosynthesis during the day and catabolic consumption of energy reserves at night- metabolic processes that share some of the same enzymes--appear to be tightly choreographed at the level of RNA expression. In-depth investigation of these patterns identified potential regulatory proteins involved in balancing these opposing pathways. Finally, while this analysis has not helped resolve how a cell with so little regulatory capacity, and a 'deficient' circadian mechanism, aligns its cell cycle and metabolism so tightly to a light-dark cycle, it does provide us with a valuable framework upon which to build when the Prochlorococcus proteome and metabolome become available.",Cambridge,US,,False,https://openalex.org/W2058617712
8,Cyanobacterial Chassis Development,paper,2010,Design and characterization of molecular tools for a Synthetic Biology approach towards developing cyanobacterial biotechnology,"Cyanobacteria are suitable for sustainable, solar-powered biotechnological applications. Synthetic biology connects biology with computational design and an engineering perspective, but requires efficient tools and information about the function of biological parts and systems. To enable the development of cyanobacterial Synthetic Biology, several molecular tools were developed and characterized: (i) a broad-host-range BioBrick shuttle vector, pPMQAK1, was constructed and confirmed to replicate in Escherichia coli and three different cyanobacterial strains. (ii) The fluorescent proteins Cerulean, GFPmut3B and EYFP have been demonstrated to work as reporter proteins in cyanobacteria, in spite of the strong background of photosynthetic pigments. (iii) Several promoters, like P(rnpB) and variants of P(rbcL), and a version of the promoter P(trc) with two operators for enhanced repression, were developed and characterized in Synechocystis sp. strain PCC6803. (iv) It was shown that a system for targeted protein degradation, which is needed to enable dynamic expression studies, is working in Synechocystis sp. strain PCC6803. The pPMQAK1 shuttle vector allows the use of the growing numbers of BioBrick parts in many prokaryotes, and the other tools herein implemented facilitate the development of new parts and systems in cyanobacteria.",Uppsala,SE,,False,https://openalex.org/W2068219766
8,Cyanobacterial Chassis Development,paper,2010,"The Smallest Known Genomes of Multicellular and Toxic Cyanobacteria: Comparison, Minimal Gene Sets for Linked Traits and the Evolutionary Implications","Cyanobacterial morphology is diverse, ranging from unicellular spheres or rods to multicellular structures such as colonies and filaments. Multicellular species represent an evolutionary strategy to differentiate and compartmentalize certain metabolic functions for reproduction and nitrogen (N(2)) fixation into specialized cell types (e.g. akinetes, heterocysts and diazocytes). Only a few filamentous, differentiated cyanobacterial species, with genome sizes over 5 Mb, have been sequenced. We sequenced the genomes of two strains of closely related filamentous cyanobacterial species to yield further insights into the molecular basis of the traits of N(2) fixation, filament formation and cell differentiation. Cylindrospermopsis raciborskii CS-505 is a cylindrospermopsin-producing strain from Australia, whereas Raphidiopsis brookii D9 from Brazil synthesizes neurotoxins associated with paralytic shellfish poisoning (PSP). Despite their different morphology, toxin composition and disjunct geographical distribution, these strains form a monophyletic group. With genome sizes of approximately 3.9 (CS-505) and 3.2 (D9) Mb, these are the smallest genomes described for free-living filamentous cyanobacteria. We observed remarkable gene order conservation (synteny) between these genomes despite the difference in repetitive element content, which accounts for most of the genome size difference between them. We show here that the strains share a specific set of 2539 genes with >90% average nucleotide identity. The fact that the CS-505 and D9 genomes are small and streamlined compared to those of other filamentous cyanobacterial species and the lack of the ability for heterocyst formation in strain D9 allowed us to define a core set of genes responsible for each trait in filamentous species. We presume that in strain D9 the ability to form proper heterocysts was secondarily lost together with N(2) fixation capacity. Further comparisons to all available cyanobacterial genomes covering almost the entire evolutionary branch revealed a common minimal gene set for each of these cyanobacterial traits.",Bremerhaven,DE,,False,https://openalex.org/W2051800611
8,Cyanobacterial Chassis Development,paper,2011,Variation in Tropical Reef Symbiont Metagenomes Defined by Secondary Metabolism,"The complex evolution of secondary metabolism is important in biology, drug development, and synthetic biology. To examine this problem at a fine scale, we compared the genomes and chemistry of 24 strains of uncultivated cyanobacteria, Prochloron didemni, that live symbiotically with tropical ascidians and that produce natural products isolated from the animals. Although several animal species were obtained along a >5500 km transect of the Pacific Ocean, P. didemni strains are >97% identical across much of their genomes, with only a few exceptions concentrated in secondary metabolism. Secondary metabolic gene clusters were sporadically present or absent in identical genomic locations with no consistent pattern of co-occurrence. Discrete mutations were observed, leading to new chemicals that we isolated from animals. Functional cassettes encoding diverse chemicals are exchanged among a single population of symbiotic P. didemni that spans the tropical Pacific, providing the host animals with a varying arsenal of secondary metabolites.",Salt Lake City,US,,False,https://openalex.org/W2032108400
8,Cyanobacterial Chassis Development,paper,2011,Natural product biosyntheses in cyanobacteria: A treasure trove of unique enzymes,"Cyanobacteria are prolific producers of natural products. Investigations into the biochemistry responsible for the formation of these compounds have revealed fascinating mechanisms that are not, or only rarely, found in other microorganisms. In this article, we survey the biosynthetic pathways of cyanobacteria isolated from freshwater, marine and terrestrial habitats. We especially emphasize modular nonribosomal peptide synthetase (NRPS) and polyketide synthase (PKS) pathways and highlight the unique enzyme mechanisms that were elucidated or can be anticipated for the individual products. We further include ribosomal natural products and UV-absorbing pigments from cyanobacteria. Mechanistic insights obtained from the biochemical studies of cyanobacterial pathways can inspire the development of concepts for the design of bioactive compounds by synthetic-biology approaches in the future.",Potsdam,DE,,False,https://openalex.org/W2166902916
8,Cyanobacterial Chassis Development,paper,2011,Blueprint for a minimal photoautotrophic cell: conserved and variable genes in Synechococcus elongatus PCC 7942,Our estimates of genomic islands in PCC 7942 are larger than those predicted by other published methods like SIGI-HMM. Our results set a guide to non-essential genes in S. elongatus PCC 7942 indicating a path towards the engineering of a model photoautotrophic bacterial cell.,Valencia,ES,,True,https://openalex.org/W1979471051
8,Cyanobacterial Chassis Development,paper,2012,Application of synthetic biology in cyanobacteria and algae,"Cyanobacteria and algae are becoming increasingly attractive cell factories for producing renewable biofuels and chemicals due to their ability to capture solar energy and CO(2) and their relatively simple genetic background for genetic manipulation. Increasing research efforts from the synthetic biology approach have been made in recent years to modify cyanobacteria and algae for various biotechnological applications. In this article, we critically review recent progresses in developing genetic tools for characterizing or manipulating cyanobacteria and algae, the applications of genetically modified strains for synthesizing renewable products such as biofuels and chemicals. In addition, the emergent challenges in the development and application of synthetic biology for cyanobacteria and algae are also discussed.",Tempe,US,,True,https://openalex.org/W2061453352
8,Cyanobacterial Chassis Development,paper,2012,Ethylene Synthesis and Regulated Expression of Recombinant Protein in Synechocystis sp. PCC 6803,"The ethylene-forming enzyme (EFE) from Pseudomonas syringae catalyzes the synthesis of ethylene which can be easily detected in the headspace of closed cultures. A synthetic codon-optimized gene encoding N-terminal His-tagged EFE (EFEh) was expressed in Synechocystis sp. PCC 6803 (Synechocystis) and Escherichia coli (E. coli) under the control of diverse promoters in a self-replicating broad host-range plasmid. Ethylene synthesis was stably maintained in both organisms in contrast to earlier work in Synechococcus elongatus PCC 7942. The rate of ethylene accumulation was used as a reporter for protein expression in order to assess promoter strength and inducibility with the different expression systems. Several metal-inducible cyanobacterial promoters did not function in E. coli but were well-regulated in cyanobacteria, albeit at a low level of expression. The E. coli promoter P(trc) resulted in constitutive expression in cyanobacteria regardless of whether IPTG was added or not. In contrast, a Lac promoter variant, P(A1lacO-1), induced EFE-expression in Synechocystis at a level of expression as high as the Trc promoter and allowed a fine level of IPTG-dependent regulation of protein-expression. The regulation was tight at low cell density and became more relaxed in more dense cultures. A synthetic quorum-sensing promoter system was also constructed and shown to function well in E. coli, however, only a very low level of EFE-activity was observed in Synechocystis, independent of cell density.",Turku,FI,,False,https://openalex.org/W2165952036
8,Cyanobacterial Chassis Development,paper,2013,Synthetic biology of cyanobacteria: unique challenges and opportunities,"Photosynthetic organisms, and especially cyanobacteria, hold great promise as sources of renewably-produced fuels, bulk and specialty chemicals, and nutritional products. Synthetic biology tools can help unlock cyanobacteria's potential for these functions, but unfortunately tool development for these organisms has lagged behind that for S. cerevisiae and E. coli. While these organisms may in many cases be more difficult to work with as ""chassis"" strains for synthetic biology than certain heterotrophs, the unique advantages of autotrophs in biotechnology applications as well as the scientific importance of improved understanding of photosynthesis warrant the development of these systems into something akin to a ""green E. coli."" In this review, we highlight unique challenges and opportunities for development of synthetic biology approaches in cyanobacteria. We review classical and recently developed methods for constructing targeted mutants in various cyanobacterial strains, and offer perspective on what genetic tools might most greatly expand the ability to engineer new functions in such strains. Similarly, we review what genetic parts are most needed for the development of cyanobacterial synthetic biology. Finally, we highlight recent methods to construct genome-scale models of cyanobacterial metabolism and to use those models to measure properties of autotrophic metabolism. Throughout this paper, we discuss some of the unique challenges of a diurnal, autotrophic lifestyle along with how the development of synthetic biology and biotechnology in cyanobacteria must fit within those constraints.",St Louis,US,,True,https://openalex.org/W2151104145
8,Cyanobacterial Chassis Development,paper,2013,Wide-dynamic-range promoters engineered for cyanobacteria,The non-native inducible promoters developed in the present study are ready to be used to further explore the notion of custom designed cyanobacterial cells in the complementary frameworks of metabolic engineering and synthetic biology.,Uppsala,SE,,False,https://openalex.org/W2133248262
8,Cyanobacterial Chassis Development,paper,2014,Broad-host-range vector system for synthetic biology and biotechnology in cyanobacteria,"Inspired by the developments of synthetic biology and the need for improved genetic tools to exploit cyanobacteria for the production of renewable bioproducts, we developed a versatile platform for the construction of broad-host-range vector systems. This platform includes the following features: (i) an efficient assembly strategy in which modules released from 3 to 4 donor plasmids or produced by polymerase chain reaction are assembled by isothermal assembly guided by short GC-rich overlap sequences. (ii) A growing library of molecular devices categorized in three major groups: (a) replication and chromosomal integration; (b) antibiotic resistance; (c) functional modules. These modules can be assembled in different combinations to construct a variety of autonomously replicating plasmids and suicide plasmids for gene knockout and knockin. (iii) A web service, the CYANO-VECTOR assembly portal, which was built to organize the various modules, facilitate the in silico construction of plasmids, and encourage the use of this system. This work also resulted in the construction of an improved broad-host-range replicon derived from RSF1010, which replicates in several phylogenetically distinct strains including a new experimental model strain Synechocystis sp. WHSyn, and the characterization of nine antibiotic cassettes, four reporter genes, four promoters, and a ribozyme-based insulator in several diverse cyanobacterial strains.",San Diego,US,,False,https://openalex.org/W2128556638
8,Cyanobacterial Chassis Development,paper,2014,Synthetic Biology Toolbox for Controlling Gene Expression in the Cyanobacterium <i>Synechococcus</i> sp. strain PCC 7002,"The application of synthetic biology requires characterized tools to precisely control gene expression. This toolbox of genetic parts previously did not exist for the industrially promising cyanobacterium, Synechococcus sp. strain PCC 7002. To address this gap, two orthogonal constitutive promoter libraries, one based on a cyanobacterial promoter and the other ported from Escherichia coli, were built and tested in PCC 7002. The libraries demonstrated 3 and 2.5 log dynamic ranges, respectively, but correlated poorly with E. coli expression levels. These promoter libraries were then combined to create and optimize a series of IPTG inducible cassettes. The resultant induction system had a 48-fold dynamic range and was shown to out-perform Ptrc constructs. Finally, a RBS library was designed and tested in PCC 7002. The presented synthetic biology toolbox will enable accelerated engineering of PCC 7002.",Madison,US,,False,https://openalex.org/W2324591890
8,Cyanobacterial Chassis Development,paper,2014,Regulation of Gene Expression in Diverse Cyanobacterial Species by Using Theophylline-Responsive Riboswitches,"Cyanobacteria are photosynthetic bacteria that are currently being developed as biological production platforms. They derive energy from light and carbon from atmospheric carbon dioxide, and some species can fix atmospheric nitrogen. One advantage of developing cyanobacteria for renewable production of biofuels and other biological products is that they are amenable to genetic manipulation, facilitating bioengineering and synthetic biology. To expand the currently available genetic toolkit, we have demonstrated the utility of synthetic theophylline-responsive riboswitches for effective regulation of gene expression in four diverse species of cyanobacteria, including two recent isolates. We evaluated a set of six riboswitches driving the expression of a yellow fluorescent protein reporter in Synechococcus elongatus PCC 7942, Leptolyngbya sp. strain BL0902, Anabaena sp. strain PCC 7120, and Synechocystis sp. strain WHSyn. We demonstrated that riboswitches can offer regulation of gene expression superior to that of the commonly used isopropyl-β-d-thiogalactopyranoside induction of a lacI(q)-Ptrc promoter system. We also showed that expression of the toxic protein SacB can be effectively regulated, demonstrating utility for riboswitch regulation of proteins that are detrimental to biomass accumulation. Taken together, the results of this work demonstrate the utility and ease of use of riboswitches in the context of genetic engineering and synthetic biology in diverse cyanobacteria, which will facilitate the development of algal biotechnology.",San Diego,US,,True,https://openalex.org/W2160243998
8,Cyanobacterial Chassis Development,paper,2014,Engineered Transcriptional Systems for Cyanobacterial Biotechnology,"Cyanobacteria can function as solar-driven biofactories thanks to their ability to perform photosynthesis and the ease with which they are genetically modified. In this review, we discuss transcriptional parts and promoters available for engineering cyanobacteria. First, we go through special cyanobacterial characteristics that may impact engineering, including the unusual cyanobacterial RNA polymerase, sigma factors and promoter types, mRNA stability, circadian rhythm, and gene dosage effects. Then, we continue with discussing component characteristics that are desirable for synthetic biology approaches, including decoupling, modularity, and orthogonality. We then summarize and discuss the latest promoters for use in cyanobacteria regarding characteristics such as regulation, strength, and dynamic range and suggest potential uses. Finally, we provide an outlook and suggest future developments that would advance the field and accelerate the use of cyanobacteria for renewable biotechnology.",Uppsala,SE,,False,https://openalex.org/W2051792223
8,Cyanobacterial Chassis Development,paper,2014,Discovery of a super-strong promoter enables efficient production of heterologous proteins in cyanobacteria,"Cyanobacteria are oxygenic photosynthetic prokaryotes that play important roles in the global carbon cycle. Recently, engineered cyanobacteria capable of producing various small molecules from CO2 have been developed. However, cyanobacteria are seldom considered as factories for producing proteins, mainly because of the lack of efficient strong promoters. Here, we report the discovery and verification of a super-strong promoter Pcpc560, which contains two predicted promoters and 14 predicted transcription factor binding sites (TFBSs). Using Pcpc560, functional proteins were produced at a level of up to 15% of total soluble protein in the cyanobacterium Synechocystis sp. 6803, a level comparable to that produced in Escherichia coli. We demonstrated that the presence of multiple TFBSs in Pcpc560 is crucial for its promoter strength. Genetically transformable cyanobacteria neither have endotoxins nor form inclusion bodies; therefore, Pcpc560 opens the possibility to use cyanobacteria as alternative hosts for producing heterogeneous proteins from CO2 and inorganic nutrients.",Beijing,CN,,True,https://openalex.org/W2142519959
8,Cyanobacterial Chassis Development,paper,2014,Exploring metabolic engineering design principles for the photosynthetic production of lactic acid by Synechocystis sp. PCC6803,"Molecular engineering of the intermediary physiology of cyanobacteria has become important for the sustainable production of biofuels and commodity compounds from CO2 and sunlight by “designer microbes.” The chemical commodity product L-lactic acid can be synthesized in one step from a key intermediary metabolite of these organisms, pyruvate, catalyzed by a lactate dehydrogenase. Synthetic biology engineering to make “designer microbes” includes the introduction and overexpression of the product-forming biochemical pathway. For further optimization of product formation, modifications in the surrounding biochemical network of intermediary metabolism have to be made. To improve light-driven L-lactic acid production from CO2, we explored several metabolic engineering design principles, using a previously engineered L-lactic acid producing mutant strain of Synechocystis sp. PCC6803 as the benchmark. These strategies included: (i) increasing the expression level of the relevant product-forming enzyme, lactate dehydrogenase (LDH), for example, via expression from a replicative plasmid; (ii) co-expression of a heterologous pyruvate kinase to increase the flux towards pyruvate; and (iii) knockdown of phosphoenolpyruvate carboxylase to decrease the flux through a competing pathway (from phosphoenolpyruvate to oxaloacetate). In addition, we tested selected lactate dehydrogenases, some of which were further optimized through site-directed mutagenesis to improve the enzyme’s affinity for the co-factor nicotinamide adenine dinucleotide phosphate (NADPH). The carbon partitioning between biomass and lactic acid was increased from about 5% to over 50% by strain optimization. An efficient photosynthetic microbial cell factory will display a high rate and extent of conversion of substrate (CO2) into product (here: L-lactic acid). In the existing CO2-based cyanobacterial cell factories that have been described in the literature, by far most of the control over product formation resides in the genetically introduced fermentative pathway. Here we show that a strong promoter, in combination with increased gene expression, can take away a significant part of the control of this step in lactic acid production from CO2. Under these premises, modulation of the intracellular precursor, pyruvate, can significantly increase productivity. Additionally, production enhancement is achieved by protein engineering to increase co-factor specificity of the heterologously expressed LDH.",Amsterdam,NL,,True,https://openalex.org/W2128287971
8,Cyanobacterial Chassis Development,paper,2014,Design and analysis of LacI-repressed promoters and DNA-looping in a cyanobacterium,"Cyanobacteria are solar-powered prokaryotes useful for sustainable production of valuable molecules, but orthogonal and regulated promoters are lacking. The Lac repressor (LacI) from Escherichia coli is a well-studied transcription factor that is orthogonal to cyanobacteria and represses transcription by binding a primary lac operator (lacO), blocking RNA-polymerase. Repression can be enhanced through DNA-looping, when a LacI-tetramer binds two spatially separated lacO and loops the DNA. Ptrc is a commonly used LacI-repressed promoter that is inefficiently repressed in the cyanobacterium Synechocystis PCC 6803. Ptrc2O, a version of Ptrc with two lacO, is more efficiently repressed, indicating DNA-looping. To investigate the inefficient repression of Ptrc and cyanobacterial DNA-looping, we designed a Ptrc-derived promoter library consisting of single lacO promoters, including a version of Ptrc with a stronger lacO (Ptrc1O-proximal), and dual lacO promoters with varying inter-lacO distances (the Ptrc2O-library). We first characterized artificial constitutive promoters and used one for engineering a LacI-expressing strain of Synechocystis. Using this strain, we observed that Ptrc1O-proximal is similar to Ptrc in being inefficiently repressed. Further, the Ptrc2O-library displays a periodic repression pattern that remains for both non- and induced conditions and decreases with longer inter-lacO distances, in both E. coli and Synechocystis. Repression of Ptrc2O-library promoters with operators out of phase is less efficient in Synechocystis than in E. coli, whereas repression of promoters with lacO in phase is efficient even under induced conditions in Synechocystis. Two well-repressed Ptrc2O promoters were highly active when tested in absence of LacI in Synechocystis. The artificial constitutive promoters herein characterized can be utilized for expression in cyanobacteria, as demonstrated for LacI. The inefficient repression of Ptrc and Ptrc1O-proximal in Synechocystis, as compared to E. coli, may be due to insufficient LacI expression, or differences in RNAP subunits. DNA-looping works as a transcriptional regulation mechanism similarly as in E. coli. DNA-looping contributes strongly to Ptrc2O-library repression in Synechocystis, even though they contain the weakly-repressed primary lacO of Ptrc1O-proximal and relatively low levels of LacI/cell. Hence, Synechocystis RNAP may be more sensitive to DNA-looping than E. coli RNAP, and/or the chromatin torsion resistance could be lower. Two strong and highly repressed Ptrc2O promoters could be used without induction, or together with an unstable LacI.",Uppsala,SE,,False,https://openalex.org/W2111869546
8,Cyanobacterial Chassis Development,paper,2015,Construction of new synthetic biology tools for the control of gene expression in the cyanobacterium <i>Synechococcus</i> sp. strain PCC 7002,"Predictive control of gene expression is an essential tool for developing synthetic biological systems. The current toolbox for controlling gene expression in cyanobacteria is a barrier to more in-depth genetic analysis and manipulation. Towards relieving this bottleneck, this work describes the use of synthetic biology to construct an anhydrotetracycline-based induction system and adapt a trans-acting small RNA (sRNA) system for use in the cyanobacterium Synechococcus sp. strain PCC 7002. An anhydrotetracycline-inducible promoter was developed to maximize intrinsic strength and dynamic range. The resulting construct, PEZtet , exhibited tight repression and a maximum 32-fold induction upon addition of anhydrotetracycline. Additionally, a sRNA system based on the Escherichia coli IS10 RNA-IN/OUT regulator was adapted for use in Synechococcus sp. strain PCC 7002. This system exhibited 70% attenuation of target gene expression, providing a demonstration of the use of sRNAs for differential gene expression in cyanobacteria. These systems were combined to produce an inducible sRNA system, which demonstrated 59% attenuation of target gene expression. Lastly, the role of Hfq, a critical component of sRNA systems in E. coli, was investigated. Genetic studies showed that the Hfq homolog in Synechococcus sp. strain PCC 7002 did not impact repression by the engineered sRNA system. In summary, this work describes new synthetic biology tools that can be applied to physiological studies, metabolic engineering, or sRNA platforms in Synechococcus sp. strain PCC 7002.",Madison,US,,False,https://openalex.org/W2106177878
8,Cyanobacterial Chassis Development,paper,2015,Improving a<i>Synechocystis</i>-based photoautotrophic chassis through systematic genome mapping and validation of neutral sites,"The use of microorganisms as cell factories frequently requires extensive molecular manipulation. Therefore, the identification of genomic neutral sites for the stable integration of ectopic DNA is required to ensure a successful outcome. Here we describe the genome mapping and validation of five neutral sites in the chromosome of Synechocystis sp. PCC 6803, foreseeing the use of this cyanobacterium as a photoautotrophic chassis. To evaluate the neutrality of these loci, insertion/deletion mutants were produced, and to assess their functionality, a synthetic green fluorescent reporter module was introduced. The constructed integrative vectors include a BioBrick-compatible multiple cloning site insulated by transcription terminators, constituting robust cloning interfaces for synthetic biology approaches. Moreover, Synechocystis mutants (chassis) ready to receive purpose-built synthetic modules/circuits are also available. This work presents a systematic approach to map and validate chromosomal neutral sites in cyanobacteria, and that can be extended to other organisms.",Porto,PT,,True,https://openalex.org/W2248805887
8,Cyanobacterial Chassis Development,paper,2015,Genome Engineering in Cyanobacteria: Where We Are and Where We Need To Go,"Genome engineering of cyanobacteria is a promising area of development in order to produce fuels, feedstocks, and value-added chemicals in a sustainable way. Unfortunately, the current state of genome engineering tools for cyanobacteria lags far behind those of model organisms such as Escherichia coli and Saccharomyces cerevisiae. In this review, we present the current state of synthetic biology tools for genome engineering efforts in the most widely used cyanobacteria strains and areas that need concerted research efforts to improve tool development. Cyanobacteria pose unique challenges to genome engineering efforts because their cellular biology differs significantly from other eubacteria; therefore, tools developed for other genera are not directly transferrable. Standardized parts, such as promoters and ribosome binding sites, which control gene expression, require characterization in cyanobacteria in order to have fully predictable results. The application of these tools to genome engineering efforts is also discussed; the ability to do genome-wide searching and to introduce multiple mutations simultaneously is an area that needs additional research in order to enable fast and efficient strain engineering.",Golden,US,,False,https://openalex.org/W414350953
8,Cyanobacterial Chassis Development,paper,2015,Oxidative‐stress detoxification and signalling in cyanobacteria: the crucial glutathione synthesis pathway supports the production of ergothioneine and ophthalmate,"Using genetics and metabolomics we investigated the synthesis (gshA and gshB genes) and catabolism (ggt) of the conserved antioxidant glutathione in the model cyanobacterium Synechocystis PCC6803. These three genes are crucial to Synechocystis, in agreement with the proposed invention of glutathione by ancient cyanobacteria to protect themselves against the toxicity of oxygen they produced through photosynthesis. Consistent with their indispensability, gshA and gshB also operate in the production of another antioxidant, ergothioneine, as well as of the glutathione analogues ophthalmate and norophthalmate. Furthermore, we show that glutathione, ophthalmate and norophthalmate are accumulated in cells stressed by glucose, and that the two glutathione-dependent glyoxalase enzymes operate in the protection against glucose and its catabolite methylglyoxal. These findings are interesting because ophthalmate and norophthalmate were observed only in mammals so far, where ophthalmate is regarded as a biomarker of glutathione depletion. Instead, our data suggest that ophthalmate and norophthalmate are stress-induced markers of cysteine depletion triggered by its accelerated incorporation into glutathione, to face its increased demand for detoxification purposes. Hence, Synechocystis is an attractive model for the analysis of the role of glutathione, ergothioneine, ophthalmate and norophthalmate, in signalling and detoxification of oxidants and metabolic by-products.",Paris,FR,,False,https://openalex.org/W2223156651
8,Cyanobacterial Chassis Development,paper,2015,A single cell culture system using lectin‐conjugated magnetite nanoparticles and magnetic force to screen mutant cyanobacteria,"Cyanobacteria can be utilized as a potential biocatalyst for the production of biofuels and biochemicals directly from CO2. Useful mutants of cyanobacteria, which can grow rapidly or are resistant to specific metabolic products, are essential to improve the productivity of biofuels. In this study, we developed a single cell culture system to effectively screen mutant cyanobacteria using magnetite nanoparticles and magnetic force. Lens culinaris Agglutinin (LCA) was selected as a lectin, which binds to the surface of Synechococcus elongatus PCC7942 cells and the LCA-conjugated magnetite cationic liposomes (MCLs) were developed for magnetic labeling of PCC7942 cells. The MCL-labeled PCC7942 cells were magnetically patterned at a single cell level by using 6,400 iron pillars of the pin-holder device. The device enabled 1,600 single cells to be arrayed in one square centimeter. We cultured the patterned cells in liquid medium and achieved higher colony-forming ratio (78.4%) than that obtained using conventional solid culture method (4.8%). Single cells with different properties could be distinguished in the single cell culture system depending on their growth. Furthermore, we could selectively pick up the target cells and subsequently perform efficient isolation culture. The ratio of successful isolation culture using the developed method was 13 times higher than that of the conventional methods. Thus, the developed system would serve as a powerful tool for screening mutant cyanobacteria.",Nagoya,JP,,True,https://openalex.org/W2102257484
8,Cyanobacterial Chassis Development,paper,2015,Molecular investigation of the radiation resistance of edible cyanobacterium <i>Arthrospira</i> sp. <scp>PCC</scp> 8005,"The aim of this work was to characterize in detail the response of Arthrospira to ionizing radiation, to better understand its radiation resistance capacity. Live cells of Arthrospira sp. PCC 8005 were irradiated with <sup>60</sup> Co gamma rays. This study is the first, showing that Arthrospira is highly tolerant to gamma rays, and can survive at least 6400 Gy (dose rate of 527 Gy h<sup>-1</sup> ), which identified Arthrospira sp. PCC 8005 as a radiation resistant bacterium. Biochemical, including proteomic and transcriptomic, analysis after irradiation with 3200 or 5000 Gy showed a decline in photosystem II quantum yield, reduced carbon fixation, and reduced pigment, lipid, and secondary metabolite synthesis. Transcription of photo-sensing and signaling pathways, and thiol-based antioxidant systems was induced. Transcriptomics did show significant activation of ssDNA repair systems and mobile genetic elements (MGEs) at the RNA level. Surprisingly, the cells did not induce the classical antioxidant or DNA repair systems, such superoxide dismutase (SOD) enzyme and the RecA protein. Arthrospira cells lack the catalase gene and the LexA repressor. Irradiated Arthrospira cells did induce strongly a group of conserved proteins, of which the function in radiation resistance remains to be elucidated, but which are a promising novel routes to be explored. This study revealed the radiation resistance of Arthrospira, and the molecular systems involved, paving the way for its further and better exploitation.",Mol,BE,,False,https://openalex.org/W1985804592
8,Cyanobacterial Chassis Development,paper,2015,"Synechococcus elongatus UTEX 2973, a fast growing cyanobacterial chassis for biosynthesis using light and CO2","Photosynthetic microbes are of emerging interest as production organisms in biotechnology because they can grow autotrophically using sunlight, an abundant energy source, and CO2, a greenhouse gas. Important traits for such microbes are fast growth and amenability to genetic manipulation. Here we describe Synechococcus
elongatus UTEX 2973, a unicellular cyanobacterium capable of rapid autotrophic growth, comparable to heterotrophic industrial hosts such as yeast. Synechococcus UTEX 2973 can be readily transformed for facile generation of desired knockout and knock-in mutations. Genome sequencing coupled with global proteomics studies revealed that Synechococcus UTEX 2973 is a close relative of the widely studied cyanobacterium Synechococcus
elongatus PCC 7942, an organism that grows more than two times slower. A small number of nucleotide changes are the only significant differences between the genomes of these two cyanobacterial strains. Thus, our study has unraveled genetic determinants necessary for rapid growth of cyanobacterial strains of significant industrial potential.",St Louis,US,,True,https://openalex.org/W2116053228
8,Cyanobacterial Chassis Development,paper,2015,Genetic and nutrient modulation of acetyl-CoA levels in Synechocystis for n-butanol production,"There is a strong interest in using photosynthetic cyanobacteria as production hosts for biofuels and chemicals. Recent work has shown the benefit of pathway engineering, enzyme tolerance, and co-factor usage for improving yields of fermentation products. An n-butanol pathway was inserted into a Synechocystis mutant deficient in polyhydroxybutyrate synthesis. We found that nitrogen starvation increased specific butanol productivity up to threefold, but cessation of cell growth limited total n-butanol titers. Metabolite profiling showed that acetyl-CoA increased twofold during nitrogen starvation. Introduction of a phosphoketolase increased acetyl-CoA levels sixfold at nitrogen replete conditions and increased butanol titers from 22 to 37 mg/L at day 8. Flux balance analysis of photoautotrophic metabolism showed that a Calvin–Benson–Bassham-Phosphoketolase pathway had higher theoretical butanol productivity than CBB-Embden–Meyerhof–Parnas and a reduced butanol ATP demand. These results demonstrate that phosphoketolase overexpression and modulation of nitrogen levels are two attractive routes toward increased production of acetyl-CoA derived products in cyanobacteria and could be implemented with complementary metabolic engineering strategies. The online version of this article (doi:10.1186/s12934-015-0355-9) contains supplementary material, which is available to authorized users.",Stockholm,SE,,True,https://openalex.org/W2144376054
8,Cyanobacterial Chassis Development,paper,2015,Analysis of the leakage of gene repression by an artificial TetR-regulated promoter in cyanobacteria,"There is a need for strong and tightly regulated promoters to construct more reliable and predictable genetic modules for synthetic biology and metabolic engineering. For this reason we have previously constructed a TetR regulated L promoter library for the cyanobacterium Synechocystis PCC 6803. In addition to the L03 promoter showing wide dynamic range of transcriptional regulation, we observed the L09 promoter as unique in high leaky gene expression under repressed conditions. In the present study, we attempted to identify the cause of L09 promoter leakage. TetR binding to the promoter was studied by theoretical simulations of DNA breathing dynamics and by surface plasmon resonance (SPR) biosensor technology to analyze the kinetics of the DNA–protein interactions. DNA breathing dynamics of a promoter was computed with the extended nonlinear Peyrard–Bishop–Dauxois mesoscopic model to yield a DNA opening probability profile at a single nucleotide resolution. The L09 promoter was compared to the L10, L11, and L12 promoters that were point-mutated and different in repressed promoter strength. The difference between DNA opening probability profiles is trivial on the TetR binding site. Furthermore, the kinetic rate constants of TetR binding, as measured by SPR biosensor technology, to the respective promoters are practically identical. This suggests that a trivial difference in probability as low as 1 × 10−4 cannot lead to detectable variations in the DNA–protein interactions. Higher probability at the downstream region of transcription start site of the L09 promoter compared to the L10, L11, and L12 promoters was observed. Having practically the same kinetics of binding to TetR, the leakage problem of the L09 promoter might be due to enhanced RNA Polymerase (RNAP)-promoter interactions in the downstream region. Both theoretical and experimental analyses of the L09 promoter’s leakage problem exclude a mechanism of reduced TetR binding but instead suggest enhanced RNAP binding. These results assist in creating more tightly regulated promoters for realizing synthetic biology and metabolic engineering in biotechnological applications.",Stockholm,SE,,False,https://openalex.org/W1950335738
8,Cyanobacterial Chassis Development,paper,2015,Scaffold-fused riboregulators for enhanced gene activation in Synechocystis sp. PCC 6803,"Cyanobacteria are an attractive host for biofuel production because they can produce valuable chemical compounds from CO2 fixed by photosynthesis. However, the available genetic tools that enable precise gene regulation for the applications of synthetic biology are insufficient. Previously, we engineered an RNA-based posttranscriptional regulator, termed riboregulator, for the control of target gene expression in cyanobacterium Synechocystis sp. PCC 6803. Moreover, we enhanced the gene regulation ability of the riboregulators in Escherichia coli by fusing and engineering a scaffold sequence derived from naturally occurring E. coli noncoding small RNAs. Here, we demonstrated that the scaffold sequence fused to the riboregulators improved their gene regulation ability in Synechocystis sp. PCC 6803. To further improve gene regulation, we expressed an exogenous RNA chaperone protein that is responsible for noncoding small RNA-mediated gene regulation, which resulted in higher target gene expression. The scaffold sequence derived from natural E. coli noncoding small RNAs is effective for designing RNA-based genetic tools and scaffold-fused riboregulators are a strong RNA-tool to regulate gene expression in cyanobacteria.",Tokyo,JP,,True,https://openalex.org/W1976041330
8,Cyanobacterial Chassis Development,paper,2016,Review of Microfluidic Photobioreactor Technology for Metabolic Engineering and Synthetic Biology of Cyanobacteria and Microalgae,"One goal of metabolic engineering and synthetic biology for cyanobacteria and microalgae is to engineer strains that can optimally produce biofuels and commodity chemicals. However, the current workflow is slow and labor intensive with respect to assembly of genetic parts and characterization of production yields because of the slow growth rates of these organisms. Here, we review recent progress in the microfluidic photobioreactors and identify opportunities and unmet needs in metabolic engineering and synthetic biology. Because of the unprecedented experimental resolution down to the single cell level, long-term real-time monitoring capability, and high throughput with low cost, microfluidic photobioreactor technology will be an indispensible tool to speed up the development process, advance fundamental knowledge, and realize the full potential of metabolic engineering and synthetic biology for cyanobacteria and microalgae.",Hsinchu,TW,,True,https://openalex.org/W2530775458
8,Cyanobacterial Chassis Development,paper,2016,"Diurnal Regulation of Cellular Processes in the Cyanobacterium <i>Synechocystis</i> sp. Strain PCC 6803: Insights from Transcriptomic, Fluxomic, and Physiological Analyses","Cyanobacteria are photosynthetic microbes that use energy from sunlight and CO2 as feedstock. Certain cyanobacterial strains are amenable to facile genetic manipulation, thus enabling synthetic biology and metabolic engineering applications. Such strains are being developed as a chassis for the sustainable production of food, feed, and fuel. To this end, a holistic knowledge of cyanobacterial physiology and its correlation with gene expression patterns under the diurnal cycle is warranted. In this report, a genomewide transcriptional analysis of Synechocystis PCC 6803, the most widely studied model cyanobacterium, sheds light on the global coordination of cellular processes during diurnal periods. Furthermore, we found that, in addition to light, the redox level of NADP(H) is an important endogenous regulator of diurnal entrainment of Synechocystis PCC 6803.",St Louis,US,,False,https://openalex.org/W2345452747
8,Cyanobacterial Chassis Development,paper,2016,Unique marine derived cyanobacterial biosynthetic genes for chemical diversity,"Cyanobacteria are a prolific source of structurally unique and biologically active natural products that derive from intriguing biochemical pathways. Advancements in genome sequencing have accelerated the identification of unique modular biosynthetic gene clusters in cyanobacteria and reveal a wealth of unusual enzymatic reactions involved in their construction. This article examines several interesting mechanistic transformations involved in cyanobacterial secondary metabolite biosynthesis with a particular focus on marine derived modular polyketide synthases (PKS), nonribosomal peptide synthetases (NRPS) and combinations thereof to form hybrid natural products. Further, we focus on the cyanobacterial genus Moorea and the co-evolution of its enzyme cassettes that create metabolic diversity. Progress in the development of heterologous expression systems for cyanobacterial gene clusters along with chemoenzymatic synthesis makes it possible to create new analogs. Additionally, phylum-wide genome sequencing projects have enhanced the discovery rate of new natural products and their distinctive enzymatic reactions. Summarizing, cyanobacterial biosynthetic gene clusters encode for a large toolbox of novel enzymes that catalyze unique chemical reactions, some of which may be useful in synthetic biology.",Greifswald,DE,,False,https://openalex.org/W2234447769
8,Cyanobacterial Chassis Development,paper,2016,Cyanobacteria as Chassis for Industrial Biotechnology: Progress and Prospects,"Cyanobacteria hold significant potential as industrial biotechnology (IB) platforms for the production of a wide variety of bio-products ranging from biofuels such as hydrogen, alcohols and isoprenoids, to high-value bioactive and recombinant proteins. Underpinning this technology, are the recent advances in cyanobacterial ""omics"" research, the development of improved genetic engineering tools for key species, and the emerging field of cyanobacterial synthetic biology. These approaches enabled the development of elaborate metabolic engineering programs aimed at creating designer strains tailored for different IB applications. In this review, we provide an overview of the current status of the fields of cyanobacterial omics and genetic engineering with specific focus on the current molecular tools and technologies that have been developed in the past five years. The paper concludes by giving insights on future commercial applications of cyanobacteria and highlights the challenges that need to be addressed in order to make cyanobacterial industrial biotechnology more feasible in the near future.",Muscat,OM,,True,https://openalex.org/W2557625332
8,Cyanobacterial Chassis Development,paper,2016,Designing Synthetic Flexible Gene Regulation Networks Using RNA Devices in Cyanobacteria,"In recent years, studies on the development of gene regulation tools in cyanobacteria have been extensively conducted toward efficient production of valuable chemicals. However, there is considerable scope for improving the economic feasibility of production. To improve a recently reported gene induction system using anhydrotetracycline (aTc)-TetR and an endogenous gene repression system using small antisense RNA in the filamentous nitrogen-fixing cyanobacterium Anabaena sp. PCC 7120 (Anabaena), we constructed a positive feedback loop, in which gfp and a small antisense RNA for tetR are controlled by an aTc-inducible promoter. GFP expression in this improved system was higher and longer than the system lacking tetR repression. In addition, by using TetR aptamer and a riboswitch, we succeeded in achieving a superior and longer induction of GFP expression even under high-light conditions. Hence, efficient gene induction systems were established in Anabaena by designing a gene regulation network using RNA-based tools.",Tokyo,JP,,False,https://openalex.org/W2519262076
8,Cyanobacterial Chassis Development,paper,2016,Genetic engineering of Synechocystis PCC6803 for the photoautotrophic production of the sweetener erythritol,"After several optimization steps, the best strain, SEP024, produced up to 2.1 mM (256 mg/l) erythritol, excreted in the medium.",Ostrava,CZ,,True,https://openalex.org/W2326496594
8,Cyanobacterial Chassis Development,paper,2016,Genetic tools for advancement of Synechococcus sp. PCC 7002 as a cyanobacterial chassis,"The genome integration, fluorescent protein, and promoter tools developed in this study will help to advance Synechococcus sp. PCC 7002 as a cyanobacterial chassis. The long minimum homology arm length for Synechococcus sp. PCC 7002 genome integration indicates native exonuclease activity or a low efficiency of homologous recombination. Low correlation between transcript and protein levels in Synechococcus sp. PCC 7002 suggests that transcriptomic data are poor selection criteria for promoter tool development. Lastly, the conventional strategy of using promoters from photosynthetic operons as strong promoter tools is debunked, as promoters from hypothetical proteins (A2520 and A2579) were found to have much higher expression levels.",Livermore,US,,False,https://openalex.org/W2550052509
8,Cyanobacterial Chassis Development,paper,2016,Cpf1 Is A Versatile Tool for CRISPR Genome Editing Across Diverse Species of Cyanobacteria,"Cyanobacteria are the ideal organisms for the production of a wide range of bioproducts as they can convert CO2 directly into the desired end product using solar energy. Unfortunately, the engineering of cyanobacteria to create efficient cell factories has been impaired by the cumbersome genetic tools that are currently available for these organisms; especially when trying to accumulate multiple modifications. We sought to construct an efficient and precise tool for generating numerous markerless modifications in cyanobacteria using CRISPR technology and the alternative nuclease, Cpf1. In this study we demonstrate rapid engineering of markerless knock-ins, knock-outs and point mutations in each of three model cyanobacteria; Synechococcus, Synechocystis and Anabaena. The markerless nature of cpf1 genome editing will allow for complex genome modification that was not possible with previously existing technology while facilitating the development of cyanobacteria as highly modified biofactories.",St Louis,US,,False,https://openalex.org/W2563521043
8,Cyanobacterial Chassis Development,paper,2016,Evaluation of promoters and ribosome binding sites for biotechnological applications in the unicellular cyanobacterium Synechocystis sp. PCC 6803,"For effective metabolic engineering, a toolbox of genetic components that enables predictable control of gene expression is needed. Here we present a systematic study of promoters and ribosome binding sites in the unicellular cyanobacterium Synechocystis sp. PCC 6803. A set of metal ion inducible promoters from Synechocystis were compared to commonly used constitutive promoters, by measuring fluorescence of a reporter protein in a standardized setting to allow for accurate comparisons of promoter activity. The most versatile and useful promoter was found to be PnrsB, which from a relatively silent expression could be induced almost 40-fold, nearly up to the activity of the strong psbA2 promoter. By varying the concentrations of the two metal ion inducers Ni2+ and Co2+, expression from the promoter was highly tunable, results that were reproduced with PnrsB driving ethanol production. The activities of several ribosomal binding sites were also measured, and tested in parallel in Synechocystis and Escherichia coli. The results of the study add useful information to the Synechocystis genetic toolbox for biotechnological applications.",Uppsala,SE,,False,https://openalex.org/W2554960318
8,Cyanobacterial Chassis Development,paper,2016,Biosafety of biotechnologically important microalgae: intrinsic suicide switch implementation in cyanobacterium Synechocystis sp. PCC 6803,"In recent years, photosynthetic autotrophic cyanobacteria have attracted interest for biotechnological applications for sustainable production of valuable metabolites. Although biosafety issues can have a great impact on public acceptance of cyanobacterial biotechnology, biosafety of genetically modified cyanobacteria has remained largely unexplored. We set out to incorporate biocontainment systems in the model cyanobacterium Synechocystis sp. PCC 6803. Plasmid-encoded safeguards were constructed using the nonspecific nuclease NucA from Anabaena combined with different metal-ion inducible promoters. In this manner, conditional lethality was dependent on intracellular DNA degradation for regulated autokilling as well as preclusion of horizontal gene transfer. In cells carrying the suicide switch comprising the nucA gene fused to a variant of the copM promoter, efficient inducible autokilling was elicited. Parallel to nuclease-based safeguards, cyanobacterial toxin/antitoxin (TA) modules were examined in biosafety switches. Rewiring of Synechocystis TA pairs ssr1114/slr0664 and slr6101/slr6100 for conditional lethality using metal-ion responsive promoters resulted in reduced growth, rather than cell killing, suggesting cells could cope with elevated toxin levels. Overall, promoter properties and translation efficiency influenced the efficacy of biocontainment systems. Several metal-ion promoters were tested in the context of safeguards, and selected promoters, including a nrsB variant, were characterized by beta-galactosidase reporter assay. Summary: Biosafety of biotechnologically important microalgae was addressed by suicide switch implementation in cyanobacterium Synechocystis sp. PCC 6803. This is the first report of biocontainment safeguards in cyanobacteria.",Ljubljana,SI,,True,https://openalex.org/W2315816282
8,Cyanobacterial Chassis Development,paper,2016,Genetic engineering of Synechocystis PCC6803 for the photoautotrophic production of the sweetener erythritol,"Erythritol is a polyol that is used in the food and beverage industry. Due to its non-caloric and non-cariogenic properties, the popularity of this sweetener is increasing. Large scale production of erythritol is currently based on conversion of glucose by selected fungi. In this study, we describe a biotechnological process to produce erythritol from light and CO2, using engineered Synechocystis sp. PCC6803. By functionally expressing codon-optimized genes encoding the erythrose-4-phosphate phosphatase TM1254 and the erythrose reductase Gcy1p, or GLD1, this cyanobacterium can directly convert the Calvin cycle intermediate erythrose-4-phosphate into erythritol via a two-step process and release the polyol sugar in the extracellular medium. Further modifications targeted enzyme expression and pathway intermediates. After several optimization steps, the best strain, SEP024, produced up to 2.1 mM (256 mg/l) erythritol, excreted in the medium. The online version of this article (doi:10.1186/s12934-016-0458-y) contains supplementary material, which is available to authorized users.",Ostrava,CZ,,True,https://openalex.org/W2326496594
8,Cyanobacterial Chassis Development,paper,2017,Development of SyneBrick Vectors As a Synthetic Biology Platform for Gene Expression in Synechococcus elongatus PCC 7942,"Cyanobacteria are oxygenic photosynthetic prokaryotes that are able to assimilate CO<sub>2</sub> using solar energy and water. Metabolic engineering of cyanobacteria has suggested the possibility of direct CO<sub>2</sub> conversion to value-added chemicals. However, engineering of cyanobacteria has been limited due to the lack of various genetic tools for expression and control of multiple genes to reconstruct metabolic pathways for biochemicals from CO<sub>2</sub>. Thus, we developed SyneBrick vectors as a synthetic biology platform for gene expression in <i>Synechococcus elongatus</i> PCC 7942 as a model cyanobacterium. The SyneBrick chromosomal integration vectors provide three inducible expression systems to control gene expression and three neutral sites for chromosomal integrations. Using a SyneBrick vector, LacI-regulated gene expression led to 24-fold induction of the eYFP reporter gene with 1 mM isopropyl β-D-1-thiogalactopyranoside (IPTG) inducer in <i>S. elongatus</i> PCC 7942 under 5% (v/v) CO<sub>2</sub>. TetR-regulated gene expression led to 19-fold induction of the GFP gene when 100 nM anhydrotetracycline (aTc) inducer was used. Gene expression decreased after 48 h due to degradation of aTc under light. T7 RNA polymerase-based gene expression resulted in efficient expression with a lower IPTG concentration than a previously developed pTrc promoter. A library of T7 promoters can be used for tunable gene expression. In summary, SyneBrick vectors were developed as a synthetic biology platform for gene expression in <i>S. elongatus</i> PCC 7942. These results will accelerate metabolic engineering of biosolar cell factories through expressing and controlling multiple genes of interest.",Seoul,KR,,False,https://openalex.org/W2595281090
8,Cyanobacterial Chassis Development,paper,2017,"Physical, chemical, and metabolic state sensors expand the synthetic biology toolbox for <i>Synechocystis</i> sp. PCC 6803","Many under-developed organisms possess important traits that can boost the effectiveness and sustainability of microbial biotechnology. Photoautotrophic cyanobacteria can utilize the energy captured from light to fix carbon dioxide for their metabolic needs while living in environments not suited for growing crops. Various value-added compounds have been produced by cyanobacteria in the laboratory; yet, the products' titers and yields are often not industrially relevant and lag behind what have been accomplished in heterotrophic microbes. Genetic tools for biological process control are needed to take advantage of cyanobacteria's beneficial qualities, as tool development also lags behind what has been created in common heterotrophic hosts. To address this problem, we developed a suite of sensors that regulate transcription in the model cyanobacterium Synechocystis sp. PCC 6803 in response to metabolically relevant signals, including light and the cell's nitrogen status, and a family of sensors that respond to the inexpensive chemical, l-arabinose. Increasing the number of available tools enables more complex and precise control of gene expression. Expanding the synthetic biology toolbox for this cyanobacterium also improves our ability to utilize this important under-developed organism in biotechnology. Biotechnol. Bioeng. 2017;114: 1561-1569. © 2017 Wiley Periodicals, Inc.",St Louis,US,,True,https://openalex.org/W2592101312
8,Cyanobacterial Chassis Development,paper,2017,Secondary metabolism in the lichen symbiosis,"Lichens, which are defined by a core symbiosis between a mycobiont (fungal partner) and a photobiont (photoautotrophic partner), are in fact complex assemblages of microorganisms that constitute a largely untapped source of bioactive secondary metabolites. Historically, compounds isolated from lichens have predominantly been those produced by the dominant fungal partner, and these continue to be of great interest for their unique chemistry and biotechnological potential. In recent years it has become apparent that many photobionts and lichen-associated bacteria also produce a range of potentially valuable molecules. There is evidence to suggest that the unique nature of the symbiosis has played a substantial role in shaping many aspects of lichen chemistry, for example driving bacteria to produce metabolites that do not bring them direct benefit but are useful to the lichen as a whole. This is most evident in studies of cyanobacterial photobionts, which produce compounds that differ from free living cyanobacteria and are unique to symbiotic organisms. The roles that these and other lichen-derived molecules may play in communication and maintaining the symbiosis are poorly understood at present. Nonetheless, advances in genomics, mass spectrometry and other analytical technologies are continuing to illuminate the wealth of biological and chemical diversity present within the lichen holobiome. Implementation of novel biodiscovery strategies such as metagenomic screening, coupled with synthetic biology approaches to reconstitute, re-engineer and heterologously express lichen-derived biosynthetic gene clusters in a cultivable host, offer a promising means for tapping into this hitherto inaccessible wealth of natural products.",Wellington,NZ,,True,https://openalex.org/W2766329824
8,Cyanobacterial Chassis Development,paper,2017,A Genetic Toolbox for Modulating the Expression of Heterologous Genes in the Cyanobacterium <i>Synechocystis</i> sp. PCC 6803,"Cyanobacteria, genetic models for photosynthesis research for decades, have recently become attractive hosts for producing renewable fuels and chemicals, owing to their genetic tractability, relatively fast growth, and their ability to utilize sunlight, fix carbon dioxide, and in some cases, fix nitrogen. Despite significant advances, there is still an urgent demand for synthetic biology tools in order to effectively manipulate genetic circuits in cyanobacteria. In this study, we have compared a total of 17 natural and chimeric promoters, focusing on expression of the ethylene-forming enzyme (EFE) in the cyanobacterium Synechocystis sp. PCC 6803. We report the finding that the E. coli σ<sup>70</sup> promoter Ptrc is superior compared to the previously reported strong promoters, such as PcpcB and PpsbA, for the expression of EFE. In addition, we found that the EFE expression level was very sensitive to the 5'-untranslated region upstream of the open reading frame. A library of ribosome binding sites (RBSs) was rationally designed and was built and systematically characterized. We demonstrate a strategy complementary to the RBS prediction software to facilitate the rational design of an RBS library to optimize the gene expression in cyanobacteria. Our results show that the EFE expression level is dramatically enhanced through these synthetic biology tools and is no longer the rate-limiting step for cyanobacterial ethylene production. These systematically characterized promoters and the RBS design strategy can serve as useful tools to tune gene expression levels and to identify and mitigate metabolic bottlenecks in cyanobacteria.",Golden,US,,False,https://openalex.org/W2775803673
8,Cyanobacterial Chassis Development,paper,2017,NOT Gate Genetic Circuits to Control Gene Expression in Cyanobacteria,"To downregulate gene expression in cyanobacteria, we constructed NOT gate genetic circuits using orthogonal promoters and their cognate repressors regulated translationally by synthetic riboswitches. Four NOT gates were tested and characterized in five cyanobacterial strains using fluorescent reporter-gene assays. In comparison to alternative systems used to downregulate gene expression in cyanobacteria, these NOT gates performed well, reducing YFP reporter expression by 4 to 50-fold. We further evaluated these NOT gates by controlling the expression of the ftsZ gene, which encodes a prokaryotic tubulin homologue that is required for cell division and is essential for Synechococcus elongatus PCC 7942. These NOT gates would facilitate cyanobacterial genetic engineering or the study of essential cellular processes.",San Diego,US,,False,https://openalex.org/W2747296078
8,Cyanobacterial Chassis Development,paper,2017,The photosynthetic bacteria Rhodobacter capsulatus and Synechocystis sp. PCC 6803 as new hosts for cyclic plant triterpene biosynthesis,"Cyclic triterpenes constitute one of the most diverse groups of plant natural products. Besides the intriguing biochemistry of their biosynthetic pathways, plant triterpenes exhibit versatile bioactivities, including antimicrobial effects against plant and human pathogens. While prokaryotes have been extensively used for the heterologous production of other classes of terpenes, the synthesis of cyclic triterpenes, which inherently includes the two-step catalytic formation of the universal linear precursor 2,3-oxidosqualene, is still a major challenge. We thus explored the suitability of the metabolically versatile photosynthetic α-proteobacterium Rhodobacter capsulatus SB1003 and cyanobacterium Synechocystis sp. PCC 6803 as alternative hosts for biosynthesis of cyclic plant triterpenes. Therefore, 2,3-oxidosqualene production was implemented and subsequently combined with different cyclization reactions catalyzed by the representative oxidosqualene cyclases CAS1 (cycloartenol synthase), LUP1 (lupeol synthase), THAS1 (thalianol synthase) and MRN1 (marneral synthase) derived from model plant Arabidopsis thaliana. While successful accumulation of 2,3-oxidosqualene could be detected by LC-MS analysis in both hosts, cyclase expression resulted in differential production profiles. CAS1 catalyzed conversion to only cycloartenol, but expression of LUP1 yielded lupeol and a triterpenoid matching an oxidation product of lupeol, in both hosts. In contrast, THAS1 expression did not lead to cyclic product formation in either host, whereas MRN1-dependent production of marnerol and hydroxymarnerol was observed in Synechocystis but not in R. capsulatus. Our findings thus indicate that 2,3-oxidosqualene cyclization in heterologous phototrophic bacteria is basically feasible but efficient conversion depends on both the respective cyclase enzyme and individual host properties. Therefore, photosynthetic α-proteo- and cyanobacteria are promising alternative candidates for providing new bacterial access to the broad class of triterpenes for biotechnological applications.",Jülich,DE,,False,https://openalex.org/W2781459072
8,Cyanobacterial Chassis Development,paper,2017,Isobutanol production in Synechocystis PCC 6803 using heterologous and endogenous alcohol dehydrogenases,"Isobutanol is a flammable compound that can be used as a biofuel due to its high energy density and suitable physical and chemical properties. In this study, we examined the capacity of engineered strains of Synechocystis PCC 6803 containing the α-ketoisovalerate decarboxylase from Lactococcus lactis and different heterologous and endogenous alcohol dehydrogenases (ADH) for isobutanol production. A strain expressing an introduced kivd without any additional copy of ADH produced 3 mg L−1 OD750−1 isobutanol in 6 days. After the cultures were supplemented with external addition of isobutyraldehyde, the substrate for ADH, 60.8 mg L−1 isobutanol was produced after 24 h when OD750 was 0.8. The in vivo activities of four different ADHs, two heterologous and two putative endogenous in Synechocystis, were examined and the Synechocystis endogenous ADH encoded by slr1192 showed the highest efficiency for isobutanol production. Furthermore, the strain overexpressing the isobutanol pathway on a self-replicating vector with the strong Ptrc promoter showed significantly higher gene expression and isobutanol production compared to the corresponding strains expressing the same operon introduced on the genome. Hence, this study demonstrates that Synechocystis endogenous AHDs have a high capacity for isobutanol production, and identifies kivd encoded α-ketoisovalerate decarboxylase as one of the likely bottlenecks for further isobutanol production. •Expression of kivd is the only requirement for isobutanol synthesis in Synechocystis.•ADH encoded by slr1192 is important for isobutanol production in Synechocystis.•Kivd is identified as one of the likely bottleneck for isobutanol production. Expression of kivd is the only requirement for isobutanol synthesis in Synechocystis. ADH encoded by slr1192 is important for isobutanol production in Synechocystis. Kivd is identified as one of the likely bottleneck for isobutanol production.",Uppsala,SE,,True,https://openalex.org/W2741378116
8,Cyanobacterial Chassis Development,paper,2017,Ethylene production with engineered Synechocystis sp PCC 6803 strains,"Metabolic engineering and synthetic biology of cyanobacteria offer a promising sustainable alternative approach for fossil-based ethylene production, by using sunlight via oxygenic photosynthesis, to convert carbon dioxide directly into ethylene. Towards this, both well-studied cyanobacteria, i.e., Synechocystis sp PCC 6803 and Synechococcus elongatus PCC 7942, have been engineered to produce ethylene by introducing the ethylene-forming enzyme (Efe) from Pseudomonas syringae pv. phaseolicola PK2 (the Kudzu strain), which catalyzes the conversion of the ubiquitous tricarboxylic acid cycle intermediate 2-oxoglutarate into ethylene. This study focuses on Synechocystis sp PCC 6803 and shows stable ethylene production through the integration of a codon-optimized version of the efe gene under control of the Ptrc promoter and the core Shine–Dalgarno sequence (5′-AGGAGG-3′) as the ribosome-binding site (RBS), at the slr0168 neutral site. We have increased ethylene production twofold by RBS screening and further investigated improving ethylene production from a single gene copy of efe, using multiple tandem promoters and by putting our best construct on an RSF1010-based broad-host-self-replicating plasmid, which has a higher copy number than the genome. Moreover, to raise the intracellular amounts of the key Efe substrate, 2-oxoglutarate, from which ethylene is formed, we constructed a glycogen-synthesis knockout mutant (ΔglgC) and introduced the ethylene biosynthetic pathway in it. Under nitrogen limiting conditions, the glycogen knockout strain has increased intracellular 2-oxoglutarate levels; however, surprisingly, ethylene production was lower in this strain than in the wild-type background. Making use of different RBS sequences, production of ethylene ranging over a 20-fold difference has been achieved. However, a further increase of production through multiple tandem promoters and a broad-host plasmid was not achieved speculating that the transcription strength and the gene copy number are not the limiting factors in our system.",Amsterdam,NL,,False,https://openalex.org/W2591148031
8,Cyanobacterial Chassis Development,paper,2018,Exploring native genetic elements as plug-in tools for synthetic biology in the cyanobacterium Synechocystis sp. PCC 6803,The results of this study provide useful and well characterized native tools for bioengineering work in the model cyanobacterium Synechocystis 6803.,St Louis,US,,False,https://openalex.org/W2805473272
8,Cyanobacterial Chassis Development,paper,2018,Expanding the Potential of CRISPR-Cpf1-Based Genome Editing Technology in the Cyanobacterium <i>Anabaena</i> PCC 7120,"CRISPR systems, such as CRISPR-Cas9 and CRISPR-Cpf1, have been successfully used for genome editing in a variety of organisms. Although the technique of CRISPR-Cpf1 has been applied in cyanobacteria recently, its use was limited without exploiting the full potential of such a powerful genetic system. Using the cyanobacterium Anabaena PCC 7120 as a model strain, we improved the tools and designed genetic strategies based on CRISPR-Cpf1, which enabled us to realize genetic experiments that have been so far difficult to do in cyanobacteria. The development includes: (1) a ""two-spacers"" strategy for single genomic modification, with a success rate close to 100%; (2) rapid multiple genome editing using editing plasmids with different resistance markers; (3) using sacB, a counter-selection marker conferring sucrose sensitivity, to enable the active loss of the editing plasmids and facilitate multiple rounds of genetic modification or phenotypic analysis; (4) manipulation of essential genes by the creation of conditional mutants, using as example, polA encoding the DNA polymerase I essential for DNA replication and repair; (5) large DNA fragment deletion, up to 118 kb, from the Anabaena chromosome, corresponding to the largest bacterial chromosomal region removed with CRISPR systems so far. The genome editing vectors and the strategies developed here will expand our ability to study and engineer cyanobacteria, which are extensively used for fundamental studies, biotechnological applications including biofuel production, and synthetic biology research. The vectors developed here have a broad host range, and could be readily used for genetic modification in other microorganisms.",Beijing,CN,,True,https://openalex.org/W2903970402
8,Cyanobacterial Chassis Development,paper,2018,Photosynthetic Production of Sunscreen Shinorine Using an Engineered Cyanobacterium,"Mycosporine-like amino acids (MAAs) are secondary metabolites of a variety of marine organisms including cyanobacteria and macroalgae. These compounds have strong ultraviolet (UV) absorption maxima between 310 and 362 nm and are biological sunscreens for counteracting the damaging effects of UV radiation in nature. The common MAA shinorine has been used as one key active ingredient of environmentally friendly sunscreen creams. Commercially used shinorine is isolated from one red algae that is generally harvested from the wild. Here, we describe the use of Synechocystis sp. PCC6803 as a host for the heterologous production of shinorine. We mined a shinorine gene cluster from the filamentous cyanobacterium Fischerella sp. PCC9339. When expressing the cluster in Synechocystis sp. PCC6803, we observed the production of shinorine using LC-MS analysis, but its productivity was three times lower than the native producer. Integrated transcriptional and metabolic profiling identified rate-limiting steps in the heterologous production of shinorine. The use of multiple promoters led to a 10-fold increase of its yield to 2.37 ± 0.21 mg/g dry biomass weight, comparable to commercially used shinorine producer. The UV protection of shinorine was further confirmed using the engineered Synechocystis sp. PCC6803. This work was the first time to demonstrate the photosynthetic overproduction of MAA. The results suggest that Synechocystis sp. PCC6803 can have broad applications as the synthetic biology chassis to produce other cyanobacterial natural products, expediting the translation of genomes into chemicals.",Gainesville,US,,False,https://openalex.org/W2781510265
8,Cyanobacterial Chassis Development,paper,2018,Translation efficiency of heterologous proteins is significantly affected by the genetic context of RBS sequences in engineered cyanobacterium Synechocystis sp. PCC 6803,"The study expands our current understanding on the potential and limitations associated with the regulation of protein expression at translational level in engineered cyanobacteria. The acquired information can be used for selecting appropriate RBSs for optimizing over-expression constructs or multicistronic pathways in Synechocystis, while underlining the complications in predicting the activity due to gene-specific interactions which may reduce the translational efficiency for a given RBS-gene combination. Ultimately, the findings emphasize the need for additional characterized insulator sequence elements to decouple the interaction between the RBS and the coding region for future engineering approaches.",Turku,FI,,False,https://openalex.org/W2795003040
8,Cyanobacterial Chassis Development,paper,2018,Expanding the toolbox for Synechocystis sp. PCC 6803: validation of replicative vectors and characterization of a novel set of promoters,"Cyanobacteria are promising ‘low-cost’ cell factories since they have minimal nutritional requirements, high metabolic plasticity and can use sunlight and CO2 as energy and carbon sources. The unicellular Synechocystis sp. PCC 6803, already considered the ‘green’ Escherichia coli, is the best studied cyanobacterium but to be used as an efficient and robust photoautotrophic chassis it requires a customized and well-characterized toolbox. In this context, we evaluated the possibility of using three self-replicative vectors from the Standard European Vector Architecture (SEVA) repository to transform Synechocystis. Our results demonstrated that the presence of the plasmid does not lead to an evident phenotype or hindered Synechocystis growth, being the vast majority of the cells able to retain the replicative plasmid even in the absence of selective pressure. In addition, a set of heterologous and redesigned promoters were characterized exhibiting a wide range of activities compared to the reference PrnpB, three of which could be efficiently repressed. As a proof-of-concept, from the expanded toolbox, one promoter was selected and assembled with the ggpS gene [encoding one of the proteins involved in the synthesis of the native compatible solute glucosylglycerol (GG)] and the synthetic device was introduced into Synechocystis using one of the SEVA plasmids. The presence of this device restored the production of the GG in a ggpS deficient mutant validating the functionality of the tools/device developed in this study.",Porto,PT,,True,https://openalex.org/W2887519529
8,Cyanobacterial Chassis Development,paper,2018,Regulatory tools for controlling gene expression in cyanobacteria,"Cyanobacteria are attractive hosts for converting carbon dioxide and sunlight into desirable chemical products. To engineer these organisms and manipulate their metabolic pathways, the biotechnology community has had to develop genetic tools to control gene expression. Many native cyanobacterial promoters and related sequence elements have been used to regulate genes of interest and heterologous tools that use non-native small molecules to induce gene expression have been demonstrated. Overall, IPTG-based induction systems seem to be very leaky and have low fold induction ratios in cyanobacteria. A variety of other induction systems have been optimized to enable tighter control of gene expression. There are substantial differences in performance of many of these promoters and induction systems in cyanobacteria compared to E. coli, and we hypothesize that these differences are due to fundamental differences in physiology between organisms. This review is not intended to summarize all known products made in cyanobacteria and nor the performance (titer, rate, yield) of individual strains, but instead will focus on the genetic tools used to control gene expression the inherent aspects of cellular physiology that influence and control gene expression in cyanobacteria.",Madison,US,,False,https://openalex.org/W2886454124
8,Cyanobacterial Chassis Development,paper,2018,A glutamine riboswitch is a key element for the regulation of glutamine synthetase in cyanobacteria,"As the key enzyme of bacterial nitrogen assimilation, glutamine synthetase (GS) is tightly regulated. In cyanobacteria, GS activity is controlled by the interaction with inactivating protein factors IF7 and IF17 encoded by the genes gifA and gifB, respectively. We show that a glutamine-binding aptamer within the gifB 5′ UTR of Synechocystis sp. PCC 6803 is critical for the expression of IF17. Binding of glutamine induced structural re-arrangements in this RNA element leading to enhanced protein synthesis in vivo and characterizing it as a riboswitch. Mutagenesis showed the riboswitch mechanism to contribute at least as much to the control of gene expression as the promoter-mediated transcriptional regulation. We suggest this and a structurally related but distinct element, to be designated type 1 and type 2 glutamine riboswitches. Extended biocomputational searches revealed that glutamine riboswitches are exclusively but frequently found in cyanobacterial genomes, where they are primarily associated with gifB homologs. Hence, this RNA-based sensing mechanism is common in cyanobacteria and establishes a regulatory feedback loop that couples the IF17-mediated GS inactivation to the intracellular glutamine levels. Together with the previously described sRNA NsiR4, these results show that non-coding RNA is an indispensable component in the control of nitrogen assimilation in cyanobacteria.",Leipzig,DE,,False,https://openalex.org/W2886545852
8,Cyanobacterial Chassis Development,paper,2018,Enhancement of photosynthetic isobutanol production in engineered cells of Synechocystis PCC 6803,"Cyanobacteria, oxygenic photoautotrophic prokaryotes, can be engineered to produce various valuable chemicals from solar energy and CO2 in direct processes. The concept of photosynthetic production of isobutanol, a promising chemical and drop-in biofuel, has so far been demonstrated for Synechocystis PCC 6803 and Synechococcus elongatus PCC 7942. In Synechocystis PCC 6803, a heterologous expression of α-ketoisovalerate decarboxylase (Kivd) from Lactococcus lactis resulted in an isobutanol and 3-methyl-1-butanol producing strain. Kivd was identified as a bottleneck in the metabolic pathway and its activity was further improved by reducing the size of its substrate-binding pocket with a single replacement of serine-286 to threonine (KivdS286T). However, isobutanol production still remained low. In the present study, we report on how cultivation conditions significantly affect the isobutanol production in Synechocystis PCC 6803. A HCl-titrated culture grown under medium light (50 μmol photons m−2 s−1) showed the highest isobutanol production with an in-flask titer of 194 mg l−1 after 10 days and 435 mg l−1 at day 40. This corresponds to a cumulative isobutanol production of 911 mg l−1, with a maximal production rate of 43.6 mg l−1 day−1 observed between days 4 and 6. Additional metabolic bottlenecks in the isobutanol biosynthesis pathway were further addressed. The expression level of KivdS286T was significantly affected when co-expressed with another gene downstream in a single operon and in a convergent oriented operon. Moreover, the expression of the ADH encoded by codon-optimized slr1192 and co-expression of IlvC and IlvD were identified as potential approaches to further enhance isobutanol production in Synechocystis PCC 6803. The present study demonstrates the importance of a suitable cultivation condition to enhance isobutanol production in Synechocystis PCC 6803. Chemostat should be used to further increase both the total titer as well as the rate of production. Furthermore, identified bottleneck, Kivd, should be expressed at the highest level to further enhance isobutanol production. The online version of this article (10.1186/s13068-018-1268-8) contains supplementary material, which is available to authorized users.",Uppsala,SE,,True,https://openalex.org/W2893069573
8,Cyanobacterial Chassis Development,paper,2018,Design and characterization of a synthetic minimal promoter for heterocyst-specific expression in filamentous cyanobacteria,"Short and well defined promoters are essential for advancing cyanobacterial biotechnology. The heterocyst of Nostoc sp. is suggested as a microbial cell factory for oxygen sensitive catalysts, such as hydrogenases for hydrogen production, due to its microoxic environment. We identified and predicted promoter elements of possible significance through a consensus strategy using a pool of heterocyst-induced DIF+ promoters known from Anabaena sp. PCC 7120. To test if these conserved promoter elements were crucial for heterocyst-specific expression, promoter-yfp reporter constructs were designed. The characterization was accomplished by replacing, -35 and -10 regions and the upstream element, with well described elements from the trc promoter of Escherichia coli, which is also functional in Nostoc sp. From the in vivo spatial fluorescence of the different promoter-yfp reporters in Nostoc punctiforme ATCC 29133, we concluded that both the consensus -35 and extended -10 regions were important for heterocyst-specific expression. Further that the promoter strength could be improved by the addition of an upstream element. We designed a short synthetic promoter of 48 nucleotides, PsynDIF, including a consensus DIF1 sequence, a 17 base pair stretch of random nucleotides and an extended consensus -10 region, and thus generated the shortest promoter for heterocyst-specific expression to date.",Uppsala,SE,,False,https://openalex.org/W2791319306
8,Cyanobacterial Chassis Development,paper,2018,Construction of a Shuttle Vector Using an Endogenous Plasmid From the Cyanobacterium Synechocystis sp. PCC6803,"To advance synthetic biology in the photosynthetic cyanobacterium Synechocystis sp. PCC6803 (Syn6803), we constructed a shuttle vector with some versatile features. This shuttle vector, pSCB-YFP, consists of a putative replicon identified on the plasmid pCC5.2, the origin of replication of pMB1 from E. coli, as well as the YFP reporter gene and a spectinomycin/streptomycin resistance cassette. pSCB-YFP is stably maintained in Syn6803M (a motile strain that lacks the endogenous pCC5.2) and expresses YFP. In addition, we engineered a fragment into pSCB-YFP that has multiple cloning sites and other features such that this plasmid can also be used as an expression vector (pSCBe). The shuttle vector pSCB-YFP can be stably maintained for at least 50 generations without antibiotic selection. It is a high copy number plasmid and can stably co-exist with the RSF1010-based pPMQAK1-GFP.",Washington,US,,False,https://openalex.org/W2883620774
8,Cyanobacterial Chassis Development,paper,2018,Translation efficiency of heterologous proteins is significantly affected by the genetic context of RBS sequences in engineered cyanobacterium Synechocystis sp. PCC 6803,"Photosynthetic cyanobacteria have been studied as potential host organisms for direct solar-driven production of different carbon-based chemicals from CO2 and water, as part of the development of sustainable future biotechnological applications. The engineering approaches, however, are still limited by the lack of comprehensive information on most optimal expression strategies and validated species-specific genetic elements which are essential for increasing the intricacy, predictability and efficiency of the systems. This study focused on the systematic evaluation of the key translational control elements, ribosome binding sites (RBS), in the cyanobacterial host Synechocystis sp. PCC 6803, with the objective of expanding the palette of tools for more rigorous engineering approaches. An expression system was established for the comparison of 13 selected RBS sequences in Synechocystis, using several alternative reporter proteins (sYFP2, codon-optimized GFPmut3 and ethylene forming enzyme) as quantitative indicators of the relative translation efficiencies. The set-up was shown to yield highly reproducible expression patterns in independent analytical series with low variation between biological replicates, thus allowing statistical comparison of the activities of the different RBSs in vivo. While the RBSs covered a relatively broad overall expression level range, the downstream gene sequence was demonstrated in a rigorous manner to have a clear impact on the resulting translational profiles. This was expected to reflect interfering sequence-specific mRNA-level interaction between the RBS and the coding region, yet correlation between potential secondary structure formation and observed translation levels could not be resolved with existing in silico prediction tools. The study expands our current understanding on the potential and limitations associated with the regulation of protein expression at translational level in engineered cyanobacteria. The acquired information can be used for selecting appropriate RBSs for optimizing over-expression constructs or multicistronic pathways in Synechocystis, while underlining the complications in predicting the activity due to gene-specific interactions which may reduce the translational efficiency for a given RBS-gene combination. Ultimately, the findings emphasize the need for additional characterized insulator sequence elements to decouple the interaction between the RBS and the coding region for future engineering approaches. The online version of this article (10.1186/s12934-018-0882-2) contains supplementary material, which is available to authorized users.",Turku,FI,,False,https://openalex.org/W2795003040
8,Cyanobacterial Chassis Development,paper,2019,New Applications of Synthetic Biology Tools for Cyanobacterial Metabolic Engineering,"Cyanobacteria are promising microorganisms for sustainable biotechnologies, yet unlocking their potential requires radical re-engineering and application of cutting-edge synthetic biology techniques. In recent years, the available devices and strategies for modifying cyanobacteria have been increasing, including advances in the design of genetic promoters, ribosome binding sites, riboswitches, reporter proteins, modular vector systems, and markerless selection systems. Because of these new toolkits, cyanobacteria have been successfully engineered to express heterologous pathways for the production of a wide variety of valuable compounds. Cyanobacterial strains with the potential to be used in real-world applications will require the refinement of genetic circuits used to express the heterologous pathways and development of accurate models that predict how these pathways can be best integrated into the larger cellular metabolic network. Herein, we review advances that have been made to translate synthetic biology tools into cyanobacterial model organisms and summarize experimental and <i>in silico</i> strategies that have been employed to increase their bioproduction potential. Despite the advances in synthetic biology and metabolic engineering during the last years, it is clear that still further improvements are required if cyanobacteria are to be competitive with heterotrophic microorganisms for the bioproduction of added-value compounds.",East Lansing,US,,False,https://openalex.org/W2917843259
8,Cyanobacterial Chassis Development,paper,2019,Emerging Species and Genome Editing Tools: Future Prospects in Cyanobacterial Synthetic Biology,"Recent advances in synthetic biology and an emerging algal biotechnology market have spurred a prolific increase in the availability of molecular tools for cyanobacterial research. Nevertheless, work to date has focused primarily on only a small subset of model species, which arguably limits fundamental discovery and applied research towards wider commercialisation. Here, we review the requirements for uptake of new strains, including several recently characterised fast-growing species and promising non-model species. Furthermore, we discuss the potential applications of new techniques available for transformation, genetic engineering and regulation, including an up-to-date appraisal of current Clustered Regularly Interspaced Short Palindromic Repeats/CRISPR associated protein (CRISPR/Cas) and CRISPR interference (CRISPRi) research in cyanobacteria. We also provide an overview of several exciting molecular tools that could be ported to cyanobacteria for more advanced metabolic engineering approaches (e.g., genetic circuit design). Lastly, we introduce a forthcoming mutant library for the model species <i>Synechocystis</i> sp. PCC 6803 that promises to provide a further powerful resource for the cyanobacterial research community.",Edinburgh,GB,,False,https://openalex.org/W2977031274
8,Cyanobacterial Chassis Development,paper,2019,Synthetic Biology Toolkits for Metabolic Engineering of Cyanobacteria,"Cyanobacteria are of great importance to Earth's ecology. Due to their capability in photosynthesis and C1 metabolism, they are ideal microbial chassis that can be engineered for direct conversion of carbon dioxide and solar energy into biofuels and biochemicals. Facilitated by the elucidation of the basic biology of the photoautotrophic microbes and rapid advances in synthetic biology, genetic toolkits have been developed to enable implementation of nonnatural functionalities in engineered cyanobacteria. Hence, cyanobacteria are fast becoming an emerging platform in synthetic biology and metabolic engineering. Herein, the progress made in the synthetic biology toolkits for cyanobacteria and their utilization for transforming cyanobacteria into microbial cell factories for sustainable production of biofuels and biochemicals is outlined. Current techniques in heterologous gene expression, strategies in genome editing, and development of programmable regulatory parts and modules for engineering cyanobacteria towards biochemical production are discussed and prospected. As cyanobacteria synthetic biology is still in its infancy, apart from the achievements made, the difficulties and challenges in applying and developing genetic toolkits in cyanobacteria for biochemical production are also evaluated.",Singapore,SG,,True,https://openalex.org/W2925474198
8,Cyanobacterial Chassis Development,paper,2019,The Synthetic Biology Toolkit for Photosynthetic Microorganisms,"Cyanobacteria and algae are photosynthetic microorganisms that are emerging as attractive hosts for synthetic biology applications, ranging from metabolic engineering for the production of industrial biochemicals to microbial energy storage. Photosynthetic microbes have a unique combination of characteristics that drives their consideration for synthetic biology, including relatively simple physiology, fast photosynthetic growth, an availability of model systems, and useful subcellular structures. However, their development as synthetic biology hosts/chassis has been relatively slow compared to that of model heterotrophs. Here we review current synthetic biology tools and applications in photosynthetic microbes and identify opportunities and challenges moving into the future. We focus on cyanobacteria as model photosynthetic prokaryotes, specifically the freshwater unicellular species Synechocystis sp PCC 6803 and Synechococcus elongatus PCC 7942, the marine unicellular species Synechococcus sp PCC 7002, and the nitrogen fixing filamentous species Nostoc sp PCC 7120. Moreover, we present algae as model photosynthetic eukaryotes, specifically the unicellular green alga Chlamydomonas reinhardtii and the diatom Phaeodactylum tricornutum. Finally, we include an examination of some emerging systems. For each organism, the toolbox of genetic parts, high-throughput assembly systems, and other methods that are key components to facilitate synthetic biology are described. Challenges and future directions for synthetic biology and its applications in photosynthetic microorganisms are also discussed.",Brisbane,AU,,False,https://openalex.org/W2953741644
8,Cyanobacterial Chassis Development,paper,2019,Applications of stable isotope‐based metabolomics and fluxomics toward synthetic biology of cyanobacteria,"Unique features of cyanobacteria (e.g., photosynthesis and nitrogen fixation) make them potential candidates for production of biofuels and other value-added biochemicals. As prokaryotes, they can be readily engineered using synthetic and systems biology tools. Metabolic engineering of cyanobacteria for the synthesis of desired compounds requires in-depth knowledge of central carbon and nitrogen metabolism, pathway fluxes, and their regulation. Metabolomics and fluxomics offer the comprehensive analysis of metabolism by directly characterizing the biochemical activities of cells. This information is acquired by measuring the abundance of key metabolites and their rates of interconversion, which can be achieved by labeling cells with stable isotopes, quantifying metabolite pool sizes and isotope incorporation by gas chromatography/liquid chromatography-mass spectrometry GC/LC-MS or nuclear magnetic resonance (NMR), and mathematical modeling to estimate in vivo metabolic fluxes. Herein, we review progress that has been made to adapt metabolomics and fluxomics tools to examine model cyanobacterial species. We summarize the application of metabolic flux analysis (MFA) strategies to identify metabolic bottlenecks that can be targeted to boost cell growth, improve stress tolerance, or enhance biochemical production in cyanobacteria. Despite the advances in metabolomics, fluxomics, and other synthetic and systems biology tools during the past years, further efforts are required to increase our understanding of cyanobacterial metabolism in order to create efficient photosynthetic hosts for the production of value-added compounds. This article is categorized under: Laboratory Methods and Technologies > Metabolomics Biological Mechanisms > Metabolism Analytical and Computational Methods > Analytical Methods.",Nashville,US,,True,https://openalex.org/W2995019602
8,Cyanobacterial Chassis Development,paper,2019,Cyanobacterial Cell Factories for Improved Carotenoid Biosynthesis through a Synthetic Biology Approach,"Cyanobacteria are photosynthetic prokaryotes. Owing to their efficient photosynthesis ability over other photoautotrophs, simple cell organization, and competency for molecular modification, they have been widely exploited as “green-factories” for production of value-added compounds like carotenoids. Carotenoids are industrially important fine chemicals used in food, pharmaceutical, and cosmetic products. Cyanobacteria, being photosynthetic, can naturally synthesize carotenoids as cellular antioxidants. However, successful demonstrations have been made by the researchers to improve their carotenoid content through genetic engineering. Cyanobacteria are considered low-input, high-output hosts, where such a pathway engineering approach leverages their significance for the commercial markets. This chapter focuses on two important aspects of cyanobacteria as a next-generation resource for biomanufacturing: the significance of carotenoids in cyanobacterial photosynthesis and synthetic biology attributes in the area of cyanobacterial genome editing and engineering them for improved carotenoid yields for commercial exploitation.",Tempe,US,,False,https://openalex.org/W2992096572
8,Cyanobacterial Chassis Development,paper,2019,CyanoGate: A Modular Cloning Suite for Engineering Cyanobacteria Based on the Plant MoClo Syntax,"Recent advances in synthetic biology research have been underpinned by an exponential increase in available genomic information and a proliferation of advanced DNA assembly tools. The adoption of plasmid vector assembly standards and parts libraries has greatly enhanced the reproducibility of research and the exchange of parts between different labs and biological systems. However, a standardized modular cloning (MoClo) system is not yet available for cyanobacteria, which lag behind other prokaryotes in synthetic biology despite their huge potential regarding biotechnological applications. By building on the assembly library and syntax of the Plant Golden Gate MoClo kit, we have developed a versatile system called CyanoGate that unites cyanobacteria with plant and algal systems. Here, we describe the generation of a suite of parts and acceptor vectors for making (1) marked/unmarked knock-outs or integrations using an integrative acceptor vector, and (2) transient multigene expression and repression systems using known and previously undescribed replicative vectors. We tested and compared the CyanoGate system in the established model cyanobacterium <i>Synechocystis</i> sp. PCC 6803 and the more recently described fast-growing strain <i>Synechococcus elongatus</i> UTEX 2973. The UTEX 2973 fast-growth phenotype was only evident under specific growth conditions; however, UTEX 2973 accumulated high levels of proteins with strong native or synthetic promoters. The system is publicly available and can be readily expanded to accommodate other standardized MoClo parts to accelerate the development of reliable synthetic biology tools for the cyanobacterial community.",Edinburgh,GB,,False,https://openalex.org/W2919821266
8,Cyanobacterial Chassis Development,paper,2019,Progress and challenges in engineering cyanobacteria as chassis for light‐driven biotechnology,"Cyanobacteria are prokaryotic phototrophs that, in addition to being excellent model organisms for studying photosynthesis, have tremendous potential for light-driven synthetic biology and biotechnology. These versatile and resilient microorganisms harness the energy of sunlight to oxidise water, generating chemical energy (ATP) and reductant (NADPH) that can be used to drive sustainable synthesis of high-value natural products in genetically modified strains. In this commentary article for the Synthetic Microbiology Caucus we discuss the great progress that has been made in engineering cyanobacterial hosts as microbial cell factories for solar-powered biosynthesis. We focus on some of the main areas where the synthetic biology and metabolic engineering tools in cyanobacteria are not as advanced as those in more widely used heterotrophic chassis, and go on to highlight key improvements that we feel are required to unlock the full power of cyanobacteria for future green biotechnology.",Sheffield,GB,,False,https://openalex.org/W2996875961
8,Cyanobacterial Chassis Development,paper,2019,"CyanoFactory, a European consortium to develop technologies needed to advance cyanobacteria as chassis for production of chemicals and fuels","CyanoFactory, Design, construction and demonstration of solar biofuel production using novel (photo)synthetic cell factories, was an R&D project developed in response to the European Commission FP7-ENERGY-2012-1 call “Future Emerging Technologies” and the need for significant advances in both new science and technologies to convert solar energy into a fuel. CyanoFactory was an example of “purpose driven” research and development with identified scientific goals and creation of new technologies. The present overview highlights significant outcomes of the project, three years after its successful completion. The scientific progress of CyanoFactory involved: (i) development of a ToolBox for cyanobacterial synthetic biology; (ii) construction of DataWarehouse/Bioinformatics web-based capacities and functions; (iii) improvement of chassis growth, functionality and robustness; (iv) introduction of custom designed genetic constructs into cyanobacteria, (v) improvement of photosynthetic efficiency towards hydrogen production; (vi) biosafety mechanisms; (vii) analyses of the designed cyanobacterial cells to identify bottlenecks with suggestions on further improvements; (viii) metabolic modelling of engineered cells; (ix) development of an efficient laboratory scale photobioreactor unit; and (x) the assembly and experimental performance assessment of a larger (1350 L) outdoor flat panel photobioreactor system during two seasons. CyanoFactory - Custom design and purpose construction of microbial cells for the production of desired products using synthetic biology – aimed to go beyond conventional paths to pursue innovative and high impact goals. CyanoFactory brought together ten leading European partners (universities, research organizations and enterprises) with a common goal – to develop the future technologies in Synthetic biology and Advanced photobioreactors.",Uppsala,SE,,True,https://openalex.org/W2945145316
8,Cyanobacterial Chassis Development,paper,2019,Genetic Modification of Cyanobacteria by Conjugation Using the CyanoGate Modular Cloning Toolkit,"Cyanobacteria are a diverse group of prokaryotic photosynthetic organisms that can be genetically modified for the renewable production of useful industrial commodities. Recent advances in synthetic biology have led to development of several cloning toolkits such as CyanoGate, a standardized modular cloning system for building plasmid vectors for subsequent transformation or conjugal transfer into cyanobacteria. Here we outline a detailed method for assembling a self-replicating vector (e.g., carrying a fluorescent marker expression cassette) and conjugal transfer of the vector into the cyanobacterial strains Synechocystis sp. PCC 6803 or Synechococcus elongatus UTEX 2973. In addition, we outline how to characterize the performance of a genetic part (e.g., a promoter) using a plate reader or flow cytometry.",Évry-Courcouronnes,FR,,False,https://openalex.org/W2982428525
8,Cyanobacterial Chassis Development,paper,2019,Engineered production of hapalindole alkaloids in the cyanobacterium Synechococcus sp. UTEX 2973,"Cyanobacteria produce numerous invaluable bioactive secondary metabolites (natural products) including alkaloids, isoprenoids, non-ribosomal peptides, and polyketides. However, the genomic organization of the biosynthetic gene clusters, complex gene expression patterns, and low compound yields synthesized by the native producers currently limits access to the vast majority of these valuable molecules for detailed studies. Molecular cloning and expression of such clusters in heterotrophic hosts is often precarious owing to genetic and biochemical incompatibilities. Production of such biomolecules in photoautotrophic hosts analogous to the native producers is an attractive alternative that has been under-explored. Here, we describe engineering of the fast-growing cyanobacterium Synechococcus elongatus UTEX 2973 to produce key compounds of the hapalindole family of indole-isonitrile alkaloids. Engineering of the 42-kbp “fam” hapalindole pathway from the cyanobacterium Fischerella ambigua UTEX 1903 into S2973 was accomplished by rationally re-constructing six to seven core biosynthetic genes into synthetic operons. The resulting Synechococcus strains afforded controllable production of indole-isonitrile biosynthetic intermediates and hapalindoles H and 12-epi-hapalindole U at a titer of 0.75 – 3 mg/L. Exchanging genes encoding fam cyclase enzymes in the synthetic operons was employed to control the stereochemistry of the resulting product. Establishing a robust expression system provides a facile route to scalable levels of similar natural and new forms of bioactive hapalindole derivatives and its structural relatives (e. g. fischerindoles, welwitindolinones). Moreover, this versatile expression system represents a promising tool for exploring other functional characteristics of orphan gene products that mediate the remarkable biosynthesis of this important family of natural products.",St Louis,US,,True,https://openalex.org/W2957020610
8,Cyanobacterial Chassis Development,paper,2019,The effect of modulating the quantity of enzymes in a model ethanol pathway on metabolic flux in Synechocystis sp. PCC 6803,"Synthetic metabolism allows new metabolic capabilities to be introduced into strains for biotechnology applications. Such engineered metabolic pathways are unlikely to function optimally as initially designed and native metabolism may not efficiently support the introduced pathway without further intervention. To develop our understanding of optimal metabolic engineering strategies, a two-enzyme ethanol pathway consisting of pyruvate decarboxylase and acetaldehyde reductase was introduced into Synechocystis sp. PCC 6803. We characteriseda new set of ribosome binding site sequences in Synechocystis sp. PCC 6803 providing a range of translation strengths for different genes under test. The effect of ribosome-bindingsite sequence, operon design and modifications to native metabolism on pathway flux was analysed by HPLC. The accumulation of all introduced proteins was also quantified using selected reaction monitoring mass spectrometry. Pathway productivity was more strongly dependent on the accumulation of pyruvate decarboxylase than acetaldehyde reductase. In fact, abolishment of reductase over-expression resulted in the greatest ethanol productivity, most likely because strains harbouringsingle-gene constructs accumulated more pyruvate decarboxylase than strains carrying any of the multi-gene constructs. Overall, several lessons were learned. Firstly, the expression level of the first gene in anyoperon influenced the expression level of subsequent genes, demonstrating that translational coupling can also occur in cyanobacteria. Longer operons resulted in lower protein abundance for proximally-encoded cistrons. And, implementation of metabolic engineering strategies that have previously been shown to enhance the growth or yield of pyruvate dependent products, through co-expression with pyruvate kinase and/or fructose-1,6-bisphosphatase/sedoheptulose-1,7-bisphosphatase, indicated that other factors had greater control over growth and metabolic flux under the tested conditions.",London,GB,,True,https://openalex.org/W2970864060
8,Cyanobacterial Chassis Development,paper,2019,Transcriptional Terminators Allow Leak-Free Chromosomal Integration of Genetic Constructs in Cyanobacteria,"Cyanobacteria are promising candidates for sustainable bioproduction of chemicals from sunlight and carbon dioxide. However, the genetics and metabolism of cyanobacteria are less well understood than those of model heterotrophic organisms, and the suite of well-characterised cyanobacterial genetic tools and parts is less mature and complete. Transcriptional terminators use specific RNA structures to halt transcription and are routinely used in both natural and recombinant contexts to achieve independent control of gene expression and to ‘insulate’ genes and operons from one another. Insulating gene expression can be particularly important when heterologous or synthetic genetic constructs are inserted at genomic locations where transcriptional read-through from chromosomal promoters occurs, resulting in poor control of expression of the introduced genes. To date, few terminators have been described and characterised in cyanobacteria. In this work, nineteen heterologous, synthetic or putative native Rho-independent (intrinsic) terminators were tested in the model freshwater cyanobacterium, Synechocystis sp. PCC 6803, from which eleven strong terminators were identified. A subset of these strong terminators was then used to successfully insulate a chromosomally–integrated, rhamnose-inducible rhaBAD expression system from hypothesised ‘read-through’ from a neighbouring chromosomal promoter, resulting in greatly improved inducible control. The addition of validated strong terminators to the cyanobacterial toolkit will allow improved independent control of introduced genes.",London,GB,,False,https://openalex.org/W2967109725
8,Cyanobacterial Chassis Development,paper,2019,The role of the tyrosine kinase Wzc (Sll0923) and the phosphatase Wzb (Slr0328) in the production of extracellular polymeric substances (EPS) by Synechocystis PCC 6803,"Many cyanobacteria produce extracellular polymeric substances (EPS) mainly composed of heteropolysaccharides with unique characteristics that make them suitable for biotechnological applications. However, manipulation/optimization of EPS biosynthesis/characteristics is hindered by a poor understanding of the production pathways and the differences between bacterial species. In this work, genes putatively related to different pathways of cyanobacterial EPS polymerization, assembly, and export were targeted for deletion or truncation in the unicellular Synechocystis sp. PCC 6803. No evident phenotypic changes were observed for some mutants in genes occurring in multiple copies in Synechocystis genome, namely ∆wzy (∆sll0737), ∆wzx (∆sll5049), ∆kpsM (∆slr2107), and ∆kpsM∆wzy (∆slr2107∆sll0737), strongly suggesting functional redundancy. In contrast, Δwzc (Δsll0923) and Δwzb (Δslr0328) influenced both the amount and composition of the EPS, establishing that Wzc participates in the production of capsular (CPS) and released (RPS) polysaccharides, and Wzb affects RPS production. The structure of Wzb was solved (2.28 Å), revealing structural differences relative to other phosphatases involved in EPS production and suggesting a different substrate recognition mechanism. In addition, Wzc showed the ATPase and autokinase activities typical of bacterial tyrosine kinases. Most importantly, Wzb was able to dephosphorylate Wzc in vitro, suggesting that tyrosine phosphorylation/dephosphorylation plays a role in cyanobacterial EPS production.",Porto,PT,,False,https://openalex.org/W2915032335
8,Cyanobacterial Chassis Development,paper,2020,Recent advances in synthetic biology of cyanobacteria for improved chemicals production,"Cyanobacteria are Gram-negative photoautotrophic prokaryotes and have shown great importance to the Earth's ecology. Based on their capability in oxygenic photosynthesis and genetic merits, they can be engineered as microbial chassis for direct conversion of carbon dioxide to value-added biofuels and chemicals. In the last decades, attempts have given to the application of synthetic biology tools and approaches in the development of cyanobacterial cell factories. Despite the successful proof-of-principle studies, large-scale application is still a technical challenge due to low yields of bioproducts. Therefore, recent efforts are underway to characterize and develop genetic regulatory parts and strategies for the synthetic biology applications in cyanobacteria. In this review, we present the recent advancements and application in cyanobacterial synthetic biology toolboxes. We also discuss the limitations and future perspectives for using such novel tools in cyanobacterial biotechnology.",Gainesville,US,,True,https://openalex.org/W3095351324
8,Cyanobacterial Chassis Development,paper,2020,Current Status and Future Strategies to Increase Secondary Metabolite Production from Cyanobacteria,"Cyanobacteria, given their ability to produce various secondary metabolites utilizing solar energy and carbon dioxide, are a potential platform for sustainable production of biochemicals. Until now, conventional metabolic engineering approaches have been applied to various cyanobacterial species for enhanced production of industrially valued compounds, including secondary metabolites and non-natural biochemicals. However, the shortage of understanding of cyanobacterial metabolic and regulatory networks for atmospheric carbon fixation to biochemical production and the lack of available engineering tools limit the potential of cyanobacteria for industrial applications. Recently, to overcome the limitations, synthetic biology tools and systems biology approaches such as genome-scale modeling based on diverse omics data have been applied to cyanobacteria. This review covers the synthetic and systems biology approaches for advanced metabolic engineering of cyanobacteria.",Daejeon,KR,,False,https://openalex.org/W3107702438
8,Cyanobacterial Chassis Development,paper,2020,"A Library of Tunable, Portable, and Inducer-Free Promoters Derived from Cyanobacteria","Cyanobacteria are emerging as hosts for various biotechnological applications. The ability to engineer these photosynthetic prokaryotes greatly depends on the availability of well-characterized promoters. Inducer-free promoters of a range of activities may be desirable for the eventual large-scale, outdoor cultivations. Further, several native promoters of cyanobacteria are repressed by high carbon dioxide or light, and it would be of interest to alter this property. We started with P<sub>rbcL</sub> and P<sub>cpcB</sub>, the well-characterized native promoters of the model cyanobacterium <i>Synechococcus elongatus</i> PCC 7942, found upstream of the two abundantly expressed genes, Ribulose-1,5-Bisphosphate Carboxylase/Oxygenase, and phycocyanin β-1 subunit, respectively. The library of 48 promoters created via error-prone PCR of these 300-bp-long native promoters showed 2 orders of magnitude dynamic range with activities that were both lower and higher than those of the wild-type promoters. A few mutants of the P<sub>rbcL</sub> showed greater strength than P<sub>cpcB</sub>, which is widely considered a superstrong promoter. A number of mutant promoters did not show repression by high CO<sub>2</sub> or light, typically found for P<sub>rbcL</sub> and P<sub>cpcB</sub>, respectively. Further, the wild-type and mutant promoters showed comparable activities in the fast-growing and stress-tolerant strains <i>S. elongatus</i> PCC 11801 and PCC 11802, suggesting that the library can be used in different cyanobacteria. Interestingly, the majority of the promoters showed strong expression in <i>E. coli</i>, thus adding to the repertoire of inducer-free promoters for this heterotrophic workhorse. Our results have implications in the metabolic engineering of cyanobacteria and <i>E. coli</i>.",Mumbai,IN,,True,https://openalex.org/W3035980325
8,Cyanobacterial Chassis Development,paper,2020,High density cultivation for efficient sesquiterpenoid biosynthesis in Synechocystis sp. PCC 6803,"Cyanobacteria and microalgae are attractive photoautotrophic host systems for climate-friendly production of fuels and other value-added biochemicals. However, for economic applications further development and implementation of efficient and sustainable cultivation strategies are essential. Here, we present a comparative study on cyanobacterial sesquiterpenoid biosynthesis in Synechocystis sp. PCC 6803 using a commercial lab-scale High Density Cultivation (HDC) platform in the presence of dodecane as in-situ extractant. Operating in a two-step semi-batch mode over a period of eight days, volumetric yields of (E)-α-bisabolene were more than two orders of magnitude higher than previously reported for cyanobacteria, with final titers of 179.4 ± 20.7 mg * L−1. Likewise, yields of the sesquiterpene alcohols (−)-patchoulol and (−)-α-bisabolol were many times higher than under reference conditions, with final titers of 17.3 ± 1.85 mg * L−1 and 96.3 ± 2.2 mg * L−1, respectively. While specific productivity was compromised particularly for (E)-α-bisabolene in the HDC system during phases of high biomass accumulation rates, volumetric productivity enhancements during linear growth at high densities were more pronounced for (E)-α-bisabolene than for the hydroxylated terpenoids. Together, this study provides additional insights into cell density-related process characteristics, introducing HDC as highly efficient strategy for phototrophic terpenoid production in cyanobacteria.",Uppsala,SE,,True,https://openalex.org/W3014785163
8,Cyanobacterial Chassis Development,paper,2020,Regulatory systems for gene expression control in cyanobacteria,"As photosynthetic microbes, cyanobacteria are attractive hosts for the production of high-value molecules from CO2 and light. Strategies for genetic engineering and tightly controlled gene expression are essential for the biotechnological application of these organisms. Numerous heterologous or native promoter systems were used for constitutive and inducible expression, yet many of them suffer either from leakiness or from a low expression output. Anyway, in recent years, existing systems have been improved and new promoters have been discovered or engineered for cyanobacteria. Moreover, alternative tools and strategies for expression control such as riboswitches, riboregulators or genetic circuits have been developed. In this mini-review, we provide a broad overview on the different tools and approaches for the regulation of gene expression in cyanobacteria and explain their advantages and disadvantages.",Vienna,AT,,False,https://openalex.org/W3002050175
8,Cyanobacterial Chassis Development,paper,2020,Introduction of a green algal squalene synthase enhances squalene accumulation in a strain of Synechocystis sp. PCC 6803,"Squalene is a triterpene which is produced as a precursor for a wide range of terpenoid compounds in many organisms. It has commercial use in food and cosmetics but could also be used as a feedstock for production of chemicals and fuels, if generated sustainably on a large scale. We have engineered a cyanobacterium, Synechocystis sp. PCC 6803, for production of squalene from CO2. In this organism, squalene is produced via the methylerythritol-phosphate (MEP) pathway for terpenoid biosynthesis, and consumed by the enzyme squalene hopene cyclase (Shc) for generation of hopanoids. The gene encoding Shc in Synechocystis was inactivated (Δshc) by insertion of a gene encoding a squalene synthase from the green alga Botryococcus braunii, under control of an inducible promoter. We could demonstrate elevated squalene generation in cells where the algal enzyme was induced. Heterologous overexpression of genes upstream in the MEP pathway further enhanced the production of squalene, to a level three times higher than the Δshc background strain. During growth in flat panel bioreactors, a squalene titer of 5.1 ​mg/L of culture was reached. •Squalene synthase from Botryococcus braunii was introduced in Synechocystis.•Expression of the B.braunii enzyme resulted in enhanced production of squalene.•Expression of MEP pathway genes led to further increase in squalene accumulation.•Substrate was redirected from pigments towards squalene formation. Squalene synthase from Botryococcus braunii was introduced in Synechocystis. Expression of the B.braunii enzyme resulted in enhanced production of squalene. Expression of MEP pathway genes led to further increase in squalene accumulation. Substrate was redirected from pigments towards squalene formation.",Uppsala,SE,,False,https://openalex.org/W3006627895
8,Cyanobacterial Chassis Development,paper,2021,Bioremediation of Per- and Poly-Fluoroalkyl Substances (PFAS) by Synechocystis sp. PCC 6803: A Chassis for a Synthetic Biology Approach,"One of the main concerns in industrialized countries is represented by per- and poly-fluoroalkyl substances (PFAS), persistent contaminants hardly to be dealt with by conventional wastewater treatment processes. Phyco-remediation was proposed as a green alternative method to treat wastewater. <i>Synechocystis</i> sp. PCC6803 is a unicellular photosynthetic organism candidate for bioremediation approaches based on synthetic biology, as it is able to survive in a wide range of polluted waters. In this work, we assessed the possibility of applying <i>Synechocystis</i> in PFAS-enriched waters, which was never reported in the previous literature. Respirometry was applied to evaluate short-term toxicity of perfluorooctanoic acid (PFOA) and perfluorooctane sulfonate (PFOS), which did not affect growth up to 0.5 and 4 mg L<sup>-1</sup>, respectively. Continuous and batch systems were used to assess the long-term effects, and no toxicity was highlighted for both compounds at quite high concentration (1 mg L<sup>-1</sup>). A partial removal was observed for PFOS and PFOA, (88% and 37%, with removal rates of about 0.15 and 0.36 mg L<sup>-1</sup> d<sup>-1</sup>, respectively). Measurements in fractionated biomass suggested a role for <i>Synechocystis</i> in the sequestration of PFAS: PFOS is mainly internalized in the cell, while PFOA is somehow transformed by still unknown pathways. A preliminary bioinformatic search gave hints on transporters and enzymes possibly involved in such sequestration/transformation processes, opening the route to metabolic engineering in the perspective application of this cyanobacterium as a new phyco-remediation tool, based on synthetic biology.",Padua,IT,,False,https://openalex.org/W3214745892
8,Cyanobacterial Chassis Development,paper,2021,Synthetic Biology in Cyanobacteria and Applications for Biotechnology,"This chapter discusses the state of the art of synthetic biology in cyanobacteria as well as application areas for synthetic biology within cyanobacteria biotechnology. Our ability to insert or change genes in cyanobacteria, and to control expression of heterologous genes, has advanced significantly over the past decade. Control of transcription by external signal molecules is robust and reliable for model strains, in particular, Synechocystis PCC 6803 where even multiple, orthogonal signals can be used. Of particular importance is an ability to tightly repress gene expression in the absence of an inducer, as heterologous enzymes often impose a growth burden on cells when expressed. Control of gene expression via internal or environmental signals, such as light or other nutrients, is less refined. Control of mRNA translation, for example, with riboswitches or trans-acting RNAs, is particularly useful when combined with transcriptional repression but is sparsely used. Gene editing, using CRISPR/Cas or other nucleases, has been demonstrated in several strains but requires standardization to become widespread. Integration of genes into the genome is common, but expression from the genome suffers can be weak, location dependent, and growth-phase dependent. Expression of genes from episomal plasmids is strong, and there are recent efforts at standardization of these, but plasmids require selection pressure such as antibiotics to maintain for long (>3 weeks) cultivations. Two goals of synthetic biology in cyanobacteria in the near future are to diversify signal inputs via characterization of new transduction proteins and to link multiple signal inputs into a circuit, so that fast, reliable, condition-dependent gene expression can be achieved.",Stockholm,SE,,False,https://openalex.org/W3177065360
8,Cyanobacterial Chassis Development,paper,2021,Approaches in the Photosynthetic Production of Sustainable Fuels by Cyanobacteria using Tools of Synthetic Biology,"Cyanobacteria, photosynthetic prokaryotic microorganisms having a simple genetic composition are the prospective photoautotrophic cell factories for the production of a wide range of biofuel molecules. Simple genetic composition of cyanobacteria allows effortless genetic manipulation which leads to increased research endeavour from the synthetic biology approach. An improved development of synthetic biology tools, genetic modification methods and advancement in transformation techniques to construct a strain which can contain multiple target genes in single operon will vastly expand the functions that can be used for engineering photosynthetic cyanobacteria for the generation of biofuels. In this review, recent advancements and approaches in synthetic biology tools and biofuel production by metabolically engineered cyanobacteria have been discussed. Various fuel molecules like isoprene, limonene, α-farnesene, squalene, alkanes, butanol and fatty acids which can be a substitute of petroleum and fossil fuels in future have been elaborated.",Varanasi,IN,,True,https://openalex.org/W3198032017
8,Cyanobacterial Chassis Development,paper,2021,"A chimeric vector for dual use in cyanobacteria and Escherichia coli, tested with cystatin, a nonfluorescent reporter protein","Developing sustainable autotrophic cell factories depends heavily on the availability of robust and well-characterized biological parts. For cyanobacteria, these still lag behind the more advanced E. coli toolkit. In the course of previous protein expression experiments with cyanobacteria, we encountered inconveniences in working with currently available RSF1010-based shuttle plasmids, particularly due to their low biosafety and low yields of recombinant proteins. We also recognized some drawbacks of the commonly used fluorescent reporters, as quantification can be affected by the intrinsic fluorescence of cyanobacteria. To overcome these drawbacks, we envisioned a new chimeric vector and an alternative reporter that could be used in cyanobacterial synthetic biology and tested them in the model cyanobacterium Synechocystis sp. PCC 6803. We designed the pMJc01 shuttle plasmid based on the broad host range RSFmob-I replicon. Standard cloning techniques were used for vector construction following the RFC10 synthetic biology standard. The behavior of pMJC01 was tested with selected regulatory elements in E. coli and Synechocystis sp. PCC 6803 for the biosynthesis of the established GFP reporter and of a new reporter protein, cystatin. Cystatin activity was assayed using papain as a cognate target. With the new vector we observed a significantly higher GFP expression in E. coli and Synechocystis sp. PCC 6803 compared to the commonly used RSF1010-based pPMQAK1. Cystatin, a cysteine protease inhibitor, was successfully expressed with the new vector in both E. coli and Synechocystis sp. PCC 6803. Its expression levels allowed quantification comparable to the standardly used fluorescent reporter GFPmut3b. An important advantage of the new vector is its improved biosafety due to the absence of plasmid regions encoding conjugative transfer components. The broadhost range vector pMJc01 could find application in synthetic biology and biotechnology of cyanobacteria due to its relatively small size, stability and ease of use. In addition, cystatin could be a useful reporter in all cell systems that do not contain papain-type proteases and inhibitors, such as cyanobacteria, and provides an alternative to fluorescent reporters or complements them.",Ljubljana,SI,,True,https://openalex.org/W3209825851
8,Cyanobacterial Chassis Development,paper,2021,Evaluation and Comparison of the Efficiency of Transcription Terminators in Different Cyanobacterial Species,"Cyanobacteria utilize sunlight to convert carbon dioxide into a wide variety of secondary metabolites and show great potential for green biotechnology applications. Although cyanobacterial synthetic biology is less mature than for other heterotrophic model organisms, there are now a range of molecular tools available to modulate and control gene expression. One area of gene regulation that still lags behind other model organisms is the modulation of gene transcription, particularly transcription termination. A vast number of intrinsic transcription terminators are now available in heterotrophs, but only a small number have been investigated in cyanobacteria. As artificial gene expression systems become larger and more complex, with short stretches of DNA harboring strong promoters and multiple gene expression cassettes, the need to stop transcription efficiently and insulate downstream regions from unwanted interference is becoming more important. In this study, we adapted a dual reporter tool for use with the CyanoGate MoClo Assembly system that can quantify and compare the efficiency of terminator sequences within and between different species. We characterized 34 intrinsic terminators in Escherichia coli, Synechocystis sp. PCC 6803, and Synechococcus elongatus UTEX 2973 and observed significant differences in termination efficiencies. However, we also identified five terminators with termination efficiencies of >96% in all three species, indicating that some terminators can behave consistently in both heterotrophic species and cyanobacteria.",Edinburgh,GB,,False,https://openalex.org/W3120789519
8,Cyanobacterial Chassis Development,paper,2021,Absence of KpsM (Slr0977) Impairs the Secretion of Extracellular Polymeric Substances (EPS) and Impacts Carbon Fluxes in Synechocystis sp. PCC 6803,"Most cyanobacteria produce extracellular polymeric substances (EPS) that fulfill different biological roles depending on the strain/environmental conditions. The interest in the cyanobacterial EPS synthesis/export pathways has been increasing, not only to optimize EPS production but also to efficiently redirect carbon flux toward the production of other compounds, allowing the implementation of industrial systems based on cyanobacterial cell factories. Many cyanobacteria produce extracellular polymeric substances (EPS), composed mainly of heteropolysaccharides, that play a variety of physiological roles, being crucial for cell protection, motility, and biofilm formation. However, due to their complexity, the EPS biosynthetic pathways as well as their assembly and export mechanisms are still far from being fully understood. Here, we show that the absence of a putative EPS-related protein, KpsM (Slr0977), has a pleiotropic effect on Synechocystis sp. strain PCC 6803 physiology, with a strong impact on the export of EPS and carbon fluxes. The kpsM mutant exhibits a significant reduction of released polysaccharides and a smaller decrease of capsular polysaccharides, but it accumulates more polyhydroxybutyrate (PHB) than the wild type. In addition, this strain shows a light/cell density-dependent clumping phenotype and exhibits an altered protein secretion capacity. Furthermore, the most important structural component of pili, the protein PilA, was found to have a modified glycosylation pattern in the mutant compared to the wild type. Proteomic and transcriptomic analyses revealed significant changes in the mechanisms of energy production and conversion, namely, photosynthesis, oxidative phosphorylation, and carbon metabolism, in response to the inactivation of slr0977. Overall, this work shows for the first time that cells with impaired EPS secretion undergo transcriptomic and proteomic adjustments, highlighting the importance of EPS as a major carbon sink in cyanobacteria. The accumulation of PHB in cells of the mutant, without affecting significantly its fitness/growth rate, points to its possible use as a chassis for the production of compounds of interest. IMPORTANCE Most cyanobacteria produce extracellular polymeric substances (EPS) that fulfill different biological roles depending on the strain/environmental conditions. The interest in the cyanobacterial EPS synthesis/export pathways has been increasing, not only to optimize EPS production but also to efficiently redirect carbon flux toward the production of other compounds, allowing the implementation of industrial systems based on cyanobacterial cell factories. Here, we show that a Synechocystis kpsM (slr0977) mutant secretes less EPS than the wild type, accumulating more carbon intracellularly, as polyhydroxybutyrate. Further characterization showed a light/cell density-dependent clumping phenotype, altered protein secretion, and modified glycosylation of PilA. The proteome and transcriptome of the mutant revealed significant changes, namely, in photosynthesis and carbon metabolism. Altogether, this work provides a comprehensive overview of the impact of kpsM disruption on Synechocystis physiology, highlighting the importance of EPS as a carbon sink and showing how cells adapt when their secretion is impaired, and the redirection of the carbon fluxes.",Porto,PT,,False,https://openalex.org/W3121396514
8,Cyanobacterial Chassis Development,paper,2021,"Environmental Regulation of PndbA600, an Auto-Inducible Promoter for Two-Stage Industrial Biotechnology in Cyanobacteria","Cyanobacteria are photosynthetic prokaryotes being developed as sustainable platforms that use renewable resources (light, water, and air) for diverse applications in energy, food, environment, and medicine. Despite the attractive promise that cyanobacteria offer to industrial biotechnology, slow growth rates pose a major challenge in processes which typically require large amounts of biomass and are often toxic to the cells. Two-stage cultivation strategies are an attractive solution to prevent any undesired growth inhibition by de-coupling biomass accumulation (stage I) and the industrial process (stage II). In cyanobacteria, two-stage strategies involve costly transfer methods between stages I and II, and little work has been focussed on using the distinct growth and stationary phases of batch cultures to autoregulate stage transition. In the present study, we identified and characterised a growth phase-specific promoter, which can serve as an auto-inducible switch to regulate two-stage bioprocesses in cyanobacteria. First, growth phase-specific genes were identified from a new RNAseq dataset comparing two growth phases and six nutrient conditions in Synechocystis sp. PCC 6803, including two new transcriptomes for low Mg and low K. A type II NADH dehydrogenase (ndbA) showed robust induction when the cultures transitioned from exponential to stationary phase growth. Behaviour of a 600-bp promoter sequence (PndbA600) was then characterised in detail following the expression of PndbA600:GFP in Synechococcus sp. PCC 7002. Culture density and growth media analyses showed that PndbA600 activation was not dependent on increases in culture density per se but on N availability and on another activating factor present in the spent media of stationary phase cultures (Factor X). PndbA600 deactivation was dependent on the changes in culture density and in either N availability or Factor X. Electron transport inhibition studies revealed a photosynthesis-specific enhancement of active PndbA600 levels. Our findings are summarised in a model describing the environmental regulation of PndbA600, which can now inform the rational design of two-stage industrial processes in cyanobacteria.",Glasgow,GB,,False,https://openalex.org/W3122863058
8,Cyanobacterial Chassis Development,paper,2022,Machine learning-informed and synthetic biology-enabled semi-continuous algal cultivation to unleash renewable fuel productivity,"Algal biofuel is regarded as one of the ultimate solutions for renewable energy, but its commercialization is hindered by growth limitations caused by mutual shading and high harvest costs. We overcome these challenges by advancing machine learning to inform the design of a semi-continuous algal cultivation (SAC) to sustain optimal cell growth and minimize mutual shading. An aggregation-based sedimentation (ABS) strategy is then designed to achieve low-cost biomass harvesting and economical SAC. The ABS is achieved by engineering a fast-growing strain, Synechococcus elongatus UTEX 2973, to produce limonene, which increases cyanobacterial cell surface hydrophobicity and enables efficient cell aggregation and sedimentation. SAC unleashes cyanobacterial growth potential with 0.1 g/L/hour biomass productivity and 0.2 mg/L/hour limonene productivity over a sustained period in photobioreactors. Scaling-up the SAC with an outdoor pond system achieves a biomass yield of 43.3 g/m<sup>2</sup>/day, bringing the minimum biomass selling price down to approximately $281 per ton.",College Station,US,,True,https://openalex.org/W4210344056
8,Cyanobacterial Chassis Development,paper,2022,Synthetic biology in marine cyanobacteria: Advances and challenges,"The current economic and environmental context requests an accelerating development of sustainable alternatives for the production of various target compounds. Biological processes offer viable solutions and have gained renewed interest in the recent years. For example, photosynthetic chassis organisms are particularly promising for bioprocesses, as they do not require biomass-derived carbon sources and contribute to atmospheric CO<sub>2</sub> fixation, therefore supporting climate change mitigation. Marine cyanobacteria are of particular interest for biotechnology applications, thanks to their rich diversity, their robustness to environmental changes, and their metabolic capabilities with potential for therapeutics and chemicals production without requiring freshwater. The additional cyanobacterial properties, such as efficient photosynthesis, are also highly beneficial for biotechnological processes. Due to their capabilities, research efforts have developed several genetic tools for direct metabolic engineering applications. While progress toward a robust genetic toolkit is continuously achieved, further work is still needed to routinely modify these species and unlock their full potential for industrial applications. In contrast to the understudied marine cyanobacteria, genetic engineering and synthetic biology in freshwater cyanobacteria are currently more advanced with a variety of tools already optimized. This mini-review will explore the opportunities provided by marine cyanobacteria for a greener future. A short discussion will cover the advances and challenges regarding genetic engineering and synthetic biology in marine cyanobacteria, followed by a parallel with freshwater cyanobacteria and their current genetic availability to guide the prospect for marine species.",Uppsala,SE,,False,https://openalex.org/W4296274511
8,Cyanobacterial Chassis Development,paper,2022,Synthetic Biology Approaches for Improving Chemical Production in Cyanobacteria,"Biological chemical production has gained traction in recent years as a promising renewable alternative to traditional petrochemical based synthesis. Of particular interest in the field of metabolic engineering are photosynthetic microorganisms capable of sequestering atmospheric carbon dioxide. CO<sub>2</sub> levels have continued to rise at alarming rates leading to an increasingly uncertain climate. CO<sub>2</sub> can be sequestered by engineered photosynthetic microorganisms and used for chemical production, representing a renewable production method for valuable chemical commodities such as biofuels, plastics, and food additives. The main challenges in using photosynthetic microorganisms for chemical production stem from the seemingly inherent limitations of carbon fixation and photosynthesis resulting in slower growth and lower average product titers compared to heterotrophic organisms. Recently, there has been an increase in research around improving photosynthetic microorganisms as renewable chemical production hosts. This review will discuss the various efforts to overcome the intrinsic inefficiencies of carbon fixation and photosynthesis, including rewiring carbon fixation and photosynthesis, investigating alternative carbon fixation pathways, installing sugar catabolism to supplement carbon fixation, investigating newly discovered fast growing photosynthetic species, and using new synthetic biology tools such as CRISPR to radically alter metabolism.",Davis,US,,True,https://openalex.org/W4220830856
8,Cyanobacterial Chassis Development,paper,2022,Mechanisms of Stress Tolerance in Cyanobacteria under Extreme Conditions,"Cyanobacteria are oxygen-evolving photoautotrophs with worldwide distribution in every possible habitat, and they account for half of the global primary productivity. Because of their ability to thrive in a hostile environment, cyanobacteria are categorized as “extremophiles”. They have evolved a fascinating repository of distinct secondary metabolites and biomolecules to promote their development and survival in various habitats, including severe conditions. However, developing new proteins/enzymes and metabolites is mostly directed by an appropriate gene regulation system that results in stress adaptations. However, only few proteins have been characterized to date that have the potential to improve resistance against abiotic stresses. As a result, studying environmental stress responses to post-genomic analysis, such as proteome changes using latest structural proteomics and synthetic biology techniques, is critical. In this regard, scientists working on these topics will benefit greatly from the stress of proteomics research. Progress in these disciplines will aid in understanding cyanobacteria’s physiology, biochemical, and metabolic systems. This review summarizes the most recent key findings of cyanobacterial proteome study under various abiotic stresses and the application of secondary metabolites formed during different abiotic conditions.",Varanasi,IN,,False,https://openalex.org/W4312000412
8,Cyanobacterial Chassis Development,paper,2022,Inducible CRISPR/Cas9 Allows for Multiplexed and Rapidly Segregated Single-Target Genome Editing in <i>Synechocystis</i> Sp. PCC 6803,"Establishing various synthetic biology tools is crucial for the development of cyanobacteria for biotechnology use, especially tools that allow for precise and markerless genome editing in a time-efficient manner. Here, we describe a riboswitch-inducible CRISPR/Cas9 system, contained on a single replicative vector, for the model cyanobacterium <i>Synechocystis</i> sp. PCC 6803. A theophylline-responsive riboswitch allowed tight control of Cas9 expression, which enabled reliable transformation of the CRISPR/Cas9 vector into<i>Synechocystis</i>. Induction of the CRISPR/Cas9 mediated various types of genomic edits, specifically deletions and insertions of varying size. The editing efficiency varied depending on the target and intended edit; smaller edits performed better, reaching, e.g., 100% for insertion of a FLAG-tag onto <i>rbcL</i>. Importantly, the single-vector CRISPR/Cas9 system mediated multiplexed editing of up to three targets in parallel in<i>Synechocystis</i>. All single-target and several double-target mutants were also fully segregated after the first round of induction. Lastly, a vector curing system based on the nickel-inducible expression of the toxic <i>mazF</i> (from <i>Escherichia coli</i>) was added to the CRISPR/Cas9 vector. This inducible system allowed for curing of the vector in 25-75% of screened colonies, enabling edited mutants to become markerless.",Stockholm,SE,,False,https://openalex.org/W4291582949
8,Cyanobacterial Chassis Development,paper,2022,Developing Cyanobacterial Quorum Sensing Toolkits: Toward Interspecies Coordination in Mixed Autotroph/Heterotroph Communities,"There has been substantial recent interest in the promise of sustainable, light-driven bioproduction using cyanobacteria, including developing efforts for microbial bioproduction using mixed autotroph/heterotroph communities, which could provide useful properties, such as division of metabolic labor. However, building stable mixed-species communities of sufficient productivity remains a challenge, partly due to the lack of strategies for synchronizing and coordinating biological activities across different species. To address this obstacle, we developed an inter-species communication system using quorum sensing (QS) modules derived from well-studied pathways in heterotrophic microbes. In the model cyanobacterium, <i>Synechococcus elongatus</i> PCC 7942 (<i>S. elongatus</i>), we designed, integrated, and characterized genetic circuits that detect acyl-homoserine lactones (AHLs), diffusible signals utilized in many QS pathways. We showed that these receiver modules sense exogenously supplied AHL molecules and activate gene expression in a dose-dependent manner. We characterized these AHL receiver circuits in parallel with <i>Escherichia coli</i> W (<i>E. coli</i> W) to dissect species-specific properties, finding broad agreement, albeit with increased basal expression in <i>S. elongatus</i>. Our engineered ""sender"" <i>E. coli</i> strains accumulated biologically synthesized AHLs within the supernatant and activated receiver strains similarly to exogenous AHL activation. Our results will bolster the design of sophisticated genetic circuits in cyanobacterial/heterotroph consortia and the engineering of QS-like behaviors across cyanobacterial populations.",East Lansing,US,,False,https://openalex.org/W4312210860
8,Cyanobacterial Chassis Development,paper,2022,Expression and activity of heterologous hydroxyisocaproate dehydrogenases in Synechocystis sp. PCC 6803 ΔhoxYH,"Exploiting light to drive redox reactions is currently a hot topic since light is considered as an environmentally friendly source of energy. Consequently, cyanobacteria, which can use light e.g., for generating NADPH, are in the focus of research. Previously, it has been shown that various heterologous redox enzymes could be expressed in these microorganisms. Here we demonstrated the successful inducer-free expression of α-keto-acid dehydrogenases (L-HicDH and D-HicDH) from Lactobacillus confusus DSM 20196 and Lactobacillus paracasei DSM 20008 in Synechocystis sp. PCC 6803 ΔhoxYH mutant using replicative plasmids. While the L-HicDH showed poor activity limited by the amount of expressed enzyme, the D-HicDH was applied both in vivo and in vitro, transforming the selected α-keto acids to the corresponding optically pure (R)-α-hydroxy acids (ee >99%) in up to 53% and 90% conversion, respectively. Image, graphical abstract",Graz,AT,,False,https://openalex.org/W3217074686
8,Cyanobacterial Chassis Development,paper,2022,"SEVA-Cpf1, a CRISPR-Cas12a vector for genome editing in cyanobacteria","Cyanobacteria are photosynthetic autotrophs that have tremendous potential for fundamental research and industrial applications due to their high metabolic plasticity and ability to grow using CO2 and sunlight. CRISPR technology using Cas9 and Cpf1 has been applied to different cyanobacteria for genome manipulations and metabolic engineering. Despite significant advances with genome editing in several cyanobacteria strains, the lack of proper genetic toolboxes is still a limiting factor compared to other model laboratory species. Among the limitations, it is essential to have versatile plasmids that could ease the benchwork when using CRISPR technology. In the present study, several CRISPR-Cpf1 vectors were developed for genetic manipulations in cyanobacteria using SEVA plasmids. SEVA collection is based on modular vectors that enable the exchangeability of diverse elements (e.g. origins of replication and antibiotic selection markers) and the combination with many cargo sequences for varied end-applications. Firstly, using SEVA vectors containing the broad host range RSF1010 origin we demonstrated that these vectors are replicative not only in model cyanobacteria but also in a new cyanobacterium specie, Chroococcidiopsis sp., which is different from those previously published. Then, we constructed SEVA vectors by harbouring CRISPR elements and showed that they can be easily assimilated not only by conjugation, but also by natural transformation. Finally, we used our SEVA-Cpf1 tools to delete the nblA gene in Synechocystis sp. PCC 6803, demonstrating that our plasmids can be applied for CRISPR-based genome editing technology. The results of this study provide new CRISPR-based vectors based on the SEVA (Standard European Vector Architecture) collection that can improve editing processes using the Cpf1 nuclease in cyanobacteria. The online version contains supplementary material available at 10.1186/s12934-022-01830-4.",Madrid,ES,,False,https://openalex.org/W4281654745
8,Cyanobacterial Chassis Development,paper,2022,Expressing 2-keto acid pathway enzymes significantly increases photosynthetic isobutanol production,"Cyanobacteria, photosynthetic microorganisms, are promising green cell factories for chemical production, including biofuels. Isobutanol, a four-carbon alcohol, is considered as a superior candidate as a biofuel for its high energy density with suitable chemical and physical characteristics. The unicellular cyanobacterium Synechocystis PCC 6803 has been successfully engineered for photosynthetic isobutanol production from CO2 and solar energy in a direct process. Heterologous expression of α-ketoisovalerate decarboxylase (KivdS286T) is sufficient for isobutanol synthesis via the 2-keto acid pathway in Synechocystis. With additional expression of acetolactate synthase (AlsS), acetohydroxy-acid isomeroreductase (IlvC), dihydroxy-acid dehydratase (IlvD), and alcohol dehydrogenase (Slr1192OP), the Synechocystis strain HX42, with a functional 2-keto acid pathway, showed enhanced isobutanol production reaching 98 mg L−1 in short-term screening experiments. Through modulating kivdS286T copy numbers as well as the composition of the 5′-region, a final Synechocystis strain HX47 with three copies of kivdS286T showed a significantly improved isobutanol production of 144 mg L−1, an 177% increase compared to the previously reported best producing strain under identical conditions. This work demonstrates the feasibility to express heterologous genes with a combination of self-replicating plasmid-based system and genome-based system in Synechocystis cells. Obtained isobutanol-producing Synechocystis strains form the base for further investigation of continuous, long-term-photosynthetic isobutanol production from solar energy and carbon dioxide.  The online version contains supplementary material available at 10.1186/s12934-022-01738-z.",Uppsala,SE,,True,https://openalex.org/W4210723962
8,Cyanobacterial Chassis Development,paper,2022,Heterologous Production of Glycine Betaine Using Synechocystis sp. PCC 6803-Based Chassis Lacking Native Compatible Solutes,"Among compatible solutes, glycine betaine has various applications in the fields of nutrition, pharmaceuticals, and cosmetics. Currently, this compound can be extracted from sugar beet plants or obtained by chemical synthesis, resulting in low yields or high carbon footprint, respectively. Hence, in this work we aimed at exploring the production of glycine betaine using the unicellular cyanobacterium Synechocystis sp. PCC 6803 as a photoautotrophic chassis. Synechocystis mutants lacking the native compatible solutes sucrose or/and glucosylglycerol—∆sps, ∆ggpS, and ∆sps∆ggpS—were generated and characterized. Under salt stress conditions, the growth was impaired and accumulation of glycogen decreased by ∼50% whereas the production of compatible solutes and extracellular polymeric substances (capsular and released ones) increased with salinity. These mutants were used as chassis for the implementation of a synthetic device based on the metabolic pathway described for the halophilic cyanobacterium Aphanothece halophytica for the production of the compatible solute glycine betaine. Transcription of ORFs comprising the device was shown to be stable and insulated from Synechocystis’ native regulatory network. Production of glycine betaine was achieved in all chassis tested, and was shown to increase with salinity. The introduction of the glycine betaine synthetic device into the ∆ggpS background improved its growth and enabled survival under 5% NaCl, which was not observed in the absence of the device. The maximum glycine betaine production [64.29 µmol/gDW (1.89 µmol/mg protein)] was reached in the ∆ggpS chassis grown under 3% NaCl. Taking into consideration this production under seawater-like salinity, and the identification of main key players involved in the carbon fluxes, this work paves the way for a feasible production of this, or other compatible solutes, using optimized Synechocystis chassis in a pilot-scale.",Porto,PT,,True,https://openalex.org/W4225413914
8,Cyanobacterial Chassis Development,paper,2023,Light and carbon: Synthetic biology toward new cyanobacteria-based living biomaterials,"Cyanobacteria are ideal candidates to use in developing carbon neutral and carbon negative technologies; they are efficient photosynthesizers and amenable to genetic manipulation. Over the past two decades, researchers have demonstrated that cyanobacteria can make sustainable, useful biomaterials, many of which are engineered living materials. However, we are only beginning to see such technologies applied at an industrial scale. In this review, we explore the ways in which synthetic biology tools enable the development of cyanobacteria-based biomaterials. First we give an overview of the ecological and biogeochemical importance of cyanobacteria and the work that has been done using cyanobacteria to create biomaterials so far. This is followed by a discussion of commonly used cyanobacteria strains and synthetic biology tools that exist to engineer cyanobacteria. Then, three case studies-bioconcrete, biocomposites, and biophotovoltaics-are explored as potential applications of synthetic biology in cyanobacteria-based materials. Finally, challenges and future directions of cyanobacterial biomaterials are discussed.",Cambridge,US,,True,https://openalex.org/W4320035098
8,Cyanobacterial Chassis Development,paper,2023,Fast-growing cyanobacterial chassis for synthetic biology application,"Carbon neutrality by 2050 has become one of the most urgent challenges the world faces today. To address the issue, it is necessary to develop and promote new technologies related with CO<sub>2</sub> recycling. Cyanobacteria are the only prokaryotes performing oxygenic photosynthesis, capable of fixing CO<sub>2</sub> into biomass under sunlight and serving as one of the most important primary producers on earth. Notably, recent progress on synthetic biology has led to utilizing model cyanobacteria such as <i>Synechocystis</i> sp. PCC 6803 and <i>Synechococcus elongatus</i> PCC 7942 as chassis for ""light-driven autotrophic cell factories"" to produce several dozens of biofuels and various fine chemicals directly from CO<sub>2</sub>. However, due to the slow growth rate and low biomass accumulation in the current chassis, the productivity for most products is still lower than the threshold necessary for large-scale commercial application, raising the importance of developing high-efficiency cyanobacterial chassis with fast growth and/or higher biomass accumulation capabilities. In this article, we critically reviewed recent progresses on identification, systems biology analysis, and engineering of fast-growing cyanobacterial chassis. Specifically, fast-growing cyanobacteria identified in recent years, such as <i>S. elongatus</i> UTEX 2973, <i>S. elongatus</i> PCC 11801, <i>S. elongatus</i> PCC 11802 and <i>Synechococcus</i> sp. PCC 11901 was comparatively analyzed. In addition, the progresses on their recent application in converting CO<sub>2</sub> into chemicals, and genetic toolboxes developed for these new cyanobacterial chassis were discussed. Finally, the article provides insights into future challenges and perspectives on the synthetic biology application of cyanobacterial chassis.",Beijing,CN,,True,https://openalex.org/W4322183404
8,Cyanobacterial Chassis Development,paper,2023,Coexpression of Tail Fiber and Tail Protein Genes of the Cyanophage PP Using a Synthetic Genomics Approach Enhances the Salt Tolerance of <i>Synechocystis</i> PCC 6803,"Cyanophages are viruses that specifically infect cyanobacteria and are capable of regulating the population densities and seasonal distributions of cyanobacteria. However, few studies have investigated the interactions between cyanophages and heterologous hosts, owing to the inability of cyanophages to infect heterologous cyanobacterial hosts. Here, a truncated artificial cyanophage genome, Syn-P4-8, was designed and assembled that contained 18 genes for viral coat assembly proteins but not genes related to host infection or DNA replication. Syn-P4-8 was transferred into the heterologous host <i>Synechocystis</i> sp. PCC 6803 by conjugation. The growth of strain CS-02 carrying Syn-P4-8 was significantly better than that of the control strain when grown in medium containing 5% NaCl. Only two cyanophage genes, encoding the tail protein (open reading frame 25 [ORF25]) and the tail fiber protein (ORF26), were transcribed in <i>Synechocystis</i> PCC 6803 grown in BG11 medium supplemented with 5% NaCl. However, expression of either ORF25 or ORF26 alone could not recover this phenotype. In addition, transcriptomic analysis revealed the presence of 334 differentially expressed genes in CS-02 compared to the control strain, corresponding to 151 downregulated and 183 upregulated genes that may affect cyanobacterial salt tolerances. In this study, synthetic biology methods were used to strengthen our understanding of the interactions between cyanophage genes and heterologous hosts. <b>IMPORTANCE</b> We synthesized and assembled a truncated cyanophage genome called Syn-P4-8, containing 18 genes for viral coat assembly proteins, and transferred it into a nonhost strain, <i>Synechocystis</i> sp. PCC 6803, to investigate interactions between Syn-P4-8 and <i>Synechocystis</i> PCC 6803. We found that coexpression of tail fiber and tail protein genes enhanced the salt tolerance of <i>Synechocystis</i> PCC 6803.",Tianjin,CN,,False,https://openalex.org/W4367599355
8,Cyanobacterial Chassis Development,paper,2023,Sustainable production of photosynthetic isobutanol and 3-methyl-1-butanol in the cyanobacterium Synechocystis sp. PCC 6803,"Cyanobacteria are emerging as green cell factories for sustainable biofuel and chemical production, due to their photosynthetic ability to use solar energy, carbon dioxide and water in a direct process. The model cyanobacterial strain Synechocystis sp. PCC 6803 has been engineered for the isobutanol and 3-methyl-1-butanol production by introducing a synthetic 2-keto acid pathway. However, the achieved productions still remained low. In the present study, diverse metabolic engineering strategies were implemented in Synechocystis sp. PCC 6803 for further enhanced photosynthetic isobutanol and 3-methyl-1-butanol production. Long-term cultivation was performed on two selected strains resulting in maximum cumulative isobutanol and 3-methyl-1-butanol titers of 1247 mg L−1 and 389 mg L−1, on day 58 and day 48, respectively. Novel Synechocystis strain integrated with a native 2-keto acid pathway was generated and showed a production of 98 mg isobutanol L−1 in short-term screening experiments. Enhanced isobutanol and 3-methyl-1-butanol production was observed when increasing the kivdS286T copy number from three to four. Isobutanol and 3-methyl-1-butanol production was effectively improved when overexpressing selected genes of the central carbon metabolism. Identified genes are potential metabolic engineering targets to further enhance productivity of pyruvate-derived bioproducts in cyanobacteria. Enhanced isobutanol and 3-methyl-1-butanol production was successfully achieved in Synechocystis sp. PCC 6803 strains through diverse metabolic engineering strategies. The maximum cumulative isobutanol and 3-methyl-1-butanol titers, 1247 mg L−1 and 389 mg L−1, respectively, represent the current highest value reported. The significantly enhanced isobutanol and 3-methyl-1-butanol production in this study further pave the way for an industrial application of photosynthetic cyanobacteria-based biofuel and chemical synthesis from CO2. The online version contains supplementary material available at 10.1186/s13068-023-02385-1.",Uppsala,SE,,True,https://openalex.org/W4386564573
8,Cyanobacterial Chassis Development,paper,2023,Synechococcus elongatus Argonaute reduces natural transformation efficiency and provides immunity against exogenous plasmids,"The cyanobacterium Synechococcus elongatus PCC 7942 produces an active prokaryotic Argonaute nuclease, SeAgo, whose function is unknown. Here, we show that SeAgo reduces natural transformation and prevents the maintenance of RSF1010 replicons in S. elongatus. In addition, a Cas4-like nuclease and two other proteins, UvrD and RecJcy (cyanobacterial lineage), were found to reduce the transfer or maintenance of RSF1010 replicons. Like other prokaryotic Argonautes, our results indicate that SeAgo provides defense against invading DNA. An S. elongatus ago deletion strain shares the same morphology, growth rate, and circadian gene expression as the wild type, has higher transformation efficiency, and enables the use of RSF1010-based plasmids for genetic engineering. S. elongatus is an important cyanobacterial model organism for the study of its prokaryotic circadian clock, photosynthesis, and other biological processes. It is also widely used for genetic engineering to produce renewable biochemicals. Our findings reveal an SeAgo-based defense mechanism in S. elongatus against the horizontal transfer of genetic material. We demonstrate that deletion of the ago gene facilitates genetic studies and genetic engineering of S. elongatus.",San Diego,US,,False,https://openalex.org/W4387327127
8,Cyanobacterial Chassis Development,paper,2023,Regulation of pSYSA defense plasmid copy number in Synechocystis through RNase E and a highly transcribed asRNA,"Synthetic biology approaches toward the development of cyanobacterial producer strains require the availability of appropriate sets of plasmid vectors. A factor for the industrial usefulness of such strains is their robustness against pathogens, such as bacteriophages infecting cyanobacteria. Therefore, it is of great interest to understand the native plasmid replication systems and the CRISPR-Cas based defense mechanisms already present in cyanobacteria. In the model cyanobacterium Synechocystis sp. PCC 6803, four large and three smaller plasmids exist. The ~100 kb plasmid pSYSA is specialized in defense functions by encoding all three CRISPR-Cas systems and several toxin-antitoxin systems. The expression of genes located on pSYSA depends on the plasmid copy number in the cell. The pSYSA copy number is positively correlated with the expression level of the endoribonuclease E. As molecular basis for this correlation we identified the RNase E-mediated cleavage within the pSYSA-encoded ssr7036 transcript. Together with a cis-encoded abundant antisense RNA (asRNA1), this mechanism resembles the control of ColE1-type plasmid replication by two overlapping RNAs, RNA I and II. In the ColE1 mechanism, two non-coding RNAs interact, supported by the small protein Rop, which is encoded separately. In contrast, in pSYSA the similar-sized protein Ssr7036 is encoded within one of the interacting RNAs and it is this mRNA that likely primes pSYSA replication. Essential for plasmid replication is furthermore the downstream encoded protein Slr7037 featuring primase and helicase domains. Deletion of slr7037 led to the integration of pSYSA into the chromosome or the other large plasmid pSYSX. Moreover, the presence of slr7037 was required for successful replication of a pSYSA-derived vector in another model cyanobacterium, Synechococcus elongatus PCC 7942. Therefore, we annotated the protein encoded by slr7037 as Cyanobacterial Rep protein A1 (CyRepA1). Our findings open new perspectives on the development of shuttle vectors for genetic engineering of cyanobacteria and of modulating the activity of the entire CRISPR-Cas apparatus in Synechocystis sp. PCC 6803.",Freiburg im Breisgau,DE,,False,https://openalex.org/W4321107840
8,Cyanobacterial Chassis Development,paper,2023,Toward a synthetic hydrogen sensor in cyanobacteria: Functional production of an oxygen-tolerant regulatory hydrogenase in Synechocystis sp. PCC 6803,"Cyanobacteria have raised great interest in biotechnology, e.g., for the sustainable production of molecular hydrogen (H2) using electrons from water oxidation. However, this is hampered by various constraints. For example, H2-producing enzymes compete with primary metabolism for electrons and are usually inhibited by molecular oxygen (O2). In addition, there are a number of other constraints, some of which are unknown, requiring unbiased screening and systematic engineering approaches to improve the H2 yield. Here, we introduced the regulatory [NiFe]-hydrogenase (RH) of Cupriavidus necator (formerly Ralstonia eutropha) H16 into the cyanobacterial model strain Synechocystis sp. PCC 6803. In its natural host, the RH serves as a molecular H2 sensor initiating a signal cascade to express hydrogenase-related genes when no additional energy source other than H2 is available. Unlike most hydrogenases, the C. necator enzymes are O2-tolerant, allowing their efficient utilization in an oxygenic phototroph. Similar to C. necator, the RH produced in Synechocystis showed distinct H2 oxidation activity, confirming that it can be properly matured and assembled under photoautotrophic, i.e., oxygen-evolving conditions. Although the functional H2-sensing cascade has not yet been established in Synechocystis yet, we utilized the associated two-component system consisting of a histidine kinase and a response regulator to drive and modulate the expression of a superfolder gfp gene in Escherichia coli. This demonstrates that all components of the H2-dependent signal cascade can be functionally implemented in heterologous hosts. Thus, this work provides the basis for the development of an intrinsic H2 biosensor within a cyanobacterial cell that could be used to probe the effects of random mutagenesis and systematically identify promising genetic configurations to enable continuous and high-yield production of H2via oxygenic photosynthesis.",Leipzig,DE,,True,https://openalex.org/W4353083571
8,Cyanobacterial Chassis Development,paper,2024,Application of Cyanobacteria as Chassis Cells in Synthetic Biology,"Synthetic biology is an exciting new area of research that combines science and engineering to design and build new biological functions and systems. Predictably, with the development of synthetic biology, more efficient and economical photosynthetic microalgae chassis will be successfully constructed, making it possible to break through laboratory research into large-scale industrial applications. The synthesis of a range of biochemicals has been demonstrated in cyanobacteria; however, low product titers are the biggest barrier to the commercialization of cyanobacterial biotechnology. This review summarizes the applied improvement strategies from the perspectives of cyanobacteria chassis cells and synthetic biology. The harvest advantages of cyanobacterial products and the latest progress in improving production strategies are discussed according to the product status. As cyanobacteria synthetic biology is still in its infancy, apart from the achievements made, the difficulties and challenges in the application and development of cyanobacteria genetic tool kits in biochemical synthesis, environmental monitoring, and remediation were assessed.",Xi'an,CN,,False,https://openalex.org/W4400364082
8,Cyanobacterial Chassis Development,paper,2024,Advancements in Synthetic Biology for Enhancing Cyanobacterial Capabilities in Sustainable Plastic Production: A Green Horizon Perspective,"This comprehensive review investigates the potential of cyanobacteria, particularly nitrogen-fixing strains, in addressing global challenges pertaining to plastic pollution and carbon emissions. By analyzing the distinctive characteristics of cyanobacteria, including their minimal growth requirements, high photosynthetic efficiency, and rapid growth rates, this study elucidates their crucial role in transforming carbon sequestration, biofuel generation, and biodegradable plastic production. The investigation emphasizes cyanobacteria’s efficiency in photosynthesis, positioning them as optimal candidates for cost-effective bioplastic production with minimized land usage. Furthermore, the study explores their unconventional yet promising utilization in biodiesel production, mitigating environmental concerns such as sulfur emissions and the presence of aromatic hydrocarbons. The resulting biodiesel exhibits significant combustion potential, establishing cyanobacteria as a viable option for sustainable biofuel production. Through a comprehensive assessment of both achievements and challenges encountered during the commercialization process, this review offers valuable insights into the diverse contributions of cyanobacteria. Its objective is to provide guidance to researchers, policymakers, and industries interested in harnessing bio-inspired approaches for structural and sustainable applications, thereby advancing global efforts towards environmentally conscious plastic and biofuel production.",Brookings,US,,True,https://openalex.org/W4401908566
8,Cyanobacterial Chassis Development,paper,2024,Expanding the synthetic biology repertoire of a fast‐growing cyanobacterium <i>Synechococcus elongatus</i> PCC 11801,"Synechococcus elongatus PCC 11801 is a fast-growing cyanobacterium, exhibiting high tolerance to environmental stresses. We have earlier characterized its genome and analysed its transcriptome and proteome. However, to deploy it as a potential cell factory, it is necessary to expand its synthetic biology toolbox, including promoter elements and ribosome binding sites (RBSs). Here, based on the global transcriptome analysis, 48 native promoters of the genes with high transcript count were characterized using a fluorescent reporter system. The promoters P<sub>cpcB</sub>, P<sub>psbA1</sub>, and P<sub>11770</sub> exhibited consistently high fluorescence under all the cultivation conditions. Similarly, from the genome data and proteome analysis, 534 operons were identified. Fifteen intergenic regions exhibiting higher protein expression from the downstream gene were systematically characterized for identifying RBSs, using an operon construct comprising fluorescent protein genes eyfp and mTurq under P<sub>cpcB</sub> (P<sub>cpcB</sub>:eyfp:RBS:mTurq:T<sub>rrnB</sub>). Overall, the work presents promoter and RBS sequence libraries, with varying strengths, to expedite bioengineering of PCC 11801.",Mumbai,IN,,False,https://openalex.org/W4398216559
8,Cyanobacterial Chassis Development,paper,2024,Metabolic engineering of rapidly growing <scp> <i>Synechococcus elongatus</i> </scp> strains for phototrophic production of alkanes,"Alkanes are high-energy hydrocarbons that are foreseen as next generation biofuels. Cyanobacteria are known to naturally synthesize C15-C19 alkanes; however, the titers are too low to make this a commercially viable process. Therefore, to leverage these photosynthetic platforms for improved alkane production, here we engineered three novel isolates of Synechococcus elongatus PCC 11801, PCC 11802, and IITB6. The two gene AAR-ADO alkane biosynthesis pathway was constructed by cloning the genes for acyl-ACP reductase (aar) and aldehyde deformylating oxygenase (ado) from S. elongatus PCC 7942 under the regulation of P<sub>rbcL</sub> promoter from PCC 7942 and native promoters from PCC 11801 such as P<sub>cpcB300</sub>, P<sub>psbAI</sub>, and P<sub>psbAIII</sub>. The genes were separately cloned under two different promoters, creating a library of the engineered strains. The results indicated that the engineered strains of novel S. elongatus isolates produced significantly higher amounts of alkanes than the model strain PCC 7942. The highest alkane yield achieved was 4.1 mg/gDCW in BG-11, while the highest titer was 31.5 mg/L in 5X BG-11, with an engineered IITB6 strain (P<sub>cpcB300</sub>:aar:T<sub>rrnB</sub>::P<sub>rbcL</sub>:ado:T<sub>Lac</sub>). Overall, the study highlights the potential of newly isolated S. elongatus strains as efficient alkane production platforms.",Mumbai,IN,,True,https://openalex.org/W4402555383
8,Cyanobacterial Chassis Development,paper,2024,Improving trans‐cinnamic acid production in a model cyanobacterium,"trans‐Cinnamic acid (tCA) is a precursor in the synthesis of many high‐value compounds with bio‐active qualities useful in applications like medicine, polymers, and cosmetics. Currently tCA is produced by industrial chemical synthesis from fossil fuels or cost‐prohibitive isolation from terrestrial plants. Cyanobacteria, a type of photosynthetic bacteria, can be readily engineered to convert sunlight and carbon dioxide into metabolites of interest at relatively high amounts compared to terrestrial plants. The purpose of this study is to advance the industrial and commercial value of cyanobacteria as a biological factory for renewable production of tCA. Production of tCA has previously been demonstrated in the model cyanobacterium Synechocystis sp. PCC 6803 (S. 6803) via expression of non‐native phenylalanine ammonia lyase (PAL) from various organisms. This project focuses on developing and characterizing a new high‐titer strain of S. 6803 expressing a plant PAL gene controlled by an inducible promoter. We assessed production in shake flasks under constant light, a 12 h:12 h light:dark cycle, and environmental photobioreactors (ePBRs) with a sinusoidal, rapidly fluctuating light environment. Our strain demonstrates a four‐fold increase in tCA production to ~500 mg L−1 by 14 days compared to previously reported titers in S. 6803 under shake flask cultivation and a 30–50% improved average tCA production per culture density (60 mg·L−1·OD730
−1) in ePBRs over comparable previously reported culture methods. Our study progresses S. 6803 tCA bioproduction into higher culture volumes, up to 500 mL, while further validating the strength of an inducible system for tCA production in S. 6803.",Fort Collins,US,,False,https://openalex.org/W4403079356
8,Cyanobacterial Chassis Development,paper,2024,Pioneering precision in markerless strain development for Synechococcus sp. PCC 7002,"Marine cyanobacteria such as Picosynechococcus sp. (formerly called Synechococcus sp.) PCC 7002 are promising chassis for photosynthetic production of commodity chemicals with low environmental burdens. Genetic engineering of cyanobacteria conventionally employs antibiotic resistance markers. However, limited availability of antibiotic-resistant markers is a problem for highly multigenic strain engineering. Although several markerless genetic manipulation methods have been developed for PCC 7002, they often lack versatility due to the requirement of gene disruption in the host strain. To achieve markerless transformation in Synechococcus sp. with no requirements for the host strain, this study developed a method in which temporarily introduces a mutated phenylalanyl-tRNA synthetase gene (pheS) into the genome for counter selection. Amino acid substitutions in the PheS that cause high susceptibility of PCC 7002 to the phenylalanine analog p-chlorophenylalanine were examined, and the combination of T261A and A303G was determined as the most suitable mutation. The mutated PheS-based selection was utilized for the markerless knockout of the nblA gene in PCC 7002. In addition, the genetic construct containing the lldD and lldP genes from Escherichia coli was introduced into the ldhA gene site using the counter selection strategy, resulting in a markerless recombinant strain. The repeatability of this method was demonstrated by the double markerless knockin recombinant strain, suggesting it will be a powerful tool for multigenic strain engineering of cyanobacteria. The online version contains supplementary material available at 10.1186/s12934-024-02543-6.",Kobe,JP,,False,https://openalex.org/W4403283748
8,Cyanobacterial Chassis Development,paper,2025,Outlook on Synthetic Biology-Driven Hydrogen Production: Lessons from Algal Photosynthesis Applied to Cyanobacteria,"Photobiological hydrogen production offers a sustainable route to clean energy by harnessing solar energy through photosynthetic microorganisms. The pioneering sulfur-deprivation technique developed by Melis and colleagues in the green alga <i>Chlamydomonas reinhardtii</i> successfully enabled sustained hydrogen production by downregulating photosystem II (PSII) activity to reduce oxygen evolution, creating anaerobic conditions necessary for hydrogenase activity. Inspired by this approach, we present the project of the European consortium PhotoSynH2, which builds on these biological insights and employs synthetic biology to replicate and enhance this strategy in cyanobacteria, specifically, <i>Synechocystis</i> sp. PCC 6803. By genetically engineering precise downregulation of PSII, we aim to reduce oxygen evolution without the unintended effects associated with nutrient deprivation, enabling efficient hydrogen production. Additionally, re-engineering endogenous respiration to continuously replenish glycogen consumed during respiration allows matching oxygen production with consumption, maintaining anaerobic conditions conducive to hydrogen production. This review discusses how focusing on molecular-level processes and leveraging advanced genetic tools can lead to a new methodology that potentially offers improved results over traditional approaches. By redirecting electron flow and optimizing redox pathways, we seek to enhance hydrogen production efficiency in cyanobacteria. Our approach demonstrates how harnessing photosynthesis through synthetic biology can contribute to scalable and sustainable hydrogen production, addressing the growing demand for renewable energy and advancing toward a carbon-neutral future.",Paterna,ES,,False,https://openalex.org/W4408339091
8,Cyanobacterial Chassis Development,paper,2025,Synthetic biology strategies for cyanobacterial systems to heterologously produce cyanobacterial natural products,"Covering: 2014 to 2024Cyanobacteria are prolific producers of bioactive natural products, including promising drug leads for FDA-approved cancer therapeutics. Advances in genome sequencing and computational tools have revealed a wealth of cyanobacterial biosynthetic gene clusters (BGCs). However, progress in genome-driven discovery has been hindered by challenges in manipulating native hosts and the limited availability of efficient heterologous expression platforms. This highlight focuses on recent synthetic biology innovations on cyanobacterial systems that address these obstacles, facilitating the production of diverse cyanobacterial natural product families. We discuss key features of widely used cyanobacterial chassis, such as <i>Synechocystis</i> sp. PCC 6803, <i>Synechococcus elongatus</i> UTEX 2973, <i>Anabaena</i> sp. PCC 7120, and emerging hosts. Advances in BGC cloning, combinatorial biosynthesis, transcriptional and translational regulation, and host engineering are also highlighted. Together, these synthetic biology developments provide a powerful framework for expanding cyanobacterial natural product discovery and production.",Gainesville,US,,False,https://openalex.org/W4409501936
8,Cyanobacterial Chassis Development,paper,2025,Synthetic Biology Strategies and Tools to Modulate Photosynthesis in Microbes,"The utilization of photosynthetic microbes, such as cyanobacteria and microalgae, offers sustainable solutions to addressing global resource shortages and pollution. While these microorganisms have demonstrated significant potential in biomanufacturing, their industrial application is limited by suboptimal photosynthetic efficiency. Synthetic biology integrates molecular biology, systems biology, and engineering principles to provide a powerful tool for elucidating photosynthetic mechanisms and rationally optimizing photosynthetic platforms. This review summarizes recent advancements in regulating photosynthesis in cyanobacteria and microalgae via synthetic biology, focusing on strategies to enhance light energy absorption, optimize electron transport chains, and improve carbon assimilation. Furthermore, we discuss key challenges in translating these genetic modifications to large-scale bioproduction, highlighting specific bottlenecks in strain stability, metabolic burden, and process scalability. Finally, we propose potential solutions, such as AI-assisted metabolic engineering, synthetic microbial consortia, and next-generation photobioreactor designs, to overcome these limitations. Overall, while synthetic biology holds great promise for enhancing photosynthetic efficiency in cyanobacteria and microalgae, further research is needed to refine genetic strategies and develop scalable production systems.",Tianjin,CN,,False,https://openalex.org/W4408945751
8,Cyanobacterial Chassis Development,paper,2025,Adaptation and synthetic biology of the model cyanobacterium Synechococcus elongatus for sustainable development: a review,"Synechococcus elongatus is a model cyanobacterium with remarkable adaptability to diverse environmental stresses, making it a promising candidate for the photoautotrophic conversion of carbon dioxide into valuable chemicals. This review explores the adaptive mechanisms that allow S. elongatus to survive under various abiotic stresses, such as changes in CO 2 levels, heavy metals, and light conditions. We also highlight recent advancements in synthetic biology that have enabled the engineering of S. elongatus to produce biofuels and other value-added compounds, including fatty acids, alcohols, and carotenoids. Additionally, we discuss the applications of modern omics techniques to elucidate the genetic basis of stress tolerance and metabolic regulation. Despite the promising potential of S. elongatus for industrial applications, challenges remain in scaling up production, enhancing genetic stability, and optimizing bioreactor systems. Finally, we provide insights into future directions, including the integration of genome engineering, system-level modeling, and co-culture strategies, to improve the efficiency of cyanobacterial cell factories for sustainable biotechnology applications.",Zhoushan,CN,,True,https://openalex.org/W4411006148
8,Cyanobacterial Chassis Development,paper,2025,Deciphering guanidine assimilation and riboswitch-based gene regulation in cyanobacteria for synthetic biology applications,"Guanidine is well known as a denaturing agent. However, recent studies have demonstrated both the widespread synthesis of guanidine, e.g., in plants and mammals, as well as the widespread occurrence of guanidine metabolism in bacteria, suggesting a broader biological role. Here, we provide insights into guanidine assimilation via guanidine hydrolases (GdmH) in cyanobacteria. The <i>gdmH</i> gene is widespread among cyanobacteria and enables growth on guanidine as the sole nitrogen source. Consistent with this, <i>gdmH</i> gene expression increased under nitrogen limitation, regulated by the transcription factor NtcA. However, guanidine is toxic above 5 mM, necessitating GdmH activity and adaptive mutations activating the multidrug efflux system PrqA. The <i>gdmH</i> gene is frequently colocalized with ABC transporter genes (named <i>gimABC</i>), which are driven by an additional NtcA-regulated promoter. The corresponding substrate-binding protein GimA showed high affinity to guanidine. Consistent with a high affinity import system, disruption of genes <i>gimA</i> or <i>gimB</i> impaired guanidine-dependent growth of <i>Synechocystis</i> sp. PCC 6803 at low concentrations. However, in presence of >1 mM guanidine, these mutants grew like wildtype, suggesting the existence of additional uptake mechanisms for guanidine. We also demonstrate the high-affinity binding of guanidine to a previously described, conserved RNA motif located within the <i>gdmH</i> 5'-untranslated region, validating it as a guanidine-I riboswitch. By combining it with various promoters, we achieved precise, titratable control of heterologous gene expression in cyanobacteria in vivo. Our findings establish guanidine assimilation as an integral element of cyanobacterial nitrogen metabolism and highlight guanidine riboswitches as valuable tools for synthetic biology.",Leipzig,DE,,False,https://openalex.org/W4417002270
8,Cyanobacterial Chassis Development,paper,2025,"Establishing a
Malonyl-CoA Biosensor for the Two Model
Cyanobacteria Synechocystis sp. PCC 6803 and Synechococcus elongatus PCC 7942","Malonyl-CoA, produced
by the first committed step of
fatty acid
biosynthesis, is a precursor for many valuable bioproducts, making
it an important metabolic engineering target. Here, we establish a
malonyl-CoA biosensor for the model cyanobacteria Synechocystis sp. PCC 6803 and Synechococcus elongatus PCC 7942.
The developed biosensor utilizes FapR, a malonyl-CoA-regulated transcriptional
repressor from Bacillus subtilis, and novel FapR-regulated
and cyanobacteria-compatible hybrid promoters for expressing Yfp,
the biosensor output reporter. A l-rhamnose-inducible promoter P

rhaBAD
, characterized in combination
with ribosome binding sites of varied strengths, was evaluated for
titratable FapR expression. Additionally, the placement and quantity
of the FapR-recognized operator within the hybrid promoter was evaluated
for its effect on biosensor performance. The optimal operator placement
was found to differ for the biosensor variants that achieved maximum
reporter expression in the two considered model cyanobacteria. Overall,
this biosensor provides new opportunities for further development
of cyanobacterial cell factories.",Stockholm,SE,,False,https://openalex.org/W4411903117
8,Cyanobacterial Chassis Development,paper,2025,Directed evolution of α-ketoisovalerate decarboxylase for improved isobutanol and 3-methyl-1-butanol production in cyanobacteria,"Cyanobacteria are promising platforms for metabolic engineering to convert carbon dioxide into valuable fuels and chemicals, addressing both energy demands and global climate change. Among various fuels and chemicals, isobutanol (IB) and 3-methyl-1-butanol (3M1B) have gained increasing attention due to their superior physical properties, such as high energy density, low water solubility, and low hygroscopicity. Heterologously expressing α-ketoisovalerate decarboxylase (KivdS286T) in the unicellular cyanobacterium Synechocystis sp. PCC 6803 (Synechocystis) enables microbial production of IB and 3M1B through the 2-keto acid pathway, with KivdS286T identified as a key bottleneck limiting production efficiency. To address this limitation, a high-throughput screening method based on the consumption of the substrate 2-ketoisovalerate was successfully established. This screen was coupled with random mutagenesis, via error-prone PCR, of KivdS286T. Out of the 1600 variants, 1B12, featuring dual substitutions K419E and T186S, exhibited a 55% increase in IB production and a 50% increase in 3M1B production in Synechocystis on the fourth day of cultivation. The crystal structure of KivdS286T was determined as a tetramer with a resolution of 2.8 Å to provide a framework for analyzing the structural basis for the enhanced butanol production conferred by the K419E and T186S substitutions. A novel Kivd variant, 1B12, was successfully generated via directed evolution, with enhanced catalytic activity for microbial IB and 3M1B biosynthesis. To our knowledge, this study represents the first successful application of directed evolution on the rate-limiting enzyme of a specific metabolic pathway to enhance biochemical production in cyanobacteria. The online version contains supplementary material available at 10.1186/s13068-025-02687-6.",Uppsala,SE,,True,https://openalex.org/W4412776994
8,Cyanobacterial Chassis Development,paper,2025,dCas12a-mediated CRISPR interference for multiplex gene repression in cyanobacteria for enhanced isobutanol and 3-methyl-1-butanol production,"Cyanobacteria of the genera Synechocystis and Synechococcus have emerged as promising platforms for metabolic engineering endeavors aimed at converting carbon dioxide into valuable fuels and chemicals, thus addressing the pressing energy demand and mitigating global climate change. Notably, Synechocystis sp. strain PCC 6803 (Synechocystis) has been engineered to produce isobutanol (IB) and 3-methyl-1-butanol (3M1B) via heterologous expression of α-ketoisovalerate decarboxylase (Kivd). Despite these advances, the achieved IB/3M1B titers remain low. CRISPR interference (CRISPRi), an emerging tool for targeted gene repression, has demonstrated success in various cellular systems to enhance biochemical productivity. In this study, we developed a dCas12a-mediated CRISPRi system (CRISPRi-dCas12a) that effectively blocked the transcriptional initiation/elongation of essential gene(s), resulting in up to 60% gene repression in Synechocystis. Subsequently, the CRISPRi-dCas12a system was successfully integrated into an IB/3M1B producer strain, where it exhibited target gene repression under optimal cultivation conditions. To identify gene targets involved in metabolic pathways potentially limiting IB/3M1B biosynthesis, we initially designed a CRISPR RNA (crRNA) library targeting fifteen individual gene(s), where repression of ten genes significantly increased IB/3M1B production per cell. Moreover, a synergetic effect was observed on IB/3M1B production by designing a single crRNA targeting multiple genes for simultaneous repression. A final strain HX106, featuring dual repression of ppc and gltA, both involved in the TCA cycle, resulted in 2.6-fold and 14.8-fold improvement in IB and 3M1B production per cell, respectively. Our findings underscore the effectiveness of the CRISPRi-dCas12a system in Synechocystis for identifying competing pathways and redirecting carbon flux to enhance IB/3M1B production. Furthermore, this study established a solid groundwork for utilizing an expanded CRISPRi-crRNA library to undertake genome-wide exploration of potential competing pathways not only for IB/3M1B biosynthesis but also for other diverse biofuels and biochemical production processes. The online version contains supplementary material available at 10.1186/s12934-025-02727-8.",Uppsala,SE,,True,https://openalex.org/W4410333375
8,Cyanobacterial Chassis Development,paper,2026,Increased acetate production in Synechocystis sp. PCC 6803 strain engineered with an operon of phosphoketolase and phosphotransacetylase and further overexpression of acetate kinase,"Photosynthetic microorganisms, such as cyanobacteria, are promising candidates for sustainable production of chemicals. Photosynthesis is a unique process where light energy is used to convert CO2 into carbon metabolites that sustain the cell`s metabolism. One of these products is acetate, a chemical with various applications in industry. Metabolic engineering can be used to increase the titer of extracellular acetate in the unicellular cyanobacterium Synechocystis sp. PCC 6803 (Synechocystis). Simultaneous expression of phosphoketolase (PK) and phosphotransacetylase (Pta) resulted in an enhanced acetate titer in Synechocystis cells (Roussou et al. Metab Eng 88:250-260) [1]. In the present study these two enzymes were expressed in different locus in the genome as well as expressed in the same locus organized as a single operon. The latter design reached higher acetate production. Attempts to further optimize the production through the creation of fused protein did not result in significant higher values than 2.3 g/L previously reported. However, the production was further increased when acetate kinase (AckA) was additionally overexpressed. Cultivation of this strain in high density cultivation (CellDEG system) led to high levels of acetate with a maximum of 7.1 g/L cumulative acetate production after 12 days of experiment when the cultures were sampled every day. Synechocystis sp. PCC 6803 is a candidate for sustainable acetate production driven by sunlight and CO2. The high level of acetate production is result of combining genomic integration of heterogenous genes in the cell and overexpression of native genes through self-replication vector. The production level achieved through the high-density cultivation reveal the strain capabilities when the growth conditions are optimal. The online version contains supplementary material available at 10.1186/s12934-026-02964-5.",Uppsala,SE,,False,https://openalex.org/W7130349791
8,Cyanobacterial Chassis Development,project,2015,Developing a Framework for the Genetic Manipulation of Non-Model and Environmentally Significant Microbes,"We established a framework for implementing genetic manipulation techniquesspecifically, multiplex automated genome engineering (MAGE) and CRISPR-Cas9 systemsinto non-model, environmentally significant microbes using standard biological parts. The framework involves two components: (1) propagation and selection of cultures and (2) manipulation of cell genomes by MAGE and/or CRISPR. We identified design considerations for both components of the framework, and experimentally validated propagation and selection considerations using cyanobacterial strain Synechococcus sp. PCC 7002 (a fast-growing cyanobacterium capable of lipid biofuel production) and Sinorhizobium tropici CIAT (a nitrogen-fixing rhizobium which forms root nodules in legume plants). We then developed a workflow for the design, construction, and testing of MAGE and CRISPR technologies in non-model prokaryotes. The insights we gained from validating the propagation component of our workflow will serve to improve the versatility and robustness of our framework and will inform the development of tools for genetic manipulation in other non-model organisms.",New Haven,US,,True,igem_Yale_2015
8,Cyanobacterial Chassis Development,project,2020,Forbidden FRUITS: stable microbial production strategies for non-native compounds,"Genetically engineered cellular systems can be used to produce industrially valuable compounds in a sustainable way. A challenge is that it is more beneficial for cells to use their resources exclusively for growth, resulting in a loss of production ability. Therefore, we have developed Forbidden FRUITS, a pipeline that can solve this problem by calculating and optimizing engineering strategies to couple a product forming pathway to microbial growth. Multiple databases, constraint-based programming and gene-protein-reaction associations are used to devise suitable strategies. These strategies are then optimized using pathfinding methods and sequence optimization. As proof-of-principle, we applied Forbidden FRUITS to salicylic acid, lactate and mannitol production in Synechocystis PCC6803, lactate in Synechococcus UTEX 2973 and salicylic acid in Escherichia Coli. Forbidden FRUITS is shown to be flexible and allow for the fast development of stable production strains, making the full-potential of biotechnology evermore attainable.",Amsterdam,NL,,False,igem_Amsterdam_2020
8,Cyanobacterial Chassis Development,project,2022,A biosynthetic production pathway of valerolactam using the cyanobacteria strain Synechococcus elongatus UTEX 2973.,"The chemical commodity valerolactam is among a family of amides called lactams that are traditionally produced through petrochemical methods, which require intense energy and toxic environments. One of the end-products of valerolactam is nylon, which is heavily demanded every year. Taking note of the impact the petrochemical production methods of valerolactam has on the environment, we explore the biosynthesis of valerolactam as a green alternative. Switching to a biosynthetic production method of valerolactam allows an overall more sustainable manufacturing of its end-products. Molecular dynamic simulations are also carried out to improve the efficiency of existing enzymes. The precursor molecule to valerolactam, 5AVA, is synthesized by the cyanobacteria strain Synechococcus elongatus UTEX 2973 using carbon dioxide as the carbon source. The cyclization enzyme 5YSS then cyclizes 5AVA to valerolactam, and the protein NitR embedded on magnetic beads captures valerolactam molecules. The NitR-valerolactam complex is then isolated by applying a magnetic field.",Hong Kong,HK,,False,igem_HK_SSC_2022
8,Cyanobacterial Chassis Development,patent,2012,Genetically modified cyanobacteria for the production of ethanol,"The present invention discloses genetically-modified cyanobacteria with ethanol-production capabilities enhanced over the currently-reported art, and methods of making such cyanobacteria. The invention provides a genetically modified photoautotrophic, ethanol producing host cell comprising an overexpressed pyruvate decarboxylase enzyme converting pyruvate to acetaldehyde and an overexpressed Zn2+ dependent alcohol dehydrogenase enzyme converting acetaldehyde to ethanol.",Fredersdorf,DE,,True,4a3w6a33p4c444kj2d3r5s2v4f204b5t4h1t4c
8,Cyanobacterial Chassis Development,patent,2013,Reagents and Methods for Cyanobacterial Production of Bioplastics and Biomaterials,The present invention provides reagents and methods for biomaterial production from cyanobacteria.,Corvallis,US,,False,6e2wn2l01g4t1n1o4gr1tz6l1k2kau2w62
8,Cyanobacterial Chassis Development,patent,2014,Compounds for production of algae,"A cyanobacterial host cell, Cyanobacterium sp., that harbors at least one recombinant gene for the production of a chemical compounds is provided, as well as vectors derived from an endogenous plasmid isolated from the cell.",Berlin,DE,,False,3f272604445712o203m4h2w5d684x2r93u572c
8,Cyanobacterial Chassis Development,patent,2014,Modified cyanobacteria,"Disclosed is a modified photoautotrophic bacterium comprising genes of interest that are modified in terms of their expression and/or coding region sequence, wherein modification of the genes of interest increases production of a desired product in the bacterium relative to the amount of the desired product production in a photoautotrophic bacterium that is not modified with respect to the genes of interest.",Scottsdale,US,,True,24o3x5c4gw1p6q4l3s1f54j6m3p2a31l6lt
8,Cyanobacterial Chassis Development,patent,2014,PRODUCTION AND SECRETION OF FATTY ACIDS AND FATTY ACID DERIVATIVES,"The invention relates to acyl-CoA-independent methods of producing a wax ester in recombinant host cells engineered to express an acyl-ACP wax ester synthase, and an alcohol-forming acyl-ACP reductase. The methods of the invention may take place in photosynthetic microorganisms, and particularly in cyanobacteria. Isolated nucleotide molecules and vectors expressing an acyl-ACP wax ester synthase and/or an alcohol-forming acyl-ACP reductase, recombinant host cells expressing an acyl-ACP wax ester synthase and optionally an alcohol-forming acyl-ACP reductase, and systems for producing a wax ester via an acyl-CoA-independent pathway, are also provided.",San Deigo,US,,False,56k6y70j432m4c6n6m56111p311r4r334v576h
8,Cyanobacterial Chassis Development,patent,2015,GENETICALLY ENGINEERED CYANOBACTERIA,"The disclosed embodiments provide cyanobacteria spp. that have been genetically engineered to have increased production of carbon-based products of interest. These genetically engineered hosts efficiently convert carbon dioxide and light into carbon-based products of interest such as long chained hydrocarbons. Several constructs containing polynucleotides encoding enzymes active in the metabolic pathways of cyanobacteria are disclosed. In many instances, the cyanobacteria strains have been further genetically modified to optimize production of the carbon-based products of interest. The optimization includes both up-regulation and down-regulation of particular genes.",BROOKINGS,US,,False,5p4n316c4u3373p5q5c546p6s4k64q1x10z
8,Cyanobacterial Chassis Development,patent,2015,Metabolically enhanced cyanobacterial cell for the production of ethanol,"A metabolically enhanced cyanobacterial cell for the production of ethanol is provided. The metabolically enhanced cyanobacterial cell for the production of ethanol comprises at least one recombinant gene encoding a pyruvate decarboxylase enzyme (Pdc) converting pyruvate to acetaldehyde, and at least one recombinant gene encoding a first Zn 2+ dependent alcohol dehydrogenase enzyme (Adh) converting acetaldehyde to ethanol. The invention also provides a method for producing the metabolically enhanced cyanobacterium, a method for producing ethanol with the metabolically enhanced cyanobacterium, and a method for screening of alcohol dehydrogenase enzyme expressing cyanobacterial strains for the presence of NADPH-dependent native alcohol dehydrogenase enzymes.",Fredersdorf,DE,,True,5c5p2r211j2y1d1k6r5f336b5s1l5t5d5x3q2n2s
8,Cyanobacterial Chassis Development,patent,2016,Metabolically enhanced cyanobacterium with sequentially inducible production genes for the production of a first chemical compound,"This invention provides a metabolically enhanced cyanobacterium for the production of a chemical compound of interest, having at least two first production genes encoding first biocatalysts for the production of the first chemical compound. One of the two first production genes is under the transcriptional control of a first promoter for the first production gene, whereas the other of the two first production genes is under the transcriptional control of a second promoter for the first production gene. The first promoter and second promoter are separately inducible under different conditions and the at least two first biocatalysts catalyze the same chemical reaction. Metabolically enhanced cyanobacteria according to the present invention allow prolonged production of first chemical compounds. Further provisions of the present invention include, inter alia, a method for producing the metabolically enhanced cyanobacterium and a method for producing a first chemical compound by culturing the metabolically enhanced cyanobacterium.",Fredersdorf,DE,,False,6b6x134l564q46lv55324i41p5w1h3j4d1s2d
8,Cyanobacterial Chassis Development,patent,2016,"Methods of producing acetoin and 2,3-butanediol using photosynthetic microorganisms","The present disclosure provides recombinant cyanobacteria having acetolactate synthase activity and acetolactate decarboxylase activity, as well as recombinant cyanobacteria having acetolactate synthase activity, acetolactate decarboxylase activity, and secondary alcohol dehydrogenase activity. Methods for the production of the recombinant cyanobacteria, as well as methods for use thereof for production of acetoin and 2,3-butanediol from carbon dioxide and light are also provided.",Davis,US,,True,i4a1l581yf724o4g114k474n44701l295x2il
8,Cyanobacterial Chassis Development,patent,2016,Methods for analyses of cyanobacterial restriction endonucleases,Methods are provided for analyses of restriction endonucleases.,Fort Myers,US,,False,82y43285s2n6z5b2f1x6q395z58p2o172b686f
8,Cyanobacterial Chassis Development,patent,2017,Expression vector for cyanobacteria,"The present disclosure discloses a vector that can be used for both cyanobacteria and E. coli , which contains, sequentially, a pUC replication origin as a replication origin; a spectinomycin-resistant gene as a selection marker; and a promoter selected from a group consisting of a trc promoter, a tetA promoter or a modified tetA promoter, a BAD promoter and a cbbL promoter. An industrially useful substance may be produced effectively using a host cell transformed with the vector. Also, the vector may be used to insert a variety of target genes through simple combination and, as a result, various vectors can be prepared effectively.",Seoul,KR,,False,2j1a2h1b6c1q3a1x5m364u65x4r606481b3z4
8,Cyanobacterial Chassis Development,patent,2018,PRODUCTION OF BETA-PHELLANDRENE USING GENETICALLY ENGINEERED CYANOBACTERIA,The present invention provides methods and compositions for producing &#x3b2;-phellandrene hydrocarbons from cyanobacteria.,El Cerrito,US,,False,4s1e70431g2s2z17192hs1o504y41w86n1553
